Date,SPY,VIX,IRX
2007-01-03,98.62456512451172,12.039999961853027,4.914999961853027
2007-01-04,98.8338851928711,11.510000228881836,4.900000095367432
2007-01-05,98.0455551147461,12.140000343322754,4.909999847412109
2007-01-08,98.4990005493164,12.0,4.909999847412109
2007-01-09,98.4153060913086,11.90999984741211,4.945000171661377
2007-01-10,98.7431411743164,11.470000267028809,4.949999809265137
2007-01-11,99.1756820678711,10.869999885559082,4.965000152587891
2007-01-12,99.92916107177734,10.149999618530273,4.954999923706055
2007-01-16,99.73383331298828,10.739999771118164,4.954999923706055
2007-01-17,99.77570343017578,10.59000015258789,4.980000019073486
2007-01-18,99.44080352783203,10.850000381469727,4.980000019073486
2007-01-19,99.63615417480469,10.399999618530273,5.0
2007-01-22,99.32923126220703,10.770000457763672,4.989999771118164
2007-01-23,99.62218475341797,10.34000015258789,5.005000114440918
2007-01-24,100.42445373535156,9.890000343322754,4.989999771118164
2007-01-25,99.24546813964844,11.220000267028809,5.0
2007-01-26,99.15476989746094,11.130000114440918,4.994999885559082
2007-01-29,99.09900665283203,11.449999809265137,4.994999885559082
2007-01-30,99.615234375,10.960000038146973,4.994999885559082
2007-01-31,100.28492736816406,10.420000076293945,4.974999904632568
2007-02-01,100.88495635986328,10.3100004196167,4.989999771118164
2007-02-02,101.02444458007812,10.079999923706055,5.0
2007-02-05,101.05235290527344,10.550000190734863,4.994999885559082
2007-02-06,101.08026123046875,10.649999618530273,5.010000228881836
2007-02-07,101.30351257324219,10.319999694824219,5.010000228881836
2007-02-08,101.17095947265625,10.4399995803833,5.014999866485596
2007-02-09,100.41754913330078,11.100000381469727,5.014999866485596
2007-02-12,100.07567596435547,11.609999656677246,5.019999980926514
2007-02-13,100.91983795166016,10.34000015258789,5.025000095367432
2007-02-14,101.58259582519531,10.229999542236328,5.010000228881836
2007-02-15,101.7151107788086,10.220000267028809,5.019999980926514
2007-02-16,101.66629791259766,10.020000457763672,5.03000020980835
2007-02-20,101.88252258300781,10.239999771118164,5.034999847412109
2007-02-21,101.84066009521484,10.199999809265137,5.034999847412109
2007-02-22,101.763916015625,10.180000305175781,5.045000076293945
2007-02-23,101.36629486083984,10.579999923706055,5.039999961853027
2007-02-26,101.27558898925781,11.149999618530273,5.045000076293945
2007-02-27,97.32001495361328,18.309999465942383,4.989999771118164
2007-02-28,98.31765747070312,15.420000076293945,4.994999885559082
2007-03-01,98.02461242675781,15.819999694824219,4.989999771118164
2007-03-02,96.74093627929688,18.610000610351562,4.96999979019165
2007-03-05,95.82011413574219,19.6299991607666,4.960000038146973
2007-03-06,97.45952606201172,15.960000038146973,4.974999904632568
2007-03-07,97.36186218261719,15.239999771118164,4.954999923706055
2007-03-08,98.1850814819336,14.289999961853027,4.945000171661377
2007-03-09,98.21296691894531,14.09000015258789,4.949999809265137
2007-03-12,98.35950469970703,13.989999771118164,4.949999809265137
2007-03-13,96.44793701171875,18.1299991607666,4.934999942779541
2007-03-14,97.16658782958984,17.270000457763672,4.914999961853027
2007-03-15,97.29908752441406,16.43000030517578,4.894999980926514
2007-03-16,97.0266342163086,16.790000915527344,4.885000228881836
2007-03-19,98.1962890625,14.59000015258789,4.894999980926514
2007-03-20,98.73560333251953,13.270000457763672,4.909999847412109
2007-03-21,100.36052703857422,12.1899995803833,4.909999847412109
2007-03-22,100.28347778320312,12.930000305175781,4.920000076293945
2007-03-23,100.4305648803711,12.949999809265137,4.925000190734863
2007-03-26,100.29754638671875,13.15999984741211,4.929999828338623
2007-03-27,100.05940246582031,13.479999542236328,4.920000076293945
2007-03-28,99.33092498779297,14.979999542236328,4.909999847412109
2007-03-29,99.43599700927734,15.140000343322754,4.90500020980835
2007-03-30,99.45700073242188,14.640000343322754,4.894999980926514
2007-04-02,99.5690689086914,14.529999732971191,4.90500020980835
2007-04-03,100.6407241821289,13.460000038146973,4.90500020980835
2007-04-04,100.7528076171875,13.239999771118164,4.90500020980835
2007-04-05,101.02594757080078,13.229999542236328,4.894999980926514
2007-04-09,101.16600799560547,13.140000343322754,4.885000228881836
2007-04-10,101.28509521484375,12.680000305175781,4.880000114440918
2007-04-11,100.87185668945312,13.489999771118164,4.885000228881836
2007-04-12,101.32012176513672,12.710000038146973,4.885000228881836
2007-04-13,101.78237915039062,12.199999809265137,4.869999885559082
2007-04-16,102.7489242553711,11.979999542236328,4.864999771118164
2007-04-17,103.02207946777344,12.140000343322754,4.860000133514404
2007-04-18,103.14816284179688,12.420000076293945,4.849999904632568
2007-04-19,103.1201400756836,12.539999961853027,4.84499979019165
2007-04-20,104.09366607666016,12.069999694824219,4.835000038146973
2007-04-23,103.70146179199219,13.039999961853027,4.840000152587891
2007-04-24,103.74346160888672,13.119999885559082,4.835000038146973
2007-04-25,104.69601440429688,13.210000038146973,4.820000171661377
2007-04-26,104.81510162353516,12.789999961853027,4.800000190734863
2007-04-27,104.7310791015625,12.449999809265137,4.795000076293945
2007-04-30,103.86253356933594,14.220000267028809,4.724999904632568
2007-05-01,104.12870025634766,13.510000228881836,4.755000114440918
2007-05-02,104.7380599975586,13.079999923706055,4.755000114440918
2007-05-03,105.30537414550781,13.09000015258789,4.75
2007-05-04,105.70460510253906,12.90999984741211,4.75
2007-05-07,105.72559356689453,13.149999618530273,4.730000019073486
2007-05-08,105.58551788330078,13.210000038146973,4.755000114440918
2007-05-09,105.87272644042969,12.880000114440918,4.730000019073486
2007-05-10,104.76606750488281,13.600000381469727,4.71999979019165
2007-05-11,105.66259765625,12.949999809265137,4.715000152587891
2007-05-14,105.43142700195312,13.960000038146973,4.699999809265137
2007-05-15,105.45948028564453,14.010000228881836,4.690000057220459
2007-05-16,106.18083953857422,13.5,4.610000133514404
2007-05-17,105.97077941894531,13.510000228881836,4.659999847412109
2007-05-18,106.895263671875,12.760000228881836,4.684999942779541
2007-05-21,106.83926391601562,13.300000190734863,4.710000038146973
2007-05-22,106.75519561767578,13.0600004196167,4.775000095367432
2007-05-23,106.76923370361328,13.239999771118164,4.764999866485596
2007-05-24,105.80264282226562,14.079999923706055,4.764999866485596
2007-05-25,106.24390411376953,13.34000015258789,4.739999771118164
2007-05-29,106.62911224365234,13.529999732971191,4.684999942779541
2007-05-30,107.4976577758789,12.829999923706055,4.704999923706055
2007-05-31,107.38556671142578,13.050000190734863,4.590000152587891
2007-06-01,107.9178695678711,12.779999732971191,4.65500020980835
2007-06-04,107.93186950683594,13.289999961853027,4.625
2007-06-05,107.50460815429688,13.630000114440918,4.690000057220459
2007-06-06,106.34898376464844,14.869999885559082,4.65500020980835
2007-06-07,104.42988586425781,17.059999465942383,4.659999847412109
2007-06-08,105.78868103027344,14.84000015258789,4.630000114440918
2007-06-11,105.97077941894531,14.710000038146973,4.590000152587891
2007-06-12,104.81510162353516,16.670000076293945,4.590000152587891
2007-06-13,106.38400268554688,14.729999542236328,4.514999866485596
2007-06-14,107.06341552734375,13.640000343322754,4.510000228881836
2007-06-15,107.67252349853516,13.9399995803833,4.429999828338623
2007-06-18,107.54592895507812,13.420000076293945,4.409999847412109
2007-06-19,107.81326293945312,12.850000381469727,4.514999866485596
2007-06-20,106.31494903564453,14.670000076293945,4.599999904632568
2007-06-21,106.9057846069336,14.210000038146973,4.559999942779541
2007-06-22,105.89995574951172,15.75,4.585000038146973
2007-06-25,105.39346313476562,16.649999618530273,4.639999866485596
2007-06-26,104.31018829345703,18.889999389648438,4.675000190734863
2007-06-27,105.79443359375,15.529999732971191,4.635000228881836
2007-06-28,105.7803726196289,15.539999961853027,4.639999866485596
2007-06-29,105.81548309326172,16.229999542236328,4.670000076293945
2007-07-02,106.77216339111328,15.399999618530273,4.730000019073486
2007-07-03,107.1590347290039,14.920000076293945,4.815000057220459
2007-07-05,107.04646301269531,15.479999542236328,4.809999942779541
2007-07-06,107.60926055908203,14.720000267028809,4.789999961853027
2007-07-09,107.6936264038086,15.15999984741211,4.784999847412109
2007-07-10,106.16020965576172,17.56999969482422,4.804999828338623
2007-07-11,106.912841796875,16.639999389648438,4.804999828338623
2007-07-12,108.60108184814453,15.539999961853027,4.815000057220459
2007-07-13,108.92460632324219,15.149999618530273,4.820000171661377
2007-07-16,108.91058349609375,15.59000015258789,4.789999961853027
2007-07-17,108.85425567626953,15.630000114440918,4.809999942779541
2007-07-18,108.65728759765625,16.0,4.815000057220459
2007-07-19,109.07939147949219,15.229999542236328,4.829999923706055
2007-07-20,107.97505187988281,16.950000762939453,4.824999809265137
2007-07-23,108.30562591552734,16.809999465942383,4.855000019073486
2007-07-24,106.42754364013672,18.549999237060547,4.875
2007-07-25,106.64552307128906,18.100000381469727,4.835000038146973
2007-07-26,104.1202621459961,20.739999771118164,4.769999980926514
2007-07-27,102.07330322265625,24.170000076293945,4.704999923706055
2007-07-30,103.67010498046875,20.8700008392334,4.71999979019165
2007-07-31,102.5024185180664,23.520000457763672,4.809999942779541
2007-08-01,103.00183868408203,23.670000076293945,4.739999771118164
2007-08-02,103.8248519897461,21.219999313354492,4.744999885559082
2007-08-03,101.15182495117188,25.15999984741211,4.699999809265137
2007-08-06,102.84709167480469,22.940000534057617,4.715000152587891
2007-08-07,103.94444274902344,21.559999465942383,4.784999847412109
2007-08-08,105.39346313476562,21.450000762939453,4.804999828338623
2007-08-09,102.2702865600586,26.479999542236328,4.71999979019165
2007-08-10,101.79195404052734,28.299999237060547,4.414999961853027
2007-08-13,102.15771484375,26.56999969482422,4.53000020980835
2007-08-14,100.59610748291016,27.68000030517578,4.5
2007-08-15,99.21038818359375,30.670000076293945,4.130000114440918
2007-08-16,99.95608520507812,30.829999923706055,3.700000047683716
2007-08-17,101.79195404052734,29.989999771118164,3.619999885559082
2007-08-20,101.74270629882812,26.329999923706055,2.950000047683716
2007-08-21,101.94667053222656,25.25,3.4200000762939453
2007-08-22,103.15657043457031,22.889999389648438,3.565000057220459
2007-08-23,103.06514739990234,22.6200008392334,3.7100000381469727
2007-08-24,104.33838653564453,20.719999313354492,4.079999923706055
2007-08-27,103.36763000488281,22.719999313354492,4.380000114440918
2007-08-28,101.0955581665039,26.299999237060547,4.269999980926514
2007-08-29,103.07919311523438,23.809999465942383,3.8499999046325684
2007-08-30,102.804931640625,25.059999465942383,3.7300000190734863
2007-08-31,103.81783294677734,23.3799991607666,3.990000009536743
2007-09-04,104.86589050292969,22.780000686645508,4.28000020980835
2007-09-05,103.95848846435547,24.579999923706055,4.21999979019165
2007-09-06,104.19764709472656,23.989999771118164,4.159999847412109
2007-09-07,102.74864959716797,26.229999542236328,3.940000057220459
2007-09-10,102.55168151855469,27.3799991607666,3.869999885559082
2007-09-11,103.74746704101562,25.270000457763672,3.990000009536743
2007-09-12,104.0147476196289,24.959999084472656,3.9000000953674316
2007-09-13,104.7463607788086,24.760000228881836,3.950000047683716
2007-09-14,104.73930358886719,24.920000076293945,3.880000114440918
2007-09-17,104.17654418945312,26.479999542236328,3.990000009536743
2007-09-18,107.24344635009766,20.350000381469727,3.859999895095825
2007-09-19,107.87651824951172,20.030000686645508,3.809999942779541
2007-09-20,107.11683654785156,20.450000762939453,3.6700000762939453
2007-09-21,107.4059066772461,19.0,3.619999885559082
2007-09-24,107.20800018310547,19.3700008392334,3.6700000762939453
2007-09-25,106.99600982666016,18.600000381469727,3.690000057220459
2007-09-26,107.56139373779297,17.6299991607666,3.625
2007-09-27,108.19751739501953,17.0,3.5999999046325684
2007-09-28,107.8370361328125,18.0,3.700000047683716
2007-10-01,109.05272674560547,17.84000015258789,3.7950000762939453
2007-10-02,108.9042739868164,18.489999771118164,3.8499999046325684
2007-10-03,108.68515014648438,18.799999237060547,3.8399999141693115
2007-10-04,108.85474395751953,18.440000534057617,3.8350000381469727
2007-10-05,110.14810943603516,16.90999984741211,3.869999885559082
2007-10-08,109.5615463256836,17.459999084472656,3.865000009536743
2007-10-09,110.5933837890625,16.1200008392334,3.9100000858306885
2007-10-10,110.40957641601562,16.670000076293945,3.934999942779541
2007-10-11,109.87952423095703,18.8799991607666,4.005000114440918
2007-10-12,110.48743438720703,17.729999542236328,4.079999923706055
2007-10-15,109.55445861816406,19.25,4.159999847412109
2007-10-16,108.68515014648438,20.020000457763672,4.125
2007-10-17,109.0173110961914,18.540000915527344,3.890000104904175
2007-10-18,108.62152862548828,18.5,3.640000104904175
2007-10-19,105.78036499023438,22.959999084472656,3.740000009536743
2007-10-22,106.39527893066406,21.639999389648438,3.859999895095825
2007-10-23,107.25745391845703,20.40999984741211,3.859999895095825
2007-10-24,107.05963897705078,20.799999237060547,3.7100000381469727
2007-10-25,107.31403350830078,21.170000076293945,3.819999933242798
2007-10-26,108.57205200195312,19.559999465942383,3.8399999141693115
2007-10-29,108.93248748779297,19.8700008392334,3.859999895095825
2007-10-30,108.17626953125,21.06999969482422,3.8499999046325684
2007-10-31,109.30000305175781,18.530000686645508,3.819999933242798
2007-11-01,106.74154663085938,23.209999084472656,3.7049999237060547
2007-11-02,106.86174774169922,23.010000228881836,3.5
2007-11-05,106.04890441894531,24.309999465942383,3.5799999237060547
2007-11-06,107.47657012939453,21.389999389648438,3.630000114440918
2007-11-07,104.5364761352539,26.489999771118164,3.359999895095825
2007-11-08,104.00636291503906,26.15999984741211,3.2799999713897705
2007-11-09,102.5787582397461,28.5,3.1700000762939453
2007-11-12,101.56104278564453,31.09000015258789,3.180000066757202
2007-11-13,104.65660858154297,24.100000381469727,3.359999895095825
2007-11-14,104.36680603027344,25.940000534057617,3.315000057220459
2007-11-15,102.86144256591797,28.059999465942383,3.190000057220459
2007-11-16,103.03820037841797,25.489999771118164,3.2899999618530273
2007-11-19,101.6034164428711,26.010000228881836,3.2750000953674316
2007-11-20,102.2253646850586,24.8799991607666,3.1600000858306885
2007-11-21,100.13333129882812,26.84000015258789,3.0399999618530273
2007-11-23,101.86492919921875,25.610000610351562,3.140000104904175
2007-11-26,99.6174545288086,28.90999984741211,3.055000066757202
2007-11-27,100.76240539550781,26.280000686645508,3.075000047683716
2007-11-28,103.98522186279297,24.110000610351562,2.9600000381469727
2007-11-29,104.0205307006836,23.969999313354492,2.884999990463257
2007-11-30,105.06654357910156,22.8700008392334,3.069999933242798
2007-12-03,104.3739242553711,23.610000610351562,2.9600000381469727
2007-12-04,103.44099426269531,23.790000915527344,2.9800000190734863
2007-12-05,105.17255401611328,22.530000686645508,2.9800000190734863
2007-12-06,106.67790985107422,20.959999084472656,2.9600000381469727
2007-12-07,106.65679931640625,20.850000381469727,3.0199999809265137
2007-12-10,107.48363494873047,20.739999771118164,2.9700000286102295
2007-12-11,104.5364761352539,23.59000015258789,2.869999885559082
2007-12-12,105.56836700439453,22.469999313354492,2.809999942779541
2007-12-13,105.34925079345703,22.559999465942383,2.7799999713897705
2007-12-14,104.01343536376953,23.270000457763672,2.7950000762939453
2007-12-17,102.52930450439453,24.520000457763672,2.930000066757202
2007-12-18,103.10177612304688,22.639999389648438,2.9700000286102295
2007-12-19,103.10177612304688,21.68000030517578,2.8350000381469727
2007-12-20,103.75198364257812,20.579999923706055,2.805000066757202
2007-12-21,105.24758911132812,18.469999313354492,2.9000000953674316
2007-12-24,106.02909851074219,18.600000381469727,3.200000047683716
2007-12-26,106.25653076171875,18.65999984741211,3.2249999046325684
2007-12-27,104.92072296142578,20.260000228881836,3.075000047683716
2007-12-28,104.65789031982422,20.739999771118164,3.0799999237060547
2007-12-31,103.88343811035156,22.5,3.140000104904175
2008-01-02,102.97393798828125,23.170000076293945,3.1700000762939453
2008-01-03,102.92424774169922,22.489999771118164,3.1500000953674316
2008-01-04,100.4019546508789,23.940000534057617,3.115000009536743
2008-01-07,100.31663513183594,23.790000915527344,3.1649999618530273
2008-01-08,98.69672393798828,25.43000030517578,3.1600000858306885
2008-01-09,99.73403930664062,24.1200008392334,3.109999895095825
2008-01-10,100.38773345947266,23.450000762939453,3.130000114440918
2008-01-11,99.57772064208984,23.68000030517578,3.009999990463257
2008-01-14,100.38062286376953,22.899999618530273,3.0850000381469727
2008-01-15,98.17094421386719,23.34000015258789,3.0850000381469727
2008-01-16,97.32546997070312,24.3799991607666,3.0399999618530273
2008-01-17,94.8031005859375,28.459999084472656,2.9800000190734863
2008-01-18,93.82974243164062,27.18000030517578,2.7899999618530273
2008-01-22,92.87767028808594,31.010000228881836,2.2300000190734863
2008-01-23,95.108642578125,29.020000457763672,2.109999895095825
2008-01-24,95.91152954101562,27.780000686645508,2.299999952316284
2008-01-25,94.52606201171875,29.079999923706055,2.2200000286102295
2008-01-28,96.08916473388672,27.780000686645508,2.2149999141693115
2008-01-29,96.565185546875,27.31999969482422,2.2049999237060547
2008-01-30,95.85470581054688,27.6200008392334,2.140000104904175
2008-01-31,97.60253143310547,26.200000762939453,1.8700000047683716
2008-02-01,99.17271423339844,24.020000457763672,2.049999952316284
2008-02-04,97.9222640991211,25.989999771118164,2.1700000762939453
2008-02-05,95.30049133300781,28.239999771118164,2.1449999809265137
2008-02-06,94.53312683105469,28.969999313354492,2.0399999618530273
2008-02-07,95.15837860107422,27.65999984741211,2.0999999046325684
2008-02-08,94.54736328125,28.010000228881836,2.1600000858306885
2008-02-11,95.03048706054688,27.600000381469727,2.190000057220459
2008-02-12,95.91152954101562,26.329999923706055,2.25
2008-02-13,96.89200592041016,24.8799991607666,2.2100000381469727
2008-02-14,96.03941345214844,25.540000915527344,2.2200000286102295
2008-02-15,96.01811218261719,25.020000457763672,2.130000114440918
2008-02-19,96.2880859375,25.59000015258789,2.1700000762939453
2008-02-20,96.57229614257812,24.399999618530273,2.174999952316284
2008-02-21,95.76942443847656,25.1200008392334,2.140000104904175
2008-02-22,96.35910034179688,24.059999465942383,2.140000104904175
2008-02-25,97.57414245605469,23.030000686645508,2.109999895095825
2008-02-26,98.3059310913086,21.899999618530273,2.075000047683716
2008-02-27,98.20646667480469,22.690000534057617,1.9299999475479126
2008-02-28,97.2472915649414,23.530000686645508,1.8550000190734863
2008-02-29,95.08020782470703,26.540000915527344,1.784999966621399
2008-03-03,94.85285186767578,26.280000686645508,1.6349999904632568
2008-03-04,94.49052429199219,25.520000457763672,1.5950000286102295
2008-03-05,95.08731079101562,24.600000381469727,1.4800000190734863
2008-03-06,93.11920928955078,27.549999237060547,1.3650000095367432
2008-03-07,92.16001892089844,27.489999771118164,1.399999976158142
2008-03-10,90.94506072998047,29.3799991607666,1.2999999523162842
2008-03-11,94.21342468261719,26.360000610351562,1.440000057220459
2008-03-12,93.33238983154297,27.219999313354492,1.440000057220459
2008-03-13,93.53842163085938,27.290000915527344,1.2999999523162842
2008-03-14,92.08897399902344,31.15999984741211,1.1200000047683716
2008-03-17,91.158203125,32.2400016784668,0.9900000095367432
2008-03-18,94.94519805908203,25.790000915527344,0.8999999761581421
2008-03-19,92.5934829711914,29.84000015258789,0.6499999761581421
2008-03-20,94.30848693847656,26.6200008392334,0.5
2008-03-24,96.19351959228516,25.729999542236328,1.0149999856948853
2008-03-25,96.28638458251953,25.719999313354492,1.2549999952316284
2008-03-26,95.1082534790039,26.079999923706055,1.2699999809265137
2008-03-27,94.808349609375,25.8799991607666,1.25
2008-03-28,93.90154266357422,25.709999084472656,1.350000023841858
2008-03-31,94.22997283935547,25.610000610351562,1.274999976158142
2008-04-01,97.54308319091797,22.68000030517578,1.3550000190734863
2008-04-02,97.60733795166016,23.43000030517578,1.3650000095367432
2008-04-03,97.8500747680664,23.209999084472656,1.3600000143051147
2008-04-04,97.7430191040039,22.450000762939453,1.3200000524520874
2008-04-07,97.7929916381836,22.420000076293945,1.3600000143051147
2008-04-08,97.69300079345703,22.360000610351562,1.350000023841858
2008-04-09,96.98614501953125,22.809999465942383,1.274999976158142
2008-04-10,97.12181854248047,21.979999542236328,1.2350000143051147
2008-04-11,95.23676300048828,23.459999084472656,1.159999966621399
2008-04-14,94.91543579101562,23.81999969482422,1.0750000476837158
2008-04-15,95.13681030273438,22.780000686645508,1.100000023841858
2008-04-16,97.71443176269531,20.530000686645508,1.1150000095367432
2008-04-17,97.85722351074219,20.3700008392334,1.2100000381469727
2008-04-18,98.87828063964844,20.1299991607666,1.3200000524520874
2008-04-21,98.92828369140625,20.5,1.2699999809265137
2008-04-22,98.49270629882812,20.8700008392334,1.2549999952316284
2008-04-23,98.33565521240234,20.260000228881836,1.2000000476837158
2008-04-24,98.76405334472656,20.059999465942383,1.2200000286102295
2008-04-25,99.67803192138672,19.59000015258789,1.284999966621399
2008-04-28,99.69942474365234,19.639999389648438,1.3300000429153442
2008-04-29,99.30668640136719,20.239999771118164,1.440000057220459
2008-04-30,98.72120666503906,20.790000915527344,1.340000033378601
2008-05-01,100.76334381103516,18.8799991607666,1.3700000047683716
2008-05-02,101.04179382324219,18.18000030517578,1.465000033378601
2008-05-05,100.55624389648438,18.899999618530273,1.5499999523162842
2008-05-06,101.4273681640625,18.209999084472656,1.5950000286102295
2008-05-07,99.62089538574219,19.729999542236328,1.6299999952316284
2008-05-08,99.36388397216797,19.399999618530273,1.6200000047683716
2008-05-09,99.17818450927734,19.40999984741211,1.649999976158142
2008-05-12,100.29206085205078,17.790000915527344,1.75
2008-05-13,100.30634307861328,17.979999542236328,1.784999966621399
2008-05-14,100.51338958740234,17.65999984741211,1.784999966621399
2008-05-15,101.77011108398438,16.299999237060547,1.7899999618530273
2008-05-16,101.86289978027344,16.469999313354492,1.7999999523162842
2008-05-19,102.14136505126953,17.010000228881836,1.8049999475479126
2008-05-20,101.3131103515625,17.579999923706055,1.8250000476837158
2008-05-21,99.59945678710938,18.59000015258789,1.809999942779541
2008-05-22,99.6137466430664,18.049999237060547,1.8250000476837158
2008-05-23,98.27848052978516,19.549999237060547,1.7999999523162842
2008-05-27,99.0068359375,19.639999389648438,1.850000023841858
2008-05-28,99.46379852294922,19.06999969482422,1.8550000190734863
2008-05-29,99.96361541748047,18.139999389648438,1.8650000095367432
2008-05-30,100.2135238647461,17.829999923706055,1.850000023841858
2008-06-02,99.17818450927734,19.829999923706055,1.7899999618530273
2008-06-03,98.59982299804688,20.239999771118164,1.809999942779541
2008-06-04,98.54986572265625,20.799999237060547,1.8049999475479126
2008-06-05,100.52057647705078,18.6299991607666,1.809999942779541
2008-06-06,97.3145751953125,23.559999465942383,1.7999999523162842
2008-06-09,97.55022430419922,23.1200008392334,1.850000023841858
2008-06-10,97.0646743774414,23.18000030517578,1.9700000286102295
2008-06-11,95.6366195678711,24.1200008392334,1.9049999713897705
2008-06-12,96.00077819824219,23.329999923706055,1.9500000476837158
2008-06-13,97.21459197998047,21.219999313354492,1.9299999475479126
2008-06-16,97.27171325683594,20.950000762939453,1.940000057220459
2008-06-17,96.80048370361328,21.1299991607666,1.9550000429153442
2008-06-18,95.85796356201172,22.239999771118164,1.8799999952316284
2008-06-19,95.97935485839844,21.579999923706055,1.8600000143051147
2008-06-20,94.42142486572266,22.8700008392334,1.7999999523162842
2008-06-23,94.32816314697266,22.639999389648438,1.850000023841858
2008-06-24,94.14159393310547,22.420000076293945,1.7949999570846558
2008-06-25,94.58650970458984,21.139999389648438,1.7599999904632568
2008-06-26,92.01748657226562,23.93000030517578,1.6799999475479126
2008-06-27,91.51517486572266,23.440000534057617,1.6299999952316284
2008-06-30,91.83810424804688,23.950000762939453,1.7050000429153442
2008-07-01,92.12515258789062,23.649999618530273,1.8250000476837158
2008-07-02,90.54642486572266,25.920000076293945,1.7899999618530273
2008-07-03,90.63970184326172,24.780000686645508,1.809999942779541
2008-07-07,89.71399688720703,25.780000686645508,1.774999976158142
2008-07-08,91.30709075927734,23.149999618530273,1.8200000524520874
2008-07-09,89.5489501953125,25.229999542236328,1.7899999618530273
2008-07-10,89.9149398803711,25.59000015258789,1.6299999952316284
2008-07-11,88.86726379394531,27.489999771118164,1.5700000524520874
2008-07-14,88.06353759765625,28.479999542236328,1.4249999523162842
2008-07-15,86.8221206665039,28.540000915527344,1.375
2008-07-16,88.95338439941406,25.100000381469727,1.3450000286102295
2008-07-17,89.84317779541016,25.010000228881836,1.3899999856948853
2008-07-18,90.40291595458984,24.049999237060547,1.4199999570846558
2008-07-21,90.4531478881836,23.049999237060547,1.3799999952316284
2008-07-22,91.47927856445312,21.18000030517578,1.5
2008-07-23,91.97442626953125,21.309999465942383,1.5449999570846558
2008-07-24,90.06564331054688,23.440000534057617,1.6100000143051147
2008-07-25,90.04411315917969,22.90999984741211,1.690000057220459
2008-07-28,88.72372436523438,24.229999542236328,1.6649999618530273
2008-07-29,90.6181869506836,22.030000686645508,1.6799999475479126
2008-07-30,92.23278045654297,21.209999084472656,1.6699999570846558
2008-07-31,91.01285552978516,22.940000534057617,1.6349999904632568
2008-08-01,90.5320816040039,22.56999969482422,1.6299999952316284
2008-08-04,89.6924819946289,23.489999771118164,1.659999966621399
2008-08-05,92.11079406738281,21.139999389648438,1.7100000381469727
2008-08-06,92.51981353759766,20.229999542236328,1.600000023841858
2008-08-07,91.14203643798828,21.149999618530273,1.6299999952316284
2008-08-08,92.83554077148438,20.65999984741211,1.6649999618530273
2008-08-11,93.79715728759766,20.1200008392334,1.7699999809265137
2008-08-12,92.82122039794922,21.170000076293945,1.8250000476837158
2008-08-13,92.26146697998047,21.549999237060547,1.815000057220459
2008-08-14,92.9575424194336,20.34000015258789,1.8300000429153442
2008-08-15,93.4096450805664,19.579999923706055,1.7999999523162842
2008-08-18,92.13230895996094,20.979999542236328,1.7400000095367432
2008-08-19,91.127685546875,21.280000686645508,1.7649999856948853
2008-08-20,91.5510025024414,20.420000076293945,1.6699999570846558
2008-08-21,91.70892333984375,19.81999969482422,1.684999942779541
2008-08-22,93.03650665283203,18.809999465942383,1.6649999618530273
2008-08-25,91.14921569824219,20.969999313354492,1.6449999809265137
2008-08-26,91.41471099853516,20.489999771118164,1.6749999523162842
2008-08-27,92.3045425415039,19.760000228881836,1.6399999856948853
2008-08-28,93.42396545410156,19.43000030517578,1.7000000476837158
2008-08-29,92.41937255859375,20.649999618530273,1.690000057220459
2008-09-02,91.84525299072266,21.989999771118164,1.649999976158142
2008-09-03,91.7663345336914,21.43000030517578,1.6649999618530273
2008-09-04,89.00354766845703,24.030000686645508,1.649999976158142
2008-09-05,89.2834701538086,23.059999465942383,1.6399999856948853
2008-09-08,91.127685546875,22.639999389648438,1.6699999570846558
2008-09-09,88.4223403930664,25.469999313354492,1.6399999856948853
2008-09-10,88.78113555908203,24.520000457763672,1.6200000047683716
2008-09-11,90.06564331054688,24.389999389648438,1.5800000429153442
2008-09-12,90.4818344116211,25.65999984741211,1.4600000381469727
2008-09-15,86.17626190185547,31.700000762939453,0.8100000023841858
2008-09-16,87.61863708496094,30.299999237060547,0.8600000143051147
2008-09-17,83.67900085449219,36.220001220703125,0.019999999552965164
2008-09-18,86.16188049316406,33.099998474121094,0.07000000029802322
2008-09-19,89.58370971679688,32.06999969482422,0.9200000166893005
2008-09-22,87.55560302734375,33.849998474121094,0.875
2008-09-23,85.56361389160156,35.720001220703125,0.800000011920929
2008-09-24,85.83783721923828,35.189998626708984,0.4399999976158142
2008-09-25,87.18029022216797,32.81999969482422,0.7099999785423279
2008-09-26,87.22359466552734,34.7400016784668,0.8299999833106995
2008-09-29,80.38861846923828,46.720001220703125,0.44999998807907104
2008-09-30,83.71588897705078,39.38999938964844,0.8999999761581421
2008-10-01,83.76644134521484,39.810001373291016,0.800000011920929
2008-10-02,80.72784423828125,45.2599983215332,0.5899999737739563
2008-10-03,79.63798522949219,45.13999938964844,0.4699999988079071
2008-10-06,75.5817642211914,52.04999923706055,0.4099999964237213
2008-10-07,72.19672393798828,53.68000030517578,0.7850000262260437
2008-10-08,70.37791442871094,57.529998779296875,0.6399999856948853
2008-10-09,65.46281433105469,63.91999816894531,0.5799999833106995
2008-10-10,63.87498474121094,69.94999694824219,0.20999999344348907
2008-10-13,73.14945220947266,54.9900016784668,0.20999999344348907
2008-10-14,72.06683349609375,55.130001068115234,0.23499999940395355
2008-10-15,64.97200775146484,69.25,0.20000000298023224
2008-10-16,67.67855834960938,67.61000061035156,0.4350000023841858
2008-10-17,67.27440643310547,70.33000183105469,0.7799999713897705
2008-10-20,71.31619262695312,52.970001220703125,1.0199999809265137
2008-10-21,69.18704986572266,53.11000061035156,1.0950000286102295
2008-10-22,65.41948699951172,69.6500015258789,1.0099999904632568
2008-10-23,66.17731475830078,67.80000305175781,0.9100000262260437
2008-10-24,62.82119369506836,79.12999725341797,0.8199999928474426
2008-10-27,60.590980529785156,80.05999755859375,0.7300000190734863
2008-10-28,67.67138671875,66.95999908447266,0.75
2008-10-29,67.18058776855469,69.95999908447266,0.5649999976158142
2008-10-30,69.50463104248047,62.900001525878906,0.375
2008-10-31,69.88713073730469,59.88999938964844,0.4350000023841858
2008-11-03,70.08922576904297,53.68000030517578,0.41999998688697815
2008-11-04,72.47100067138672,47.72999954223633,0.4650000035762787
2008-11-05,69.42520904541016,54.560001373291016,0.3799999952316284
2008-11-06,65.57826232910156,63.68000030517578,0.3149999976158142
2008-11-07,67.7435531616211,56.099998474121094,0.28999999165534973
2008-11-10,66.85580444335938,59.97999954223633,0.20000000298023224
2008-11-11,64.79158782958984,61.439998626708984,0.19499999284744263
2008-11-12,61.940670013427734,66.45999908447266,0.14000000059604645
2008-11-13,65.80203247070312,59.83000183105469,0.1899999976158142
2008-11-14,62.51807403564453,66.30999755859375,0.12999999523162842
2008-11-17,61.68806076049805,69.1500015258789,0.09000000357627869
2008-11-18,62.85005569458008,67.63999938964844,0.10999999940395355
2008-11-19,58.82269287109375,74.26000213623047,0.06499999761581421
2008-11-20,54.456092834472656,80.86000061035156,0.004999999888241291
2008-11-21,57.39361572265625,72.66999816894531,0.009999999776482582
2008-11-24,61.37049865722656,64.69999694824219,0.009999999776482582
2008-11-25,61.82517623901367,60.900001525878906,0.10000000149011612
2008-11-26,64.21414947509766,54.91999816894531,0.029999999329447746
2008-11-28,65.02254486083984,55.279998779296875,0.019999999552965164
2008-12-01,59.2629508972168,68.51000213623047,0.009999999776482582
2008-12-02,61.54369354248047,62.97999954223633,0.05000000074505806
2008-12-03,63.023258209228516,60.720001220703125,0.014999999664723873
2008-12-04,61.56535339355469,63.63999938964844,0.004999999888241291
2008-12-05,63.46354675292969,59.93000030517578,0.009999999776482582
2008-12-08,65.67936706542969,58.4900016784668,0.004999999888241291
2008-12-09,64.59671020507812,58.90999984741211,0.009999999776482582
2008-12-10,65.03697204589844,55.72999954223633,0.004999999888241291
2008-12-11,63.47078323364258,55.779998779296875,0.009999999776482582
2008-12-12,64.22859191894531,54.279998779296875,0.009999999776482582
2008-12-15,63.33365249633789,56.7599983215332,0.004999999888241291
2008-12-16,66.31449127197266,52.369998931884766,0.02500000037252903
2008-12-17,65.67211151123047,49.84000015258789,0.004999999888241291
2008-12-18,64.44513702392578,47.34000015258789,0.004999999888241291
2008-12-19,64.16793060302734,44.93000030517578,0.004999999888241291
2008-12-22,63.34568786621094,44.560001373291016,0.004999999888241291
2008-12-23,62.69087600708008,45.02000045776367,0.004999999888241291
2008-12-24,63.05467224121094,44.209999084472656,0.004999999888241291
2008-12-26,63.41848373413086,43.380001068115234,0.004999999888241291
2008-12-29,63.236572265625,43.900001525878906,0.009999999776482582
2008-12-30,64.73541259765625,41.630001068115234,0.09000000357627869
2008-12-31,65.6595230102539,40.0,0.11500000208616257
2009-01-02,67.63861846923828,39.189998626708984,0.08500000089406967
2009-01-05,67.55857849121094,39.08000183105469,0.08500000089406967
2009-01-06,68.0096664428711,38.560001373291016,0.12999999523162842
2009-01-07,65.972412109375,43.38999938964844,0.10000000149011612
2009-01-08,66.24160766601562,42.560001373291016,0.07999999821186066
2009-01-09,64.82275390625,42.81999969482422,0.06499999761581421
2009-01-12,63.265647888183594,45.84000015258789,0.06499999761581421
2009-01-13,63.382080078125,43.27000045776367,0.10499999672174454
2009-01-14,61.38844299316406,49.13999938964844,0.10999999940395355
2009-01-15,61.41027069091797,51.0,0.10000000149011612
2009-01-16,61.89051055908203,46.11000061035156,0.11500000208616257
2009-01-20,58.6235237121582,56.650001525878906,0.10000000149011612
2009-01-21,61.15557861328125,46.41999816894531,0.10999999940395355
2009-01-22,60.209716796875,47.290000915527344,0.10000000149011612
2009-01-23,60.4716911315918,47.27000045776367,0.09000000357627869
2009-01-26,60.886390686035156,45.689998626708984,0.10000000149011612
2009-01-27,61.504886627197266,42.25,0.12999999523162842
2009-01-28,63.585853576660156,39.65999984741211,0.18000000715255737
2009-01-29,61.51942825317383,42.630001068115234,0.2199999988079071
2009-01-30,60.26792907714844,44.84000015258789,0.2199999988079071
2009-02-02,60.08603286743164,45.52000045776367,0.24500000476837158
2009-02-03,60.93006134033203,43.060001373291016,0.3100000023841858
2009-02-04,60.6317253112793,43.849998474121094,0.28999999165534973
2009-02-05,61.53397750854492,43.72999954223633,0.27000001072883606
2009-02-06,63.28751754760742,43.369998931884766,0.27000001072883606
2009-02-09,63.37481689453125,43.63999938964844,0.2750000059604645
2009-02-10,60.4716911315918,46.66999816894531,0.3050000071525574
2009-02-11,60.828182220458984,44.529998779296875,0.30000001192092896
2009-02-12,60.87186050415039,41.25,0.2849999964237213
2009-02-13,60.21701431274414,42.93000030517578,0.28999999165534973
2009-02-17,57.64126968383789,48.65999984741211,0.2849999964237213
2009-02-18,57.502994537353516,48.459999084472656,0.30000001192092896
2009-02-19,56.884525299072266,47.08000183105469,0.30000001192092896
2009-02-20,56.33158493041992,49.29999923706055,0.26499998569488525
2009-02-23,54.316070556640625,52.619998931884766,0.27000001072883606
2009-02-24,56.37521743774414,45.4900016784668,0.29499998688697815
2009-02-25,55.93137741088867,44.66999816894531,0.29499998688697815
2009-02-26,55.021854400634766,44.65999984741211,0.26499998569488525
2009-02-27,53.792213439941406,46.349998474121094,0.25
2009-03-02,51.369258880615234,52.650001525878906,0.23000000417232513
2009-03-03,50.983638763427734,50.93000030517578,0.26499998569488525
2009-03-04,52.19145202636719,47.560001373291016,0.25
2009-03-05,50.059547424316406,50.16999816894531,0.20000000298023224
2009-03-06,50.1468620300293,49.33000183105469,0.1850000023841858
2009-03-09,49.5574951171875,49.68000030517578,0.20000000298023224
2009-03-10,52.51161193847656,44.369998931884766,0.23499999940395355
2009-03-11,52.853580474853516,43.61000061035156,0.2199999988079071
2009-03-12,54.93456268310547,41.18000030517578,0.20000000298023224
2009-03-13,55.36381530761719,42.36000061035156,0.1899999976158142
2009-03-16,55.19648742675781,43.7400016784668,0.2199999988079071
2009-03-17,56.884525299072266,40.79999923706055,0.22499999403953552
2009-03-18,58.157859802246094,40.060001373291016,0.20499999821186066
2009-03-19,57.43751907348633,43.68000030517578,0.1899999976158142
2009-03-20,56.2144660949707,45.88999938964844,0.20000000298023224
2009-03-23,60.25229263305664,43.22999954223633,0.1899999976158142
2009-03-24,59.06510543823242,42.93000030517578,0.20499999821186066
2009-03-25,59.688011169433594,42.25,0.1850000023841858
2009-03-26,60.904518127441406,40.36000061035156,0.14000000059604645
2009-03-27,59.805233001708984,41.040000915527344,0.125
2009-03-30,57.738704681396484,45.540000915527344,0.11999999731779099
2009-03-31,58.273651123046875,44.13999938964844,0.20000000298023224
2009-04-01,59.4022102355957,42.279998779296875,0.20999999344348907
2009-04-02,61.13898849487305,42.040000915527344,0.1899999976158142
2009-04-03,61.74722671508789,39.70000076293945,0.20000000298023224
2009-04-06,61.2635612487793,40.93000030517578,0.1850000023841858
2009-04-07,59.83457946777344,40.38999938964844,0.1899999976158142
2009-04-08,60.479434967041016,38.849998474121094,0.18000000715255737
2009-04-09,62.88311004638672,36.529998779296875,0.17499999701976776
2009-04-13,62.897743225097656,37.810001373291016,0.17000000178813934
2009-04-14,61.813167572021484,37.66999816894531,0.16500000655651093
2009-04-15,62.47271728515625,36.16999816894531,0.14000000059604645
2009-04-16,63.38874053955078,35.790000915527344,0.125
2009-04-17,63.813751220703125,33.939998626708984,0.12999999523162842
2009-04-20,61.13898849487305,39.18000030517578,0.11999999731779099
2009-04-21,62.33348846435547,37.13999938964844,0.14000000059604645
2009-04-22,61.95240020751953,38.099998474121094,0.13500000536441803
2009-04-23,62.56066131591797,37.150001525878906,0.0949999988079071
2009-04-24,63.50598907470703,36.81999969482422,0.0949999988079071
2009-04-27,62.90508270263672,38.31999969482422,0.09000000357627869
2009-04-28,62.707252502441406,37.95000076293945,0.11999999731779099
2009-04-29,64.04096984863281,36.08000183105469,0.0949999988079071
2009-04-30,64.06291961669922,36.5,0.125
2009-05-01,64.40736389160156,35.29999923706055,0.14499999582767487
2009-05-04,66.59847259521484,34.529998779296875,0.17499999701976776
2009-05-05,66.37132263183594,33.36000061035156,0.17499999701976776
2009-05-06,67.52183532714844,32.45000076293945,0.18000000715255737
2009-05-07,66.58381652832031,33.439998626708984,0.18000000715255737
2009-05-08,68.13739013671875,32.04999923706055,0.16500000655651093
2009-05-11,66.8623046875,32.869998931884766,0.1550000011920929
2009-05-12,66.66444396972656,31.799999237060547,0.18000000715255737
2009-05-13,64.98628997802734,33.650001525878906,0.17000000178813934
2009-05-14,65.5431900024414,31.3700008392334,0.1550000011920929
2009-05-15,65.00823974609375,33.119998931884766,0.1550000011920929
2009-05-18,66.85494995117188,30.239999771118164,0.1599999964237213
2009-05-19,66.77434539794922,28.799999237060547,0.17499999701976776
2009-05-20,66.32737731933594,29.030000686645508,0.17000000178813934
2009-05-21,65.37468719482422,31.350000381469727,0.17499999701976776
2009-05-22,65.23542785644531,32.630001068115234,0.17499999701976776
2009-05-26,66.90625,30.6200008392334,0.16500000655651093
2009-05-27,65.7117691040039,32.36000061035156,0.1599999964237213
2009-05-28,66.6277847290039,31.670000076293945,0.13500000536441803
2009-05-29,67.8076171875,28.920000076293945,0.12999999523162842
2009-06-01,69.44915008544922,30.040000915527344,0.08500000089406967
2009-06-02,69.50774383544922,29.6299991607666,0.12999999523162842
2009-06-03,68.62838745117188,31.020000457763672,0.12999999523162842
2009-06-04,69.27328491210938,30.18000030517578,0.13500000536441803
2009-06-05,69.28792572021484,29.6200008392334,0.18000000715255737
2009-06-08,69.00212860107422,29.770000457763672,0.17000000178813934
2009-06-09,69.35387420654297,28.270000457763672,0.17499999701976776
2009-06-10,69.17799377441406,28.459999084472656,0.17499999701976776
2009-06-11,69.48577117919922,28.110000610351562,0.17000000178813934
2009-06-12,69.67630767822266,28.149999618530273,0.16500000655651093
2009-06-15,68.07878875732422,30.809999465942383,0.1550000011920929
2009-06-16,67.15541076660156,32.68000030517578,0.16500000655651093
2009-06-17,67.0894775390625,31.540000915527344,0.16500000655651093
2009-06-18,67.58045959472656,30.030000686645508,0.17000000178813934
2009-06-19,67.82955169677734,27.989999771118164,0.17000000178813934
2009-06-22,65.7955551147461,31.170000076293945,0.1850000023841858
2009-06-23,65.84715270996094,30.579999923706055,0.19499999284744263
2009-06-24,66.41462707519531,29.049999237060547,0.18000000715255737
2009-06-25,67.85903930664062,26.360000610351562,0.16500000655651093
2009-06-26,67.68213653564453,25.93000030517578,0.17499999701976776
2009-06-29,68.31594848632812,25.350000381469727,0.1599999964237213
2009-06-30,67.76319122314453,26.350000381469727,0.18000000715255737
2009-07-01,68.04326629638672,26.219999313354492,0.16500000655651093
2009-07-02,66.18611907958984,27.950000762939453,0.1550000011920929
2009-07-06,66.17876434326172,29.0,0.1550000011920929
2009-07-07,64.8964614868164,30.850000381469727,0.18000000715255737
2009-07-08,64.85222625732422,31.299999237060547,0.17499999701976776
2009-07-09,64.97753143310547,29.780000686645508,0.17499999701976776
2009-07-10,64.82278442382812,29.020000457763672,0.16500000655651093
2009-07-13,66.39987182617188,26.309999465942383,0.17000000178813934
2009-07-14,66.77568054199219,25.020000457763672,0.17499999701976776
2009-07-15,68.7286376953125,25.889999389648438,0.17499999701976776
2009-07-16,68.61809539794922,25.420000076293945,0.16500000655651093
2009-07-17,69.36979675292969,24.34000015258789,0.16500000655651093
2009-07-20,70.10675048828125,24.399999618530273,0.1599999964237213
2009-07-21,70.4310073852539,23.8700008392334,0.18000000715255737
2009-07-22,70.41627502441406,23.469999313354492,0.18000000715255737
2009-07-23,71.97127532958984,23.43000030517578,0.18000000715255737
2009-07-24,72.26603698730469,23.09000015258789,0.18000000715255737
2009-07-27,72.47972869873047,24.280000686645508,0.18000000715255737
2009-07-28,72.14073181152344,25.010000228881836,0.1850000023841858
2009-07-29,71.96385192871094,25.610000610351562,0.17499999701976776
2009-07-30,72.71556091308594,25.399999618530273,0.17499999701976776
2009-07-31,72.81874084472656,25.920000076293945,0.17499999701976776
2009-08-03,74.01998138427734,25.559999465942383,0.17499999701976776
2009-08-04,74.21159362792969,24.889999389648438,0.17499999701976776
2009-08-05,73.9979019165039,24.899999618530273,0.17499999701976776
2009-08-06,73.61469268798828,25.670000076293945,0.17000000178813934
2009-08-07,74.58007049560547,24.760000228881836,0.17000000178813934
2009-08-10,74.42529296875,24.989999771118164,0.1599999964237213
2009-08-11,73.49675750732422,25.989999771118164,0.18000000715255737
2009-08-12,74.28529357910156,25.450000762939453,0.17000000178813934
2009-08-13,74.85276794433594,24.709999084472656,0.16500000655651093
2009-08-14,74.2779312133789,24.270000457763672,0.17000000178813934
2009-08-17,72.45030212402344,27.889999389648438,0.17000000178813934
2009-08-18,73.02508544921875,26.18000030517578,0.17499999701976776
2009-08-19,73.66625213623047,26.260000228881836,0.16500000655651093
2009-08-20,74.42529296875,25.09000015258789,0.1599999964237213
2009-08-21,75.88450622558594,25.010000228881836,0.1599999964237213
2009-08-24,75.87712097167969,25.139999389648438,0.1550000011920929
2009-08-25,76.0245361328125,24.920000076293945,0.1550000011920929
2009-08-26,76.03189849853516,24.950000762939453,0.14499999582767487
2009-08-27,76.2013931274414,24.68000030517578,0.14000000059604645
2009-08-28,76.1866455078125,24.760000228881836,0.12999999523162842
2009-08-31,75.50861358642578,26.010000228881836,0.12999999523162842
2009-09-01,73.8431167602539,29.149999618530273,0.12999999523162842
2009-09-02,73.56305694580078,28.899999618530273,0.12999999523162842
2009-09-03,74.17475128173828,27.100000381469727,0.125
2009-09-04,75.21385955810547,25.260000228881836,0.125
2009-09-08,75.86241149902344,25.6200008392334,0.125
2009-09-09,76.44457244873047,24.31999969482422,0.13500000536441803
2009-09-10,77.22576141357422,23.549999237060547,0.13500000536441803
2009-09-11,77.21102905273438,24.149999618530273,0.13500000536441803
2009-09-14,77.58683776855469,23.860000610351562,0.12999999523162842
2009-09-15,77.9111099243164,23.420000076293945,0.125
2009-09-16,79.09024810791016,23.690000534057617,0.0949999988079071
2009-09-17,78.97232818603516,23.649999618530273,0.0949999988079071
2009-09-18,79.02269744873047,23.920000076293945,0.07999999821186066
2009-09-21,78.82276153564453,24.059999465942383,0.09000000357627869
2009-09-22,79.28187561035156,23.079999923706055,0.0949999988079071
2009-09-23,78.62285614013672,23.489999771118164,0.0949999988079071
2009-09-24,77.75651550292969,24.950000762939453,0.09000000357627869
2009-09-25,77.34182739257812,25.610000610351562,0.09000000357627869
2009-09-28,78.72651672363281,24.8799991607666,0.09000000357627869
2009-09-29,78.48954772949219,25.190000534057617,0.11999999731779099
2009-09-30,78.18598175048828,25.610000610351562,0.11500000208616257
2009-10-01,76.24593353271484,28.270000457763672,0.0949999988079071
2009-10-02,75.89049530029297,28.68000030517578,0.09000000357627869
2009-10-05,77.02342224121094,26.84000015258789,0.09000000357627869
2009-10-06,78.12671661376953,25.700000762939453,0.07000000029802322
2009-10-07,78.34148406982422,24.68000030517578,0.05999999865889549
2009-10-08,78.94123840332031,24.18000030517578,0.05999999865889549
2009-10-09,79.4225845336914,23.1200008392334,0.06499999761581421
2009-10-12,79.73353576660156,23.010000228881836,0.05999999865889549
2009-10-13,79.57067108154297,22.989999771118164,0.05999999865889549
2009-10-14,80.9405288696289,22.860000610351562,0.06499999761581421
2009-10-15,81.23670196533203,21.719999313354492,0.054999999701976776
2009-10-16,80.6295166015625,21.43000030517578,0.05999999865889549
2009-10-19,81.29595184326172,21.489999771118164,0.05999999865889549
2009-10-20,80.86649322509766,20.899999618530273,0.07500000298023224
2009-10-21,80.14083099365234,22.219999313354492,0.06499999761581421
2009-10-22,80.95533752441406,20.690000534057617,0.05000000074505806
2009-10-23,80.02972412109375,22.270000457763672,0.05000000074505806
2009-10-26,79.16337585449219,24.309999465942383,0.05000000074505806
2009-10-27,78.80054473876953,24.829999923706055,0.07000000029802322
2009-10-28,77.3122329711914,27.90999984741211,0.05999999865889549
2009-10-29,78.97087097167969,24.760000228881836,0.05000000074505806
2009-10-30,76.68283081054688,30.690000534057617,0.04500000178813934
2009-11-02,77.24553680419922,29.780000686645508,0.03999999910593033
2009-11-03,77.48995971679688,28.809999465942383,0.05000000074505806
2009-11-04,77.68986511230469,27.719999313354492,0.04500000178813934
2009-11-05,79.11898040771484,25.43000030517578,0.03500000014901161
2009-11-06,79.32626342773438,24.190000534057617,0.04500000178813934
2009-11-09,81.13302612304688,23.149999618530273,0.04500000178813934
2009-11-10,81.14781188964844,22.84000015258789,0.05999999865889549
2009-11-11,81.5625228881836,23.040000915527344,0.05999999865889549
2009-11-12,80.7331771850586,24.239999771118164,0.054999999701976776
2009-11-13,81.1700668334961,23.360000610351562,0.054999999701976776
2009-11-16,82.3473892211914,22.889999389648438,0.054999999701976776
2009-11-17,82.44366455078125,22.40999984741211,0.054999999701976776
2009-11-18,82.39181518554688,21.6299991607666,0.029999999329447746
2009-11-19,81.31816864013672,22.6299991607666,0.004999999888241291
2009-11-20,81.02937316894531,22.190000534057617,0.009999999776482582
2009-11-23,82.05860900878906,21.15999984741211,0.019999999552965164
2009-11-24,82.18449401855469,20.469999313354492,0.03999999910593033
2009-11-25,82.4732666015625,20.479999542236328,0.03999999910593033
2009-11-27,81.13302612304688,24.739999771118164,0.02500000037252903
2009-11-30,81.40699768066406,24.510000228881836,0.05000000074505806
2009-12-01,82.41402435302734,21.920000076293945,0.05000000074505806
2009-12-02,82.37701416015625,21.1200008392334,0.03999999910593033
2009-12-03,81.73278045654297,22.459999084472656,0.03999999910593033
2009-12-04,82.19931030273438,21.25,0.03999999910593033
2009-12-07,82.07340240478516,22.100000381469727,0.014999999664723873
2009-12-08,81.16266632080078,23.690000534057617,0.02500000037252903
2009-12-09,81.46623229980469,22.65999984741211,0.02500000037252903
2009-12-10,81.9253158569336,22.31999969482422,0.02500000037252903
2009-12-11,82.27335357666016,21.59000015258789,0.019999999552965164
2009-12-14,82.83609771728516,21.149999618530273,0.019999999552965164
2009-12-15,82.45106506347656,21.489999771118164,0.03999999910593033
2009-12-16,82.57695770263672,20.540000915527344,0.03500000014901161
2009-12-17,81.584716796875,22.510000228881836,0.03999999910593033
2009-12-18,82.04627990722656,21.68000030517578,0.03999999910593033
2009-12-21,82.88005828857422,20.489999771118164,0.04500000178813934
2009-12-22,83.17784881591797,19.540000915527344,0.07000000029802322
2009-12-23,83.34159851074219,19.709999084472656,0.054999999701976776
2009-12-24,83.73619079589844,19.469999313354492,0.03999999910593033
2009-12-28,83.91486358642578,19.93000030517578,0.054999999701976776
2009-12-29,83.79572296142578,20.010000228881836,0.0949999988079071
2009-12-30,83.76596069335938,19.959999084472656,0.03999999910593033
2009-12-31,82.96195983886719,21.68000030517578,0.05000000074505806
2010-01-04,84.36898040771484,20.040000915527344,0.054999999701976776
2010-01-05,84.5923080444336,19.350000381469727,0.05999999865889549
2010-01-06,84.6518783569336,19.15999984741211,0.04500000178813934
2010-01-07,85.0092544555664,19.059999465942383,0.04500000178813934
2010-01-08,85.2920913696289,18.1299991607666,0.03999999910593033
2010-01-11,85.41120147705078,17.549999237060547,0.02500000037252903
2010-01-12,84.61461639404297,18.25,0.03999999910593033
2010-01-13,85.32930755615234,17.850000381469727,0.05000000074505806
2010-01-14,85.56013488769531,17.6299991607666,0.04500000178813934
2010-01-15,84.5997543334961,17.90999984741211,0.054999999701976776
2010-01-19,85.65685272216797,17.579999923706055,0.05000000074505806
2010-01-20,84.78585815429688,18.68000030517578,0.05000000074505806
2010-01-21,83.15550994873047,22.270000457763672,0.03999999910593033
2010-01-22,81.30183410644531,27.309999465942383,0.04500000178813934
2010-01-25,81.71874237060547,25.40999984741211,0.04500000178813934
2010-01-26,81.37631225585938,24.549999237060547,0.06499999761581421
2010-01-27,81.76337432861328,23.139999389648438,0.07000000029802322
2010-01-28,80.82537078857422,23.729999542236328,0.07000000029802322
2010-01-29,79.94691467285156,24.6200008392334,0.07000000029802322
2010-02-01,81.19017028808594,22.59000015258789,0.08500000089406967
2010-02-02,82.17283630371094,21.479999542236328,0.09000000357627869
2010-02-03,81.76337432861328,21.600000381469727,0.09000000357627869
2010-02-04,79.23970794677734,26.079999923706055,0.08500000089406967
2010-02-05,79.40345764160156,26.110000610351562,0.08500000089406967
2010-02-08,78.8302230834961,26.510000228881836,0.09000000357627869
2010-02-09,79.82035064697266,26.0,0.10000000149011612
2010-02-10,79.6640396118164,25.399999618530273,0.10000000149011612
2010-02-11,80.49781036376953,23.959999084472656,0.0949999988079071
2010-02-12,80.43083190917969,22.729999542236328,0.09000000357627869
2010-02-16,81.69638061523438,22.25,0.08500000089406967
2010-02-17,82.08351135253906,21.719999313354492,0.09000000357627869
2010-02-18,82.5674057006836,20.6299991607666,0.08500000089406967
2010-02-19,82.73860168457031,20.020000457763672,0.0949999988079071
2010-02-22,82.75352478027344,19.940000534057617,0.08500000089406967
2010-02-23,81.74847412109375,21.3700008392334,0.11500000208616257
2010-02-24,82.50039672851562,20.270000457763672,0.10999999940395355
2010-02-25,82.38871002197266,20.100000381469727,0.11500000208616257
2010-02-26,82.44084167480469,19.5,0.11500000208616257
2010-03-01,83.29698944091797,19.260000228881836,0.11999999731779099
2010-03-02,83.52772521972656,19.059999465942383,0.125
2010-03-03,83.60216522216797,18.829999923706055,0.13500000536441803
2010-03-04,83.85530090332031,18.719999313354492,0.13500000536441803
2010-03-05,85.05389404296875,17.420000076293945,0.14499999582767487
2010-03-08,85.0687255859375,17.790000915527344,0.14499999582767487
2010-03-09,85.21021270751953,17.920000076293945,0.15000000596046448
2010-03-10,85.5898666381836,18.56999969482422,0.14499999582767487
2010-03-11,85.94719696044922,18.059999465942383,0.14499999582767487
2010-03-12,85.95466613769531,17.579999923706055,0.14000000059604645
2010-03-15,85.97698211669922,18.0,0.14499999582767487
2010-03-16,86.6618881225586,17.690000534057617,0.1550000011920929
2010-03-17,87.1755599975586,16.90999984741211,0.15000000596046448
2010-03-18,87.13091278076172,16.6200008392334,0.14499999582767487
2010-03-19,86.68985748291016,16.969999313354492,0.14499999582767487
2010-03-22,87.1532974243164,16.8700008392334,0.14000000059604645
2010-03-23,87.76630401611328,16.350000381469727,0.12999999523162842
2010-03-24,87.3402328491211,17.549999237060547,0.13500000536441803
2010-03-25,87.19818115234375,18.399999618530273,0.12999999523162842
2010-03-26,87.1458511352539,17.770000457763672,0.12999999523162842
2010-03-29,87.69898986816406,17.59000015258789,0.125
2010-03-30,87.75881958007812,17.1299991607666,0.15000000596046448
2010-03-31,87.4598388671875,17.59000015258789,0.15000000596046448
2010-04-01,88.05780029296875,17.469999313354492,0.15000000596046448
2010-04-05,88.77545928955078,17.020000457763672,0.1599999964237213
2010-04-06,88.98474884033203,16.229999542236328,0.16500000655651093
2010-04-07,88.47642517089844,16.6200008392334,0.1599999964237213
2010-04-08,88.78290557861328,16.479999542236328,0.1550000011920929
2010-04-09,89.3659896850586,16.139999389648438,0.15000000596046448
2010-04-12,89.50800323486328,15.579999923706055,0.13500000536441803
2010-04-13,89.57528686523438,16.200000762939453,0.15000000596046448
2010-04-14,90.5919189453125,15.59000015258789,0.1550000011920929
2010-04-15,90.66667175292969,15.890000343322754,0.15000000596046448
2010-04-16,89.2239761352539,18.360000610351562,0.15000000596046448
2010-04-19,89.56033325195312,17.34000015258789,0.15000000596046448
2010-04-20,90.36016845703125,15.729999542236328,0.14499999582767487
2010-04-21,90.19573974609375,16.31999969482422,0.14499999582767487
2010-04-22,90.46483612060547,16.469999313354492,0.15000000596046448
2010-04-23,91.05538940429688,16.6200008392334,0.1550000011920929
2010-04-26,90.7115478515625,17.469999313354492,0.15000000596046448
2010-04-27,88.56612396240234,22.809999465942383,0.14499999582767487
2010-04-28,89.2389144897461,21.079999923706055,0.1550000011920929
2010-04-29,90.34523010253906,18.440000534057617,0.1599999964237213
2010-04-30,88.81278991699219,22.049999237060547,0.1550000011920929
2010-05-03,89.9640121459961,20.190000534057617,0.1599999964237213
2010-05-04,87.84851837158203,23.84000015258789,0.1550000011920929
2010-05-05,87.32524108886719,24.90999984741211,0.14499999582767487
2010-05-06,84.42488098144531,32.79999923706055,0.10000000149011612
2010-05-07,83.16905212402344,40.95000076293945,0.11999999731779099
2010-05-10,86.83191680908203,28.84000015258789,0.14499999582767487
2010-05-11,86.58524322509766,28.31999969482422,0.15000000596046448
2010-05-12,87.79618835449219,25.520000457763672,0.15000000596046448
2010-05-13,86.70482635498047,26.68000030517578,0.1550000011920929
2010-05-14,85.135009765625,31.239999771118164,0.14499999582767487
2010-05-17,85.17984771728516,30.84000015258789,0.15000000596046448
2010-05-18,84.02122497558594,33.54999923706055,0.16500000655651093
2010-05-19,83.54280853271484,35.31999969482422,0.16500000655651093
2010-05-20,80.38825225830078,45.790000915527344,0.1550000011920929
2010-05-21,81.56185150146484,40.099998474121094,0.15000000596046448
2010-05-24,80.5153579711914,38.31999969482422,0.15000000596046448
2010-05-25,80.59757232666016,34.61000061035156,0.1599999964237213
2010-05-26,80.1116714477539,35.02000045776367,0.1599999964237213
2010-05-27,82.79528045654297,29.68000030517578,0.1599999964237213
2010-05-28,81.75624084472656,32.06999969482422,0.15000000596046448
2010-06-01,80.38078308105469,35.540000915527344,0.14499999582767487
2010-06-02,82.47383117675781,30.170000076293945,0.14499999582767487
2010-06-03,82.75791931152344,29.459999084472656,0.12999999523162842
2010-06-04,79.85005187988281,35.47999954223633,0.11999999731779099
2010-06-07,78.85585021972656,36.56999969482422,0.10499999672174454
2010-06-08,79.70059204101562,33.70000076293945,0.10999999940395355
2010-06-09,79.27447509765625,33.72999954223633,0.0949999988079071
2010-06-10,81.5917739868164,30.56999969482422,0.08500000089406967
2010-06-11,81.98796081542969,28.790000915527344,0.07000000029802322
2010-06-14,81.86088562011719,28.579999923706055,0.054999999701976776
2010-06-15,83.72221374511719,25.8700008392334,0.07999999821186066
2010-06-16,83.69231414794922,25.920000076293945,0.09000000357627869
2010-06-17,83.82688903808594,25.049999237060547,0.09000000357627869
2010-06-18,83.91773986816406,23.950000762939453,0.0949999988079071
2010-06-21,83.6773910522461,24.8799991607666,0.10499999672174454
2010-06-22,82.29541015625,27.049999237060547,0.125
2010-06-23,82.04006958007812,26.90999984741211,0.11999999731779099
2010-06-24,80.68058776855469,29.739999771118164,0.125
2010-06-25,81.01858520507812,28.530000686645508,0.125
2010-06-28,80.76322937011719,29.0,0.13500000536441803
2010-06-29,78.2696533203125,34.130001068115234,0.1599999964237213
2010-06-30,77.52607727050781,34.540000915527344,0.17000000178813934
2010-07-01,77.18058013916016,32.86000061035156,0.16500000655651093
2010-07-02,76.75999450683594,30.1200008392334,0.1599999964237213
2010-07-06,77.26319122314453,29.649999618530273,0.1599999964237213
2010-07-07,79.69669342041016,26.84000015258789,0.1550000011920929
2010-07-08,80.48530578613281,25.709999084472656,0.14499999582767487
2010-07-09,81.08618927001953,24.979999542236328,0.14499999582767487
2010-07-12,81.13873291015625,24.43000030517578,0.14000000059604645
2010-07-13,82.3630142211914,24.559999465942383,0.14499999582767487
2010-07-14,82.3554916381836,24.889999389648438,0.14499999582767487
2010-07-15,82.37804412841797,25.139999389648438,0.14499999582767487
2010-07-16,80.10978698730469,26.25,0.14499999582767487
2010-07-19,80.58296203613281,25.969999313354492,0.14499999582767487
2010-07-20,81.47675323486328,23.93000030517578,0.15000000596046448
2010-07-21,80.417724609375,25.639999389648438,0.15000000596046448
2010-07-22,82.2127914428711,24.6299991607666,0.14499999582767487
2010-07-23,82.92630004882812,23.469999313354492,0.14499999582767487
2010-07-26,83.7900619506836,22.729999542236328,0.14499999582767487
2010-07-27,83.78253173828125,23.190000534057617,0.15000000596046448
2010-07-28,83.24174499511719,24.25,0.14499999582767487
2010-07-29,82.83618927001953,24.1299991607666,0.14499999582767487
2010-07-30,82.8211669921875,23.5,0.14000000059604645
2010-08-02,84.69132995605469,22.010000228881836,0.14000000059604645
2010-08-03,84.2857666015625,22.6299991607666,0.15000000596046448
2010-08-04,84.84908294677734,22.209999084472656,0.14499999582767487
2010-08-05,84.75896453857422,22.100000381469727,0.14000000059604645
2010-08-06,84.41346740722656,21.739999771118164,0.14000000059604645
2010-08-09,84.86408996582031,22.139999389648438,0.14000000059604645
2010-08-10,84.40594482421875,22.3700008392334,0.14499999582767487
2010-08-11,82.0926742553711,25.389999389648438,0.14499999582767487
2010-08-12,81.58940124511719,25.729999542236328,0.15000000596046448
2010-08-13,81.34906768798828,26.239999771118164,0.14499999582767487
2010-08-16,81.31148529052734,26.100000381469727,0.15000000596046448
2010-08-17,82.31043243408203,24.329999923706055,0.1550000011920929
2010-08-18,82.46066284179688,24.59000015258789,0.15000000596046448
2010-08-19,81.0261001586914,26.440000534057617,0.14499999582767487
2010-08-20,80.76322937011719,25.489999771118164,0.14499999582767487
2010-08-23,80.45528411865234,25.65999984741211,0.15000000596046448
2010-08-24,79.26107788085938,27.459999084472656,0.1550000011920929
2010-08-25,79.56900024414062,26.700000762939453,0.15000000596046448
2010-08-26,79.0357437133789,27.3700008392334,0.14499999582767487
2010-08-27,80.26000213623047,24.450000762939453,0.14000000059604645
2010-08-30,79.0958251953125,27.209999084472656,0.12999999523162842
2010-08-31,79.0958251953125,26.049999237060547,0.13500000536441803
2010-09-01,81.46173095703125,23.889999389648438,0.12999999523162842
2010-09-02,82.22032165527344,23.190000534057617,0.125
2010-09-03,83.28683471679688,21.309999465942383,0.125
2010-09-07,82.34799194335938,23.799999237060547,0.11999999731779099
2010-09-08,82.92630004882812,23.25,0.12999999523162842
2010-09-09,83.30937194824219,22.809999465942383,0.13500000536441803
2010-09-10,83.72998809814453,21.989999771118164,0.13500000536441803
2010-09-13,84.66133880615234,21.209999084472656,0.13500000536441803
2010-09-14,84.60874938964844,21.559999465942383,0.14499999582767487
2010-09-15,84.93171691894531,22.100000381469727,0.15000000596046448
2010-09-16,84.90917205810547,21.719999313354492,0.15000000596046448
2010-09-17,84.94086456298828,22.010000228881836,0.14499999582767487
2010-09-20,86.23966979980469,21.5,0.15000000596046448
2010-09-21,86.06598663330078,22.350000381469727,0.1550000011920929
2010-09-22,85.64310455322266,22.510000228881836,0.1550000011920929
2010-09-23,84.94841003417969,23.8700008392334,0.15000000596046448
2010-09-24,86.70027160644531,21.709999084472656,0.14000000059604645
2010-09-27,86.2849349975586,22.540000915527344,0.12999999523162842
2010-09-28,86.58700561523438,22.600000381469727,0.15000000596046448
2010-09-29,86.43598937988281,23.25,0.1550000011920929
2010-09-30,86.17923736572266,23.700000762939453,0.1550000011920929
2010-10-01,86.54170227050781,22.5,0.15000000596046448
2010-10-04,85.89229583740234,23.530000686645508,0.14499999582767487
2010-10-05,87.6214828491211,21.760000228881836,0.11500000208616257
2010-10-06,87.6139144897461,21.489999771118164,0.11500000208616257
2010-10-07,87.50822448730469,21.559999465942383,0.11500000208616257
2010-10-08,87.99903106689453,20.709999084472656,0.11500000208616257
2010-10-12,88.35389709472656,18.93000030517578,0.11500000208616257
2010-10-13,89.04105377197266,19.06999969482422,0.12999999523162842
2010-10-14,88.69371795654297,19.8799991607666,0.13500000536441803
2010-10-15,88.87493896484375,19.030000686645508,0.13500000536441803
2010-10-18,89.31288146972656,19.09000015258789,0.13500000536441803
2010-10-19,88.14249420166016,20.6299991607666,0.13500000536441803
2010-10-20,89.00330352783203,19.790000915527344,0.13500000536441803
2010-10-21,89.1996078491211,19.270000457763672,0.11999999731779099
2010-10-22,89.36576843261719,18.780000686645508,0.11999999731779099
2010-10-25,89.6300048828125,19.850000381469727,0.11500000208616257
2010-10-26,89.64514923095703,20.219999313354492,0.12999999523162842
2010-10-27,89.38838195800781,20.709999084472656,0.12999999523162842
2010-10-28,89.40352630615234,20.8799991607666,0.125
2010-10-29,89.47144317626953,21.200000762939453,0.10999999940395355
2010-11-01,89.50166320800781,21.829999923706055,0.10499999672174454
2010-11-02,90.21143341064453,21.56999969482422,0.125
2010-11-03,90.57389068603516,19.559999465942383,0.11999999731779099
2010-11-04,92.31816864013672,18.520000457763672,0.11500000208616257
2010-11-05,92.66551208496094,18.260000228881836,0.11999999731779099
2010-11-08,92.49185180664062,18.290000915527344,0.10999999940395355
2010-11-09,91.82735443115234,19.079999923706055,0.125
2010-11-10,92.19737243652344,18.469999313354492,0.125
2010-11-11,91.84998321533203,18.639999389648438,0.125
2010-11-12,90.7626724243164,20.610000610351562,0.125
2010-11-15,90.63430786132812,20.200000762939453,0.12999999523162842
2010-11-16,89.22230529785156,22.579999923706055,0.13500000536441803
2010-11-17,89.26760864257812,21.760000228881836,0.13500000536441803
2010-11-18,90.58145904541016,18.75,0.13500000536441803
2010-11-19,90.83061981201172,18.040000915527344,0.12999999523162842
2010-11-22,90.755126953125,18.3700008392334,0.125
2010-11-23,89.44125366210938,20.6299991607666,0.14000000059604645
2010-11-24,90.7626724243164,19.559999465942383,0.15000000596046448
2010-11-26,89.70553588867188,22.219999313354492,0.1550000011920929
2010-11-29,89.97738647460938,21.530000686645508,0.1550000011920929
2010-11-30,89.47144317626953,23.540000915527344,0.1599999964237213
2010-12-01,91.37430572509766,21.360000610351562,0.1550000011920929
2010-12-02,92.54472351074219,19.389999389648438,0.14499999582767487
2010-12-03,92.79393005371094,18.010000228881836,0.12999999523162842
2010-12-06,92.6957015991211,18.020000457763672,0.125
2010-12-07,92.7485580444336,17.989999771118164,0.14000000059604645
2010-12-08,93.08839416503906,17.739999771118164,0.13500000536441803
2010-12-09,93.4508285522461,17.25,0.13500000536441803
2010-12-10,93.99449920654297,17.610000610351562,0.11500000208616257
2010-12-13,94.0549087524414,17.549999237060547,0.11999999731779099
2010-12-14,94.1379623413086,17.610000610351562,0.13500000536441803
2010-12-15,93.70756530761719,17.940000534057617,0.13500000536441803
2010-12-16,94.25121307373047,17.389999389648438,0.125
2010-12-17,94.3521957397461,16.110000610351562,0.10499999672174454
2010-12-20,94.57989501953125,16.40999984741211,0.10000000149011612
2010-12-21,95.17955780029297,16.489999771118164,0.12999999523162842
2010-12-22,95.4755859375,15.449999809265137,0.12999999523162842
2010-12-23,95.33894348144531,16.469999313354492,0.12999999523162842
2010-12-27,95.37691497802734,17.670000076293945,0.11999999731779099
2010-12-28,95.51359558105469,17.520000457763672,0.14000000059604645
2010-12-29,95.58187103271484,17.280000686645508,0.125
2010-12-30,95.43003845214844,17.520000457763672,0.10999999940395355
2010-12-31,95.4528579711914,17.75,0.11500000208616257
2011-01-03,96.43963623046875,17.610000610351562,0.11999999731779099
2011-01-04,96.38648986816406,17.3799991607666,0.13500000536441803
2011-01-05,96.88748168945312,17.020000457763672,0.13500000536441803
2011-01-06,96.69771575927734,17.399999618530273,0.14000000059604645
2011-01-07,96.50794219970703,17.139999389648438,0.13500000536441803
2011-01-10,96.38648986816406,17.540000915527344,0.13500000536441803
2011-01-11,96.72808074951172,16.889999389648438,0.14499999582767487
2011-01-12,97.60099792480469,16.239999771118164,0.14499999582767487
2011-01-13,97.44158935546875,16.389999389648438,0.14000000059604645
2011-01-14,98.14753723144531,15.460000038146973,0.14499999582767487
2011-01-18,98.31452178955078,15.869999885559082,0.14499999582767487
2011-01-19,97.35051727294922,17.309999465942383,0.1550000011920929
2011-01-20,97.22145080566406,17.989999771118164,0.1550000011920929
2011-01-21,97.44158935546875,18.469999313354492,0.15000000596046448
2011-01-24,97.99569702148438,17.649999618530273,0.15000000596046448
2011-01-25,98.04887390136719,17.59000015258789,0.15000000596046448
2011-01-26,98.42839813232422,16.639999389648438,0.1550000011920929
2011-01-27,98.67130279541016,16.149999618530273,0.14000000059604645
2011-01-28,96.94820404052734,20.040000915527344,0.13500000536441803
2011-01-31,97.67689514160156,19.530000686645508,0.14499999582767487
2011-02-01,99.24059295654297,17.6299991607666,0.15000000596046448
2011-02-02,99.05081939697266,17.299999237060547,0.15000000596046448
2011-02-03,99.27096557617188,16.690000534057617,0.14499999582767487
2011-02-04,99.55181884765625,15.930000305175781,0.14499999582767487
2011-02-07,100.1742172241211,16.280000686645508,0.14000000059604645
2011-02-08,100.62969207763672,15.8100004196167,0.14499999582767487
2011-02-09,100.40196990966797,15.869999885559082,0.12999999523162842
2011-02-10,100.4399185180664,16.09000015258789,0.10999999940395355
2011-02-11,101.03956604003906,15.6899995803833,0.10999999940395355
2011-02-14,101.282470703125,15.949999809265137,0.10999999940395355
2011-02-15,100.96368408203125,16.3700008392334,0.125
2011-02-16,101.6012954711914,16.719999313354492,0.10999999940395355
2011-02-17,101.90489196777344,16.59000015258789,0.09000000357627869
2011-02-18,102.11746215820312,16.43000030517578,0.09000000357627869
2011-02-22,100.0679931640625,20.799999237060547,0.10000000149011612
2011-02-23,99.45314025878906,22.1299991607666,0.11500000208616257
2011-02-24,99.38482666015625,21.31999969482422,0.11999999731779099
2011-02-25,100.44750213623047,19.219999313354492,0.125
2011-02-28,101.0699462890625,18.350000381469727,0.13500000536441803
2011-03-01,99.38482666015625,21.010000228881836,0.12999999523162842
2011-03-02,99.59734344482422,20.700000762939453,0.11999999731779099
2011-03-03,101.3128433227539,18.600000381469727,0.125
2011-03-04,100.55375671386719,19.059999465942383,0.10999999940395355
2011-03-07,99.76431274414062,20.65999984741211,0.10000000149011612
2011-03-08,100.63723754882812,19.81999969482422,0.10499999672174454
2011-03-09,100.4930419921875,20.219999313354492,0.0949999988079071
2011-03-10,98.63333129882812,21.8799991607666,0.06499999761581421
2011-03-11,99.31646728515625,20.079999923706055,0.07000000029802322
2011-03-14,98.716796875,21.1299991607666,0.07500000298023224
2011-03-15,97.58582305908203,24.31999969482422,0.0949999988079071
2011-03-16,95.77925872802734,29.399999618530273,0.08500000089406967
2011-03-17,97.0468978881836,26.3700008392334,0.07000000029802322
2011-03-18,97.39987182617188,24.440000534057617,0.06499999761581421
2011-03-21,98.9093246459961,20.610000610351562,0.07000000029802322
2011-03-22,98.5662841796875,20.209999084472656,0.09000000357627869
2011-03-23,98.84835052490234,19.170000076293945,0.08500000089406967
2011-03-24,99.7936782836914,18.0,0.07999999821186066
2011-03-25,100.09862518310547,17.90999984741211,0.07999999821186066
2011-03-28,99.85467529296875,19.440000534057617,0.07999999821186066
2011-03-29,100.52558135986328,18.15999984741211,0.0949999988079071
2011-03-30,101.21930694580078,17.709999084472656,0.0949999988079071
2011-03-31,101.08209228515625,17.739999771118164,0.09000000357627869
2011-04-01,101.50897979736328,17.399999618530273,0.054999999701976776
2011-04-04,101.59284973144531,17.5,0.03500000014901161
2011-04-05,101.5776138305664,17.25,0.06499999761581421
2011-04-06,101.89781951904297,16.899999618530273,0.05000000074505806
2011-04-07,101.63862609863281,17.110000610351562,0.03500000014901161
2011-04-08,101.28791046142578,17.8700008392334,0.03500000014901161
2011-04-11,100.98298645019531,16.59000015258789,0.03500000014901161
2011-04-12,100.22821044921875,17.09000015258789,0.04500000178813934
2011-04-13,100.22061157226562,16.920000076293945,0.05000000074505806
2011-04-14,100.29684448242188,16.270000457763672,0.06499999761581421
2011-04-15,100.66275787353516,15.319999694824219,0.05999999865889549
2011-04-18,99.53450012207031,16.959999084472656,0.054999999701976776
2011-04-19,100.10626983642578,15.829999923706055,0.054999999701976776
2011-04-20,101.47088623046875,15.069999694824219,0.054999999701976776
2011-04-21,101.98929595947266,14.6899995803833,0.04500000178813934
2011-04-25,101.88255310058594,15.770000457763672,0.04500000178813934
2011-04-26,102.7593002319336,15.619999885559082,0.054999999701976776
2011-04-27,103.43016815185547,15.350000381469727,0.05000000074505806
2011-04-28,103.76557922363281,14.619999885559082,0.03500000014901161
2011-04-29,104.00955200195312,14.75,0.03999999910593033
2011-05-02,103.84945678710938,15.989999771118164,0.029999999329447746
2011-05-03,103.47593688964844,16.700000762939453,0.02500000037252903
2011-05-04,102.7897720336914,17.079999923706055,0.019999999552965164
2011-05-05,101.85966491699219,18.200000762939453,0.009999999776482582
2011-05-06,102.30950927734375,18.399999618530273,0.004999999888241291
2011-05-09,102.70594787597656,17.15999984741211,0.004999999888241291
2011-05-10,103.58267974853516,15.90999984741211,0.02500000037252903
2011-05-11,102.49247741699219,16.950000762939453,0.019999999552965164
2011-05-12,102.98040008544922,16.030000686645508,0.019999999552965164
2011-05-13,102.18749237060547,17.06999969482422,0.019999999552965164
2011-05-16,101.53949737548828,18.239999771118164,0.019999999552965164
2011-05-17,101.52421569824219,17.549999237060547,0.03500000014901161
2011-05-18,102.43144226074219,16.229999542236328,0.03999999910593033
2011-05-19,102.67539978027344,15.520000457763672,0.03999999910593033
2011-05-20,101.85966491699219,17.43000030517578,0.03999999910593033
2011-05-23,100.67803955078125,18.270000457763672,0.04500000178813934
2011-05-24,100.59416198730469,17.81999969482422,0.05000000074505806
2011-05-25,100.92961120605469,17.06999969482422,0.04500000178813934
2011-05-26,101.39464569091797,16.09000015258789,0.04500000178813934
2011-05-27,101.78350830078125,15.979999542236328,0.03500000014901161
2011-05-31,102.8431625366211,15.449999809265137,0.03999999910593033
2011-06-01,100.53317260742188,18.299999237060547,0.03999999910593033
2011-06-02,100.42642974853516,18.09000015258789,0.03500000014901161
2011-06-03,99.42778015136719,17.950000762939453,0.029999999329447746
2011-06-06,98.37567901611328,18.489999771118164,0.029999999329447746
2011-06-07,98.314697265625,18.06999969482422,0.03999999910593033
2011-06-08,97.90300750732422,18.790000915527344,0.03500000014901161
2011-06-09,98.65011596679688,17.770000457763672,0.03999999910593033
2011-06-10,97.27788543701172,18.860000610351562,0.03500000014901161
2011-06-13,97.3541259765625,19.610000610351562,0.03999999910593033
2011-06-14,98.58914184570312,18.260000228881836,0.05000000074505806
2011-06-15,96.835693359375,21.31999969482422,0.04500000178813934
2011-06-16,97.0491714477539,22.729999542236328,0.03500000014901161
2011-06-17,97.33877563476562,21.850000381469727,0.02500000037252903
2011-06-20,97.83676147460938,19.989999771118164,0.014999999664723873
2011-06-21,99.17752838134766,18.860000610351562,0.019999999552965164
2011-06-22,98.57991790771484,18.520000457763672,0.009999999776482582
2011-06-23,98.29646301269531,19.290000915527344,0.004999999888241291
2011-06-24,97.1548843383789,21.100000381469727,0.009999999776482582
2011-06-27,98.02062225341797,20.559999465942383,0.014999999664723873
2011-06-28,99.30009460449219,19.170000076293945,0.02500000037252903
2011-06-29,100.15052032470703,17.270000457763672,0.019999999552965164
2011-06-30,101.10819244384766,16.520000457763672,0.014999999664723873
2011-07-01,102.60218811035156,15.869999885559082,0.009999999776482582
2011-07-05,102.51790618896484,16.059999465942383,0.009999999776482582
2011-07-06,102.64049530029297,16.34000015258789,0.004999999888241291
2011-07-07,103.7054443359375,15.949999809265137,0.019999999552965164
2011-07-08,102.969970703125,15.949999809265137,0.019999999552965164
2011-07-11,101.10819244384766,18.389999389648438,0.014999999664723873
2011-07-12,100.67149353027344,19.8700008392334,0.029999999329447746
2011-07-13,101.00858306884766,19.90999984741211,0.004999999888241291
2011-07-14,100.31140899658203,20.799999237060547,0.004999999888241291
2011-07-15,100.89370727539062,19.530000686645508,0.004999999888241291
2011-07-18,100.0662612915039,20.950000762939453,0.004999999888241291
2011-07-19,101.69044494628906,19.209999084472656,0.02500000037252903
2011-07-20,101.62916564941406,19.09000015258789,0.019999999552965164
2011-07-21,103.0389175415039,17.559999465942383,0.03500000014901161
2011-07-22,103.10784149169922,17.520000457763672,0.029999999329447746
2011-07-25,102.5332260131836,19.350000381469727,0.03500000014901161
2011-07-26,102.15018463134766,20.229999542236328,0.06499999761581421
2011-07-27,100.05859375,22.979999542236328,0.07000000029802322
2011-07-28,99.76747131347656,23.739999771118164,0.06499999761581421
2011-07-29,99.0855712890625,25.25,0.09000000357627869
2011-08-01,98.66419982910156,23.65999984741211,0.07500000298023224
2011-08-02,96.14360809326172,24.790000915527344,0.05000000074505806
2011-08-03,96.66458129882812,23.3799991607666,0.009999999776482582
2011-08-04,92.13667297363281,31.65999984741211,0.009999999776482582
2011-08-05,91.99871063232422,32.0,0.009999999776482582
2011-08-08,86.0074691772461,48.0,0.014999999664723873
2011-08-09,90.0067367553711,35.060001373291016,0.029999999329447746
2011-08-10,86.03045654296875,42.9900016784668,0.014999999664723873
2011-08-11,89.89185333251953,39.0,0.009999999776482582
2011-08-12,90.49711608886719,36.36000061035156,0.004999999888241291
2011-08-15,92.41246795654297,31.8700008392334,0.004999999888241291
2011-08-16,91.6233139038086,32.849998474121094,0.019999999552965164
2011-08-17,91.68463897705078,31.579999923706055,0.004999999888241291
2011-08-18,87.73129272460938,42.66999816894531,0.009999999776482582
2011-08-19,86.29862213134766,43.04999923706055,0.009999999776482582
2011-08-22,86.3675537109375,42.439998626708984,0.004999999888241291
2011-08-23,89.2099838256836,36.27000045776367,0.004999999888241291
2011-08-24,90.46643829345703,35.900001525878906,0.009999999776482582
2011-08-25,89.08739471435547,39.7599983215332,0.009999999776482582
2011-08-26,90.38217163085938,35.59000015258789,0.009999999776482582
2011-08-29,92.97940063476562,32.279998779296875,0.004999999888241291
2011-08-30,93.22457885742188,32.88999938964844,0.014999999664723873
2011-08-31,93.6383056640625,31.6200008392334,0.014999999664723873
2011-09-01,92.65760803222656,31.81999969482422,0.009999999776482582
2011-09-02,90.29023742675781,33.91999816894531,0.014999999664723873
2011-09-06,89.63134765625,37.0,0.014999999664723873
2011-09-07,92.15966033935547,33.380001068115234,0.014999999664723873
2011-09-08,91.20194244384766,34.31999969482422,0.009999999776482582
2011-09-09,88.81155395507812,38.52000045776367,0.004999999888241291
2011-09-12,89.38617706298828,38.59000015258789,0.004999999888241291
2011-09-13,90.20597076416016,36.90999984741211,0.004999999888241291
2011-09-14,91.45478820800781,34.599998474121094,0.004999999888241291
2011-09-15,93.03303527832031,31.969999313354492,0.004999999888241291
2011-09-16,93.58364868164062,30.979999542236328,0.004999999888241291
2011-09-19,92.65184020996094,32.72999954223633,0.004999999888241291
2011-09-20,92.54402160644531,32.86000061035156,0.004999999888241291
2011-09-21,89.81782531738281,37.31999969482422,0.004999999888241291
2011-09-22,86.91454315185547,41.349998474121094,0.004999999888241291
2011-09-23,87.43817901611328,41.25,0.004999999888241291
2011-09-26,89.5174789428711,39.02000045776367,0.004999999888241291
2011-09-27,90.51863098144531,37.709999084472656,0.009999999776482582
2011-09-28,88.67033386230469,41.08000183105469,0.009999999776482582
2011-09-29,89.37117004394531,38.84000015258789,0.009999999776482582
2011-09-30,87.13784790039062,42.959999084472656,0.009999999776482582
2011-10-03,84.65809631347656,45.45000076293945,0.019999999552965164
2011-10-04,86.51406860351562,40.81999969482422,0.004999999888241291
2011-10-05,88.11588287353516,37.810001373291016,0.004999999888241291
2011-10-06,89.70999908447266,36.27000045776367,0.004999999888241291
2011-10-07,89.10932922363281,36.20000076293945,0.004999999888241291
2011-10-10,92.08963775634766,33.02000045776367,0.004999999888241291
2011-10-11,92.18205261230469,32.86000061035156,0.004999999888241291
2011-10-12,92.99066162109375,31.260000228881836,0.014999999664723873
2011-10-13,92.80586242675781,30.700000762939453,0.014999999664723873
2011-10-14,94.39228057861328,28.239999771118164,0.014999999664723873
2011-10-17,92.59019470214844,33.38999938964844,0.019999999552965164
2011-10-18,94.39995574951172,31.559999465942383,0.02500000037252903
2011-10-19,93.2833023071289,34.439998626708984,0.019999999552965164
2011-10-20,93.69147491455078,34.779998779296875,0.014999999664723873
2011-10-21,95.4704360961914,31.31999969482422,0.014999999664723873
2011-10-24,96.64098358154297,29.260000228881836,0.004999999888241291
2011-10-25,94.7619400024414,32.220001220703125,0.014999999664723873
2011-10-26,95.72457122802734,29.860000610351562,0.014999999664723873
2011-10-27,99.05914306640625,25.459999084472656,0.009999999776482582
2011-10-28,99.03604125976562,24.530000686645508,0.009999999776482582
2011-10-31,96.64868927001953,29.959999084472656,0.004999999888241291
2011-11-01,93.95333099365234,34.77000045776367,0.004999999888241291
2011-11-02,95.48585510253906,32.7400016784668,0.004999999888241291
2011-11-03,97.22628784179688,30.5,0.004999999888241291
2011-11-04,96.63328552246094,30.15999984741211,0.004999999888241291
2011-11-07,97.2339859008789,29.850000381469727,0.004999999888241291
2011-11-08,98.48152923583984,27.479999542236328,0.004999999888241291
2011-11-09,94.84663391113281,36.15999984741211,0.004999999888241291
2011-11-10,95.73998260498047,32.810001373291016,0.004999999888241291
2011-11-11,97.54200744628906,30.040000915527344,0.004999999888241291
2011-11-14,96.61788940429688,31.1299991607666,0.004999999888241291
2011-11-15,97.09535217285156,31.219999313354492,0.009999999776482582
2011-11-16,95.5551528930664,33.5099983215332,0.004999999888241291
2011-11-17,94.03800964355469,34.5099983215332,0.004999999888241291
2011-11-18,93.93793487548828,32.0,0.004999999888241291
2011-11-21,92.15127563476562,32.90999984741211,0.004999999888241291
2011-11-22,91.78929138183594,31.969999313354492,0.014999999664723873
2011-11-23,89.763916015625,33.97999954223633,0.014999999664723873
2011-11-25,89.5945053100586,34.470001220703125,0.004999999888241291
2011-11-28,92.18975067138672,32.130001068115234,0.009999999776482582
2011-11-29,92.45161437988281,30.639999389648438,0.014999999664723873
2011-11-30,96.25596618652344,27.799999237060547,0.014999999664723873
2011-12-01,96.24053192138672,27.40999984741211,0.014999999664723873
2011-12-02,96.15582275390625,27.520000457763672,0.014999999664723873
2011-12-05,97.20315551757812,27.84000015258789,0.014999999664723873
2011-12-06,97.2339859008789,28.1299991607666,0.004999999888241291
2011-12-07,97.59593963623047,28.670000076293945,0.004999999888241291
2011-12-08,95.45500946044922,30.59000015258789,0.004999999888241291
2011-12-09,97.07225036621094,26.3799991607666,0.004999999888241291
2011-12-12,95.6552734375,25.670000076293945,0.004999999888241291
2011-12-13,94.7619400024414,25.40999984741211,0.004999999888241291
2011-12-14,93.75306701660156,26.040000915527344,0.004999999888241291
2011-12-15,94.09193420410156,25.110000610351562,0.004999999888241291
2011-12-16,94.23143005371094,24.290000915527344,0.004999999888241291
2011-12-19,93.22393035888672,24.920000076293945,0.004999999888241291
2011-12-20,96.04491424560547,23.219999313354492,0.004999999888241291
2011-12-21,96.23092651367188,21.43000030517578,0.004999999888241291
2011-12-22,97.08338928222656,21.15999984741211,0.004999999888241291
2011-12-23,97.9513931274414,20.729999542236328,0.004999999888241291
2011-12-27,98.02889251708984,21.90999984741211,0.004999999888241291
2011-12-28,96.7424087524414,23.520000457763672,0.004999999888241291
2011-12-29,97.74214935302734,22.649999618530273,0.004999999888241291
2011-12-30,97.26165008544922,23.399999618530273,0.004999999888241291
2012-01-03,98.81165313720703,22.969999313354492,0.004999999888241291
2012-01-04,98.96662139892578,22.219999313354492,0.009999999776482582
2012-01-05,99.23013305664062,21.479999542236328,0.009999999776482582
2012-01-06,98.974365234375,20.6299991607666,0.014999999664723873
2012-01-09,99.21466064453125,21.06999969482422,0.004999999888241291
2012-01-10,100.07489776611328,20.690000534057617,0.009999999776482582
2012-01-11,100.12911987304688,21.049999237060547,0.014999999664723873
2012-01-12,100.36937713623047,20.469999313354492,0.019999999552965164
2012-01-13,99.85015106201172,20.90999984741211,0.019999999552965164
2012-01-17,100.23763275146484,22.200000762939453,0.019999999552965164
2012-01-18,101.34587860107422,20.889999389648438,0.02500000037252903
2012-01-19,101.88060760498047,19.8700008392334,0.03999999910593033
2012-01-20,102.26036834716797,18.280000686645508,0.03999999910593033
2012-01-23,101.99687957763672,18.670000076293945,0.03500000014901161
2012-01-24,101.88060760498047,18.90999984741211,0.03500000014901161
2012-01-25,102.73307037353516,18.309999465942383,0.03500000014901161
2012-01-26,102.20610809326172,18.56999969482422,0.04500000178813934
2012-01-27,102.15960693359375,18.530000686645508,0.05000000074505806
2012-01-30,101.81087493896484,19.399999618530273,0.04500000178813934
2012-01-31,101.77213287353516,19.440000534057617,0.054999999701976776
2012-02-01,102.66339111328125,18.549999237060547,0.054999999701976776
2012-02-02,102.82608795166016,17.979999542236328,0.07500000298023224
2012-02-03,104.26756286621094,17.100000381469727,0.07000000029802322
2012-02-06,104.1978530883789,17.760000228881836,0.06499999761581421
2012-02-07,104.46133422851562,17.649999618530273,0.07999999821186066
2012-02-08,104.77133178710938,18.15999984741211,0.07500000298023224
2012-02-09,104.90309143066406,18.6299991607666,0.08500000089406967
2012-02-10,104.12810516357422,20.790000915527344,0.07999999821186066
2012-02-13,104.90309143066406,19.040000915527344,0.0949999988079071
2012-02-14,104.77133178710938,19.540000915527344,0.10999999940395355
2012-02-15,104.28306579589844,21.139999389648438,0.10499999672174454
2012-02-16,105.43779754638672,19.219999313354492,0.0949999988079071
2012-02-17,105.7168197631836,17.780000686645508,0.07500000298023224
2012-02-21,105.76331329345703,18.190000534057617,0.07000000029802322
2012-02-22,105.42232513427734,18.190000534057617,0.07999999821186066
2012-02-23,105.8873291015625,16.799999237060547,0.08500000089406967
2012-02-24,106.11981964111328,17.309999465942383,0.09000000357627869
2012-02-27,106.29810333251953,18.190000534057617,0.10000000149011612
2012-02-28,106.60803985595703,17.959999084472656,0.0949999988079071
2012-02-29,106.1895751953125,18.43000030517578,0.07500000298023224
2012-03-01,106.73980712890625,17.260000228881836,0.07000000029802322
2012-03-02,106.41431427001953,17.290000915527344,0.05999999865889549
2012-03-05,105.9803466796875,18.049999237060547,0.05999999865889549
2012-03-06,104.43034362792969,20.8700008392334,0.07000000029802322
2012-03-07,105.15880584716797,19.06999969482422,0.07500000298023224
2012-03-08,106.20508575439453,17.950000762939453,0.07500000298023224
2012-03-09,106.61579895019531,17.110000610351562,0.07999999821186066
2012-03-12,106.62358093261719,15.640000343322754,0.07500000298023224
2012-03-13,108.54558563232422,14.800000190734863,0.07999999821186066
2012-03-14,108.42929077148438,15.3100004196167,0.07999999821186066
2012-03-15,109.05704498291016,15.420000076293945,0.07500000298023224
2012-03-16,109.20807647705078,14.470000267028809,0.07999999821186066
2012-03-19,109.63619232177734,15.039999961853027,0.07500000298023224
2012-03-20,109.31703186035156,15.579999923706055,0.0949999988079071
2012-03-21,109.13799285888672,15.130000114440918,0.08500000089406967
2012-03-22,108.35186767578125,15.569999694824219,0.07000000029802322
2012-03-23,108.70209503173828,14.819999694824219,0.07000000029802322
2012-03-26,110.22774505615234,14.260000228881836,0.07000000029802322
2012-03-27,109.88529968261719,15.59000015258789,0.07999999821186066
2012-03-28,109.34041595458984,15.470000267028809,0.07500000298023224
2012-03-29,109.15357208251953,15.479999542236328,0.054999999701976776
2012-03-30,109.60503387451172,15.5,0.06499999761581421
2012-04-02,110.4067611694336,15.640000343322754,0.05999999865889549
2012-04-03,109.95531463623047,15.65999984741211,0.07500000298023224
2012-04-04,108.8655776977539,16.440000534057617,0.07000000029802322
2012-04-05,108.81108093261719,16.700000762939453,0.07000000029802322
2012-04-09,107.58903503417969,18.809999465942383,0.07500000298023224
2012-04-10,105.78314208984375,20.389999389648438,0.08500000089406967
2012-04-11,106.63935089111328,20.020000457763672,0.08500000089406967
2012-04-12,108.03267669677734,17.200000762939453,0.08500000089406967
2012-04-13,106.74835968017578,19.549999237060547,0.07999999821186066
2012-04-16,106.67829132080078,19.549999237060547,0.07500000298023224
2012-04-17,108.25846099853516,18.459999084472656,0.07500000298023224
2012-04-18,107.89257049560547,18.639999389648438,0.06499999761581421
2012-04-19,107.19982147216797,18.360000610351562,0.06499999761581421
2012-04-20,107.37883758544922,17.440000534057617,0.06499999761581421
2012-04-23,106.47594451904297,18.969999313354492,0.07000000029802322
2012-04-24,106.88066864013672,18.100000381469727,0.07999999821186066
2012-04-25,108.34407806396484,16.81999969482422,0.08500000089406967
2012-04-26,109.09912109375,16.239999771118164,0.08500000089406967
2012-04-27,109.27812957763672,16.31999969482422,0.08500000089406967
2012-04-30,108.87335205078125,17.149999618530273,0.09000000357627869
2012-05-01,109.55057525634766,16.600000381469727,0.08500000089406967
2012-05-02,109.22361755371094,16.8799991607666,0.07999999821186066
2012-05-03,108.39075469970703,17.559999465942383,0.07500000298023224
2012-05-04,106.63935089111328,19.15999984741211,0.07000000029802322
2012-05-07,106.71723175048828,18.940000534057617,0.07500000298023224
2012-05-08,106.28911590576172,19.049999237060547,0.09000000357627869
2012-05-09,105.6585922241211,20.079999923706055,0.09000000357627869
2012-05-10,105.87654876708984,18.829999923706055,0.09000000357627869
2012-05-11,105.55741119384766,19.889999389648438,0.09000000357627869
2012-05-14,104.38982391357422,21.8700008392334,0.08500000089406967
2012-05-15,103.79048156738281,21.969999313354492,0.09000000357627869
2012-05-16,103.39349365234375,22.270000457763672,0.0949999988079071
2012-05-17,101.86007690429688,24.489999771118164,0.09000000357627869
2012-05-18,100.9882583618164,25.100000381469727,0.07500000298023224
2012-05-21,102.72406005859375,22.010000228881836,0.05999999865889549
2012-05-22,102.90309143066406,22.479999542236328,0.08500000089406967
2012-05-23,102.95757293701172,22.329999923706055,0.07999999821186066
2012-05-24,103.15998077392578,21.540000915527344,0.09000000357627869
2012-05-25,102.82527160644531,21.760000228881836,0.07999999821186066
2012-05-29,104.0707015991211,21.030000686645508,0.07500000298023224
2012-05-30,102.56059265136719,24.139999389648438,0.06499999761581421
2012-05-31,102.33489227294922,24.059999465942383,0.05999999865889549
2012-06-01,99.75841522216797,26.65999984741211,0.06499999761581421
2012-06-04,99.71171569824219,26.1200008392334,0.06499999761581421
2012-06-05,100.46675109863281,24.68000030517578,0.07999999821186066
2012-06-06,102.72406005859375,22.15999984741211,0.07999999821186066
2012-06-07,102.78633880615234,21.719999313354492,0.07999999821186066
2012-06-08,103.60365295410156,21.229999542236328,0.07999999821186066
2012-06-11,102.28815460205078,23.559999465942383,0.07500000298023224
2012-06-12,103.46356964111328,22.09000015258789,0.09000000357627869
2012-06-13,102.8019027709961,24.270000457763672,0.09000000357627869
2012-06-14,103.89167785644531,21.68000030517578,0.0949999988079071
2012-06-15,104.95417785644531,21.110000610351562,0.08500000089406967
2012-06-18,105.15763092041016,18.31999969482422,0.07500000298023224
2012-06-19,106.17477416992188,18.3799991607666,0.09000000357627869
2012-06-20,106.00260925292969,17.239999771118164,0.07999999821186066
2012-06-21,103.62405395507812,20.079999923706055,0.07500000298023224
2012-06-22,104.4221420288086,18.110000610351562,0.07500000298023224
2012-06-25,102.74775695800781,20.3799991607666,0.07500000298023224
2012-06-26,103.26412963867188,19.719999313354492,0.0949999988079071
2012-06-27,104.19522857666016,19.450000762939453,0.07999999821186066
2012-06-28,103.89791870117188,19.709999084472656,0.07500000298023224
2012-06-29,106.48773956298828,17.079999923706055,0.07999999821186066
2012-07-02,106.80850219726562,16.799999237060547,0.07000000029802322
2012-07-03,107.51272583007812,16.65999984741211,0.07500000298023224
2012-07-05,107.02764129638672,17.5,0.07500000298023224
2012-07-06,106.01048278808594,17.100000381469727,0.07000000029802322
2012-07-09,105.87748718261719,17.979999542236328,0.07000000029802322
2012-07-10,104.95417785644531,18.719999313354492,0.09000000357627869
2012-07-11,104.96985626220703,17.950000762939453,0.09000000357627869
2012-07-12,104.46129608154297,18.329999923706055,0.0949999988079071
2012-07-13,106.21388244628906,16.739999771118164,0.09000000357627869
2012-07-16,105.9635238647461,17.110000610351562,0.08500000089406967
2012-07-17,106.691162109375,16.479999542236328,0.0949999988079071
2012-07-18,107.4814224243164,16.15999984741211,0.08500000089406967
2012-07-19,107.76302337646484,15.449999809265137,0.07999999821186066
2012-07-20,106.77720642089844,16.270000457763672,0.08500000089406967
2012-07-23,105.69750213623047,18.6200008392334,0.09000000357627869
2012-07-24,104.78985595703125,20.469999313354492,0.0949999988079071
2012-07-25,104.81336975097656,19.34000015258789,0.0949999988079071
2012-07-26,106.54251861572266,17.530000686645508,0.10000000149011612
2012-07-27,108.5063705444336,16.700000762939453,0.10000000149011612
2012-07-30,108.5063705444336,18.030000686645508,0.09000000357627869
2012-07-31,107.74742126464844,18.93000030517578,0.10000000149011612
2012-08-01,107.65352630615234,18.959999084472656,0.09000000357627869
2012-08-02,106.91024780273438,17.56999969482422,0.08500000089406967
2012-08-03,109.03060913085938,15.640000343322754,0.07500000298023224
2012-08-06,109.24187469482422,15.949999809265137,0.07500000298023224
2012-08-07,109.78955078125,15.989999771118164,0.10000000149011612
2012-08-08,109.92261505126953,15.319999694824219,0.10499999672174454
2012-08-09,110.01646423339844,15.279999732971191,0.10999999940395355
2012-08-10,110.19644927978516,14.739999771118164,0.0949999988079071
2012-08-13,110.14164733886719,13.699999809265137,0.0949999988079071
2012-08-14,110.15731048583984,14.850000381469727,0.10499999672174454
2012-08-15,110.28247833251953,14.630000114440918,0.07999999821186066
2012-08-16,111.09618377685547,14.289999961853027,0.07500000298023224
2012-08-17,111.24485778808594,13.449999809265137,0.07999999821186066
2012-08-20,111.25267791748047,14.020000457763672,0.08500000089406967
2012-08-21,110.91622924804688,15.020000457763672,0.10499999672174454
2012-08-22,110.9632339477539,15.109999656677246,0.10000000149011612
2012-08-23,110.05557250976562,15.960000038146973,0.0949999988079071
2012-08-24,110.72064208984375,15.180000305175781,0.09000000357627869
2012-08-27,110.74410247802734,16.350000381469727,0.0949999988079071
2012-08-28,110.63455200195312,16.489999771118164,0.10000000149011612
2012-08-29,110.72064208984375,17.059999465942383,0.0949999988079071
2012-08-30,109.92261505126953,17.829999923706055,0.09000000357627869
2012-08-31,110.44679260253906,17.469999313354492,0.08500000089406967
2012-09-04,110.34507751464844,17.979999542236328,0.09000000357627869
2012-09-05,110.251220703125,17.739999771118164,0.10000000149011612
2012-09-06,112.48893737792969,15.600000381469727,0.10000000149011612
2012-09-07,112.92707061767578,14.380000114440918,0.10000000149011612
2012-09-10,112.28548431396484,16.280000686645508,0.0949999988079071
2012-09-11,112.59848022460938,16.40999984741211,0.10000000149011612
2012-09-12,112.97399139404297,15.800000190734863,0.0949999988079071
2012-09-13,114.69535064697266,14.050000190734863,0.0949999988079071
2012-09-14,115.20394897460938,14.510000228881836,0.0949999988079071
2012-09-17,114.812744140625,14.59000015258789,0.09000000357627869
2012-09-18,114.71878814697266,14.180000305175781,0.10000000149011612
2012-09-19,114.78142547607422,13.880000114440918,0.10499999672174454
2012-09-20,114.78925323486328,14.069999694824219,0.10499999672174454
2012-09-21,114.7412338256836,13.979999542236328,0.10000000149011612
2012-09-24,114.56825256347656,14.149999618530273,0.0949999988079071
2012-09-25,113.34899139404297,15.430000305175781,0.10499999672174454
2012-09-26,112.71184539794922,16.809999465942383,0.10000000149011612
2012-09-27,113.77374267578125,14.84000015258789,0.08500000089406967
2012-09-28,113.24674224853516,15.729999542236328,0.09000000357627869
2012-10-01,113.54560852050781,16.31999969482422,0.07999999821186066
2012-10-02,113.66363525390625,15.710000038146973,0.09000000357627869
2012-10-03,114.12773895263672,15.430000305175781,0.08500000089406967
2012-10-04,114.94579315185547,14.550000190734863,0.0949999988079071
2012-10-05,114.95365142822266,14.329999923706055,0.10000000149011612
2012-10-08,114.56031799316406,15.109999656677246,0.0949999988079071
2012-10-09,113.4276351928711,16.3700008392334,0.0949999988079071
2012-10-10,112.7039566040039,16.290000915527344,0.0949999988079071
2012-10-11,112.76688385009766,15.59000015258789,0.0949999988079071
2012-10-12,112.39722442626953,16.139999389648438,0.10000000149011612
2012-10-15,113.33324432373047,15.270000457763672,0.0949999988079071
2012-10-16,114.48164367675781,15.220000267028809,0.10000000149011612
2012-10-17,115.00084686279297,15.069999694824219,0.10499999672174454
2012-10-18,114.70193481445312,15.029999732971191,0.0949999988079071
2012-10-19,112.79045867919922,17.059999465942383,0.09000000357627869
2012-10-22,112.80622100830078,16.6200008392334,0.09000000357627869
2012-10-23,111.2408676147461,18.829999923706055,0.10000000149011612
2012-10-24,110.92628479003906,18.329999923706055,0.10499999672174454
2012-10-25,111.24874877929688,18.1200008392334,0.10999999940395355
2012-10-26,111.18585205078125,17.809999465942383,0.10499999672174454
2012-10-31,111.18585205078125,18.600000381469727,0.10499999672174454
2012-11-01,112.35001373291016,16.690000534057617,0.09000000357627869
2012-11-02,111.35102844238281,17.59000015258789,0.09000000357627869
2012-11-05,111.57914733886719,18.420000076293945,0.09000000357627869
2012-11-06,112.4522705078125,17.579999923706055,0.10000000149011612
2012-11-07,109.90363311767578,19.079999923706055,0.09000000357627869
2012-11-08,108.58220672607422,18.489999771118164,0.08500000089406967
2012-11-09,108.67657470703125,18.610000610351562,0.09000000357627869
2012-11-12,108.76309967041016,16.68000030517578,0.08699999749660492
2012-11-13,108.38554382324219,16.649999618530273,0.08500000089406967
2012-11-14,106.9224853515625,17.920000076293945,0.0949999988079071
2012-11-15,106.74156188964844,17.989999771118164,0.07500000298023224
2012-11-16,107.26860809326172,16.40999984741211,0.07500000298023224
2012-11-19,109.43963623046875,15.239999771118164,0.07500000298023224
2012-11-20,109.48680877685547,15.079999923706055,0.08500000089406967
2012-11-21,109.6913070678711,15.3100004196167,0.09000000357627869
2012-11-23,111.18585205078125,15.140000343322754,0.09000000357627869
2012-11-26,110.94987487792969,15.5,0.09000000357627869
2012-11-27,110.38346099853516,15.920000076293945,0.0949999988079071
2012-11-28,111.27235412597656,15.510000228881836,0.09200000017881393
2012-11-29,111.79153442382812,15.0600004196167,0.07999999821186066
2012-11-30,111.8150863647461,15.869999885559082,0.07500000298023224
2012-12-03,111.26453399658203,16.639999389648438,0.07699999958276749
2012-12-04,111.10717010498047,17.1200008392334,0.09000000357627869
2012-12-05,111.30384063720703,16.459999084472656,0.09000000357627869
2012-12-06,111.68138885498047,16.579999923706055,0.09000000357627869
2012-12-07,112.01964569091797,15.899999618530273,0.07999999821186066
2012-12-10,112.06682586669922,16.049999237060547,0.07500000298023224
2012-12-11,112.82981872558594,15.569999694824219,0.07500000298023224
2012-12-12,112.8848648071289,15.949999809265137,0.05999999865889549
2012-12-13,112.1926498413086,16.559999465942383,0.052000001072883606
2012-12-14,111.77579498291016,17.0,0.02500000037252903
2012-12-17,113.08943176269531,16.34000015258789,0.02199999988079071
2012-12-18,114.3479995727539,15.569999694824219,0.054999999701976776
2012-12-19,113.49845886230469,17.360000610351562,0.04500000178813934
2012-12-20,114.15128326416016,17.670000076293945,0.05000000074505806
2012-12-21,113.11519622802734,17.84000015258789,0.05000000074505806
2012-12-24,112.76659393310547,17.84000015258789,0.05000000074505806
2012-12-26,112.29126739501953,19.479999542236328,0.054999999701976776
2012-12-27,112.14078521728516,19.469999313354492,0.07000000029802322
2012-12-28,110.92871856689453,22.719999313354492,0.009999999776482582
2012-12-31,112.81414031982422,18.020000457763672,0.03500000014901161
2013-01-02,115.70555877685547,14.680000305175781,0.054999999701976776
2013-01-03,115.44415283203125,14.5600004196167,0.06499999761581421
2013-01-04,115.9511489868164,13.829999923706055,0.06499999761581421
2013-01-07,115.63426208496094,13.789999961853027,0.057999998331069946
2013-01-08,115.30154418945312,13.619999885559082,0.05999999865889549
2013-01-09,115.59465026855469,13.8100004196167,0.054999999701976776
2013-01-10,116.51360321044922,13.489999771118164,0.054999999701976776
2013-01-11,116.50567626953125,13.359999656677246,0.06300000101327896
2013-01-14,116.42645263671875,13.520000457763672,0.05999999865889549
2013-01-15,116.50567626953125,13.550000190734863,0.07999999821186066
2013-01-16,116.48982238769531,13.420000076293945,0.07199999690055847
2013-01-17,117.24237060546875,13.569999694824219,0.07000000029802322
2013-01-18,117.50377655029297,12.460000038146973,0.07000000029802322
2013-01-22,118.1375961303711,12.430000305175781,0.05999999865889549
2013-01-23,118.3277359008789,12.460000038146973,0.07000000029802322
2013-01-24,118.359375,12.6899995803833,0.07500000298023224
2013-01-25,119.02479553222656,12.890000343322754,0.07000000029802322
2013-01-28,118.88221740722656,13.569999694824219,0.05999999865889549
2013-01-29,119.34961700439453,13.3100004196167,0.06300000101327896
2013-01-30,118.88221740722656,14.319999694824219,0.05999999865889549
2013-01-31,118.58905792236328,14.279999732971191,0.06499999761581421
2013-02-01,119.80905151367188,12.899999618530273,0.05999999865889549
2013-02-04,118.46235656738281,14.670000076293945,0.054999999701976776
2013-02-05,119.65852355957031,13.720000267028809,0.07000000029802322
2013-02-06,119.7456283569336,13.40999984741211,0.06499999761581421
2013-02-07,119.58723449707031,13.5,0.06499999761581421
2013-02-08,120.25267028808594,13.020000457763672,0.06499999761581421
2013-02-11,120.22892761230469,12.9399995803833,0.06499999761581421
2013-02-12,120.42695617675781,12.640000343322754,0.08299999684095383
2013-02-13,120.52989959716797,12.979999542236328,0.08500000089406967
2013-02-14,120.64083099365234,12.65999984741211,0.0949999988079071
2013-02-15,120.49822998046875,12.460000038146973,0.0949999988079071
2013-02-19,121.40129852294922,12.3100004196167,0.10000000149011612
2013-02-20,119.88821411132812,14.680000305175781,0.11500000208616257
2013-02-21,119.15947723388672,15.220000267028809,0.11999999731779099
2013-02-22,120.323974609375,14.170000076293945,0.11999999731779099
2013-02-25,118.0345458984375,18.989999771118164,0.11500000208616257
2013-02-26,118.84268188476562,16.8700008392334,0.10999999940395355
2013-02-27,120.33980560302734,14.729999542236328,0.10000000149011612
2013-02-28,120.10215759277344,15.510000228881836,0.10000000149011612
2013-03-01,120.49822998046875,15.359999656677246,0.10000000149011612
2013-03-04,121.13988494873047,14.010000228881836,0.08500000089406967
2013-03-05,122.2252197265625,13.479999542236328,0.08500000089406967
2013-03-06,122.39156341552734,13.529999732971191,0.09200000017881393
2013-03-07,122.61338806152344,13.0600004196167,0.09000000357627869
2013-03-08,123.13622283935547,12.59000015258789,0.08699999749660492
2013-03-11,123.60362243652344,11.5600004196167,0.08699999749660492
2013-03-12,123.32630920410156,12.270000457763672,0.09200000017881393
2013-03-13,123.5005874633789,11.829999923706055,0.08500000089406967
2013-03-14,124.15812683105469,11.300000190734863,0.09000000357627869
2013-03-15,123.99421691894531,11.300000190734863,0.08299999684095383
2013-03-18,123.30987548828125,13.359999656677246,0.07199999690055847
2013-03-19,123.0234375,14.390000343322754,0.07000000029802322
2013-03-20,123.88284301757812,12.670000076293945,0.06300000101327896
2013-03-21,122.82452392578125,13.989999771118164,0.05999999865889549
2013-03-22,123.81116485595703,13.569999694824219,0.06499999761581421
2013-03-25,123.29399871826172,13.739999771118164,0.057999998331069946
2013-03-26,124.2806625366211,12.770000457763672,0.07199999690055847
2013-03-27,124.2806625366211,13.149999618530273,0.07999999821186066
2013-03-28,124.6626205444336,12.699999809265137,0.06499999761581421
2013-04-01,124.16919708251953,13.579999923706055,0.06499999761581421
2013-04-02,124.7820053100586,12.779999732971191,0.06800000369548798
2013-04-03,123.51679992675781,14.210000038146973,0.054999999701976776
2013-04-04,124.01805877685547,13.890000343322754,0.06499999761581421
2013-04-05,123.46109008789062,13.920000076293945,0.05999999865889549
2013-04-08,124.296630859375,13.1899995803833,0.054999999701976776
2013-04-09,124.7262191772461,12.84000015258789,0.06300000101327896
2013-04-10,126.25395202636719,12.359999656677246,0.06499999761581421
2013-04-11,126.6677474975586,12.239999771118164,0.06300000101327896
2013-04-12,126.357421875,12.0600004196167,0.054999999701976776
2013-04-15,123.42924499511719,17.270000457763672,0.054999999701976776
2013-04-16,125.25145721435547,13.960000038146973,0.052000001072883606
2013-04-17,123.42134094238281,16.510000228881836,0.05000000074505806
2013-04-18,122.64942169189453,17.559999465942383,0.05000000074505806
2013-04-19,123.71576690673828,14.970000267028809,0.04500000178813934
2013-04-22,124.26472473144531,14.390000343322754,0.04500000178813934
2013-04-23,125.54581451416016,13.479999542236328,0.04500000178813934
2013-04-24,125.62538146972656,13.609999656677246,0.04800000041723251
2013-04-25,126.13463592529297,13.619999885559082,0.05000000074505806
2013-04-26,125.91181945800781,13.609999656677246,0.04500000178813934
2013-04-29,126.75528717041016,13.710000038146973,0.04500000178813934
2013-04-30,127.0576400756836,13.520000457763672,0.04500000178813934
2013-05-01,125.94364929199219,14.489999771118164,0.05000000074505806
2013-05-02,127.11337280273438,13.59000015258789,0.05000000074505806
2013-05-03,128.40240478515625,12.850000381469727,0.04500000178813934
2013-05-06,128.72860717773438,12.65999984741211,0.029999999329447746
2013-05-07,129.38113403320312,12.829999923706055,0.03500000014901161
2013-05-08,129.96994018554688,12.65999984741211,0.03500000014901161
2013-05-09,129.6038818359375,13.130000114440918,0.03500000014901161
2013-05-10,130.02560424804688,12.59000015258789,0.03500000014901161
2013-05-13,130.12901306152344,12.550000190734863,0.03500000014901161
2013-05-14,131.47377014160156,12.770000457763672,0.03999999910593033
2013-05-15,132.18197631835938,12.8100004196167,0.03700000047683716
2013-05-16,131.5613555908203,13.069999694824219,0.02500000037252903
2013-05-17,132.8343963623047,12.449999809265137,0.029999999329447746
2013-05-20,132.82643127441406,13.020000457763672,0.03500000014901161
2013-05-21,133.01744079589844,13.369999885559082,0.03999999910593033
2013-05-22,132.03076171875,13.819999694824219,0.03500000014901161
2013-05-23,131.6488494873047,14.069999694824219,0.03999999910593033
2013-05-24,131.5374755859375,13.989999771118164,0.03700000047683716
2013-05-28,132.32522583007812,14.479999542236328,0.03500000014901161
2013-05-29,131.46585083007812,14.829999923706055,0.03999999910593033
2013-05-30,131.9512176513672,14.529999732971191,0.02500000037252903
2013-05-31,130.05746459960938,16.299999237060547,0.029999999329447746
2013-06-03,130.7736358642578,16.280000686645508,0.029999999329447746
2013-06-04,130.14492797851562,16.270000457763672,0.03999999910593033
2013-06-05,128.3228302001953,17.5,0.04500000178813934
2013-06-06,129.48455810546875,16.6299991607666,0.04500000178813934
2013-06-07,131.1316680908203,15.140000343322754,0.03999999910593033
2013-06-10,131.1316680908203,15.4399995803833,0.03999999910593033
2013-06-11,129.77894592285156,17.06999969482422,0.04500000178813934
2013-06-12,128.70474243164062,18.59000015258789,0.03999999910593033
2013-06-13,130.6621856689453,16.40999984741211,0.0430000014603138
2013-06-14,129.84262084960938,17.149999618530273,0.03999999910593033
2013-06-17,130.84521484375,16.799999237060547,0.03999999910593033
2013-06-18,131.8795623779297,16.610000610351562,0.04500000178813934
2013-06-19,130.05746459960938,16.639999389648438,0.03999999910593033
2013-06-20,126.83484649658203,20.489999771118164,0.03999999910593033
2013-06-21,127.24200439453125,18.899999618530273,0.03999999910593033
2013-06-24,125.63422393798828,20.110000610351562,0.03999999910593033
2013-06-25,126.84204864501953,18.469999313354492,0.057999998331069946
2013-06-26,128.09791564941406,17.209999084472656,0.054999999701976776
2013-06-27,128.84982299804688,16.860000610351562,0.04500000178813934
2013-06-28,128.32186889648438,16.860000610351562,0.029999999329447746
2013-07-01,129.07382202148438,16.3700008392334,0.009999999776482582
2013-07-02,128.95382690429688,16.440000534057617,0.03500000014901161
2013-07-03,129.00979614257812,16.200000762939453,0.03500000014901161
2013-07-05,130.4016571044922,14.890000343322754,0.03500000014901161
2013-07-08,131.1455841064453,14.779999732971191,0.03500000014901161
2013-07-09,132.0894775390625,14.350000381469727,0.03500000014901161
2013-07-10,132.137451171875,14.210000038146973,0.029999999329447746
2013-07-11,133.93728637695312,14.010000228881836,0.029999999329447746
2013-07-12,133.99325561523438,13.84000015258789,0.029999999329447746
2013-07-15,134.50515747070312,13.789999961853027,0.019999999552965164
2013-07-16,134.00132751464844,14.420000076293945,0.03500000014901161
2013-07-17,134.34523010253906,13.779999732971191,0.02500000037252903
2013-07-18,135.0811309814453,13.770000457763672,0.02199999988079071
2013-07-19,135.3211212158203,12.539999961853027,0.019999999552965164
2013-07-22,135.58514404296875,12.289999961853027,0.004999999888241291
2013-07-23,135.297119140625,12.65999984741211,0.019999999552965164
2013-07-24,134.8011932373047,13.180000305175781,0.019999999552965164
2013-07-25,135.129150390625,12.970000267028809,0.014999999664723873
2013-07-26,135.2731170654297,12.720000267028809,0.014999999664723873
2013-07-29,134.85716247558594,13.390000343322754,0.019999999552965164
2013-07-30,134.85716247558594,13.390000343322754,0.029999999329447746
2013-07-31,134.95318603515625,13.449999809265137,0.029999999329447746
2013-08-01,136.5129852294922,12.9399995803833,0.03500000014901161
2013-08-02,136.7449188232422,11.979999542236328,0.029999999329447746
2013-08-05,136.54498291015625,11.84000015258789,0.03500000014901161
2013-08-06,135.76905822753906,12.720000267028809,0.03999999910593033
2013-08-07,135.32907104492188,12.979999542236328,0.03999999910593033
2013-08-08,135.8249969482422,12.729999542236328,0.04500000178813934
2013-08-09,135.43312072753906,13.40999984741211,0.04800000041723251
2013-08-12,135.2731170654297,12.8100004196167,0.04800000041723251
2013-08-13,135.6730499267578,12.3100004196167,0.052000001072883606
2013-08-14,134.97714233398438,13.039999961853027,0.05000000074505806
2013-08-15,133.08935546875,14.729999542236328,0.04500000178813934
2013-08-16,132.6494140625,14.369999885559082,0.03999999910593033
2013-08-19,131.80149841308594,15.100000381469727,0.03999999910593033
2013-08-20,132.44943237304688,14.90999984741211,0.04500000178813934
2013-08-21,131.63356018066406,15.9399995803833,0.032999999821186066
2013-08-22,132.83335876464844,14.760000228881836,0.019999999552965164
2013-08-23,133.2814178466797,13.979999542236328,0.02199999988079071
2013-08-26,132.785400390625,14.989999771118164,0.013000000268220901
2013-08-27,130.64962768554688,16.770000457763672,0.032999999821186066
2013-08-28,131.1136016845703,16.489999771118164,0.029999999329447746
2013-08-29,131.32159423828125,16.809999465942383,0.019999999552965164
2013-08-30,130.90557861328125,17.010000228881836,0.019999999552965164
2013-09-03,131.4975128173828,16.610000610351562,0.014999999664723873
2013-09-04,132.58541870117188,15.880000114440918,0.014999999664723873
2013-09-05,132.75338745117188,15.770000457763672,0.014999999664723873
2013-09-06,132.81736755371094,15.850000381469727,0.014999999664723873
2013-09-09,134.08921813964844,15.630000114440918,0.009999999776482582
2013-09-10,135.0811309814453,14.529999732971191,0.014999999664723873
2013-09-11,135.5050811767578,13.819999694824219,0.014999999664723873
2013-09-12,135.14517211914062,14.289999961853027,0.009999999776482582
2013-09-13,135.44915771484375,14.15999984741211,0.009999999776482582
2013-09-16,136.2329864501953,14.380000114440918,0.003000000026077032
2013-09-17,136.8409881591797,14.529999732971191,0.004999999888241291
2013-09-18,138.42474365234375,13.59000015258789,0.004999999888241291
2013-09-19,138.19276428222656,13.15999984741211,0.004999999888241291
2013-09-20,137.2266387939453,13.119999885559082,0.004999999888241291
2013-09-23,136.59161376953125,14.3100004196167,0.004999999888241291
2013-09-24,136.27011108398438,14.079999923706055,0.014999999664723873
2013-09-25,135.87620544433594,14.010000228881836,0.014999999664723873
2013-09-26,136.398681640625,14.0600004196167,0.003000000026077032
2013-09-27,135.771728515625,15.460000038146973,0.004999999888241291
2013-09-30,135.04830932617188,16.600000381469727,0.004999999888241291
2013-10-01,136.1173553466797,15.539999961853027,0.013000000268220901
2013-10-02,135.98870849609375,16.600000381469727,0.009999999776482582
2013-10-03,134.73480224609375,17.670000076293945,0.019999999552965164
2013-10-04,135.75563049316406,16.739999771118164,0.017999999225139618
2013-10-07,134.5820770263672,19.40999984741211,0.017999999225139618
2013-10-08,133.01466369628906,20.34000015258789,0.04500000178813934
2013-10-09,133.1111297607422,19.600000381469727,0.03700000047683716
2013-10-10,135.98072814941406,16.479999542236328,0.03999999910593033
2013-10-11,136.85690307617188,15.720000267028809,0.06300000101327896
2013-10-14,137.4034423828125,16.06999969482422,0.057999998331069946
2013-10-15,136.4066619873047,18.65999984741211,0.09200000017881393
2013-10-16,138.3118133544922,14.710000038146973,0.09200000017881393
2013-10-17,139.2361602783203,13.479999542236328,0.03700000047683716
2013-10-18,140.17665100097656,13.039999961853027,0.02500000037252903
2013-10-21,140.18463134765625,13.15999984741211,0.02500000037252903
2013-10-22,140.99652099609375,13.329999923706055,0.032999999821186066
2013-10-23,140.32131958007812,13.420000076293945,0.029999999329447746
2013-10-24,140.78750610351562,13.199999809265137,0.029999999329447746
2013-10-25,141.43051147460938,13.09000015258789,0.029999999329447746
2013-10-28,141.6555633544922,13.3100004196167,0.019999999552965164
2013-10-29,142.41123962402344,13.40999984741211,0.03999999910593033
2013-10-30,141.70382690429688,13.649999618530273,0.03500000014901161
2013-10-31,141.302001953125,13.75,0.032999999821186066
2013-11-01,141.63954162597656,13.279999732971191,0.032999999821186066
2013-11-04,142.13795471191406,12.930000305175781,0.032999999821186066
2013-11-05,141.68777465820312,13.270000457763672,0.04500000178813934
2013-11-06,142.41123962402344,12.670000076293945,0.04500000178813934
2013-11-07,140.61070251464844,13.90999984741211,0.04800000041723251
2013-11-08,142.50765991210938,12.899999618530273,0.052000001072883606
2013-11-11,142.5317840576172,12.529999732971191,0.052000001072883606
2013-11-12,142.24241638183594,12.819999694824219,0.057999998331069946
2013-11-13,143.3838348388672,12.520000457763672,0.07000000029802322
2013-11-14,144.0992431640625,12.369999885559082,0.06800000369548798
2013-11-15,144.7261962890625,12.1899995803833,0.07000000029802322
2013-11-18,144.2197265625,13.100000381469727,0.06499999761581421
2013-11-19,143.9062957763672,13.390000343322754,0.07999999821186066
2013-11-20,143.45616149902344,13.399999618530273,0.07699999958276749
2013-11-21,144.6136474609375,12.65999984741211,0.07000000029802322
2013-11-22,145.3371124267578,12.260000228881836,0.06499999761581421
2013-11-25,145.1923828125,12.789999961853027,0.05999999865889549
2013-11-26,145.23251342773438,12.8100004196167,0.06800000369548798
2013-11-27,145.5862579345703,12.979999542236328,0.06300000101327896
2013-11-29,145.48977661132812,13.699999809265137,0.054999999701976776
2013-12-02,145.1119842529297,14.229999542236328,0.05000000074505806
2013-12-03,144.4850616455078,14.550000190734863,0.03500000014901161
2013-12-04,144.468994140625,14.699999809265137,0.052000001072883606
2013-12-05,143.8339385986328,15.079999923706055,0.04800000041723251
2013-12-06,145.4415283203125,13.789999961853027,0.052000001072883606
2013-12-09,145.8113250732422,13.489999771118164,0.052000001072883606
2013-12-10,145.28883361816406,13.90999984741211,0.07000000029802322
2013-12-11,143.6571044921875,15.420000076293945,0.06800000369548798
2013-12-12,143.18292236328125,15.539999961853027,0.06300000101327896
2013-12-13,143.16677856445312,15.760000228881836,0.05999999865889549
2013-12-16,144.05902099609375,16.030000686645508,0.057999998331069946
2013-12-17,143.60086059570312,16.209999084472656,0.06300000101327896
2013-12-18,146.052490234375,13.800000190734863,0.05999999865889549
2013-12-19,145.88365173339844,14.149999618530273,0.057999998331069946
2013-12-20,146.73226928710938,13.789999961853027,0.054999999701976776
2013-12-23,147.5161895751953,13.039999961853027,0.057999998331069946
2013-12-24,147.83946228027344,12.479999542236328,0.06800000369548798
2013-12-26,148.5910186767578,12.329999923706055,0.05999999865889549
2013-12-27,148.58291625976562,12.460000038146973,0.057999998331069946
2013-12-30,148.5587921142578,13.5600004196167,0.054999999701976776
2013-12-31,149.26187133789062,13.720000267028809,0.06300000101327896
2014-01-02,147.8313751220703,14.229999542236328,0.057999998331069946
2014-01-03,147.80714416503906,13.760000228881836,0.057999998331069946
2014-01-06,147.37879943847656,13.550000190734863,0.04500000178813934
2014-01-07,148.28396606445312,12.920000076293945,0.0430000014603138
2014-01-08,148.31626892089844,12.869999885559082,0.03999999910593033
2014-01-09,148.41323852539062,12.890000343322754,0.032999999821186066
2014-01-10,148.8173370361328,12.140000343322754,0.032999999821186066
2014-01-13,146.83724975585938,13.279999732971191,0.029999999329447746
2014-01-14,148.4375,12.279999732971191,0.032999999821186066
2014-01-15,149.237548828125,12.279999732971191,0.03500000014901161
2014-01-16,149.04368591308594,12.529999732971191,0.029999999329447746
2014-01-17,148.41323852539062,12.4399995803833,0.029999999329447746
2014-01-21,148.84963989257812,12.869999885559082,0.02800000086426735
2014-01-22,148.9466552734375,12.84000015258789,0.029999999329447746
2014-01-23,147.72630310058594,13.770000457763672,0.029999999329447746
2014-01-24,144.57447814941406,18.139999389648438,0.032999999821186066
2014-01-27,143.8632354736328,17.420000076293945,0.04800000041723251
2014-01-28,144.7198486328125,15.800000190734863,0.04500000178813934
2014-01-29,143.329833984375,17.350000381469727,0.03999999910593033
2014-01-30,144.84918212890625,17.290000915527344,0.014999999664723873
2014-01-31,144.0006103515625,18.40999984741211,0.009999999776482582
2014-02-03,140.75990295410156,21.440000534057617,0.019999999552965164
2014-02-04,141.7458038330078,19.110000610351562,0.054999999701976776
2014-02-05,141.56800842285156,19.950000762939453,0.054999999701976776
2014-02-06,143.4349365234375,17.229999542236328,0.05999999865889549
2014-02-07,145.21290588378906,15.289999961853027,0.07199999690055847
2014-02-10,145.4795379638672,15.260000228881836,0.054999999701976776
2014-02-11,147.0717315673828,14.510000228881836,0.04500000178813934
2014-02-12,147.1444854736328,14.300000190734863,0.0430000014603138
2014-02-13,147.90414428710938,14.140000343322754,0.02500000037252903
2014-02-14,148.7203369140625,13.569999694824219,0.009999999776482582
2014-02-18,148.89810180664062,13.869999885559082,0.014999999664723873
2014-02-19,147.91224670410156,15.5,0.04500000178813934
2014-02-20,148.7849884033203,14.789999961853027,0.03999999910593033
2014-02-21,148.61532592773438,14.680000305175781,0.03500000014901161
2014-02-24,149.43960571289062,14.229999542236328,0.032999999821186066
2014-02-25,149.38307189941406,13.670000076293945,0.03999999910593033
2014-02-26,149.39117431640625,14.350000381469727,0.03999999910593033
2014-02-27,150.17510986328125,14.039999961853027,0.03500000014901161
2014-02-28,150.55487060546875,14.0,0.0430000014603138
2014-03-03,149.4962615966797,16.0,0.0430000014603138
2014-03-04,151.5975341796875,14.100000381469727,0.04800000041723251
2014-03-05,151.73486328125,13.890000343322754,0.05000000074505806
2014-03-06,152.08233642578125,14.210000038146973,0.04500000178813934
2014-03-07,152.14707946777344,14.109999656677246,0.04500000178813934
2014-03-10,152.06619262695312,14.199999809265137,0.03999999910593033
2014-03-11,151.31460571289062,14.800000190734863,0.04500000178813934
2014-03-12,151.35498046875,14.470000267028809,0.03999999910593033
2014-03-13,149.6578369140625,16.219999313354492,0.03999999910593033
2014-03-14,149.237548828125,17.81999969482422,0.03999999910593033
2014-03-17,150.58724975585938,15.640000343322754,0.0430000014603138
2014-03-18,151.6622314453125,14.520000457763672,0.05000000074505806
2014-03-19,150.85397338867188,15.119999885559082,0.05000000074505806
2014-03-20,151.73486328125,14.520000457763672,0.052000001072883606
2014-03-21,151.1463165283203,15.0,0.04500000178813934
2014-03-24,150.52133178710938,15.09000015258789,0.0430000014603138
2014-03-25,151.2356414794922,14.020000457763672,0.04500000178813934
2014-03-26,150.14794921875,14.930000305175781,0.03700000047683716
2014-03-27,149.83132934570312,14.619999885559082,0.032999999821186066
2014-03-28,150.57005310058594,14.40999984741211,0.032999999821186066
2014-03-31,151.80386352539062,13.880000114440918,0.02800000086426735
2014-04-01,152.8104248046875,13.100000381469727,0.029999999329447746
2014-04-02,153.3218231201172,13.09000015258789,0.017999999225139618
2014-04-03,153.11883544921875,13.369999885559082,0.014999999664723873
2014-04-04,151.3086700439453,13.960000038146973,0.019999999552965164
2014-04-07,149.6365203857422,15.569999694824219,0.019999999552965164
2014-04-08,150.25344848632812,14.890000343322754,0.02500000037252903
2014-04-09,151.86875915527344,13.819999694824219,0.02800000086426735
2014-04-10,148.6786346435547,15.890000343322754,0.02800000086426735
2014-04-11,147.3392333984375,17.030000686645508,0.029999999329447746
2014-04-14,148.50009155273438,16.110000610351562,0.029999999329447746
2014-04-15,149.52288818359375,15.609999656677246,0.029999999329447746
2014-04-16,151.08953857421875,14.180000305175781,0.02500000037252903
2014-04-17,151.3005828857422,13.359999656677246,0.02500000037252903
2014-04-21,151.82818603515625,13.25,0.02500000037252903
2014-04-22,152.51817321777344,13.1899995803833,0.02500000037252903
2014-04-23,152.16102600097656,13.270000457763672,0.014999999664723873
2014-04-24,152.4694366455078,13.319999694824219,0.007000000216066837
2014-04-25,151.21939086914062,14.0600004196167,0.007000000216066837
2014-04-28,151.69833374023438,13.970000267028809,0.003000000026077032
2014-04-29,152.40457153320312,13.710000038146973,0.014999999664723873
2014-04-30,152.85914611816406,13.40999984741211,0.019999999552965164
2014-05-01,152.87538146972656,13.25,0.017999999225139618
2014-05-02,152.6561737060547,12.90999984741211,0.014999999664723873
2014-05-05,152.94842529296875,13.289999961853027,0.014999999664723873
2014-05-06,151.61717224121094,13.800000190734863,0.019999999552965164
2014-05-07,152.51007080078125,13.399999618530273,0.019999999552965164
2014-05-08,152.34765625,13.430000305175781,0.02199999988079071
2014-05-09,152.57498168945312,12.920000076293945,0.02199999988079071
2014-05-12,154.0605010986328,12.229999542236328,0.019999999552965164
2014-05-13,154.1985626220703,12.130000114440918,0.019999999552965164
2014-05-14,153.4679412841797,12.170000076293945,0.019999999552965164
2014-05-15,152.12045288085938,13.170000076293945,0.017999999225139618
2014-05-16,152.64810180664062,12.4399995803833,0.014999999664723873
2014-05-19,153.20816040039062,12.420000076293945,0.017999999225139618
2014-05-20,152.2421875,12.960000038146973,0.02500000037252903
2014-05-21,153.5247802734375,11.90999984741211,0.02500000037252903
2014-05-22,153.89810180664062,12.029999732971191,0.02800000086426735
2014-05-23,154.5150604248047,11.359999656677246,0.02800000086426735
2014-05-27,155.4647674560547,11.510000228881836,0.02800000086426735
2014-05-28,155.3511962890625,11.680000305175781,0.02800000086426735
2014-05-29,156.1547393798828,11.569999694824219,0.029999999329447746
2014-05-30,156.40643310546875,11.399999618530273,0.029999999329447746
2014-06-02,156.5850372314453,11.579999923706055,0.02500000037252903
2014-06-03,156.5038299560547,11.869999885559082,0.029999999329447746
2014-06-04,156.82041931152344,12.079999923706055,0.029999999329447746
2014-06-05,157.84324645996094,11.680000305175781,0.029999999329447746
2014-06-06,158.59812927246094,10.729999542236328,0.02800000086426735
2014-06-09,158.76052856445312,11.149999618530273,0.029999999329447746
2014-06-10,158.7767333984375,10.989999771118164,0.03500000014901161
2014-06-11,158.22479248046875,11.600000381469727,0.032999999821186066
2014-06-12,157.10458374023438,12.5600004196167,0.032999999821186066
2014-06-13,157.58348083496094,12.180000305175781,0.029999999329447746
2014-06-16,157.7133331298828,12.649999618530273,0.02500000037252903
2014-06-17,158.15167236328125,12.0600004196167,0.032999999821186066
2014-06-18,159.31243896484375,10.609999656677246,0.017999999225139618
2014-06-19,159.49107360839844,10.619999885559082,0.009999999776482582
2014-06-20,159.81483459472656,10.850000381469727,0.009999999776482582
2014-06-23,159.7659149169922,10.979999542236328,0.004999999888241291
2014-06-24,158.803466796875,12.130000114440918,0.02199999988079071
2014-06-25,159.52127075195312,11.59000015258789,0.019999999552965164
2014-06-26,159.4070281982422,11.630000114440918,0.02500000037252903
2014-06-27,159.7169952392578,11.260000228881836,0.017999999225139618
2014-06-30,159.63539123535156,11.569999694824219,0.019999999552965164
2014-07-01,160.7039031982422,11.149999618530273,0.02500000037252903
2014-07-02,160.8670654296875,10.819999694824219,0.007000000216066837
2014-07-03,161.65817260742188,10.319999694824219,0.003000000026077032
2014-07-07,161.09539794921875,11.329999923706055,0.007000000216066837
2014-07-08,160.0595703125,11.979999542236328,0.02500000037252903
2014-07-09,160.77731323242188,11.649999618530273,0.014999999664723873
2014-07-10,160.14109802246094,12.59000015258789,0.014999999664723873
2014-07-11,160.361328125,12.079999923706055,0.014999999664723873
2014-07-14,161.1688690185547,11.819999694824219,0.014999999664723873
2014-07-15,160.8670654296875,11.960000038146973,0.019999999552965164
2014-07-16,161.46234130859375,11.0,0.017999999225139618
2014-07-17,159.6272430419922,14.539999961853027,0.007000000216066837
2014-07-18,161.258544921875,12.0600004196167,0.009999999776482582
2014-07-21,160.9567108154297,12.8100004196167,0.013000000268220901
2014-07-22,161.65817260742188,12.239999771118164,0.019999999552965164
2014-07-23,162.01710510253906,11.520000457763672,0.019999999552965164
2014-07-24,162.02523803710938,11.84000015258789,0.019999999552965164
2014-07-25,161.2666778564453,12.6899995803833,0.019999999552965164
2014-07-28,161.33192443847656,12.5600004196167,0.02500000037252903
2014-07-29,160.638671875,13.279999732971191,0.02800000086426735
2014-07-30,160.66305541992188,13.329999923706055,0.02800000086426735
2014-07-31,157.4902801513672,16.950000762939453,0.017999999225139618
2014-08-01,157.0090789794922,17.030000686645508,0.017999999225139618
2014-08-04,158.14280700683594,15.119999885559082,0.014999999664723873
2014-08-05,156.6094207763672,16.8700008392334,0.02500000037252903
2014-08-06,156.6584014892578,16.3700008392334,0.019999999552965164
2014-08-07,155.81011962890625,16.65999984741211,0.019999999552965164
2014-08-08,157.61265563964844,15.770000457763672,0.019999999552965164
2014-08-11,158.06942749023438,14.229999542236328,0.02500000037252903
2014-08-12,157.84918212890625,14.130000114440918,0.02500000037252903
2014-08-13,158.91769409179688,12.899999618530273,0.029999999329447746
2014-08-14,159.6680450439453,12.420000076293945,0.02800000086426735
2014-08-15,159.63539123535156,13.149999618530273,0.02199999988079071
2014-08-18,160.97303771972656,12.319999694824219,0.02199999988079071
2014-08-19,161.81312561035156,12.210000038146973,0.02500000037252903
2014-08-20,162.2454071044922,11.779999732971191,0.02500000037252903
2014-08-21,162.71849060058594,11.760000228881836,0.014999999664723873
2014-08-22,162.4656219482422,11.470000267028809,0.014999999664723873
2014-08-25,163.28944396972656,11.699999809265137,0.014999999664723873
2014-08-26,163.39547729492188,11.630000114440918,0.02500000037252903
2014-08-27,163.33021545410156,11.779999732971191,0.02500000037252903
2014-08-28,163.2405548095703,12.050000190734863,0.02199999988079071
2014-08-29,163.70545959472656,12.09000015258789,0.017999999225139618
2014-09-02,163.62387084960938,12.25,0.019999999552965164
2014-09-03,163.5341033935547,12.359999656677246,0.019999999552965164
2014-09-04,163.29762268066406,12.640000343322754,0.019999999552965164
2014-09-05,164.0316925048828,12.09000015258789,0.019999999552965164
2014-09-08,163.60755920410156,12.65999984741211,0.019999999552965164
2014-09-09,162.57167053222656,13.5,0.014999999664723873
2014-09-10,163.18341064453125,12.880000114440918,0.014999999664723873
2014-09-11,163.3710174560547,12.800000190734863,0.009999999776482582
2014-09-12,162.4167022705078,13.3100004196167,0.009999999776482582
2014-09-15,162.29437255859375,14.119999885559082,0.009999999776482582
2014-09-16,163.51780700683594,12.729999542236328,0.014999999664723873
2014-09-17,163.738037109375,12.649999618530273,0.013000000268220901
2014-09-18,164.6107940673828,12.029999732971191,0.009999999776482582
2014-09-19,164.46243286132812,12.109999656677246,0.007000000216066837
2014-09-22,163.19235229492188,13.6899995803833,0.003000000026077032
2014-09-23,162.25816345214844,14.930000305175781,0.007000000216066837
2014-09-24,163.52825927734375,13.270000457763672,0.007000000216066837
2014-09-25,160.88970947265625,15.640000343322754,0.004999999888241291
2014-09-26,162.16798400878906,14.850000381469727,0.004999999888241291
2014-09-29,161.87301635742188,15.979999542236328,0.004999999888241291
2014-09-30,161.44688415527344,16.309999465942383,0.013000000268220901
2014-10-01,159.259033203125,16.709999084472656,0.013000000268220901
2014-10-02,159.2835235595703,16.15999984741211,0.009999999776482582
2014-10-03,161.03721618652344,14.550000190734863,0.009999999776482582
2014-10-06,160.84872436523438,15.460000038146973,0.009999999776482582
2014-10-07,158.3657989501953,17.200000762939453,0.009999999776482582
2014-10-08,161.13546752929688,15.109999656677246,0.004999999888241291
2014-10-09,157.93968200683594,18.760000228881836,0.004999999888241291
2014-10-10,156.13685607910156,21.239999771118164,0.004999999888241291
2014-10-13,153.57208251953125,24.639999389648438,0.004999999888241291
2014-10-14,153.80967712402344,22.790000915527344,0.004999999888241291
2014-10-15,152.76895141601562,25.270000457763672,0.009999999776482582
2014-10-16,152.63787841796875,25.200000762939453,0.019999999552965164
2014-10-17,154.44065856933594,21.989999771118164,0.02199999988079071
2014-10-20,155.94020080566406,18.56999969482422,0.019999999552965164
2014-10-21,159.029541015625,16.079999923706055,0.017999999225139618
2014-10-22,157.898681640625,17.8700008392334,0.014999999664723873
2014-10-23,159.73428344726562,16.530000686645508,0.014999999664723873
2014-10-24,160.96347045898438,16.110000610351562,0.004999999888241291
2014-10-27,160.7421875,16.040000915527344,0.004999999888241291
2014-10-28,162.58590698242188,14.390000343322754,0.014999999664723873
2014-10-29,162.34011840820312,15.149999618530273,0.014999999664723873
2014-10-30,163.38075256347656,14.520000457763672,0.003000000026077032
2014-10-31,165.24911499023438,14.029999732971191,0.003000000026077032
2014-11-03,165.3392333984375,14.729999542236328,0.003000000026077032
2014-11-04,164.76565551757812,14.890000343322754,0.02199999988079071
2014-11-05,165.80630493164062,14.170000076293945,0.019999999552965164
2014-11-06,166.47010803222656,13.670000076293945,0.017999999225139618
2014-11-07,166.6257781982422,13.119999885559082,0.017999999225139618
2014-11-10,167.1502227783203,12.670000076293945,0.014999999664723873
2014-11-11,167.31411743164062,12.920000076293945,0.014999999664723873
2014-11-12,167.13380432128906,13.020000457763672,0.013000000268220901
2014-11-13,167.32237243652344,13.789999961853027,0.004999999888241291
2014-11-14,167.36331176757812,13.3100004196167,0.003000000026077032
2014-11-17,167.4698486328125,13.989999771118164,0.009999999776482582
2014-11-18,168.4367218017578,13.859999656677246,0.014999999664723873
2014-11-19,168.1663360595703,13.960000038146973,0.014999999664723873
2014-11-20,168.4613494873047,13.579999923706055,0.014999999664723873
2014-11-21,169.36270141601562,12.899999618530273,0.003000000026077032
2014-11-24,169.8380126953125,12.619999885559082,0.004999999888241291
2014-11-25,169.71505737304688,12.25,0.017999999225139618
2014-11-26,170.14947509765625,12.069999694824219,0.009999999776482582
2014-11-28,169.78887939453125,13.329999923706055,0.004999999888241291
2014-12-01,168.60887145996094,14.15999984741211,0.007000000216066837
2014-12-02,169.6986541748047,12.850000381469727,0.014999999664723873
2014-12-03,170.354248046875,12.5,0.004999999888241291
2014-12-04,170.16580200195312,12.380000114440918,0.013000000268220901
2014-12-05,170.44442749023438,11.890000343322754,0.009999999776482582
2014-12-08,169.3053741455078,14.210000038146973,0.004999999888241291
2014-12-09,169.19064331054688,15.350000381469727,0.02800000086426735
2014-12-10,166.47828674316406,18.530000686645508,0.02500000037252903
2014-12-11,167.32237243652344,20.079999923706055,0.02199999988079071
2014-12-12,164.6181182861328,21.079999923706055,0.014999999664723873
2014-12-15,163.4873046875,20.420000076293945,0.009999999776482582
2014-12-16,162.1761932373047,23.56999969482422,0.029999999329447746
2014-12-17,165.3556365966797,19.440000534057617,0.019999999552965164
2014-12-18,169.4446563720703,16.809999465942383,0.032999999821186066
2014-12-19,170.16567993164062,16.489999771118164,0.02500000037252903
2014-12-22,170.94837951660156,15.25,0.014999999664723873
2014-12-23,171.17910766601562,14.800000190734863,0.019999999552965164
2014-12-24,171.19558715820312,14.369999885559082,0.019999999552965164
2014-12-26,171.74765014648438,14.5,0.009999999776482582
2014-12-29,171.97837829589844,15.0600004196167,0.003000000026077032
2014-12-30,171.05552673339844,15.920000076293945,0.019999999552965164
2014-12-31,169.35813903808594,19.200000762939453,0.03700000047683716
2015-01-02,169.2675323486328,17.790000915527344,0.014999999664723873
2015-01-05,166.21058654785156,19.920000076293945,0.003000000026077032
2015-01-06,164.64508056640625,21.1200008392334,0.019999999552965164
2015-01-07,166.69677734375,19.309999465942383,0.019999999552965164
2015-01-08,169.6548309326172,17.010000228881836,0.017999999225139618
2015-01-09,168.2952880859375,17.549999237060547,0.014999999664723873
2015-01-12,166.9768524169922,19.600000381469727,0.013000000268220901
2015-01-13,166.5072479248047,20.559999465942383,0.023000000044703484
2015-01-14,165.5020294189453,21.479999542236328,0.02500000037252903
2015-01-15,163.9859161376953,22.389999389648438,0.023000000044703484
2015-01-16,166.1364288330078,20.950000762939453,0.017999999225139618
2015-01-20,166.49075317382812,19.889999389648438,0.00800000037997961
2015-01-21,167.3311767578125,18.850000381469727,0.019999999552965164
2015-01-22,169.8196258544922,16.399999618530273,0.014999999664723873
2015-01-23,168.88856506347656,16.65999984741211,0.013000000268220901
2015-01-26,169.2840118408203,15.520000457763672,0.004999999888241291
2015-01-27,167.05105590820312,17.219999313354492,0.017999999225139618
2015-01-28,164.90875244140625,20.440000534057617,0.014999999664723873
2015-01-29,166.43309020996094,18.760000228881836,0.009999999776482582
2015-01-30,164.34019470214844,20.969999313354492,0.004999999888241291
2015-02-02,166.37542724609375,19.43000030517578,0.004999999888241291
2015-02-03,168.78135681152344,17.329999923706055,0.014999999664723873
2015-02-04,168.13865661621094,18.329999923706055,0.004999999888241291
2015-02-05,169.8360595703125,16.850000381469727,0.00800000037997961
2015-02-06,169.3663787841797,17.290000915527344,0.014999999664723873
2015-02-09,168.60836791992188,18.549999237060547,0.003000000026077032
2015-02-10,170.40460205078125,17.229999542236328,0.004999999888241291
2015-02-11,170.5034637451172,16.959999084472656,0.004999999888241291
2015-02-12,172.1431884765625,15.34000015258789,0.00800000037997961
2015-02-13,172.85174560546875,14.6899995803833,0.004999999888241291
2015-02-17,173.1237335205078,15.800000190734863,0.00800000037997961
2015-02-18,173.1401824951172,15.449999809265137,0.013000000268220901
2015-02-19,173.01654052734375,15.289999961853027,0.013000000268220901
2015-02-20,174.05470275878906,14.300000190734863,0.009999999776482582
2015-02-23,174.03009033203125,14.5600004196167,0.014999999664723873
2015-02-24,174.52447509765625,13.6899995803833,0.017999999225139618
2015-02-25,174.3761444091797,13.84000015258789,0.014999999664723873
2015-02-26,174.17007446289062,13.90999984741211,0.013000000268220901
2015-02-27,173.5768585205078,13.34000015258789,0.00800000037997961
2015-03-02,174.67274475097656,13.039999961853027,0.004999999888241291
2015-03-03,173.95584106445312,13.859999656677246,0.013000000268220901
2015-03-04,173.2225341796875,14.229999542236328,0.009999999776482582
2015-03-05,173.4120635986328,14.039999961853027,0.003000000026077032
2015-03-06,170.97315979003906,15.199999809265137,0.004999999888241291
2015-03-09,171.68179321289062,15.0600004196167,0.004999999888241291
2015-03-10,168.896728515625,16.690000534057617,0.009999999776482582
2015-03-11,168.5012664794922,16.8700008392334,0.013000000268220901
2015-03-12,170.64352416992188,15.420000076293945,0.017999999225139618
2015-03-13,169.59710693359375,16.0,0.023000000044703484
2015-03-16,171.863037109375,15.609999656677246,0.029999999329447746
2015-03-17,171.35220336914062,15.65999984741211,0.04800000041723251
2015-03-18,173.4120635986328,13.970000267028809,0.03799999877810478
2015-03-19,172.62106323242188,14.069999694824219,0.009999999776482582
2015-03-20,174.1447296142578,13.020000457763672,0.003000000026077032
2015-03-23,173.805419921875,13.40999984741211,0.003000000026077032
2015-03-24,172.82882690429688,13.619999885559082,0.014999999664723873
2015-03-25,170.29627990722656,15.4399995803833,0.017999999225139618
2015-03-26,169.89064025878906,15.800000190734863,0.02800000086426735
2015-03-27,170.27969360351562,15.069999694824219,0.029999999329447746
2015-03-30,172.35707092285156,14.510000228881836,0.023000000044703484
2015-03-31,170.85073852539062,15.289999961853027,0.02500000037252903
2015-04-01,170.24661254882812,15.109999656677246,0.032999999821186066
2015-04-02,170.8589630126953,14.670000076293945,0.009999999776482582
2015-04-06,172.0094757080078,14.739999771118164,0.003000000026077032
2015-04-07,171.55421447753906,14.779999732971191,0.014999999664723873
2015-04-08,172.133544921875,13.979999542236328,0.017999999225139618
2015-04-09,172.89508056640625,13.09000015258789,0.019999999552965164
2015-04-10,173.83851623535156,12.579999923706055,0.014999999664723873
2015-04-13,173.0522918701172,13.9399995803833,0.004999999888241291
2015-04-14,173.3833465576172,13.670000076293945,0.009999999776482582
2015-04-15,174.16128540039062,12.84000015258789,0.014999999664723873
2015-04-16,174.11163330078125,12.600000381469727,0.009999999776482582
2015-04-17,172.1087646484375,13.890000343322754,0.013000000268220901
2015-04-20,173.68128967285156,13.300000190734863,0.013000000268220901
2015-04-21,173.47439575195312,13.25,0.019999999552965164
2015-04-22,174.32684326171875,12.710000038146973,0.019999999552965164
2015-04-23,174.7655029296875,12.479999542236328,0.019999999552965164
2015-04-24,175.1710205078125,12.289999961853027,0.014999999664723873
2015-04-27,174.4427490234375,13.119999885559082,0.013000000268220901
2015-04-28,174.9972381591797,12.40999984741211,0.013000000268220901
2015-04-29,174.27720642089844,13.390000343322754,0.003000000026077032
2015-04-30,172.53082275390625,14.550000190734863,0.004999999888241291
2015-05-01,174.40135192871094,12.699999809265137,0.003000000026077032
2015-05-04,174.89794921875,12.850000381469727,0.003000000026077032
2015-05-05,172.89508056640625,14.3100004196167,0.00800000037997961
2015-05-06,172.1832275390625,15.149999618530273,0.009999999776482582
2015-05-07,172.87020874023438,15.130000114440918,0.004999999888241291
2015-05-08,175.14620971679688,12.859999656677246,0.003000000026077032
2015-05-11,174.31028747558594,13.850000381469727,0.004999999888241291
2015-05-12,173.78884887695312,13.859999656677246,0.013000000268220901
2015-05-13,173.82203674316406,13.760000228881836,0.009999999776482582
2015-05-14,175.6345672607422,12.739999771118164,0.009999999776482582
2015-05-15,175.82496643066406,12.380000114440918,0.009999999776482582
2015-05-18,176.37110900878906,12.729999542236328,0.00800000037997961
2015-05-19,176.3131866455078,12.850000381469727,0.009999999776482582
2015-05-20,176.1890869140625,12.880000114440918,0.013000000268220901
2015-05-21,176.70225524902344,12.109999656677246,0.013000000268220901
2015-05-22,176.2801055908203,12.130000114440918,0.009999999776482582
2015-05-26,174.38478088378906,14.0600004196167,0.009999999776482582
2015-05-27,176.0401153564453,13.270000457763672,0.013000000268220901
2015-05-28,175.8414764404297,13.3100004196167,0.003000000026077032
2015-05-29,174.74896240234375,13.84000015258789,0.003000000026077032
2015-06-01,175.10482788085938,13.970000267028809,0.00800000037997961
2015-06-02,174.93106079101562,14.239999771118164,0.009999999776482582
2015-06-03,175.39453125,13.65999984741211,0.009999999776482582
2015-06-04,173.9130401611328,14.710000038146973,0.004999999888241291
2015-06-05,173.61505126953125,14.210000038146973,0.009999999776482582
2015-06-08,172.5474090576172,15.289999961853027,0.009999999776482582
2015-06-09,172.52264404296875,14.470000267028809,0.013000000268220901
2015-06-10,174.5917205810547,13.220000267028809,0.013000000268220901
2015-06-11,175.15451049804688,12.850000381469727,0.00800000037997961
2015-06-12,173.813720703125,13.779999732971191,0.004999999888241291
2015-06-15,173.06886291503906,15.390000343322754,0.003000000026077032
2015-06-16,174.0123291015625,14.8100004196167,0.00800000037997961
2015-06-17,174.29373168945312,14.5,0.003000000026077032
2015-06-18,176.10626220703125,13.1899995803833,0.003000000026077032
2015-06-19,175.3245086669922,13.960000038146973,0.003000000026077032
2015-06-22,176.22271728515625,12.739999771118164,0.003000000026077032
2015-06-23,176.3474578857422,12.109999656677246,0.00800000037997961
2015-06-24,175.06674194335938,13.260000228881836,0.004999999888241291
2015-06-25,174.5343780517578,14.010000228881836,0.004999999888241291
2015-06-26,174.5011749267578,14.020000457763672,0.004999999888241291
2015-06-29,170.84176635742188,18.850000381469727,0.004999999888241291
2015-06-30,171.19943237304688,18.229999542236328,0.009999999776482582
2015-07-01,172.57171630859375,16.09000015258789,0.003000000026077032
2015-07-02,172.41368103027344,16.790000915527344,0.003000000026077032
2015-07-06,171.9230499267578,17.010000228881836,0.004999999888241291
2015-07-07,173.0041961669922,16.09000015258789,0.009999999776482582
2015-07-08,170.10165405273438,19.65999984741211,0.009999999776482582
2015-07-09,170.4093017578125,19.969999313354492,0.00800000037997961
2015-07-10,172.5550537109375,16.829999923706055,0.00800000037997961
2015-07-13,174.45956420898438,13.899999618530273,0.00800000037997961
2015-07-14,175.2164306640625,13.369999885559082,0.009999999776482582
2015-07-15,175.15817260742188,13.229999542236328,0.013000000268220901
2015-07-16,176.56373596191406,12.109999656677246,0.009999999776482582
2015-07-17,176.71343994140625,11.949999809265137,0.013000000268220901
2015-07-20,176.80490112304688,12.25,0.023000000044703484
2015-07-21,176.10626220703125,12.220000267028809,0.029999999329447746
2015-07-22,175.7902069091797,12.119999885559082,0.029999999329447746
2015-07-23,174.800537109375,12.640000343322754,0.029999999329447746
2015-07-24,172.98753356933594,13.739999771118164,0.029999999329447746
2015-07-27,171.98118591308594,15.600000381469727,0.02800000086426735
2015-07-28,174.09365844726562,13.4399995803833,0.0430000014603138
2015-07-29,175.2913055419922,12.5,0.04500000178813934
2015-07-30,175.33287048339844,12.130000114440918,0.05999999865889549
2015-07-31,175.06674194335938,12.119999885559082,0.057999998331069946
2015-08-03,174.47622680664062,12.5600004196167,0.06300000101327896
2015-08-04,174.13522338867188,13.0,0.07500000298023224
2015-08-05,174.7091064453125,12.510000228881836,0.07500000298023224
2015-08-06,173.2786102294922,13.770000457763672,0.02800000086426735
2015-08-07,172.94590759277344,13.390000343322754,0.054999999701976776
2015-08-10,175.12489318847656,12.229999542236328,0.06499999761581421
2015-08-11,173.54473876953125,13.710000038146973,0.09799999743700027
2015-08-12,173.7526397705078,13.609999656677246,0.09000000357627869
2015-08-13,173.53639221191406,13.489999771118164,0.08299999684095383
2015-08-14,174.1685333251953,12.829999923706055,0.07999999821186066
2015-08-17,175.14154052734375,13.020000457763672,0.05999999865889549
2015-08-18,174.63421630859375,13.789999961853027,0.08500000089406967
2015-08-19,173.25363159179688,15.25,0.03999999910593033
2015-08-20,169.6358184814453,19.139999389648438,0.014999999664723873
2015-08-21,164.52943420410156,28.030000686645508,0.019999999552965164
2015-08-24,157.6016082763672,40.7400016784668,0.014999999664723873
2015-08-25,155.7469482421875,36.02000045776367,0.05299999937415123
2015-08-26,161.7266845703125,30.31999969482422,0.054999999701976776
2015-08-27,165.72702026367188,26.100000381469727,0.05000000074505806
2015-08-28,165.73538208007812,26.049999237060547,0.05000000074505806
2015-08-31,164.39634704589844,28.43000030517578,0.003000000026077032
2015-09-01,159.48948669433594,31.399999618530273,0.03799999877810478
2015-09-02,162.51683044433594,26.09000015258789,0.02500000037252903
2015-09-03,162.63319396972656,25.610000610351562,0.014999999664723873
2015-09-04,160.17147827148438,27.799999237060547,0.02500000037252903
2015-09-08,164.19679260253906,24.899999618530273,0.02500000037252903
2015-09-09,162.0011444091797,26.229999542236328,0.03500000014901161
2015-09-10,162.8827362060547,24.3700008392334,0.014999999664723873
2015-09-11,163.62294006347656,23.200000762939453,0.023000000044703484
2015-09-14,163.01577758789062,24.25,0.02500000037252903
2015-09-15,165.05343627929688,22.540000915527344,0.057999998331069946
2015-09-16,166.48387145996094,21.350000381469727,0.05299999937415123
2015-09-17,166.109619140625,21.139999389648438,0.003000000026077032
2015-09-18,163.39512634277344,22.280000686645508,0.009999999776482582
2015-09-21,164.239501953125,20.139999389648438,0.013000000268220901
2015-09-22,162.1077423095703,22.440000534057617,0.003000000026077032
2015-09-23,161.8485107421875,22.1299991607666,0.003000000026077032
2015-09-24,161.26333618164062,23.469999313354492,0.004999999888241291
2015-09-25,161.22149658203125,23.6200008392334,0.019999999552965164
2015-09-28,157.17530822753906,27.6299991607666,0.013000000268220901
2015-09-29,157.26734924316406,26.829999923706055,0.003000000026077032
2015-09-30,160.20159912109375,24.5,0.004999999888241291
2015-10-01,160.61965942382812,22.549999237060547,0.017999999225139618
2015-10-02,163.01895141601562,20.940000534057617,0.00800000037997961
2015-10-05,165.91981506347656,19.540000915527344,0.00800000037997961
2015-10-06,165.35134887695312,19.399999618530273,0.004999999888241291
2015-10-07,166.70565795898438,18.399999618530273,0.004999999888241291
2015-10-08,168.21046447753906,17.420000076293945,0.003000000026077032
2015-10-09,168.31080627441406,17.079999923706055,0.003000000026077032
2015-10-12,168.46958923339844,16.170000076293945,0.009999999776482582
2015-10-13,167.40785217285156,17.670000076293945,0.004999999888241291
2015-10-14,166.60536193847656,18.030000686645508,0.009999999776482582
2015-10-15,169.16348266601562,16.049999237060547,0.004999999888241291
2015-10-16,169.9326171875,15.050000190734863,0.004999999888241291
2015-10-19,170.01620483398438,14.979999542236328,0.004999999888241291
2015-10-20,169.79884338378906,15.75,0.009999999776482582
2015-10-21,168.74546813964844,16.700000762939453,0.004999999888241291
2015-10-22,171.5962371826172,14.449999809265137,0.004999999888241291
2015-10-23,173.47723388671875,14.460000038146973,0.003000000026077032
2015-10-26,173.0508575439453,15.289999961853027,0.00800000037997961
2015-10-27,172.7164306640625,15.430000305175781,0.009999999776482582
2015-10-28,174.6811065673828,14.329999923706055,0.03500000014901161
2015-10-29,174.5807342529297,14.609999656677246,0.05299999937415123
2015-10-30,173.8282928466797,15.069999694824219,0.06800000369548798
2015-11-02,175.88490295410156,14.149999618530273,0.05299999937415123
2015-11-03,176.3948211669922,14.539999961853027,0.057999998331069946
2015-11-04,175.8598175048828,15.510000228881836,0.054999999701976776
2015-11-05,175.68418884277344,15.050000190734863,0.03999999910593033
2015-11-06,175.59225463867188,14.329999923706055,0.0729999989271164
2015-11-09,173.95375061035156,16.520000457763672,0.07500000298023224
2015-11-10,174.3550262451172,15.289999961853027,0.125
2015-11-11,173.66946411132812,16.059999465942383,0.12300000339746475
2015-11-12,171.2451171875,18.3700008392334,0.12300000339746475
2015-11-13,169.32229614257812,20.079999923706055,0.11299999803304672
2015-11-16,171.89715576171875,18.15999984741211,0.09799999743700027
2015-11-17,171.77175903320312,18.84000015258789,0.13500000536441803
2015-11-18,174.49705505371094,16.850000381469727,0.12300000339746475
2015-11-19,174.34669494628906,16.989999771118164,0.08799999952316284
2015-11-20,174.98204040527344,15.470000267028809,0.09300000220537186
2015-11-23,174.78135681152344,15.619999885559082,0.10499999672174454
2015-11-24,175.0154571533203,15.930000305175781,0.15299999713897705
2015-11-25,174.99041748046875,15.1899995803833,0.17499999701976776
2015-11-27,175.1910400390625,15.119999885559082,0.1599999964237213
2015-11-30,174.46368408203125,16.1299991607666,0.17000000178813934
2015-12-01,176.12734985351562,14.670000076293945,0.2029999941587448
2015-12-02,174.32997131347656,15.90999984741211,0.20000000298023224
2015-12-03,171.88882446289062,18.110000610351562,0.1979999989271164
2015-12-04,175.2411346435547,14.8100004196167,0.20499999821186066
2015-12-07,174.17945861816406,15.84000015258789,0.23499999940395355
2015-12-08,173.0090789794922,17.600000381469727,0.2680000066757202
2015-12-09,171.6630859375,19.610000610351562,0.24500000476837158
2015-12-10,172.10618591308594,19.34000015258789,0.23000000417232513
2015-12-11,168.77059936523438,24.389999389648438,0.21299999952316284
2015-12-14,169.62332153320312,22.729999542236328,0.1979999989271164
2015-12-15,171.40396118164062,20.950000762939453,0.25
2015-12-16,173.9119415283203,17.860000610351562,0.23499999940395355
2015-12-17,171.2618865966797,18.940000534057617,0.21299999952316284
2015-12-18,168.21075439453125,20.700000762939453,0.17499999701976776
2015-12-21,169.5984344482422,18.700000762939453,0.15299999713897705
2015-12-22,171.13735961914062,16.600000381469727,0.19300000369548798
2015-12-23,173.256591796875,15.569999694824219,0.1899999976158142
2015-12-24,172.97067260742188,15.739999771118164,0.18299999833106995
2015-12-28,172.575439453125,16.90999984741211,0.1899999976158142
2015-12-29,174.41712951660156,16.079999923706055,0.2150000035762787
2015-12-30,173.18093872070312,17.290000915527344,0.19499999284744263
2015-12-31,171.44851684570312,18.209999084472656,0.14800000190734863
2016-01-04,169.0517120361328,20.700000762939453,0.1550000011920929
2016-01-05,169.33773803710938,19.34000015258789,0.20499999821186066
2016-01-06,167.2016143798828,20.59000015258789,0.20499999821186066
2016-01-07,163.1902313232422,24.989999771118164,0.1899999976158142
2016-01-08,161.39889526367188,27.010000228881836,0.1899999976158142
2016-01-11,161.55870056152344,24.299999237060547,0.17499999701976776
2016-01-12,162.86221313476562,22.469999313354492,0.20999999344348907
2016-01-13,158.8003387451172,25.219999313354492,0.2150000035762787
2016-01-14,161.40731811523438,23.950000762939453,0.23999999463558197
2016-01-15,157.94252014160156,27.020000457763672,0.22300000488758087
2016-01-19,158.1527862548828,26.049999237060547,0.23000000417232513
2016-01-20,156.12606811523438,27.59000015258789,0.2529999911785126
2016-01-21,157.00064086914062,26.690000534057617,0.27300000190734863
2016-01-22,160.22161865234375,22.34000015258789,0.2879999876022339
2016-01-25,157.79962158203125,24.149999618530273,0.2750000059604645
2016-01-26,159.95245361328125,22.5,0.30000001192092896
2016-01-27,158.2117156982422,23.110000610351562,0.30000001192092896
2016-01-28,159.03582763671875,22.420000076293945,0.3179999887943268
2016-01-29,162.9127197265625,20.200000762939453,0.30000001192092896
2016-02-01,162.8538055419922,19.979999542236328,0.29499998688697815
2016-02-02,159.9188690185547,21.979999542236328,0.33000001311302185
2016-02-03,160.8775177001953,21.649999618530273,0.3330000042915344
2016-02-04,161.12977600097656,21.84000015258789,0.28299999237060547
2016-02-05,158.06028747558594,23.3799991607666,0.27799999713897705
2016-02-08,155.93260192871094,26.0,0.25999999046325684
2016-02-09,155.94107055664062,26.540000915527344,0.30000001192092896
2016-02-10,155.80650329589844,26.290000915527344,0.2980000078678131
2016-02-11,153.77976989746094,28.139999389648438,0.27300000190734863
2016-02-12,156.9501953125,25.399999618530273,0.27000001072883606
2016-02-16,159.59927368164062,24.110000610351562,0.27300000190734863
2016-02-17,162.20628356933594,22.309999465942383,0.2930000126361847
2016-02-18,161.5418701171875,21.639999389648438,0.2879999876022339
2016-02-19,161.4662322998047,20.530000686645508,0.28299999237060547
2016-02-22,163.80409240722656,19.3799991607666,0.2930000126361847
2016-02-23,161.73532104492188,20.979999542236328,0.3179999887943268
2016-02-24,162.47535705566406,20.719999313354492,0.3149999976158142
2016-02-25,164.4432830810547,19.110000610351562,0.3100000023841858
2016-02-26,164.0648193359375,19.809999465942383,0.30300000309944153
2016-02-29,162.77809143066406,20.549999237060547,0.30799999833106995
2016-03-01,166.6045379638672,17.700000762939453,0.3199999928474426
2016-03-02,167.35304260253906,17.09000015258789,0.30300000309944153
2016-03-03,168.00897216796875,16.700000762939453,0.2630000114440918
2016-03-04,168.5555877685547,16.860000610351562,0.26499998569488525
2016-03-07,168.69009399414062,17.350000381469727,0.26499998569488525
2016-03-08,166.84844970703125,18.670000076293945,0.3050000071525574
2016-03-09,167.672607421875,18.34000015258789,0.2879999876022339
2016-03-10,167.80711364746094,18.049999237060547,0.30300000309944153
2016-03-11,170.51507568359375,16.5,0.30799999833106995
2016-03-14,170.29638671875,16.920000076293945,0.30799999833106995
2016-03-15,170.01889038085938,16.84000015258789,0.32499998807907104
2016-03-16,171.00277709960938,14.989999771118164,0.30000001192092896
2016-03-17,172.08767700195312,14.4399995803833,0.2750000059604645
2016-03-18,172.76394653320312,14.020000457763672,0.2800000011920929
2016-03-21,173.00906372070312,13.789999961853027,0.2879999876022339
2016-03-22,172.9160614013672,14.170000076293945,0.29499998688697815
2016-03-23,171.77488708496094,14.9399995803833,0.2930000126361847
2016-03-24,171.6987762451172,14.739999771118164,0.2750000059604645
2016-03-28,171.80027770996094,15.239999771118164,0.2549999952316284
2016-03-29,173.38946533203125,13.819999694824219,0.22499999403953552
2016-03-30,174.1501922607422,13.5600004196167,0.1850000023841858
2016-03-31,173.72755432128906,13.949999809265137,0.19300000369548798
2016-04-01,174.9110107421875,13.100000381469727,0.21799999475479126
2016-04-04,174.34457397460938,14.119999885559082,0.18299999833106995
2016-04-05,172.6033477783203,15.420000076293945,0.21799999475479126
2016-04-06,174.48831176757812,14.09000015258789,0.2199999988079071
2016-04-07,172.40040588378906,16.15999984741211,0.2199999988079071
2016-04-08,172.86538696289062,15.359999656677246,0.21799999475479126
2016-04-11,172.45962524414062,16.260000228881836,0.20999999344348907
2016-04-12,174.06570434570312,14.850000381469727,0.23000000417232513
2016-04-13,175.8239288330078,13.84000015258789,0.22300000488758087
2016-04-14,175.8323516845703,13.720000267028809,0.2150000035762787
2016-04-15,175.63790893554688,13.619999885559082,0.20999999344348907
2016-04-18,176.87213134765625,13.350000381469727,0.1979999989271164
2016-04-19,177.42994689941406,13.239999771118164,0.2150000035762787
2016-04-20,177.59909057617188,13.279999732971191,0.21799999475479126
2016-04-21,176.64389038085938,13.949999809265137,0.22499999403953552
2016-04-22,176.64389038085938,13.220000267028809,0.22499999403953552
2016-04-25,176.3395233154297,14.079999923706055,0.23800000548362732
2016-04-26,176.6016082763672,13.960000038146973,0.24500000476837158
2016-04-27,176.96507263183594,13.770000457763672,0.24500000476837158
2016-04-28,175.35897827148438,15.220000267028809,0.20999999344348907
2016-04-29,174.41224670410156,15.699999809265137,0.19300000369548798
2016-05-02,175.79856872558594,14.680000305175781,0.1850000023841858
2016-05-03,174.26852416992188,15.600000381469727,0.2029999941587448
2016-05-04,173.2964630126953,16.049999237060547,0.1979999989271164
2016-05-05,173.2626190185547,15.90999984741211,0.18299999833106995
2016-05-06,173.89662170410156,14.720000267028809,0.18000000715255737
2016-05-09,174.04029846191406,14.569999694824219,0.2029999941587448
2016-05-10,176.2042999267578,13.630000114440918,0.24300000071525574
2016-05-11,174.5559539794922,14.6899995803833,0.24799999594688416
2016-05-12,174.6066436767578,14.40999984741211,0.257999986410141
2016-05-13,173.0851593017578,15.039999961853027,0.257999986410141
2016-05-16,174.79258728027344,14.680000305175781,0.257999986410141
2016-05-17,173.16119384765625,15.569999694824219,0.2680000066757202
2016-05-18,173.21189880371094,15.949999809265137,0.27000001072883606
2016-05-19,172.61175537109375,16.329999923706055,0.28999999165534973
2016-05-20,173.70220947265625,15.199999809265137,0.2980000078678131
2016-05-23,173.4655303955078,15.819999694824219,0.31299999356269836
2016-05-24,175.71401977539062,14.420000076293945,0.34299999475479126
2016-05-25,176.9059295654297,13.899999618530273,0.3149999976158142
2016-05-26,176.95664978027344,13.430000305175781,0.2750000059604645
2016-05-27,177.71742248535156,13.119999885559082,0.2980000078678131
2016-05-31,177.3792724609375,14.1899995803833,0.28299999237060547
2016-06-01,177.7427978515625,14.199999809265137,0.29499998688697815
2016-06-02,178.28379821777344,13.630000114440918,0.27000001072883606
2016-06-03,177.7511749267578,13.470000267028809,0.27000001072883606
2016-06-06,178.65570068359375,13.649999618530273,0.25
2016-06-07,178.9346160888672,14.050000190734863,0.26499998569488525
2016-06-08,179.5178985595703,14.079999923706055,0.23499999940395355
2016-06-09,179.2727813720703,14.640000343322754,0.23999999463558197
2016-06-10,177.57373046875,17.030000686645508,0.23999999463558197
2016-06-13,176.2042999267578,20.969999313354492,0.24500000476837158
2016-06-14,175.8577423095703,20.5,0.2630000114440918
2016-06-15,175.6125946044922,20.139999389648438,0.2549999952316284
2016-06-16,176.1366424560547,19.3700008392334,0.24500000476837158
2016-06-17,175.48068237304688,19.40999984741211,0.24799999594688416
2016-06-20,176.6107940673828,18.3700008392334,0.24799999594688416
2016-06-21,177.1121368408203,18.479999542236328,0.26499998569488525
2016-06-22,176.8231964111328,21.170000076293945,0.2680000066757202
2016-06-23,179.12599182128906,17.25,0.2750000059604645
2016-06-24,172.6936798095703,25.760000228881836,0.23800000548362732
2016-06-27,169.6007537841797,23.850000381469727,0.23499999940395355
2016-06-28,172.65968322753906,18.75,0.25999999046325684
2016-06-29,175.5996551513672,16.639999389648438,0.2549999952316284
2016-06-30,177.99583435058594,15.630000114440918,0.24799999594688416
2016-07-01,178.3697509765625,14.770000457763672,0.24300000071525574
2016-07-05,177.08670043945312,15.579999923706055,0.23800000548362732
2016-07-06,178.14877319335938,14.960000038146973,0.2630000114440918
2016-07-07,178.03831481933594,14.760000228881836,0.27000001072883606
2016-07-08,180.6893768310547,13.199999809265137,0.27300000190734863
2016-07-11,181.32664489746094,13.539999961853027,0.2750000059604645
2016-07-12,182.64373779296875,13.550000190734863,0.29499998688697815
2016-07-13,182.6182098388672,13.039999961853027,0.2980000078678131
2016-07-14,183.6378936767578,12.819999694824219,0.30300000309944153
2016-07-15,183.39144897460938,12.670000076293945,0.2980000078678131
2016-07-18,183.88429260253906,12.4399995803833,0.2879999876022339
2016-07-19,183.6973419189453,11.970000267028809,0.3100000023841858
2016-07-20,184.4621124267578,11.770000457763672,0.3149999976158142
2016-07-21,183.76531982421875,12.739999771118164,0.30300000309944153
2016-07-22,184.58958435058594,12.020000457763672,0.30300000309944153
2016-07-25,184.08816528320312,12.869999885559082,0.2980000078678131
2016-07-26,184.1732177734375,13.050000190734863,0.30799999833106995
2016-07-27,183.97775268554688,12.829999923706055,0.28299999237060547
2016-07-28,184.1901397705078,12.720000267028809,0.2199999988079071
2016-07-29,184.48751831054688,11.869999885559082,0.23999999463558197
2016-08-01,184.33460998535156,12.4399995803833,0.23800000548362732
2016-08-02,183.15353393554688,13.369999885559082,0.2800000011920929
2016-08-03,183.68881225585938,12.859999656677246,0.2680000066757202
2016-08-04,183.88429260253906,12.420000076293945,0.24799999594688416
2016-08-05,185.38824462890625,11.390000343322754,0.25
2016-08-08,185.27783203125,11.5,0.25
2016-08-09,185.38824462890625,11.65999984741211,0.2930000126361847
2016-08-10,184.92938232421875,12.050000190734863,0.27300000190734863
2016-08-11,185.78758239746094,11.680000305175781,0.2750000059604645
2016-08-12,185.6261444091797,11.550000190734863,0.2630000114440918
2016-08-15,186.1614227294922,11.8100004196167,0.2750000059604645
2016-08-16,185.20132446289062,12.640000343322754,0.2879999876022339
2016-08-17,185.5496826171875,12.1899995803833,0.2879999876022339
2016-08-18,185.96609497070312,11.430000305175781,0.2849999964237213
2016-08-19,185.69412231445312,11.34000015258789,0.2930000126361847
2016-08-22,185.68560791015625,12.270000457763672,0.2800000011920929
2016-08-23,186.05950927734375,12.380000114440918,0.3050000071525574
2016-08-24,185.1078338623047,13.449999809265137,0.3050000071525574
2016-08-25,184.98037719726562,13.630000114440918,0.3050000071525574
2016-08-26,184.63204956054688,13.649999618530273,0.3050000071525574
2016-08-29,185.5411834716797,12.9399995803833,0.3050000071525574
2016-08-30,185.23533630371094,13.119999885559082,0.32499998807907104
2016-08-31,184.70848083496094,13.420000076293945,0.3199999928474426
2016-09-01,184.71693420410156,13.479999542236328,0.3149999976158142
2016-09-02,185.5496826171875,11.979999542236328,0.30300000309944153
2016-09-06,186.1104278564453,12.020000457763672,0.30300000309944153
2016-09-07,186.09349060058594,11.9399995803833,0.33000001311302185
2016-09-08,185.66860961914062,12.510000228881836,0.3330000042915344
2016-09-09,181.22474670410156,17.5,0.3330000042915344
2016-09-12,183.82479858398438,15.15999984741211,0.3499999940395355
2016-09-13,181.18218994140625,17.850000381469727,0.3449999988079071
2016-09-14,181.1142578125,18.139999389648438,0.3149999976158142
2016-09-15,182.92410278320312,16.299999237060547,0.27799999713897705
2016-09-16,182.21701049804688,15.369999885559082,0.27300000190734863
2016-09-19,182.2511749267578,15.529999732971191,0.23800000548362732
2016-09-20,182.25967407226562,15.920000076293945,0.2879999876022339
2016-09-21,184.30931091308594,13.300000190734863,0.22300000488758087
2016-09-22,185.47073364257812,12.020000457763672,0.1599999964237213
2016-09-23,184.45448303222656,12.289999961853027,0.16500000655651093
2016-09-26,182.95994567871094,14.5,0.17299999296665192
2016-09-27,184.09584045410156,13.100000381469727,0.2549999952316284
2016-09-28,185.0095977783203,12.390000343322754,0.2630000114440918
2016-09-29,183.3357696533203,14.020000457763672,0.23499999940395355
2016-09-30,184.71920776367188,13.289999961853027,0.25999999046325684
2016-10-03,184.27511596679688,13.569999694824219,0.2879999876022339
2016-10-04,183.3357696533203,13.630000114440918,0.3149999976158142
2016-10-05,184.1470489501953,12.989999771118164,0.31299999356269836
2016-10-06,184.27511596679688,12.84000015258789,0.3100000023841858
2016-10-07,183.6431884765625,13.479999542236328,0.3100000023841858
2016-10-10,184.59967041015625,13.380000114440918,0.30799999833106995
2016-10-11,182.26820373535156,15.359999656677246,0.3199999928474426
2016-10-12,182.5073699951172,15.90999984741211,0.3400000035762787
2016-10-13,181.9095458984375,16.690000534057617,0.2750000059604645
2016-10-14,182.00350952148438,16.1200008392334,0.28999999165534973
2016-10-17,181.37156677246094,16.209999084472656,0.29499998688697815
2016-10-18,182.5073699951172,15.279999732971191,0.3330000042915344
2016-10-19,182.99411010742188,14.40999984741211,0.3230000138282776
2016-10-20,182.65252685546875,13.75,0.3199999928474426
2016-10-21,182.73800659179688,13.34000015258789,0.3149999976158142
2016-10-24,183.51507568359375,13.020000457763672,0.31299999356269836
2016-10-25,182.90016174316406,13.460000038146973,0.32499998807907104
2016-10-26,182.53292846679688,14.239999771118164,0.31299999356269836
2016-10-27,182.0461883544922,15.359999656677246,0.2750000059604645
2016-10-28,181.5081329345703,16.190000534057617,0.27300000190734863
2016-10-31,181.51675415039062,17.059999465942383,0.29499998688697815
2016-11-01,180.2015380859375,18.559999465942383,0.3449999988079071
2016-11-02,179.11695861816406,19.31999969482422,0.3449999988079071
2016-11-03,178.29714965820312,22.079999923706055,0.3580000102519989
2016-11-04,178.1007080078125,22.510000228881836,0.3580000102519989
2016-11-07,182.02915954589844,18.709999084472656,0.38999998569488525
2016-11-08,182.8489532470703,18.739999771118164,0.41999998688697815
2016-11-09,184.7875213623047,14.380000114440918,0.4180000126361847
2016-11-10,185.2486572265625,14.739999771118164,0.4580000042915344
2016-11-14,184.96685791015625,14.479999542236328,0.503000020980835
2016-11-15,186.4101104736328,13.369999885559082,0.4880000054836273
2016-11-16,186.05996704101562,13.720000267028809,0.453000009059906
2016-11-17,187.01646423339844,13.350000381469727,0.41999998688697815
2016-11-18,186.5980224609375,12.850000381469727,0.4180000126361847
2016-11-21,188.00709533691406,12.420000076293945,0.41999998688697815
2016-11-22,188.3743438720703,12.40999984741211,0.4749999940395355
2016-11-23,188.47679138183594,12.430000305175781,0.48500001430511475
2016-11-25,189.177001953125,12.34000015258789,0.47999998927116394
2016-11-28,188.28890991210938,13.149999618530273,0.44999998807907104
2016-11-29,188.65614318847656,12.899999618530273,0.46799999475479126
2016-11-30,188.20352172851562,13.329999923706055,0.46799999475479126
2016-12-01,187.5117645263672,14.069999694824219,0.4580000042915344
2016-12-02,187.60574340820312,14.119999885559082,0.45500001311302185
2016-12-05,188.7329559326172,12.140000343322754,0.453000009059906
2016-12-06,189.33079528808594,11.789999961853027,0.48500001430511475
2016-12-07,191.8073272705078,12.220000267028809,0.4880000054836273
2016-12-08,192.27703857421875,12.640000343322754,0.49000000953674316
2016-12-09,193.4384765625,11.75,0.5199999809265137
2016-12-12,193.21649169921875,12.640000343322754,0.5
2016-12-13,194.50596618652344,12.720000267028809,0.5230000019073486
2016-12-14,192.90049743652344,13.1899995803833,0.5230000019073486
2016-12-15,193.69471740722656,12.789999961853027,0.4880000054836273
2016-12-16,193.31591796875,12.199999809265137,0.48500001430511475
2016-12-19,193.73680114746094,11.710000038146973,0.4779999852180481
2016-12-20,194.48414611816406,11.449999809265137,0.5130000114440918
2016-12-21,193.9429168701172,11.270000457763672,0.503000020980835
2016-12-22,193.60791015625,11.430000305175781,0.49300000071525574
2016-12-23,193.89141845703125,11.4399995803833,0.5
2016-12-27,194.37245178222656,11.989999771118164,0.4950000047683716
2016-12-28,192.76612854003906,12.949999809265137,0.4950000047683716
2016-12-29,192.7231903076172,13.369999885559082,0.4399999976158142
2016-12-30,192.0187225341797,14.039999961853027,0.47999998927116394
2017-01-03,193.48768615722656,12.850000381469727,0.4749999940395355
2017-01-04,194.63877868652344,11.850000381469727,0.5180000066757202
2017-01-05,194.48414611816406,11.670000076293945,0.5080000162124634
2017-01-06,195.179931640625,11.319999694824219,0.503000020980835
2017-01-09,194.53567504882812,11.5600004196167,0.48500001430511475
2017-01-10,194.53567504882812,11.489999771118164,0.503000020980835
2017-01-11,195.0854949951172,11.260000228881836,0.49799999594688416
2017-01-12,194.5957794189453,11.539999961853027,0.503000020980835
2017-01-13,195.04248046875,11.229999542236328,0.5130000114440918
2017-01-17,194.35531616210938,11.869999885559082,0.5130000114440918
2017-01-18,194.78482055664062,12.479999542236328,0.5149999856948853
2017-01-19,194.06321716308594,12.779999732971191,0.503000020980835
2017-01-20,194.77626037597656,11.539999961853027,0.47999998927116394
2017-01-23,194.26939392089844,11.770000457763672,0.4729999899864197
2017-01-24,195.5149688720703,11.069999694824219,0.49300000071525574
2017-01-25,197.207275390625,10.8100004196167,0.4830000102519989
2017-01-26,197.00115966796875,10.630000114440918,0.4880000054836273
2017-01-27,196.69183349609375,10.579999923706055,0.49799999594688416
2017-01-30,195.4720458984375,11.880000114440918,0.4950000047683716
2017-01-31,195.45486450195312,11.989999771118164,0.5
2017-02-01,195.5321502685547,11.8100004196167,0.5
2017-02-02,195.6610107421875,11.930000305175781,0.4880000054836273
2017-02-03,197.00965881347656,10.970000267028809,0.4880000054836273
2017-02-06,196.65748596191406,11.369999885559082,0.503000020980835
2017-02-07,196.66607666015625,11.289999961853027,0.5249999761581421
2017-02-08,196.92379760742188,11.449999809265137,0.5249999761581421
2017-02-09,198.09207153320312,10.880000114440918,0.527999997138977
2017-02-10,198.87379455566406,10.850000381469727,0.5230000019073486
2017-02-13,199.95619201660156,11.069999694824219,0.5230000019073486
2017-02-14,200.7550811767578,10.739999771118164,0.5350000262260437
2017-02-15,201.80303955078125,11.970000267028809,0.5199999809265137
2017-02-16,201.6313018798828,11.760000228881836,0.5080000162124634
2017-02-17,201.94912719726562,11.489999771118164,0.5080000162124634
2017-02-21,203.15171813964844,11.569999694824219,0.5049999952316284
2017-02-22,202.97137451171875,11.739999771118164,0.5099999904632568
2017-02-23,203.10877990722656,11.710000038146973,0.49799999594688416
2017-02-24,203.36656188964844,11.470000267028809,0.49799999594688416
2017-02-27,203.68434143066406,12.09000015258789,0.49000000953674316
2017-02-28,203.13455200195312,12.920000076293945,0.5230000019073486
2017-03-01,205.97793579101562,12.539999961853027,0.6150000095367432
2017-03-02,204.68077087402344,11.8100004196167,0.6449999809265137
2017-03-03,204.80966186523438,10.960000038146973,0.6830000281333923
2017-03-06,204.1997528076172,11.239999771118164,0.7049999833106995
2017-03-07,203.58987426757812,11.449999809265137,0.7350000143051147
2017-03-08,203.21188354492188,11.859999656677246,0.7080000042915344
2017-03-09,203.4696044921875,12.300000190734863,0.7129999995231628
2017-03-10,204.18252563476562,11.65999984741211,0.7250000238418579
2017-03-13,204.28565979003906,11.350000381469727,0.7279999852180481
2017-03-14,203.5039520263672,12.300000190734863,0.753000020980835
2017-03-15,205.26495361328125,11.630000114440918,0.7149999737739563
2017-03-16,204.8612060546875,11.210000038146973,0.7080000042915344
2017-03-17,204.50144958496094,11.279999732971191,0.7080000042915344
2017-03-20,204.27713012695312,11.34000015258789,0.7099999785423279
2017-03-21,201.6543426513672,12.470000267028809,0.753000020980835
2017-03-22,202.12884521484375,12.8100004196167,0.7480000257492065
2017-03-23,201.91314697265625,13.119999885559082,0.7480000257492065
2017-03-24,201.76649475097656,12.960000038146973,0.7480000257492065
2017-03-27,201.5594482421875,12.5,0.7580000162124634
2017-03-28,203.026123046875,11.529999732971191,0.7730000019073486
2017-03-29,203.21592712402344,11.420000076293945,0.7549999952316284
2017-03-30,203.8629150390625,11.539999961853027,0.7580000162124634
2017-03-31,203.3884735107422,12.369999885559082,0.7379999756813049
2017-04-03,203.0347137451172,12.380000114440918,0.7400000095367432
2017-04-04,203.1641387939453,11.789999961853027,0.7799999713897705
2017-04-05,202.5602264404297,12.890000343322754,0.7799999713897705
2017-04-06,203.12966918945312,12.390000343322754,0.7879999876022339
2017-04-07,202.92262268066406,12.869999885559082,0.7979999780654907
2017-04-10,203.04336547851562,14.050000190734863,0.7879999876022339
2017-04-11,202.8018341064453,15.069999694824219,0.800000011920929
2017-04-12,201.91314697265625,15.770000457763672,0.7929999828338623
2017-04-13,200.60177612304688,15.960000038146973,0.7900000214576721
2017-04-17,202.3790740966797,14.65999984741211,0.7900000214576721
2017-04-18,201.77511596679688,14.420000076293945,0.8050000071525574
2017-04-19,201.40411376953125,14.930000305175781,0.7850000262260437
2017-04-20,203.04336547851562,14.149999618530273,0.7699999809265137
2017-04-21,202.396240234375,14.630000114440918,0.7630000114440918
2017-04-24,204.62220764160156,10.84000015258789,0.7699999809265137
2017-04-25,205.81285095214844,10.760000228881836,0.8080000281333923
2017-04-26,205.68344116210938,10.850000381469727,0.8029999732971191
2017-04-27,205.85601806640625,10.359999656677246,0.7850000262260437
2017-04-28,205.40733337402344,10.819999694824219,0.7799999713897705
2017-05-01,205.9250030517578,10.109999656677246,0.7850000262260437
2017-05-02,206.0026397705078,10.59000015258789,0.8429999947547913
2017-05-03,205.75244140625,10.680000305175781,0.8479999899864197
2017-05-04,205.99398803710938,10.460000038146973,0.8550000190734863
2017-05-05,206.80508422851562,10.569999694824219,0.8679999709129333
2017-05-08,206.77052307128906,9.770000457763672,0.8700000047683716
2017-05-09,206.58071899414062,9.960000038146973,0.8899999856948853
2017-05-10,206.95166015625,10.210000038146973,0.875
2017-05-11,206.52896118164062,10.600000381469727,0.8600000143051147
2017-05-12,206.18382263183594,10.399999618530273,0.8550000190734863
2017-05-15,207.32269287109375,10.420000076293945,0.8629999756813049
2017-05-16,207.13287353515625,10.649999618530273,0.8899999856948853
2017-05-17,203.45753479003906,15.59000015258789,0.875
2017-05-18,204.27713012695312,14.65999984741211,0.8930000066757202
2017-05-19,205.6058349609375,12.039999961853027,0.8880000114440918
2017-05-22,206.64974975585938,10.930000305175781,0.878000020980835
2017-05-23,207.1070098876953,10.720000267028809,0.9129999876022339
2017-05-24,207.5901336669922,10.020000457763672,0.9049999713897705
2017-05-25,208.5823211669922,9.989999771118164,0.9079999923706055
2017-05-26,208.5391845703125,9.8100004196167,0.9100000262260437
2017-05-30,208.3580322265625,10.380000114440918,0.9100000262260437
2017-05-31,208.30624389648438,10.40999984741211,0.949999988079071
2017-06-01,209.9627227783203,9.890000343322754,0.9480000138282776
2017-06-02,210.66159057617188,9.75,0.953000009059906
2017-06-05,210.50631713867188,10.069999694824219,0.9480000138282776
2017-06-06,209.8333282470703,10.449999809265137,0.9580000042915344
2017-06-07,210.22158813476562,10.390000343322754,0.9729999899864197
2017-06-08,210.3251190185547,10.15999984741211,0.9729999899864197
2017-06-09,210.00587463378906,10.699999809265137,0.9800000190734863
2017-06-12,209.9627227783203,11.460000038146973,0.9729999899864197
2017-06-13,210.98941040039062,10.420000076293945,0.9829999804496765
2017-06-14,210.7219696044922,10.640000343322754,0.9829999804496765
2017-06-15,210.31651306152344,10.899999618530273,0.9929999709129333
2017-06-16,210.36244201660156,10.380000114440918,0.9850000143051147
2017-06-19,212.11373901367188,10.369999885559082,0.9850000143051147
2017-06-20,210.6832733154297,10.859999656677246,0.9929999709129333
2017-06-21,210.63119506835938,10.75,0.9679999947547913
2017-06-22,210.53578186035156,10.479999542236328,0.9330000281333923
2017-06-23,210.7872772216797,10.020000457763672,0.9330000281333923
2017-06-26,210.9259490966797,9.899999618530273,0.9330000281333923
2017-06-27,209.22666931152344,11.0600004196167,0.9900000095367432
2017-06-28,211.09938049316406,10.029999732971191,0.9850000143051147
2017-06-29,209.24404907226562,11.4399995803833,1.003000020980835
2017-06-30,209.63418579101562,11.180000305175781,0.9929999709129333
2017-07-03,209.98963928222656,11.220000267028809,1.0
2017-07-05,210.4751434326172,11.069999694824219,1.0199999809265137
2017-07-06,208.5504608154297,12.539999961853027,1.0080000162124634
2017-07-07,209.9028778076172,11.1899995803833,1.0080000162124634
2017-07-10,210.12835693359375,11.109999656677246,1.0130000114440918
2017-07-11,209.97230529785156,10.890000343322754,1.0329999923706055
2017-07-12,211.55020141601562,10.300000190734863,1.0230000019073486
2017-07-13,211.90565490722656,9.899999618530273,1.0130000114440918
2017-07-14,212.89401245117188,9.510000228881836,1.0080000162124634
2017-07-17,212.8679962158203,9.819999694824219,1.0199999809265137
2017-07-18,212.980712890625,9.890000343322754,1.0399999618530273
2017-07-19,214.1337890625,9.789999961853027,1.0850000381469727
2017-07-20,214.2290802001953,9.579999923706055,1.1130000352859497
2017-07-21,214.03839111328125,9.359999656677246,1.1380000114440918
2017-07-24,213.98638916015625,9.430000305175781,1.149999976158142
2017-07-25,214.506591796875,9.430000305175781,1.1430000066757202
2017-07-26,214.51528930664062,9.600000381469727,1.0950000286102295
2017-07-27,214.3158416748047,10.109999656677246,1.0779999494552612
2017-07-28,214.0643768310547,10.289999961853027,1.0529999732971191
2017-07-31,213.9430694580078,10.260000228881836,1.0529999732971191
2017-08-01,214.4198760986328,10.09000015258789,1.0579999685287476
2017-08-02,214.52392578125,10.279999732971191,1.0499999523162842
2017-08-03,214.10777282714844,10.4399995803833,1.0579999685287476
2017-08-04,214.4979248046875,10.029999732971191,1.0529999732971191
2017-08-07,214.896728515625,9.930000305175781,1.0329999923706055
2017-08-08,214.36778259277344,10.960000038146973,1.0299999713897705
2017-08-09,214.35916137695312,11.109999656677246,1.024999976158142
2017-08-10,211.33348083496094,16.040000915527344,1.0180000066757202
2017-08-11,211.6455535888672,15.510000228881836,1.0130000114440918
2017-08-14,213.74368286132812,12.329999923706055,1.003000020980835
2017-08-15,213.71763610839844,12.039999961853027,1.0080000162124634
2017-08-16,214.09043884277344,11.739999771118164,0.9850000143051147
2017-08-17,210.75259399414062,15.550000190734863,0.9779999852180481
2017-08-18,210.42311096191406,14.260000228881836,0.9879999756813049
2017-08-21,210.5878143310547,13.1899995803833,0.9649999737739563
2017-08-22,212.78997802734375,11.350000381469727,0.9950000047683716
2017-08-23,212.0270233154297,12.25,0.9800000190734863
2017-08-24,211.5328826904297,12.229999542236328,0.9980000257492065
2017-08-25,212.0270233154297,11.279999732971191,0.9950000047683716
2017-08-28,212.0356903076172,11.319999694824219,1.0049999952316284
2017-08-29,212.2784423828125,11.699999809265137,1.0099999904632568
2017-08-30,213.2841339111328,11.220000267028809,0.9980000257492065
2017-08-31,214.5672607421875,10.59000015258789,0.9779999852180481
2017-09-01,214.8706817626953,10.130000114440918,0.9850000143051147
2017-09-05,213.3274688720703,12.229999542236328,0.9829999804496765
2017-09-06,214.05577087402344,11.630000114440918,1.0379999876022339
2017-09-07,214.02972412109375,11.550000190734863,1.0230000019073486
2017-09-08,213.77828979492188,12.119999885559082,1.0199999809265137
2017-09-11,216.05845642089844,10.729999542236328,1.0199999809265137
2017-09-12,216.7867431640625,10.579999923706055,1.0180000066757202
2017-09-13,216.8907470703125,10.5,1.0180000066757202
2017-09-14,216.8213348388672,10.4399995803833,1.027999997138977
2017-09-15,217.11328125,10.170000076293945,1.0099999904632568
2017-09-18,217.57510375976562,10.149999618530273,1.0
2017-09-19,217.79283142089844,10.180000305175781,1.0180000066757202
2017-09-20,217.87127685546875,9.779999732971191,1.0199999809265137
2017-09-21,217.28749084472656,9.670000076293945,1.0080000162124634
2017-09-22,217.33108520507812,9.59000015258789,1.003000020980835
2017-09-25,216.88673400878906,10.210000038146973,0.9980000257492065
2017-09-26,217.01747131347656,10.170000076293945,1.0429999828338623
2017-09-27,217.86260986328125,9.869999885559082,1.0379999876022339
2017-09-28,218.1239471435547,9.550000190734863,1.0299999713897705
2017-09-29,218.8906707763672,9.510000228881836,1.027999997138977
2017-10-02,219.84034729003906,9.449999809265137,1.0130000114440918
2017-10-03,220.31080627441406,9.510000228881836,1.034999966621399
2017-10-04,220.57228088378906,9.630000114440918,1.0429999828338623
2017-10-05,221.87916564941406,9.1899995803833,1.0429999828338623
2017-10-06,221.62646484375,9.649999618530273,1.0429999828338623
2017-10-09,221.2605438232422,10.329999923706055,1.0449999570846558
2017-10-10,221.8443603515625,10.079999923706055,1.0549999475479126
2017-10-11,222.1927947998047,9.850000381469727,1.0679999589920044
2017-10-12,221.8617401123047,9.90999984741211,1.0529999732971191
2017-10-13,222.13180541992188,9.609999656677246,1.0499999523162842
2017-10-16,222.42799377441406,9.90999984741211,1.0549999475479126
2017-10-17,222.5848846435547,10.3100004196167,1.0729999542236328
2017-10-18,222.8026885986328,10.069999694824219,1.0679999589920044
2017-10-19,222.8637237548828,10.050000190734863,1.065000057220459
2017-10-20,224.01377868652344,9.970000267028809,1.0750000476837158
2017-10-23,223.14251708984375,11.069999694824219,1.0700000524520874
2017-10-24,223.53456115722656,11.15999984741211,1.0980000495910645
2017-10-25,222.42799377441406,11.229999542236328,1.0829999446868896
2017-10-26,222.71556091308594,11.300000190734863,1.0800000429153442
2017-10-27,224.53659057617188,9.800000190734863,1.0729999542236328
2017-10-30,223.70013427734375,10.5,1.0750000476837158
2017-10-31,224.0486297607422,10.180000305175781,1.1230000257492065
2017-11-01,224.34483337402344,10.199999809265137,1.1380000114440918
2017-11-02,224.4320068359375,9.930000305175781,1.1380000114440918
2017-11-03,225.18128967285156,9.140000343322754,1.1480000019073486
2017-11-06,225.52984619140625,9.399999618530273,1.1579999923706055
2017-11-07,225.3729248046875,9.890000343322754,1.187999963760376
2017-11-08,225.7563018798828,9.779999732971191,1.1950000524520874
2017-11-09,224.93736267089844,10.5,1.2029999494552612
2017-11-10,224.86767578125,11.289999961853027,1.2000000476837158
2017-11-13,225.07672119140625,11.5,1.184999942779541
2017-11-14,224.55398559570312,11.59000015258789,1.2400000095367432
2017-11-15,223.4299774169922,13.130000114440918,1.2300000190734863
2017-11-16,225.3294219970703,11.760000228881836,1.2300000190734863
2017-11-17,224.66722106933594,11.430000305175781,1.2400000095367432
2017-11-20,225.0506134033203,10.649999618530273,1.2400000095367432
2017-11-21,226.52301025390625,9.729999542236328,1.277999997138977
2017-11-22,226.32269287109375,9.880000114440918,1.2649999856948853
2017-11-24,226.84547424316406,9.670000076293945,1.2400000095367432
2017-11-27,226.73211669921875,9.869999885559082,1.2230000495910645
2017-11-28,229.0323486328125,10.029999732971191,1.2649999856948853
2017-11-29,228.89292907714844,10.699999809265137,1.2580000162124634
2017-11-30,230.89686584472656,11.279999732971191,1.2380000352859497
2017-12-01,230.4176483154297,11.430000305175781,1.2350000143051147
2017-12-04,230.13885498046875,11.680000305175781,1.2450000047683716
2017-12-05,229.31112670898438,11.329999923706055,1.2829999923706055
2017-12-06,229.35472106933594,11.020000457763672,1.2630000114440918
2017-12-07,230.077880859375,10.15999984741211,1.2599999904632568
2017-12-08,231.33251953125,9.579999923706055,1.253000020980835
2017-12-11,232.0296173095703,9.34000015258789,1.2630000114440918
2017-12-12,232.43902587890625,9.920000076293945,1.309999942779541
2017-12-13,232.41290283203125,10.180000305175781,1.2730000019073486
2017-12-14,231.46316528320312,10.489999771118164,1.2829999923706055
2017-12-15,233.3907012939453,9.420000076293945,1.284999966621399
2017-12-18,234.8706817626953,9.529999732971191,1.315000057220459
2017-12-19,233.9686737060547,10.029999732971191,1.3530000448226929
2017-12-20,233.8460693359375,9.720000267028809,1.350000023841858
2017-12-21,234.32766723632812,9.619999885559082,1.3200000524520874
2017-12-22,234.2664031982422,9.899999618530273,1.2979999780654907
2017-12-26,233.98619079589844,10.25,1.3029999732971191
2017-12-27,234.1000213623047,10.470000267028809,1.4079999923706055
2017-12-28,234.58168029785156,10.180000305175781,1.3700000047683716
2017-12-29,233.6971893310547,11.039999961853027,1.3550000190734863
2018-01-02,235.3697967529297,9.770000457763672,1.378000020980835
2018-01-03,236.8585662841797,9.149999618530273,1.3700000047683716
2018-01-04,237.8568572998047,9.220000267028809,1.3700000047683716
2018-01-05,239.4419708251953,9.220000267028809,1.3700000047683716
2018-01-08,239.8798370361328,9.520000457763672,1.3799999952316284
2018-01-09,240.42279052734375,10.079999923706055,1.4149999618530273
2018-01-10,240.05496215820312,9.819999694824219,1.3949999809265137
2018-01-11,241.80641174316406,9.880000114440918,1.402999997138977
2018-01-12,243.3827667236328,10.15999984741211,1.409999966621399
2018-01-16,242.55084228515625,11.65999984741211,1.3949999809265137
2018-01-17,244.8627166748047,11.90999984741211,1.4149999618530273
2018-01-18,244.45118713378906,12.220000267028809,1.4049999713897705
2018-01-19,245.56332397460938,11.270000457763672,1.402999997138977
2018-01-22,247.5599822998047,11.029999732971191,1.3899999856948853
2018-01-23,248.08541870117188,11.100000381469727,1.4129999876022339
2018-01-24,247.98910522460938,11.470000267028809,1.409999966621399
2018-01-25,248.09417724609375,11.579999923706055,1.3930000066757202
2018-01-26,250.9665069580078,11.079999923706055,1.3880000114440918
2018-01-29,249.30271911621094,13.84000015258789,1.375
2018-01-30,246.7455291748047,14.789999961853027,1.4249999523162842
2018-01-31,246.8680877685547,13.539999961853027,1.4299999475479126
2018-02-01,246.5879364013672,13.470000267028809,1.4529999494552612
2018-02-02,241.21974182128906,17.309999465942383,1.4500000476837158
2018-02-05,231.13131713867188,37.31999969482422,1.4579999446868896
2018-02-06,235.6851043701172,29.979999542236328,1.4880000352859497
2018-02-07,234.40655517578125,27.729999542236328,1.5149999856948853
2018-02-08,225.6142120361328,33.459999084472656,1.5149999856948853
2018-02-09,229.00326538085938,29.059999465942383,1.524999976158142
2018-02-12,232.36607360839844,25.610000610351562,1.534999966621399
2018-02-13,232.94407653808594,24.969999313354492,1.5700000524520874
2018-02-14,236.08787536621094,19.260000228881836,1.5499999523162842
2018-02-15,239.10044860839844,19.1299991607666,1.559999942779541
2018-02-16,239.17050170898438,19.459999084472656,1.5700000524520874
2018-02-20,237.67298889160156,20.600000381469727,1.5729999542236328
2018-02-21,236.49075317382812,20.020000457763672,1.6080000400543213
2018-02-22,236.79721069335938,18.719999313354492,1.6050000190734863
2018-02-23,240.57164001464844,16.489999771118164,1.6050000190734863
2018-02-26,243.3651580810547,15.800000190734863,1.6080000400543213
2018-02-27,240.32644653320312,18.59000015258789,1.6349999904632568
2018-02-28,237.8919219970703,19.850000381469727,1.6180000305175781
2018-03-01,234.43283081054688,22.469999313354492,1.590000033378601
2018-03-02,235.6412811279297,19.59000015258789,1.6050000190734863
2018-03-05,238.36480712890625,18.729999542236328,1.625
2018-03-06,238.96914672851562,18.360000610351562,1.6430000066757202
2018-03-07,238.88148498535156,17.760000228881836,1.649999976158142
2018-03-08,240.03749084472656,16.540000915527344,1.6349999904632568
2018-03-09,244.21470642089844,14.640000343322754,1.6349999904632568
2018-03-12,243.90818786621094,15.779999732971191,1.6430000066757202
2018-03-13,242.33192443847656,16.350000381469727,1.690000057220459
2018-03-14,241.0882568359375,17.229999542236328,1.718000054359436
2018-03-15,240.8256378173828,16.59000015258789,1.7330000400543213
2018-03-16,241.08665466308594,15.800000190734863,1.7380000352859497
2018-03-19,237.82476806640625,19.020000457763672,1.7280000448226929
2018-03-20,238.22923278808594,18.200000762939453,1.7580000162124634
2018-03-21,237.77197265625,17.860000610351562,1.7100000381469727
2018-03-22,231.8284149169922,23.34000015258789,1.6829999685287476
2018-03-23,226.8870849609375,24.8700008392334,1.687999963760376
2018-03-26,233.094482421875,21.030000686645508,1.7050000429153442
2018-03-27,229.12921142578125,22.5,1.7330000400543213
2018-03-28,228.45213317871094,22.8700008392334,1.6950000524520874
2018-03-29,231.37115478515625,19.969999313354492,1.6699999570846558
2018-04-02,226.3770751953125,23.6200008392334,1.6829999685287476
2018-04-03,229.278564453125,21.100000381469727,1.7130000591278076
2018-04-04,231.731689453125,20.059999465942383,1.6679999828338623
2018-04-05,233.56051635742188,18.940000534057617,1.6749999523162842
2018-04-06,228.35536193847656,21.489999771118164,1.6799999475479126
2018-04-09,229.48081970214844,21.770000457763672,1.6749999523162842
2018-04-10,233.12962341308594,20.469999313354492,1.6950000524520874
2018-04-11,231.90745544433594,20.239999771118164,1.6929999589920044
2018-04-12,233.81544494628906,18.489999771118164,1.7050000429153442
2018-04-13,233.12962341308594,17.40999984741211,1.718000054359436
2018-04-16,235.04640197753906,16.559999465942383,1.7130000591278076
2018-04-17,237.5609588623047,15.25,1.7549999952316284
2018-04-18,237.73690795898438,15.600000381469727,1.7699999809265137
2018-04-19,236.41806030273438,15.960000038146973,1.7829999923706055
2018-04-20,234.413330078125,16.8799991607666,1.7649999856948853
2018-04-23,234.3782196044922,16.34000015258789,1.7829999923706055
2018-04-24,231.22169494628906,18.020000457763672,1.8229999542236328
2018-04-25,231.793212890625,17.84000015258789,1.815000057220459
2018-04-26,234.1496124267578,16.239999771118164,1.784999966621399
2018-04-27,234.36940002441406,15.40999984741211,1.7699999809265137
2018-04-30,232.5669403076172,15.930000305175781,1.7630000114440918
2018-05-01,232.98020935058594,15.489999771118164,1.809999942779541
2018-05-02,231.41519165039062,15.970000267028809,1.784999966621399
2018-05-03,230.9051971435547,15.899999618530273,1.7879999876022339
2018-05-04,233.89454650878906,14.770000457763672,1.7929999828338623
2018-05-07,234.68592834472656,14.75,1.7929999828338623
2018-05-08,234.68592834472656,14.710000038146973,1.8350000381469727
2018-05-09,236.95431518554688,13.420000076293945,1.8450000286102295
2018-05-10,239.17005920410156,13.229999542236328,1.8450000286102295
2018-05-11,239.89974975585938,12.649999618530273,1.8600000143051147
2018-05-14,240.0140838623047,12.930000305175781,1.8550000190734863
2018-05-15,238.3611297607422,14.630000114440918,1.875
2018-05-16,239.36341857910156,13.420000076293945,1.8650000095367432
2018-05-17,239.16128540039062,13.430000305175781,1.8630000352859497
2018-05-18,238.56332397460938,13.420000076293945,1.8550000190734863
2018-05-21,240.35702514648438,13.079999923706055,1.8630000352859497
2018-05-22,239.68878173828125,13.220000267028809,1.8930000066757202
2018-05-23,240.3481903076172,12.579999923706055,1.8730000257492065
2018-05-24,239.85586547851562,12.529999732971191,1.8600000143051147
2018-05-25,239.28428649902344,13.220000267028809,1.8530000448226929
2018-05-29,236.5323028564453,17.020000457763672,1.840000033378601
2018-05-30,239.68878173828125,14.9399995803833,1.878000020980835
2018-05-31,238.22048950195312,15.430000305175781,1.8700000047683716
2018-06-01,240.55921936035156,13.460000038146973,1.8680000305175781
2018-06-04,241.70220947265625,12.739999771118164,1.8650000095367432
2018-06-05,241.87808227539062,12.399999618530273,1.902999997138977
2018-06-06,243.90028381347656,11.640000343322754,1.899999976158142
2018-06-07,243.87393188476562,12.130000114440918,1.8849999904632568
2018-06-08,244.59490966796875,12.180000305175781,1.8799999952316284
2018-06-11,244.9202423095703,12.350000381469727,1.8680000305175781
2018-06-12,245.23678588867188,12.34000015258789,1.8880000114440918
2018-06-13,244.45423889160156,12.9399995803833,1.8949999809265137
2018-06-14,245.06976318359375,12.119999885559082,1.8830000162124634
2018-06-15,244.75709533691406,11.979999542236328,1.8880000114440918
2018-06-18,244.25369262695312,12.3100004196167,1.8830000162124634
2018-06-19,243.3175048828125,13.350000381469727,1.8980000019073486
2018-06-20,243.73251342773438,12.789999961853027,1.8880000114440918
2018-06-21,242.20462036132812,14.640000343322754,1.8899999856948853
2018-06-22,242.64625549316406,13.770000457763672,1.8700000047683716
2018-06-25,239.34310913085938,17.329999923706055,1.8530000448226929
2018-06-26,239.87303161621094,15.920000076293945,1.8930000066757202
2018-06-27,237.88589477539062,17.90999984741211,1.8799999952316284
2018-06-28,239.2460174560547,16.850000381469727,1.8799999952316284
2018-06-29,239.59039306640625,16.09000015258789,1.8799999952316284
2018-07-02,240.1026611328125,15.600000381469727,1.8949999809265137
2018-07-03,239.25479125976562,16.139999389648438,1.9329999685287476
2018-07-05,241.20668029785156,14.970000267028809,1.909999966621399
2018-07-06,243.24684143066406,13.369999885559082,1.9049999713897705
2018-07-09,245.4370880126953,12.6899995803833,1.9149999618530273
2018-07-10,246.32028198242188,12.640000343322754,1.934999942779541
2018-07-11,244.51849365234375,13.630000114440918,1.9199999570846558
2018-07-12,246.73541259765625,12.579999923706055,1.9279999732971191
2018-07-13,246.92962646484375,12.180000305175781,1.9279999732971191
2018-07-16,246.70889282226562,12.829999923706055,1.937999963760376
2018-07-17,247.7069091796875,12.0600004196167,1.975000023841858
2018-07-18,248.22796630859375,12.100000381469727,1.9600000381469727
2018-07-19,247.291748046875,12.869999885559082,1.9479999542236328
2018-07-20,247.00918579101562,12.859999656677246,1.9329999685287476
2018-07-23,247.46841430664062,12.619999885559082,1.9199999570846558
2018-07-24,248.7136993408203,12.40999984741211,1.9600000381469727
2018-07-25,250.83328247070312,12.289999961853027,1.9529999494552612
2018-07-26,250.24159240722656,12.140000343322754,1.9450000524520874
2018-07-27,248.54591369628906,13.029999732971191,1.9450000524520874
2018-07-30,247.24765014648438,14.260000228881836,1.9450000524520874
2018-07-31,248.4663543701172,12.829999923706055,1.9850000143051147
2018-08-01,248.0513153076172,13.149999618530273,1.9780000448226929
2018-08-02,249.4026641845703,12.1899995803833,1.965000033378601
2018-08-03,250.47129821777344,11.640000343322754,1.9600000381469727
2018-08-06,251.38986206054688,11.270000457763672,1.968000054359436
2018-08-07,252.21994018554688,10.930000305175781,2.007999897003174
2018-08-08,252.11399841308594,10.850000381469727,2.007999897003174
2018-08-09,251.7696075439453,11.270000457763672,2.005000114440918
2018-08-10,250.08274841308594,13.15999984741211,2.0
2018-08-13,249.14645385742188,14.779999732971191,1.9950000047683716
2018-08-14,250.7362060546875,13.3100004196167,2.0329999923706055
2018-08-15,248.86383056640625,14.640000343322754,2.0199999809265137
2018-08-16,250.8775177001953,13.449999809265137,2.015000104904175
2018-08-17,251.7606658935547,12.640000343322754,1.9950000047683716
2018-08-20,252.2995147705078,12.489999771118164,1.9930000305175781
2018-08-21,252.89120483398438,12.859999656677246,2.0350000858306885
2018-08-22,252.740966796875,12.25,2.0350000858306885
2018-08-23,252.40541076660156,12.40999984741211,2.0329999923706055
2018-08-24,253.92454528808594,11.989999771118164,2.0480000972747803
2018-08-27,255.92930603027344,12.15999984741211,2.059999942779541
2018-08-28,256.0530090332031,12.5,2.078000068664551
2018-08-29,257.4308166503906,12.25,2.0799999237060547
2018-08-30,256.3885498046875,13.529999732971191,2.058000087738037
2018-08-31,256.39739990234375,12.859999656677246,2.055000066757202
2018-09-04,255.9558868408203,13.15999984741211,2.068000078201294
2018-09-05,255.26687622070312,13.90999984741211,2.0899999141693115
2018-09-06,254.49853515625,14.649999618530273,2.0799999237060547
2018-09-07,254.00390625,14.880000114440918,2.0880000591278076
2018-09-10,254.44561767578125,14.15999984741211,2.0829999446868896
2018-09-11,255.28460693359375,13.220000267028809,2.1080000400543213
2018-09-12,255.34649658203125,13.140000343322754,2.1050000190734863
2018-09-13,256.85662841796875,12.369999885559082,2.0929999351501465
2018-09-14,256.9009094238281,12.069999694824219,2.1029999256134033
2018-09-17,255.54075622558594,13.680000305175781,2.1080000400543213
2018-09-18,256.9273376464844,12.789999961853027,2.125
2018-09-19,257.2010803222656,11.75,2.119999885559082
2018-09-20,259.2854309082031,11.800000190734863,2.118000030517578
2018-09-21,259.0486145019531,11.680000305175781,2.122999906539917
2018-09-24,258.1879577636719,12.199999809265137,2.122999906539917
2018-09-25,257.9485168457031,12.420000076293945,2.1679999828338623
2018-09-26,257.17657470703125,12.890000343322754,2.1600000858306885
2018-09-27,257.8952941894531,12.40999984741211,2.140000104904175
2018-09-28,257.921875,12.119999885559082,2.1500000953674316
2018-10-01,258.81793212890625,12.0,2.1549999713897705
2018-10-02,258.66705322265625,12.050000190734863,2.174999952316284
2018-10-03,258.8089904785156,11.609999656677246,2.1700000762939453
2018-10-04,256.7862854003906,14.220000267028809,2.1700000762939453
2018-10-05,255.34901428222656,14.819999694824219,2.1649999618530273
2018-10-08,255.34901428222656,15.6899995803833,2.1649999618530273
2018-10-09,254.9764404296875,15.949999809265137,2.184999942779541
2018-10-10,246.90298461914062,22.959999084472656,2.2200000286102295
2018-10-11,241.4646453857422,24.979999542236328,2.2149999141693115
2018-10-12,244.81817626953125,21.309999465942383,2.2179999351501465
2018-10-15,243.44300842285156,21.299999237060547,2.2300000190734863
2018-10-16,248.76608276367188,17.6200008392334,2.259999990463257
2018-10-17,248.8105010986328,17.399999618530273,2.259999990463257
2018-10-18,245.21742248535156,20.059999465942383,2.255000114440918
2018-10-19,245.08428955078125,19.889999389648438,2.259999990463257
2018-10-22,243.9842071533203,19.639999389648438,2.257999897003174
2018-10-23,242.74208068847656,20.709999084472656,2.2899999618530273
2018-10-24,235.3874053955078,25.229999542236328,2.2850000858306885
2018-10-25,239.61029052734375,24.219999313354492,2.2799999713897705
2018-10-26,235.3962860107422,24.15999984741211,2.2730000019073486
2018-10-29,234.09214782714844,24.700000762939453,2.259999990463257
2018-10-30,237.56103515625,23.350000381469727,2.2829999923706055
2018-10-31,240.09832763671875,21.229999542236328,2.2780001163482666
2018-11-01,242.6533966064453,19.34000015258789,2.2699999809265137
2018-11-02,241.2162322998047,19.510000228881836,2.2730000019073486
2018-11-05,242.54701232910156,19.959999084472656,2.2679998874664307
2018-11-06,244.0818328857422,19.90999984741211,2.309999942779541
2018-11-07,249.3072509765625,16.360000610351562,2.309999942779541
2018-11-08,248.8549041748047,16.719999313354492,2.302999973297119
2018-11-09,246.42398071289062,17.360000610351562,2.299999952316284
2018-11-12,241.81948852539062,20.450000762939453,2.299999952316284
2018-11-13,241.36708068847656,20.020000457763672,2.2950000762939453
2018-11-14,239.71688842773438,21.25,2.325000047683716
2018-11-15,242.21864318847656,19.979999542236328,2.309999942779541
2018-11-16,242.84861755371094,18.139999389648438,2.299999952316284
2018-11-19,238.74087524414062,20.100000381469727,2.299999952316284
2018-11-20,234.32276916503906,22.479999542236328,2.3350000381469727
2018-11-21,235.1212158203125,20.799999237060547,2.3499999046325684
2018-11-23,233.55091857910156,21.520000457763672,2.3480000495910645
2018-11-26,237.32147216796875,18.899999618530273,2.3429999351501465
2018-11-27,238.11993408203125,19.020000457763672,2.3529999256134033
2018-11-28,243.6027069091797,18.489999771118164,2.3350000381469727
2018-11-29,243.0703125,18.790000915527344,2.309999942779541
2018-11-30,244.552001953125,18.06999969482422,2.308000087738037
2018-12-03,247.7902374267578,16.440000534057617,2.2880001068115234
2018-12-04,239.76113891601562,20.739999771118164,2.365000009536743
2018-12-06,239.3974151611328,21.190000534057617,2.3529999256134033
2018-12-07,233.83482360839844,23.229999542236328,2.3399999141693115
2018-12-10,234.2784423828125,22.639999389648438,2.3299999237060547
2018-12-11,234.33160400390625,21.760000228881836,2.369999885559082
2018-12-12,235.5115966796875,21.459999084472656,2.375
2018-12-13,235.43174743652344,20.649999618530273,2.36299991607666
2018-12-14,231.08453369140625,21.6299991607666,2.368000030517578
2018-12-17,226.55105590820312,24.520000457763672,2.3399999141693115
2018-12-18,226.30264282226562,25.579999923706055,2.328000068664551
2018-12-19,222.9136199951172,25.579999923706055,2.3380000591278076
2018-12-20,219.28501892089844,28.3799991607666,2.3350000381469727
2018-12-21,214.79197692871094,30.110000610351562,2.3299999237060547
2018-12-24,209.11651611328125,36.06999969482422,2.3329999446868896
2018-12-26,219.68214416503906,30.40999984741211,2.380000114440918
2018-12-27,221.36871337890625,29.959999084472656,2.3480000495910645
2018-12-28,221.0831298828125,28.34000015258789,2.328000068664551
2018-12-31,223.0196075439453,25.420000076293945,2.299999952316284
2019-01-02,223.25155639648438,23.219999313354492,2.365000009536743
2019-01-03,217.9241180419922,25.450000762939453,2.3550000190734863
2019-01-04,225.22369384765625,21.3799991607666,2.3580000400543213
2019-01-07,226.99949645996094,21.399999618530273,2.3529999256134033
2019-01-08,229.1322784423828,20.469999313354492,2.4000000953674316
2019-01-09,230.20309448242188,19.979999542236328,2.390000104904175
2019-01-10,231.01515197753906,19.5,2.375
2019-01-11,231.10438537597656,18.190000534057617,2.369999885559082
2019-01-14,229.69444274902344,19.06999969482422,2.359999895095825
2019-01-15,232.3269500732422,18.600000381469727,2.382999897003174
2019-01-16,232.8891143798828,19.040000915527344,2.36299991607666
2019-01-17,234.6559600830078,18.059999465942383,2.3550000190734863
2019-01-18,237.77919006347656,17.799999237060547,2.3480000495910645
2019-01-22,234.56678771972656,20.799999237060547,2.3450000286102295
2019-01-23,235.05751037597656,19.520000457763672,2.3529999256134033
2019-01-24,235.1824951171875,18.889999389648438,2.305000066757202
2019-01-25,237.1724090576172,17.420000076293945,2.328000068664551
2019-01-28,235.3698272705078,18.8700008392334,2.3329999446868896
2019-01-29,235.05751037597656,19.1299991607666,2.365000009536743
2019-01-30,238.7787322998047,17.65999984741211,2.365000009536743
2019-01-31,240.87571716308594,16.56999969482422,2.3399999141693115
2019-02-01,240.99179077148438,16.139999389648438,2.3399999141693115
2019-02-04,242.687255859375,15.729999542236328,2.3350000381469727
2019-02-05,243.70457458496094,15.569999694824219,2.365000009536743
2019-02-06,243.38323974609375,15.380000114440918,2.365000009536743
2019-02-07,241.06320190429688,16.3700008392334,2.3550000190734863
2019-02-08,241.357666015625,15.720000267028809,2.365000009536743
2019-02-11,241.491455078125,15.970000267028809,2.375
2019-02-12,244.59690856933594,15.430000305175781,2.378000020980835
2019-02-13,245.39108276367188,15.649999618530273,2.372999906539917
2019-02-14,244.8467254638672,16.219999313354492,2.372999906539917
2019-02-15,247.5149383544922,14.90999984741211,2.369999885559082
2019-02-19,247.94325256347656,14.880000114440918,2.372999906539917
2019-02-20,248.44305419921875,14.020000457763672,2.382999897003174
2019-02-21,247.55963134765625,14.460000038146973,2.3949999809265137
2019-02-22,249.09446716308594,13.510000228881836,2.3929998874664307
2019-02-25,249.43350219726562,14.850000381469727,2.3929998874664307
2019-02-26,249.25506591796875,15.170000076293945,2.4000000953674316
2019-02-27,249.1480255126953,14.699999809265137,2.3929998874664307
2019-02-28,248.68394470214844,14.779999732971191,2.382999897003174
2019-03-01,250.23670959472656,13.569999694824219,2.378000020980835
2019-03-04,249.326416015625,14.630000114440918,2.375
2019-03-05,248.9873046875,14.739999771118164,2.4000000953674316
2019-03-06,247.479248046875,15.739999771118164,2.4049999713897705
2019-03-07,245.40899658203125,16.59000015258789,2.3949999809265137
2019-03-08,244.91824340820312,16.049999237060547,2.3929998874664307
2019-03-11,248.4697723388672,14.329999923706055,2.380000114440918
2019-03-12,249.40667724609375,13.770000457763672,2.3949999809265137
2019-03-13,251.05760192871094,13.40999984741211,2.388000011444092
2019-03-14,250.89700317382812,13.5,2.388000011444092
2019-03-15,252.13653564453125,12.880000114440918,2.388000011444092
2019-03-18,253.05078125,13.100000381469727,2.384999990463257
2019-03-19,253.1134796142578,13.5600004196167,2.4049999713897705
2019-03-20,252.35171508789062,13.90999984741211,2.4079999923706055
2019-03-21,255.20191955566406,13.630000114440918,2.4079999923706055
2019-03-22,250.2902374267578,16.479999542236328,2.3980000019073486
2019-03-25,250.1019744873047,16.329999923706055,2.390000104904175
2019-03-26,251.96632385253906,14.680000305175781,2.4049999713897705
2019-03-27,250.64874267578125,15.149999618530273,2.378000020980835
2019-03-28,251.59889221191406,14.430000305175781,2.369999885559082
2019-03-29,253.1852264404297,13.710000038146973,2.328000068664551
2019-04-01,256.1878356933594,13.399999618530273,2.322999954223633
2019-04-02,256.3133239746094,13.359999656677246,2.369999885559082
2019-04-03,256.7166748046875,13.739999771118164,2.372999906539917
2019-04-04,257.3977966308594,13.579999923706055,2.369999885559082
2019-04-05,258.6436767578125,12.819999694824219,2.369999885559082
2019-04-08,258.84088134765625,13.180000305175781,2.365000009536743
2019-04-09,257.5143127441406,14.279999732971191,2.365000009536743
2019-04-10,258.3927307128906,13.300000190734863,2.36299991607666
2019-04-11,258.3210754394531,13.020000457763672,2.365000009536743
2019-04-12,260.0687561035156,12.010000228881836,2.375
2019-04-15,259.89849853515625,12.319999694824219,2.359999895095825
2019-04-16,260.0687561035156,12.180000305175781,2.378000020980835
2019-04-17,259.432373046875,12.600000381469727,2.380000114440918
2019-04-18,259.9432373046875,12.09000015258789,2.365000009536743
2019-04-22,260.1674499511719,12.420000076293945,2.375
2019-04-23,262.5067443847656,12.279999732971191,2.390000104904175
2019-04-24,261.9241943359375,13.140000343322754,2.375
2019-04-25,261.76275634765625,13.25,2.365000009536743
2019-04-26,262.98175048828125,12.729999542236328,2.359999895095825
2019-04-29,263.3940124511719,13.109999656677246,2.359999895095825
2019-04-30,263.52850341796875,13.119999885559082,2.368000030517578
2019-05-01,261.5476989746094,14.800000190734863,2.36299991607666
2019-05-02,260.9830017089844,14.420000076293945,2.372999906539917
2019-05-03,263.5373840332031,12.869999885559082,2.368000030517578
2019-05-06,262.4529113769531,15.4399995803833,2.36299991607666
2019-05-07,258.0700378417969,19.31999969482422,2.368000030517578
2019-05-08,257.7115173339844,19.399999618530273,2.369999885559082
2019-05-09,256.9317321777344,19.100000381469727,2.369999885559082
2019-05-10,258.2224426269531,16.040000915527344,2.369999885559082
2019-05-13,251.7332763671875,20.549999237060547,2.3499999046325684
2019-05-14,254.00990295410156,18.059999465942383,2.3529999256134033
2019-05-15,255.49769592285156,16.440000534057617,2.3499999046325684
2019-05-16,257.8639221191406,15.289999961853027,2.3380000591278076
2019-05-17,256.1968078613281,15.960000038146973,2.3299999237060547
2019-05-20,254.50277709960938,16.309999465942383,2.319999933242798
2019-05-21,256.7973327636719,14.949999809265137,2.3299999237060547
2019-05-22,256.0085754394531,14.75,2.319999933242798
2019-05-23,252.88050842285156,16.920000076293945,2.302999973297119
2019-05-24,253.45420837402344,15.850000381469727,2.2880001068115234
2019-05-28,251.0968475341797,17.5,2.2980000972747803
2019-05-29,249.411865234375,17.899999618530273,2.2980000972747803
2019-05-30,250.09300231933594,17.299999237060547,2.309999942779541
2019-05-31,246.7229766845703,18.709999084472656,2.2929999828338623
2019-06-03,246.09556579589844,18.860000610351562,2.2799999713897705
2019-06-04,251.43746948242188,16.969999313354492,2.2950000762939453
2019-06-05,253.6154022216797,16.09000015258789,2.2850000858306885
2019-06-06,255.26466369628906,15.930000305175781,2.255000114440918
2019-06-07,257.8191223144531,16.299999237060547,2.2149999141693115
2019-06-10,259.002197265625,15.9399995803833,2.2200000286102295
2019-06-11,258.9394226074219,15.989999771118164,2.2130000591278076
2019-06-12,258.4823303222656,15.90999984741211,2.1649999618530273
2019-06-13,259.5489196777344,15.819999694824219,2.140000104904175
2019-06-14,259.26214599609375,15.279999732971191,2.125
2019-06-17,259.3607177734375,15.350000381469727,2.138000011444092
2019-06-18,262.076416015625,15.149999618530273,2.1679999828338623
2019-06-19,262.66802978515625,14.329999923706055,2.125
2019-06-20,265.1777648925781,14.75,2.078000068664551
2019-06-21,264.7921447753906,15.399999618530273,2.055000066757202
2019-06-24,264.46807861328125,15.260000228881836,2.058000087738037
2019-06-25,261.8741455078125,16.280000686645508,2.0829999446868896
2019-06-26,261.6129455566406,16.209999084472656,2.0929999351501465
2019-06-27,262.54052734375,15.819999694824219,2.0850000381469727
2019-06-28,263.8915100097656,15.079999923706055,2.0350000858306885
2019-07-01,266.2872619628906,14.0600004196167,2.065000057220459
2019-07-02,266.9807434082031,12.930000305175781,2.1480000019073486
2019-07-03,269.1153564453125,12.569999694824219,2.1500000953674316
2019-07-05,268.8092041015625,13.279999732971191,2.1630001068115234
2019-07-08,267.33209228515625,13.960000038146973,2.177999973297119
2019-07-09,267.6653137207031,14.09000015258789,2.194999933242798
2019-07-10,268.9441833496094,13.029999732971191,2.130000114440918
2019-07-11,269.57464599609375,12.930000305175781,2.0980000495910645
2019-07-12,270.7815246582031,12.390000343322754,2.0899999141693115
2019-07-15,270.8716735839844,12.680000305175781,2.0850000381469727
2019-07-16,269.9980773925781,12.859999656677246,2.1029999256134033
2019-07-17,268.1606750488281,13.970000267028809,2.072999954223633
2019-07-18,269.14227294921875,13.529999732971191,2.013000011444092
2019-07-19,267.647216796875,14.449999809265137,2.013000011444092
2019-07-22,268.3046875,13.529999732971191,2.0250000953674316
2019-07-23,270.22308349609375,12.609999656677246,2.0329999923706055
2019-07-24,271.4930725097656,12.069999694824219,2.0399999618530273
2019-07-25,270.1961669921875,12.739999771118164,2.059999942779541
2019-07-26,272.0064697265625,12.15999984741211,2.062999963760376
2019-07-29,271.5110168457031,12.829999923706055,2.049999952316284
2019-07-30,270.8445739746094,13.9399995803833,2.0399999618530273
2019-07-31,267.8813781738281,16.1200008392334,2.0299999713897705
2019-08-01,265.54876708984375,17.8700008392334,2.0299999713897705
2019-08-02,263.54937744140625,17.610000610351562,2.0
2019-08-05,255.62353515625,24.59000015258789,1.9529999494552612
2019-08-06,259.208251953125,20.170000076293945,1.9950000047683716
2019-08-07,259.3612976074219,19.489999771118164,1.968000054359436
2019-08-08,264.4499816894531,16.90999984741211,1.9700000286102295
2019-08-09,262.6486511230469,17.969999313354492,1.9500000476837158
2019-08-12,259.4513244628906,21.09000015258789,1.9279999732971191
2019-08-13,263.4862060546875,17.520000457763672,1.9550000429153442
2019-08-14,255.69557189941406,22.100000381469727,1.9079999923706055
2019-08-15,256.3711242675781,21.18000030517578,1.843000054359436
2019-08-16,260.15374755859375,18.469999313354492,1.8229999542236328
2019-08-19,263.2880859375,16.8799991607666,1.8530000448226929
2019-08-20,261.2705993652344,17.5,1.899999976158142
2019-08-21,263.39617919921875,15.800000190734863,1.9279999732971191
2019-08-22,263.315185546875,16.68000030517578,1.937999963760376
2019-08-23,256.5513000488281,19.8700008392334,1.909999966621399
2019-08-26,259.3882751464844,19.31999969482422,1.9329999685287476
2019-08-27,258.3705139160156,20.309999465942383,1.9429999589920044
2019-08-28,260.1898498535156,19.350000381469727,1.940000057220459
2019-08-29,263.5132751464844,17.8799991607666,1.940000057220459
2019-08-30,263.39617919921875,18.979999542236328,1.9329999685287476
2019-09-03,261.8560791015625,19.65999984741211,1.909999966621399
2019-09-04,264.8282165527344,17.329999923706055,1.9049999713897705
2019-09-05,268.2326965332031,16.270000457763672,1.9199999570846558
2019-09-06,268.4398498535156,15.0,1.909999966621399
2019-09-09,268.574951171875,15.270000457763672,1.9079999923706055
2019-09-10,268.51190185546875,15.199999809265137,1.9129999876022339
2019-09-11,270.4212646484375,14.609999656677246,1.9129999876022339
2019-09-12,271.35797119140625,14.220000267028809,1.8949999809265137
2019-09-13,271.1777038574219,13.739999771118164,1.899999976158142
2019-09-16,270.3402404785156,14.670000076293945,1.9450000524520874
2019-09-17,271.0246887207031,14.4399995803833,1.937999963760376
2019-09-18,271.186767578125,13.949999809265137,1.8799999952316284
2019-09-19,271.16876220703125,14.050000190734863,1.8830000162124634
2019-09-20,269.8875732421875,15.319999694824219,1.850000023841858
2019-09-23,269.82421875,14.90999984741211,1.8450000286102295
2019-09-24,267.7070007324219,17.049999237060547,1.8799999952316284
2019-09-25,269.2904357910156,15.960000038146973,1.8450000286102295
2019-09-26,268.7294921875,16.06999969482422,1.7699999809265137
2019-09-27,267.2817077636719,17.219999313354492,1.7300000190734863
2019-09-30,268.521240234375,16.239999771118164,1.7699999809265137
2019-10-01,265.3273620605469,18.559999465942383,1.753000020980835
2019-10-02,260.6404113769531,20.559999465942383,1.7350000143051147
2019-10-03,262.7757263183594,19.1200008392334,1.6649999618530273
2019-10-04,266.3316955566406,17.040000915527344,1.6549999713897705
2019-10-07,265.1826171875,17.860000610351562,1.6729999780654907
2019-10-08,261.0656433105469,20.280000686645508,1.6549999713897705
2019-10-09,263.5447998046875,18.639999389648438,1.628000020980835
2019-10-10,265.3273620605469,17.56999969482422,1.6330000162124634
2019-10-11,268.0779724121094,15.579999923706055,1.6230000257492065
2019-10-14,267.7794189453125,14.569999694824219,1.6180000305175781
2019-10-15,270.4305419921875,13.539999961853027,1.6180000305175781
2019-10-16,269.9962463378906,13.680000305175781,1.6150000095367432
2019-10-17,270.79241943359375,13.789999961853027,1.625
2019-10-18,269.6072082519531,14.25,1.625
2019-10-21,271.4348449707031,14.0,1.625
2019-10-22,270.5480651855469,14.460000038146973,1.6150000095367432
2019-10-23,271.3353271484375,14.010000228881836,1.6150000095367432
2019-10-24,271.7786560058594,13.710000038146973,1.6230000257492065
2019-10-25,272.89154052734375,12.649999618530273,1.625
2019-10-28,274.4296569824219,13.109999656677246,1.6050000190734863
2019-10-29,274.34832763671875,13.199999809265137,1.5950000286102295
2019-10-30,275.18975830078125,12.329999923706055,1.5950000286102295
2019-10-31,274.4568786621094,13.220000267028809,1.4980000257492065
2019-11-01,276.9994201660156,12.300000190734863,1.4850000143051147
2019-11-04,278.1123352050781,12.829999923706055,1.503000020980835
2019-11-05,277.80474853515625,13.100000381469727,1.5180000066757202
2019-11-06,277.8680725097656,12.619999885559082,1.5149999856948853
2019-11-07,278.84527587890625,12.729999542236328,1.5180000066757202
2019-11-08,279.53289794921875,12.069999694824219,1.5099999904632568
2019-11-11,278.9991149902344,12.6899995803833,1.5130000114440918
2019-11-12,279.587158203125,12.680000305175781,1.5329999923706055
2019-11-13,279.67767333984375,13.0,1.534999966621399
2019-11-14,280.0848388671875,13.050000190734863,1.527999997138977
2019-11-15,282.1116027832031,12.050000190734863,1.527999997138977
2019-11-18,282.3197021484375,12.460000038146973,1.5230000019073486
2019-11-19,282.2383728027344,12.859999656677246,1.524999976158142
2019-11-20,281.188720703125,12.779999732971191,1.5199999809265137
2019-11-21,280.7363586425781,13.130000114440918,1.5299999713897705
2019-11-22,281.3607177734375,12.34000015258789,1.5429999828338623
2019-11-25,283.5412902832031,11.869999885559082,1.5449999570846558
2019-11-26,284.1836853027344,11.539999961853027,1.565000057220459
2019-11-27,285.4504089355469,11.75,1.565000057220459
2019-11-29,284.39178466796875,12.619999885559082,1.5399999618530273
2019-12-02,281.97589111328125,14.90999984741211,1.5379999876022339
2019-12-03,280.0848388671875,15.960000038146973,1.5379999876022339
2019-12-04,281.8130798339844,14.800000190734863,1.4980000257492065
2019-12-05,282.3197021484375,14.520000457763672,1.4930000305175781
2019-12-06,284.8984680175781,13.619999885559082,1.4800000190734863
2019-12-09,284.0027160644531,15.859999656677246,1.4980000257492065
2019-12-10,283.68597412109375,15.680000305175781,1.5149999856948853
2019-12-11,284.4913024902344,14.989999771118164,1.5199999809265137
2019-12-12,286.943359375,13.9399995803833,1.5299999713897705
2019-12-13,287.1152038574219,12.630000114440918,1.5230000019073486
2019-12-16,289.0877685546875,12.140000343322754,1.524999976158142
2019-12-17,289.1510009765625,12.289999961853027,1.5299999713897705
2019-12-18,289.16912841796875,12.579999923706055,1.5180000066757202
2019-12-19,290.35443115234375,12.5,1.5329999923706055
2019-12-20,291.62744140625,12.510000228881836,1.527999997138977
2019-12-23,292.0730285644531,12.609999656677246,1.5199999809265137
2019-12-24,292.0821533203125,12.670000076293945,1.5379999876022339
2019-12-26,293.6369323730469,12.649999618530273,1.534999966621399
2019-12-27,293.5641784667969,13.430000305175781,1.5180000066757202
2019-12-30,291.9456787109375,14.819999694824219,1.4900000095367432
2019-12-31,292.65496826171875,13.779999732971191,1.5049999952316284
2020-01-02,295.39178466796875,12.470000267028809,1.4950000047683716
2020-01-03,293.15496826171875,14.020000457763672,1.4730000495910645
2020-01-06,294.2733459472656,13.850000381469727,1.4880000352859497
2020-01-07,293.44598388671875,13.789999961853027,1.5
2020-01-08,295.0099792480469,13.449999809265137,1.4930000305175781
2020-01-09,297.01019287109375,12.539999961853027,1.5
2020-01-10,296.155517578125,12.5600004196167,1.4980000257492065
2020-01-13,298.1923522949219,12.319999694824219,1.5099999904632568
2020-01-14,297.7376403808594,12.390000343322754,1.5299999713897705
2020-01-15,298.4105224609375,12.420000076293945,1.5080000162124634
2020-01-16,300.892822265625,12.319999694824219,1.5180000066757202
2020-01-17,301.8293762207031,12.100000381469727,1.5230000019073486
2020-01-21,301.2383117675781,12.850000381469727,1.503000020980835
2020-01-22,301.274658203125,12.90999984741211,1.5130000114440918
2020-01-23,301.62017822265625,12.979999542236328,1.5149999856948853
2020-01-24,298.9378662109375,14.5600004196167,1.4900000095367432
2020-01-27,294.14605712890625,18.229999542236328,1.5049999952316284
2020-01-28,297.228515625,16.280000686645508,1.5299999713897705
2020-01-29,296.98309326171875,16.389999389648438,1.5199999809265137
2020-01-30,297.9468078613281,15.489999771118164,1.527999997138977
2020-01-31,292.53668212890625,18.84000015258789,1.5099999904632568
2020-02-03,294.70977783203125,17.969999313354492,1.5180000066757202
2020-02-04,299.2016296386719,16.049999237060547,1.5379999876022339
2020-02-05,302.6567687988281,15.149999618530273,1.5199999809265137
2020-02-06,303.6752014160156,14.960000038146973,1.5299999713897705
2020-02-07,302.0566711425781,15.470000267028809,1.5180000066757202
2020-02-10,304.3116149902344,15.039999961853027,1.5199999809265137
2020-02-11,304.8390197753906,15.180000305175781,1.5379999876022339
2020-02-12,306.8029479980469,13.739999771118164,1.534999966621399
2020-02-13,306.4757385253906,14.149999618530273,1.5449999570846558
2020-02-14,306.9667053222656,13.680000305175781,1.534999966621399
2020-02-18,306.1756591796875,14.829999923706055,1.534999966621399
2020-02-19,307.6395568847656,14.380000114440918,1.5429999828338623
2020-02-20,306.3756103515625,15.5600004196167,1.5379999876022339
2020-02-21,303.220458984375,17.079999923706055,1.5180000066757202
2020-02-24,293.1640319824219,25.030000686645508,1.503000020980835
2020-02-25,284.2806396484375,27.850000381469727,1.4900000095367432
2020-02-26,283.23492431640625,27.559999465942383,1.4780000448226929
2020-02-27,270.5144958496094,39.15999984741211,1.3949999809265137
2020-02-28,269.3777160644531,40.11000061035156,1.2300000190734863
2020-03-02,281.0436706542969,33.41999816894531,1.1349999904632568
2020-03-03,272.9966125488281,36.81999969482422,0.9179999828338623
2020-03-04,284.4715576171875,31.989999771118164,0.675000011920929
2020-03-05,275.0152282714844,39.619998931884766,0.5950000286102295
2020-03-06,270.4689025878906,41.939998626708984,0.41499999165534973
2020-03-09,249.34677124023438,54.459999084472656,0.33000001311302185
2020-03-10,262.2492370605469,47.29999923706055,0.38999998569488525
2020-03-11,249.46493530273438,53.900001525878906,0.36800000071525574
2020-03-12,225.5968475341797,75.47000122070312,0.27300000190734863
2020-03-13,244.88232421875,57.83000183105469,0.24300000071525574
2020-03-16,218.08636474609375,82.69000244140625,0.1850000023841858
2020-03-17,229.86131286621094,75.91000366210938,0.16500000655651093
2020-03-18,218.22276306152344,76.44999694824219,0.003000000026077032
2020-03-19,218.68646240234375,72.0,-0.02800000086426735
2020-03-20,209.26234436035156,66.04000091552734,-0.032999999821186066
2020-03-23,203.91188049316406,61.59000015258789,-0.03999999910593033
2020-03-24,222.38697814941406,61.66999816894531,-0.032999999821186066
2020-03-25,225.71615600585938,63.95000076293945,-0.07000000029802322
2020-03-26,238.8956298828125,61.0,-0.10499999672174454
2020-03-27,231.78001403808594,65.54000091552734,-0.057999998331069946
2020-03-30,239.3072052001953,57.08000183105469,0.013000000268220901
2020-03-31,235.74024963378906,53.540000915527344,0.029999999329447746
2020-04-01,225.13076782226562,57.060001373291016,0.06300000101327896
2020-04-02,230.3258056640625,50.90999984741211,0.06499999761581421
2020-04-03,226.9966278076172,46.79999923706055,0.057999998331069946
2020-04-06,242.2431182861328,45.2400016784668,0.05999999865889549
2020-04-07,242.4901123046875,46.70000076293945,0.12800000607967377
2020-04-08,250.6300506591797,43.349998474121094,0.1850000023841858
2020-04-09,254.4440155029297,41.66999816894531,0.20999999344348907
2020-04-13,252.12086486816406,41.16999816894531,0.20000000298023224
2020-04-14,259.556640625,37.7599983215332,0.16500000655651093
2020-04-15,254.04161071777344,40.84000015258789,0.11500000208616257
2020-04-16,255.26712036132812,40.11000061035156,0.10999999940395355
2020-04-17,262.1632995605469,38.150001525878906,0.10300000011920929
2020-04-20,257.5444641113281,43.83000183105469,0.07000000029802322
2020-04-21,249.72463989257812,45.40999984741211,0.09799999743700027
2020-04-22,255.26712036132812,41.97999954223633,0.09300000220537186
2020-04-23,255.2488555908203,41.380001068115234,0.09300000220537186
2020-04-24,258.8066711425781,35.93000030517578,0.10000000149011612
2020-04-27,262.5382080078125,33.290000915527344,0.09300000220537186
2020-04-28,261.3309631347656,33.56999969482422,0.08500000089406967
2020-04-29,268.17230224609375,31.229999542236328,0.09000000357627869
2020-04-30,265.67535400390625,34.150001525878906,0.09000000357627869
2020-05-01,258.6420593261719,37.189998626708984,0.09300000220537186
2020-05-04,259.35546875,35.970001220703125,0.09000000357627869
2020-05-05,261.7517395019531,33.61000061035156,0.10999999940395355
2020-05-06,259.9774475097656,34.119998931884766,0.1080000028014183
2020-05-07,263.1144714355469,31.440000534057617,0.0949999988079071
2020-05-08,267.46807861328125,27.979999542236328,0.0949999988079071
2020-05-11,267.52288818359375,27.56999969482422,0.10499999672174454
2020-05-12,262.1907043457031,33.040000915527344,0.12300000339746475
2020-05-13,257.5535888671875,35.279998779296875,0.11500000208616257
2020-05-14,260.6358642578125,32.61000061035156,0.10499999672174454
2020-05-15,261.833984375,31.889999389648438,0.10300000011920929
2020-05-18,269.8094482421875,29.299999237060547,0.10499999672174454
2020-05-19,267.0382080078125,30.530000686645508,0.11800000071525574
2020-05-20,271.5745544433594,27.989999771118164,0.11800000071525574
2020-05-21,269.6996765136719,29.530000686645508,0.10999999940395355
2020-05-22,270.21185302734375,28.15999984741211,0.10999999940395355
2020-05-26,273.5409851074219,28.010000228881836,0.11800000071525574
2020-05-27,277.6109619140625,27.6200008392334,0.13500000536441803
2020-05-28,277.0988464355469,28.59000015258789,0.1379999965429306
2020-05-29,278.3335266113281,27.510000228881836,0.12800000607967377
2020-06-01,279.4584655761719,28.229999542236328,0.12800000607967377
2020-06-02,281.7725524902344,26.84000015258789,0.14499999582767487
2020-06-03,285.52239990234375,25.65999984741211,0.14800000190734863
2020-06-04,284.7723388671875,25.809999465942383,0.14000000059604645
2020-06-05,292.0709228515625,24.520000457763672,0.14499999582767487
2020-06-08,295.6013488769531,25.809999465942383,0.15299999713897705
2020-06-09,293.39715576171875,27.56999969482422,0.16500000655651093
2020-06-10,291.760009765625,27.56999969482422,0.16500000655651093
2020-06-11,274.9403381347656,40.790000915527344,0.15299999713897705
2020-06-12,278.2329406738281,36.09000015258789,0.15000000596046448
2020-06-15,280.8304138183594,34.400001525878906,0.1550000011920929
2020-06-16,286.2357177734375,33.66999816894531,0.1599999964237213
2020-06-17,285.0467224121094,33.470001220703125,0.16500000655651093
2020-06-18,285.15655517578125,32.939998626708984,0.14000000059604645
2020-06-19,283.52691650390625,35.119998931884766,0.14300000667572021
2020-06-22,285.345703125,31.770000457763672,0.14000000059604645
2020-06-23,286.65936279296875,31.3700008392334,0.14000000059604645
2020-06-24,279.3471374511719,33.84000015258789,0.13500000536441803
2020-06-25,282.34185791015625,32.220001220703125,0.12999999523162842
2020-06-26,275.63580322265625,34.72999954223633,0.13300000131130219
2020-06-29,279.68701171875,31.780000686645508,0.125
2020-06-30,283.2696838378906,30.43000030517578,0.13500000536441803
2020-07-01,285.25390625,28.6200008392334,0.12999999523162842
2020-07-02,286.8247375488281,27.68000030517578,0.13300000131130219
2020-07-06,291.2525329589844,27.940000534057617,0.12800000607967377
2020-07-07,288.2486877441406,29.43000030517578,0.14000000059604645
2020-07-08,290.45343017578125,28.079999923706055,0.13500000536441803
2020-07-09,288.7999572753906,29.260000228881836,0.12300000339746475
2020-07-10,291.7486877441406,27.290000915527344,0.11999999731779099
2020-07-13,289.222412109375,32.189998626708984,0.125
2020-07-14,292.970458984375,29.520000457763672,0.13300000131130219
2020-07-15,295.66204833984375,27.760000228881836,0.125
2020-07-16,294.6883239746094,28.0,0.10300000011920929
2020-07-17,295.5425720214844,25.68000030517578,0.10499999672174454
2020-07-20,297.9310607910156,24.459999084472656,0.10499999672174454
2020-07-21,298.5648498535156,24.84000015258789,0.10999999940395355
2020-07-22,300.26434326171875,24.31999969482422,0.10000000149011612
2020-07-23,296.68170166015625,26.079999923706055,0.10300000011920929
2020-07-24,294.77099609375,25.84000015258789,0.09799999743700027
2020-07-27,296.9205627441406,24.739999771118164,0.09300000220537186
2020-07-28,295.0374755859375,25.440000534057617,0.10300000011920929
2020-07-29,298.666015625,24.100000381469727,0.09000000357627869
2020-07-30,297.6002502441406,24.760000228881836,0.08500000089406967
2020-07-31,299.9519958496094,24.459999084472656,0.08299999684095383
2020-08-03,302.0373229980469,24.280000686645508,0.07800000160932541
2020-08-04,303.2040100097656,23.760000228881836,0.09000000357627869
2020-08-05,305.0871276855469,22.989999771118164,0.0949999988079071
2020-08-06,307.1264953613281,22.649999618530273,0.08799999952316284
2020-08-07,307.3470458984375,22.209999084472656,0.08799999952316284
2020-08-10,308.26568603515625,22.1299991607666,0.08799999952316284
2020-08-11,305.7210388183594,24.030000686645508,0.10000000149011612
2020-08-12,309.9835205078125,22.280000686645508,0.10000000149011612
2020-08-13,309.4231262207031,22.1299991607666,0.09000000357627869
2020-08-14,309.43231201171875,22.049999237060547,0.08799999952316284
2020-08-17,310.4152526855469,21.350000381469727,0.08500000089406967
2020-08-18,311.0859069824219,21.510000228881836,0.10000000149011612
2020-08-19,309.7906494140625,22.540000915527344,0.0949999988079071
2020-08-20,310.7550964355469,22.719999313354492,0.08799999952316284
2020-08-21,311.8575439453125,22.540000915527344,0.08799999952316284
2020-08-24,315.0176696777344,22.3700008392334,0.08500000089406967
2020-08-25,316.1200256347656,22.030000686645508,0.0949999988079071
2020-08-26,319.2893371582031,23.270000457763672,0.09300000220537186
2020-08-27,319.9873962402344,24.469999313354492,0.0949999988079071
2020-08-28,322.05438232421875,22.959999084472656,0.0949999988079071
2020-08-31,320.8876953125,26.40999984741211,0.0949999988079071
2020-09-01,323.9100646972656,26.1200008392334,0.10000000149011612
2020-09-02,328.594970703125,26.56999969482422,0.10000000149011612
2020-09-03,317.2865905761719,33.599998474121094,0.10000000149011612
2020-09-04,314.6960754394531,30.75,0.10300000011920929
2020-09-08,306.0976867675781,31.459999084472656,0.1080000028014183
2020-09-09,312.1423034667969,28.809999465942383,0.10499999672174454
2020-09-10,306.7223815917969,29.709999084472656,0.10300000011920929
2020-09-11,306.8785705566406,26.8700008392334,0.10300000011920929
2020-09-14,310.9205627441406,25.850000381469727,0.10000000149011612
2020-09-15,312.4913330078125,25.59000015258789,0.10000000149011612
2020-09-16,311.251220703125,26.040000915527344,0.10000000149011612
2020-09-17,308.5137023925781,26.459999084472656,0.08500000089406967
2020-09-18,304.9619140625,25.829999923706055,0.08299999684095383
2020-09-21,301.5678405761719,27.780000686645508,0.07999999821186066
2020-09-22,304.6390686035156,26.860000610351562,0.08799999952316284
2020-09-23,297.5743103027344,28.579999923706055,0.08799999952316284
2020-09-24,298.3674011230469,28.510000228881836,0.09300000220537186
2020-09-25,303.1910400390625,26.3799991607666,0.09000000357627869
2020-09-28,308.22686767578125,26.190000534057617,0.08799999952316284
2020-09-29,306.5482482910156,26.270000457763672,0.08500000089406967
2020-09-30,308.8725280761719,26.3700008392334,0.08500000089406967
2020-10-01,310.85546875,26.700000762939453,0.08299999684095383
2020-10-02,307.90399169921875,27.6299991607666,0.08500000089406967
2020-10-05,313.36419677734375,27.959999084472656,0.08500000089406967
2020-10-06,308.9093017578125,29.479999542236328,0.08799999952316284
2020-10-07,314.2864990234375,28.059999465942383,0.08799999952316284
2020-10-08,317.0718078613281,26.360000610351562,0.08799999952316284
2020-10-09,319.9032897949219,25.0,0.09300000220537186
2020-10-12,325.0497741699219,25.06999969482422,0.09000000357627869
2020-10-13,322.9286193847656,26.06999969482422,0.09300000220537186
2020-10-14,320.89935302734375,26.399999618530273,0.10000000149011612
2020-10-15,320.5028381347656,26.969999313354492,0.0949999988079071
2020-10-16,320.30914306640625,27.40999984741211,0.09000000357627869
2020-10-19,315.43927001953125,29.18000030517578,0.09000000357627869
2020-10-20,316.7028503417969,29.350000381469727,0.0949999988079071
2020-10-21,316.1034240722656,28.649999618530273,0.09000000357627869
2020-10-22,317.8372802734375,28.110000610351562,0.08500000089406967
2020-10-23,318.91644287109375,27.549999237060547,0.08299999684095383
2020-10-26,313.02288818359375,32.459999084472656,0.07999999821186066
2020-10-27,311.9436950683594,33.349998474121094,0.09000000357627869
2020-10-28,301.2819519042969,40.279998779296875,0.09000000357627869
2020-10-29,304.3438720703125,37.59000015258789,0.08299999684095383
2020-10-30,301.1712646484375,38.02000045776367,0.08299999684095383
2020-11-02,304.5469055175781,37.130001068115234,0.08299999684095383
2020-11-03,309.9239501953125,35.54999923706055,0.09000000357627869
2020-11-04,316.8504638671875,29.56999969482422,0.08299999684095383
2020-11-05,323.0298767089844,27.579999923706055,0.08500000089406967
2020-11-06,322.9561767578125,24.860000610351562,0.08299999684095383
2020-11-09,327.01434326171875,25.75,0.08799999952316284
2020-11-10,326.5346984863281,24.799999237060547,0.09000000357627869
2020-11-11,328.9604187011719,23.450000762939453,0.09000000357627869
2020-11-12,325.76922607421875,25.350000381469727,0.08500000089406967
2020-11-13,330.279296875,23.100000381469727,0.08299999684095383
2020-11-16,334.40203857421875,22.450000762939453,0.07500000298023224
2020-11-17,332.603515625,22.709999084472656,0.07999999821186066
2020-11-18,328.6007080078125,23.84000015258789,0.07500000298023224
2020-11-19,329.98419189453125,23.110000610351562,0.05999999865889549
2020-11-20,327.7244567871094,23.700000762939453,0.057999998331069946
2020-11-23,329.68902587890625,22.65999984741211,0.07000000029802322
2020-11-24,335.0015563964844,21.639999389648438,0.07999999821186066
2020-11-25,334.4851379394531,21.25,0.07999999821186066
2020-11-27,335.41656494140625,20.84000015258789,0.0729999989271164
2020-11-30,333.931640625,20.56999969482422,0.07500000298023224
2020-12-01,337.5840148925781,20.770000457763672,0.07999999821186066
2020-12-02,338.2941589355469,21.170000076293945,0.07500000298023224
2020-12-03,338.2019348144531,21.280000686645508,0.07500000298023224
2020-12-04,341.116455078125,20.790000915527344,0.07500000298023224
2020-12-07,340.4155578613281,21.299999237060547,0.07000000029802322
2020-12-08,341.41156005859375,20.68000030517578,0.06800000369548798
2020-12-09,338.34954833984375,22.270000457763672,0.07000000029802322
2020-12-10,338.2388000488281,22.520000457763672,0.07000000029802322
2020-12-11,337.8421630859375,23.309999465942383,0.06499999761581421
2020-12-14,336.3296813964844,24.719999313354492,0.05999999865889549
2020-12-15,340.87664794921875,22.889999389648438,0.07000000029802322
2020-12-16,341.41156005859375,22.5,0.07500000298023224
2020-12-17,343.32080078125,21.93000030517578,0.07999999821186066
2020-12-18,341.949951171875,21.56999969482422,0.07999999821186066
2020-12-21,340.727294921875,25.15999984741211,0.07800000160932541
2020-12-22,340.1530456542969,24.229999542236328,0.07800000160932541
2020-12-23,340.4587097167969,23.309999465942383,0.07500000298023224
2020-12-24,341.783203125,21.530000686645508,0.07500000298023224
2020-12-28,344.7193603515625,21.700000762939453,0.07999999821186066
2020-12-29,344.0617980957031,23.079999923706055,0.09000000357627869
2020-12-30,344.5527038574219,22.770000457763672,0.07000000029802322
2020-12-31,346.3032531738281,22.75,0.06499999761581421
2021-01-04,341.5886535644531,26.969999313354492,0.06800000369548798
2021-01-05,343.9413757324219,25.34000015258789,0.07800000160932541
2021-01-06,345.99761962890625,25.06999969482422,0.07800000160932541
2021-01-07,351.13818359375,22.3700008392334,0.07999999821186066
2021-01-08,353.1390686035156,21.559999465942383,0.07999999821186066
2021-01-11,350.7585144042969,24.079999923706055,0.07999999821186066
2021-01-12,350.8325500488281,23.329999923706055,0.07999999821186066
2021-01-13,351.77734375,22.209999084472656,0.07999999821186066
2021-01-14,350.5455017089844,23.25,0.07500000298023224
2021-01-15,347.9891052246094,24.34000015258789,0.07500000298023224
2021-01-19,350.72137451171875,23.239999771118164,0.0729999989271164
2021-01-20,355.5749816894531,21.579999923706055,0.07500000298023224
2021-01-21,355.899169921875,21.31999969482422,0.0729999989271164
2021-01-22,354.63946533203125,21.90999984741211,0.07000000029802322
2021-01-25,356.0379943847656,23.190000534057617,0.07000000029802322
2021-01-26,355.4822692871094,23.020000457763672,0.06800000369548798
2021-01-27,346.7941589355469,37.209999084472656,0.05999999865889549
2021-01-28,349.7766418457031,30.209999084472656,0.054999999701976776
2021-01-29,342.7743225097656,33.09000015258789,0.04800000041723251
2021-02-01,348.47991943359375,30.239999771118164,0.04800000041723251
2021-02-02,353.40765380859375,25.559999465942383,0.05000000074505806
2021-02-03,353.68536376953125,22.90999984741211,0.03999999910593033
2021-02-04,357.70526123046875,21.770000457763672,0.029999999329447746
2021-02-05,359.1131896972656,20.8700008392334,0.023000000044703484
2021-02-08,361.70672607421875,21.239999771118164,0.019999999552965164
2021-02-09,361.46575927734375,21.6299991607666,0.032999999821186066
2021-02-10,361.308349609375,21.989999771118164,0.03500000014901161
2021-02-11,361.89190673828125,21.25,0.03500000014901161
2021-02-12,363.6795349121094,19.969999313354492,0.03500000014901161
2021-02-16,363.3647155761719,21.459999084472656,0.03500000014901161
2021-02-17,363.447998046875,21.5,0.03500000014901161
2021-02-18,361.9011535644531,22.489999771118164,0.023000000044703484
2021-02-19,361.26214599609375,22.049999237060547,0.023000000044703484
2021-02-22,358.4833068847656,23.450000762939453,0.02500000037252903
2021-02-23,358.918701171875,23.110000610351562,0.023000000044703484
2021-02-24,362.87371826171875,21.34000015258789,0.02800000086426735
2021-02-25,354.1300048828125,28.889999389648438,0.032999999821186066
2021-02-26,352.30523681640625,27.950000762939453,0.03500000014901161
2021-03-01,360.84527587890625,23.350000381469727,0.02800000086426735
2021-03-02,358.029541015625,24.100000381469727,0.03500000014901161
2021-03-03,353.28717041015625,26.670000076293945,0.03500000014901161
2021-03-04,348.9153137207031,28.56999969482422,0.02800000086426735
2021-03-05,355.3341064453125,24.65999984741211,0.02800000086426735
2021-03-08,353.5650329589844,25.469999313354492,0.03500000014901161
2021-03-09,358.61309814453125,24.030000686645508,0.03500000014901161
2021-03-10,360.84527587890625,22.559999465942383,0.029999999329447746
2021-03-11,364.50390625,21.90999984741211,0.02800000086426735
2021-03-12,364.994873046875,20.690000534057617,0.02500000037252903
2021-03-15,367.17144775390625,20.030000686645508,0.014999999664723873
2021-03-16,366.70843505859375,19.790000915527344,0.00800000037997961
2021-03-17,367.9588317871094,19.229999542236328,0.00800000037997961
2021-03-18,362.60516357421875,21.579999923706055,0.003000000026077032
2021-03-19,361.9341735839844,20.950000762939453,0.004999999888241291
2021-03-22,364.8241882324219,18.8799991607666,0.004999999888241291
2021-03-23,361.9527893066406,20.299999237060547,0.009999999776482582
2021-03-24,360.1128845214844,21.200000762939453,0.014999999664723873
2021-03-25,362.1387023925781,19.809999465942383,0.014999999664723873
2021-03-26,367.9744873046875,18.860000610351562,0.014999999664723873
2021-03-29,367.7886962890625,20.739999771118164,0.00800000037997961
2021-03-30,366.8128662109375,19.610000610351562,0.013000000268220901
2021-03-31,368.2996826171875,19.399999618530273,0.013000000268220901
2021-04-01,372.27703857421875,17.329999923706055,0.00800000037997961
2021-04-05,377.6203308105469,17.90999984741211,0.014999999664723873
2021-04-06,377.3974304199219,18.1200008392334,0.014999999664723873
2021-04-07,377.83404541015625,17.15999984741211,0.009999999776482582
2021-04-08,379.62762451171875,16.950000762939453,0.004999999888241291
2021-04-09,382.3875732421875,16.690000534057617,0.003000000026077032
2021-04-12,382.5269775390625,16.90999984741211,0.009999999776482582
2021-04-13,383.66064453125,16.649999618530273,0.014999999664723873
2021-04-14,382.35040283203125,16.989999771118164,0.014999999664723873
2021-04-15,386.457763671875,16.56999969482422,0.009999999776482582
2021-04-16,387.7493896484375,16.25,0.00800000037997961
2021-04-19,385.84442138671875,17.290000915527344,0.014999999664723873
2021-04-20,383.0195007324219,18.68000030517578,0.014999999664723873
2021-04-21,386.6436767578125,17.5,0.013000000268220901
2021-04-22,383.11236572265625,18.709999084472656,0.014999999664723873
2021-04-23,387.2662353515625,17.329999923706055,0.014999999664723873
2021-04-26,388.07470703125,17.639999389648438,0.00800000037997961
2021-04-27,387.99102783203125,17.559999465942383,0.009999999776482582
2021-04-28,387.8795166015625,17.280000686645508,0.00800000037997961
2021-04-29,390.35137939453125,17.610000610351562,0.00800000037997961
2021-04-30,387.78662109375,18.610000610351562,0.003000000026077032
2021-05-03,388.62298583984375,18.309999465942383,0.004999999888241291
2021-05-04,386.2254638671875,19.479999542236328,0.009999999776482582
2021-05-05,386.34625244140625,19.149999618530273,0.00800000037997961
2021-05-06,389.4314880371094,18.389999389648438,0.00800000037997961
2021-05-07,392.26568603515625,16.690000534057617,0.00800000037997961
2021-05-10,388.38140869140625,19.65999984741211,0.004999999888241291
2021-05-11,384.91522216796875,21.84000015258789,0.009999999776482582
2021-05-12,376.7375183105469,27.59000015258789,0.009999999776482582
2021-05-13,381.2631530761719,23.1299991607666,0.00800000037997961
2021-05-14,387.1174621582031,18.809999465942383,0.004999999888241291
2021-05-17,386.1325378417969,19.719999313354492,0.004999999888241291
2021-05-18,382.8058166503906,21.34000015258789,0.009999999776482582
2021-05-19,381.8020935058594,22.18000030517578,0.004999999888241291
2021-05-20,385.9094543457031,20.670000076293945,0.003000000026077032
2021-05-21,385.59356689453125,20.149999618530273,0.003000000026077032
2021-05-24,389.5244140625,18.399999618530273,0.003000000026077032
2021-05-25,388.66015625,18.84000015258789,0.009999999776482582
2021-05-26,389.4314880371094,17.360000610351562,0.004999999888241291
2021-05-27,389.6358642578125,16.739999771118164,0.004999999888241291
2021-05-28,390.33294677734375,16.760000228881836,0.00800000037997961
2021-06-01,389.989013671875,17.899999618530273,0.009999999776482582
2021-06-02,390.602294921875,17.479999542236328,0.014999999664723873
2021-06-03,389.1526184082031,18.040000915527344,0.014999999664723873
2021-06-04,392.71173095703125,16.420000076293945,0.014999999664723873
2021-06-07,392.3307800292969,16.420000076293945,0.017999999225139618
2021-06-08,392.4144287109375,17.06999969482422,0.019999999552965164
2021-06-09,391.8290100097656,17.889999389648438,0.019999999552965164
2021-06-10,393.6503601074219,16.100000381469727,0.019999999552965164
2021-06-11,394.3008728027344,15.649999618530273,0.017999999225139618
2021-06-14,395.1837463378906,16.389999389648438,0.014999999664723873
2021-06-15,394.4588623046875,17.020000457763672,0.019999999552965164
2021-06-16,392.25640869140625,18.149999618530273,0.02800000086426735
2021-06-17,392.1263427734375,17.75,0.02800000086426735
2021-06-18,386.83636474609375,20.700000762939453,0.02800000086426735
2021-06-21,392.37432861328125,17.889999389648438,0.029999999329447746
2021-06-22,394.4720153808594,16.65999984741211,0.03799999877810478
2021-06-23,393.9965515136719,16.31999969482422,0.03999999910593033
2021-06-24,396.327392578125,15.970000267028809,0.0430000014603138
2021-06-25,397.735107421875,15.619999885559082,0.0430000014603138
2021-06-28,398.5369567871094,15.760000228881836,0.03999999910593033
2021-06-29,398.7514343261719,16.020000457763672,0.03999999910593033
2021-06-30,399.0870056152344,15.829999923706055,0.03999999910593033
2021-07-01,401.296630859375,15.479999542236328,0.03999999910593033
2021-07-02,404.3639831542969,15.069999694824219,0.03799999877810478
2021-07-06,403.6274108886719,16.440000534057617,0.03999999910593033
2021-07-07,405.0538330078125,16.200000762939453,0.0430000014603138
2021-07-08,401.75347900390625,19.0,0.0430000014603138
2021-07-09,406.04205322265625,16.18000030517578,0.0430000014603138
2021-07-12,407.4964599609375,16.170000076293945,0.0430000014603138
2021-07-13,406.10736083984375,17.1200008392334,0.04500000178813934
2021-07-14,406.71337890625,16.329999923706055,0.04500000178813934
2021-07-15,405.32421875,17.010000228881836,0.03799999877810478
2021-07-16,402.1449279785156,18.450000762939453,0.03799999877810478
2021-07-19,396.2061462402344,22.5,0.03999999910593033
2021-07-20,401.8839416503906,19.729999542236328,0.04500000178813934
2021-07-21,405.1377258300781,17.90999984741211,0.04500000178813934
2021-07-22,405.9861145019531,17.690000534057617,0.0430000014603138
2021-07-23,410.1629638671875,17.200000762939453,0.04500000178813934
2021-07-26,411.16973876953125,17.579999923706055,0.03999999910593033
2021-07-27,409.29583740234375,19.360000610351562,0.04500000178813934
2021-07-28,409.1280212402344,18.309999465942383,0.04500000178813934
2021-07-29,410.82489013671875,17.700000762939453,0.03999999910593033
2021-07-30,408.8297119140625,18.239999771118164,0.03999999910593033
2021-08-02,407.971923828125,19.459999084472656,0.03799999877810478
2021-08-03,411.2910461425781,18.040000915527344,0.04500000178813934
2021-08-04,409.2679138183594,17.969999313354492,0.04500000178813934
2021-08-05,411.8597717285156,17.280000686645508,0.0430000014603138
2021-08-06,412.540283203125,16.149999618530273,0.0430000014603138
2021-08-09,412.20477294921875,16.719999313354492,0.04500000178813934
2021-08-10,412.7174377441406,16.790000915527344,0.05000000074505806
2021-08-11,413.7430114746094,16.170000076293945,0.04500000178813934
2021-08-12,414.98297119140625,15.59000015258789,0.0430000014603138
2021-08-13,415.73809814453125,15.449999809265137,0.04500000178813934
2021-08-16,416.71710205078125,16.1200008392334,0.057999998331069946
2021-08-17,413.98541259765625,17.90999984741211,0.06300000101327896
2021-08-18,409.4543762207031,21.56999969482422,0.054999999701976776
2021-08-19,410.08837890625,21.670000076293945,0.0430000014603138
2021-08-20,413.3514709472656,18.559999465942383,0.0430000014603138
2021-08-23,416.9875183105469,17.149999618530273,0.03999999910593033
2021-08-24,417.6493835449219,17.219999313354492,0.04800000041723251
2021-08-25,418.5257568359375,16.790000915527344,0.04500000178813934
2021-08-26,416.0551452636719,18.84000015258789,0.0430000014603138
2021-08-27,419.7751770019531,16.389999389648438,0.0430000014603138
2021-08-30,421.6211242675781,16.190000534057617,0.03799999877810478
2021-08-31,420.9964599609375,16.479999542236328,0.03999999910593033
2021-09-01,421.2201843261719,16.110000610351562,0.03999999910593033
2021-09-02,422.51611328125,16.40999984741211,0.03999999910593033
2021-09-03,422.41357421875,16.40999984741211,0.03999999910593033
2021-09-07,420.9031982421875,18.139999389648438,0.03500000014901161
2021-09-08,420.3904724121094,17.959999084472656,0.03999999910593033
2021-09-09,418.5910339355469,18.799999237060547,0.03799999877810478
2021-09-10,415.2906494140625,20.950000762939453,0.03799999877810478
2021-09-13,416.353515625,19.3700008392334,0.03799999877810478
2021-09-14,414.10662841796875,19.459999084472656,0.03500000014901161
2021-09-15,417.56549072265625,18.18000030517578,0.03500000014901161
2021-09-16,416.903564453125,18.690000534057617,0.029999999329447746
2021-09-17,412.8424377441406,20.809999465942383,0.02800000086426735
2021-09-20,405.958740234375,25.709999084472656,0.02500000037252903
2021-09-21,405.5751647949219,24.360000610351562,0.019999999552965164
2021-09-22,409.53143310546875,20.8700008392334,0.02500000037252903
2021-09-23,414.50732421875,18.6299991607666,0.02500000037252903
2021-09-24,415.1900939941406,17.75,0.02500000037252903
2021-09-27,414.0023193359375,18.760000228881836,0.02500000037252903
2021-09-28,405.6593322753906,23.25,0.029999999329447746
2021-09-29,406.34210205078125,22.559999465942383,0.029999999329447746
2021-09-30,401.3756103515625,23.139999389648438,0.02800000086426735
2021-10-01,406.1457214355469,21.100000381469727,0.02800000086426735
2021-10-04,400.9079895019531,22.959999084472656,0.02800000086426735
2021-10-05,405.0794372558594,21.299999237060547,0.03500000014901161
2021-10-06,406.76300048828125,21.0,0.03999999910593033
2021-10-07,410.2798156738281,19.540000915527344,0.03999999910593033
2021-10-08,409.53143310546875,18.770000457763672,0.03999999910593033
2021-10-11,406.5665588378906,20.0,0.03999999910593033
2021-10-12,405.5657653808594,19.850000381469727,0.03999999910593033
2021-10-13,407.02490234375,18.639999389648438,0.04500000178813934
2021-10-14,413.87139892578125,16.860000610351562,0.03999999910593033
2021-10-15,417.02325439453125,16.299999237060547,0.03799999877810478
2021-10-18,418.2579345703125,16.309999465942383,0.0430000014603138
2021-10-19,421.4846496582031,15.699999809265137,0.05000000074505806
2021-10-20,423.14019775390625,15.489999771118164,0.05000000074505806
2021-10-21,424.24383544921875,15.010000228881836,0.05000000074505806
2021-10-22,423.8042297363281,15.430000305175781,0.05000000074505806
2021-10-25,426.07696533203125,15.239999771118164,0.05000000074505806
2021-10-26,426.46051025390625,15.979999542236328,0.05000000074505806
2021-10-27,424.5711669921875,16.979999542236328,0.05000000074505806
2021-10-28,428.6678466796875,16.530000686645508,0.04800000041723251
2021-10-29,429.53759765625,16.260000228881836,0.04800000041723251
2021-11-01,430.27655029296875,16.40999984741211,0.03999999910593033
2021-11-02,432.01617431640625,16.030000686645508,0.04500000178813934
2021-11-03,434.6537780761719,15.100000381469727,0.04500000178813934
2021-11-04,436.7020263671875,15.4399995803833,0.03500000014901161
2021-11-05,438.21734619140625,16.479999542236328,0.03999999910593033
2021-11-08,438.59130859375,17.219999313354492,0.03500000014901161
2021-11-09,437.1416320800781,17.780000686645508,0.03999999910593033
2021-11-10,433.6249084472656,18.729999542236328,0.04500000178813934
2021-11-11,433.7652282714844,17.65999984741211,0.03999999910593033
2021-11-12,437.0387878417969,16.290000915527344,0.0430000014603138
2021-11-15,437.1883850097656,16.489999771118164,0.03799999877810478
2021-11-16,438.918701171875,16.3700008392334,0.03999999910593033
2021-11-17,437.8525085449219,17.110000610351562,0.04500000178813934
2021-11-18,439.3396301269531,17.59000015258789,0.04500000178813934
2021-11-19,438.553955078125,17.90999984741211,0.04500000178813934
2021-11-22,437.3193359375,19.170000076293945,0.03999999910593033
2021-11-23,437.89923095703125,19.3799991607666,0.04500000178813934
2021-11-24,439.0683898925781,18.579999923706055,0.05000000074505806
2021-11-26,429.27569580078125,28.6200008392334,0.0430000014603138
2021-11-29,434.5415344238281,22.959999084472656,0.03799999877810478
2021-11-30,426.0863342285156,27.190000534057617,0.04800000041723251
2021-12-01,421.3537292480469,31.1200008392334,0.05000000074505806
2021-12-02,427.8073425292969,27.950000762939453,0.0430000014603138
2021-12-03,424.0848083496094,30.670000076293945,0.0430000014603138
2021-12-06,429.1074523925781,27.18000030517578,0.0430000014603138
2021-12-07,437.9833679199219,21.889999389648438,0.057999998331069946
2021-12-08,439.14324951171875,19.899999618530273,0.05999999865889549
2021-12-09,436.17828369140625,21.579999923706055,0.05299999937415123
2021-12-10,440.28424072265625,18.690000534057617,0.05000000074505806
2021-12-13,436.3840026855469,20.309999465942383,0.0430000014603138
2021-12-14,433.3817443847656,21.889999389648438,0.04800000041723251
2021-12-15,440.1533508300781,19.290000915527344,0.04500000178813934
2021-12-16,436.2718505859375,20.56999969482422,0.03500000014901161
2021-12-17,431.6285705566406,21.56999969482422,0.029999999329447746
2021-12-20,427.0389709472656,22.8700008392334,0.03799999877810478
2021-12-21,434.6227722167969,21.010000228881836,0.06499999761581421
2021-12-22,438.9683837890625,18.6299991607666,0.06499999761581421
2021-12-23,441.69976806640625,17.959999084472656,0.057999998331069946
2021-12-27,447.95068359375,17.68000030517578,0.0430000014603138
2021-12-28,447.5846252441406,17.540000915527344,0.05000000074505806
2021-12-29,448.15716552734375,16.950000762939453,0.04500000178813934
2021-12-30,446.918212890625,17.329999923706055,0.02500000037252903
2021-12-31,445.79193115234375,17.219999313354492,0.032999999821186066
2022-01-03,448.373046875,16.600000381469727,0.05299999937415123
2022-01-04,448.2229309082031,16.90999984741211,0.07999999821186066
2022-01-05,439.61602783203125,19.729999542236328,0.08500000089406967
2022-01-06,439.2029724121094,19.610000610351562,0.09000000357627869
2022-01-07,437.4666748046875,18.760000228881836,0.08799999952316284
2022-01-10,436.92230224609375,19.399999618530273,0.09000000357627869
2022-01-11,440.9018859863281,18.40999984741211,0.11800000071525574
2022-01-12,442.09381103515625,17.6200008392334,0.11500000208616257
2022-01-13,436.00244140625,20.309999465942383,0.10999999940395355
2022-01-14,436.1808166503906,19.190000534057617,0.11800000071525574
2022-01-18,428.4562683105469,22.790000915527344,0.12999999523162842
2022-01-19,424.00732421875,23.850000381469727,0.16500000655651093
2022-01-20,419.3144226074219,25.59000015258789,0.1679999977350235
2022-01-21,411.08294677734375,28.850000381469727,0.15800000727176666
2022-01-24,412.8287353515625,29.899999618530273,0.1550000011920929
2022-01-25,407.78851318359375,31.15999984741211,0.1850000023841858
2022-01-26,406.7654113769531,31.959999084472656,0.17800000309944153
2022-01-27,404.7568664550781,30.489999771118164,0.1850000023841858
2022-01-28,414.80914306640625,27.65999984741211,0.17299999296665192
2022-01-31,422.2803039550781,24.829999923706055,0.17299999296665192
2022-02-01,425.1335754394531,21.959999084472656,0.2029999941587448
2022-02-02,429.2633056640625,22.09000015258789,0.1850000023841858
2022-02-03,419.1735534667969,24.350000381469727,0.19300000369548798
2022-02-04,421.14459228515625,23.219999313354492,0.22300000488758087
2022-02-07,419.79302978515625,22.860000610351562,0.2029999941587448
2022-02-08,423.24700927734375,21.440000534057617,0.2750000059604645
2022-02-09,429.441650390625,19.959999084472656,0.27000001072883606
2022-02-10,421.7265625,23.90999984741211,0.3700000047683716
2022-02-11,413.41064453125,27.360000610351562,0.33799999952316284
2022-02-14,412.05902099609375,28.329999923706055,0.36000001430511475
2022-02-15,418.7042541503906,25.700000762939453,0.4000000059604645
2022-02-16,419.1735534667969,24.290000915527344,0.37299999594688416
2022-02-17,410.2194519042969,28.110000610351562,0.3449999988079071
2022-02-18,407.5632019042969,27.75,0.3179999887943268
2022-02-22,403.1894226074219,28.809999465942383,0.33000001311302185
2022-02-23,396.03741455078125,31.020000457763672,0.3400000035762787
2022-02-24,401.9974060058594,30.31999969482422,0.28299999237060547
2022-02-25,410.8670654296875,27.59000015258789,0.2980000078678131
2022-02-28,409.8158874511719,30.149999618530273,0.2879999876022339
2022-03-01,403.5742492675781,33.31999969482422,0.31299999356269836
2022-03-02,410.99847412109375,30.739999771118164,0.32499998807907104
2022-03-03,408.9523620605469,30.479999542236328,0.33500000834465027
2022-03-04,405.6297302246094,31.979999542236328,0.3050000071525574
2022-03-07,393.6721496582031,36.45000076293945,0.3050000071525574
2022-03-08,390.6874084472656,35.130001068115234,0.36000001430511475
2022-03-09,401.1619567871094,32.45000076293945,0.3700000047683716
2022-03-10,399.35064697265625,30.229999542236328,0.36000001430511475
2022-03-11,394.2728576660156,30.75,0.36500000953674316
2022-03-14,391.391357421875,31.770000457763672,0.3779999911785126
2022-03-15,399.99822998046875,29.829999923706055,0.4480000138282776
2022-03-16,408.86785888671875,26.670000076293945,0.43299999833106995
2022-03-17,413.9831848144531,25.670000076293945,0.36000001430511475
2022-03-18,418.5174560546875,23.8700008392334,0.382999986410141
2022-03-21,418.3950500488281,23.530000686645508,0.45500001311302185
2022-03-22,423.2908020019531,22.940000534057617,0.5199999809265137
2022-03-23,417.8395080566406,23.56999969482422,0.47999998927116394
2022-03-24,424.13818359375,21.670000076293945,0.4830000102519989
2022-03-25,426.2095642089844,20.809999465942383,0.5199999809265137
2022-03-28,429.2412109375,19.6299991607666,0.5080000162124634
2022-03-29,434.55126953125,18.899999618530273,0.5550000071525574
2022-03-30,431.86798095703125,19.329999923706055,0.5249999761581421
2022-03-31,425.2209777832031,20.559999465942383,0.49300000071525574
2022-04-01,426.4260559082031,19.6299991607666,0.5
2022-04-04,430.0791015625,18.56999969482422,0.5379999876022339
2022-04-05,424.6466979980469,21.030000686645508,0.6679999828338623
2022-04-06,420.40045166015625,22.100000381469727,0.6629999876022339
2022-04-07,422.51885986328125,21.549999237060547,0.6600000262260437
2022-04-08,421.3890380859375,21.15999984741211,0.6679999828338623
2022-04-11,414.1865539550781,24.3700008392334,0.6800000071525574
2022-04-12,412.65191650390625,24.260000228881836,0.7379999756813049
2022-04-13,417.3782653808594,21.81999969482422,0.7400000095367432
2022-04-14,412.1811218261719,22.700000762939453,0.7480000257492065
2022-04-18,412.3506164550781,22.170000076293945,0.7549999952316284
2022-04-19,419.0070495605469,21.3700008392334,0.8330000042915344
2022-04-20,418.6962890625,20.31999969482422,0.7950000166893005
2022-04-21,412.4353332519531,22.68000030517578,0.800000011920929
2022-04-22,401.11846923828125,28.209999084472656,0.7799999713897705
2022-04-25,403.4440002441406,27.020000457763672,0.7979999780654907
2022-04-26,391.75994873046875,33.52000045776367,0.8330000042915344
2022-04-27,392.86138916015625,31.600000381469727,0.8080000281333923
2022-04-28,402.78497314453125,29.989999771118164,0.7850000262260437
2022-04-29,387.899658203125,33.400001525878906,0.8080000281333923
2022-05-02,390.2347106933594,32.34000015258789,0.7649999856948853
2022-05-03,392.0234680175781,29.25,0.8949999809265137
2022-05-04,403.96173095703125,25.420000076293945,0.8330000042915344
2022-05-05,389.6038818359375,31.200000762939453,0.8029999732971191
2022-05-06,387.2783203125,30.190000534057617,0.8149999976158142
2022-05-09,374.8787841796875,34.75,0.800000011920929
2022-05-10,375.744873046875,32.9900016784668,0.878000020980835
2022-05-11,369.7757568359375,32.560001373291016,0.8830000162124634
2022-05-12,369.3897399902344,31.770000457763672,0.9049999713897705
2022-05-13,378.22113037109375,28.8700008392334,0.9430000185966492
2022-05-16,376.6864013671875,27.469999313354492,0.9800000190734863
2022-05-17,384.43499755859375,26.100000381469727,1.0379999876022339
2022-05-18,368.93780517578125,30.959999084472656,1.003000020980835
2022-05-19,366.67822265625,29.350000381469727,1.0
2022-05-20,366.8382568359375,29.43000030517578,0.9779999852180481
2022-05-23,373.70184326171875,28.479999542236328,0.9929999709129333
2022-05-24,370.84918212890625,29.450000762939453,1.0429999828338623
2022-05-25,374.1254577636719,28.3700008392334,1.0449999570846558
2022-05-26,381.6009826660156,27.5,1.027999997138977
2022-05-27,390.9690246582031,25.719999313354492,1.024999976158142
2022-05-31,388.7752685546875,26.190000534057617,1.0299999713897705
2022-06-01,385.6307373046875,25.690000534057617,1.1030000448226929
2022-06-02,392.97442626953125,24.719999313354492,1.1130000352859497
2022-06-03,386.5251770019531,24.790000915527344,1.1349999904632568
2022-06-06,387.7020263671875,25.06999969482422,1.159999966621399
2022-06-07,391.4209899902344,24.020000457763672,1.225000023841858
2022-06-08,387.1654052734375,23.959999084472656,1.2330000400543213
2022-06-09,377.95745849609375,26.09000015258789,1.2380000352859497
2022-06-10,366.99835205078125,27.75,1.2879999876022339
2022-06-13,353.0640869140625,34.02000045776367,1.4980000257492065
2022-06-14,352.0001525878906,32.689998626708984,1.7430000305175781
2022-06-15,357.01837158203125,29.6200008392334,1.6950000524520874
2022-06-16,345.2025146484375,32.95000076293945,1.4830000400543213
2022-06-17,345.9466552734375,31.1299991607666,1.5099999904632568
2022-06-21,354.6554260253906,30.190000534057617,1.4880000352859497
2022-06-22,354.0124816894531,28.950000762939453,1.5449999570846558
2022-06-23,357.4826354980469,29.049999237060547,1.559999942779541
2022-06-24,368.848388671875,27.229999542236328,1.5980000495910645
2022-06-27,367.4395446777344,26.950000762939453,1.6330000162124634
2022-06-28,359.93170166015625,28.360000610351562,1.7380000352859497
2022-06-29,359.63861083984375,28.15999984741211,1.7050000429153442
2022-06-30,356.7167053222656,28.709999084472656,1.600000023841858
2022-07-01,360.4895935058594,26.700000762939453,1.6030000448226929
2022-07-05,361.17041015625,27.540000915527344,1.6299999952316284
2022-07-06,362.39019775390625,26.729999542236328,1.840000033378601
2022-07-07,367.8177795410156,26.079999923706055,1.8530000448226929
2022-07-08,367.51519775390625,24.639999389648438,1.843000054359436
2022-07-11,363.3167724609375,26.170000076293945,1.9529999494552612
2022-07-12,360.101806640625,27.290000915527344,2.11299991607666
2022-07-13,358.2107849121094,26.81999969482422,2.322999954223633
2022-07-14,357.3408508300781,26.399999618530273,2.2730000019073486
2022-07-15,364.1678466796875,24.229999542236328,2.240000009536743
2022-07-18,361.1609191894531,25.299999237060547,2.259999990463257
2022-07-19,370.91925048828125,24.5,2.450000047683716
2022-07-20,373.28314208984375,23.8799991607666,2.378000020980835
2022-07-21,377.0843505859375,23.110000610351562,2.359999895095825
2022-07-22,373.58575439453125,23.030000686645508,2.3550000190734863
2022-07-25,374.0396728515625,23.360000610351562,2.3929998874664307
2022-07-26,369.61431884765625,24.690000534057617,2.4749999046325684
2022-07-27,379.21185302734375,23.239999771118164,2.382999897003174
2022-07-28,383.9681701660156,22.329999923706055,2.308000087738037
2022-07-29,389.56585693359375,21.329999923706055,2.2980000972747803
2022-08-01,388.41229248046875,22.84000015258789,2.265000104904175
2022-08-02,385.8497619628906,23.93000030517578,2.4630000591278076
2022-08-03,391.8919982910156,21.950000762939453,2.427999973297119
2022-08-04,391.6272888183594,21.440000534057617,2.378000020980835
2022-08-05,390.96527099609375,21.149999618530273,2.4100000858306885
2022-08-08,390.5114440917969,21.290000915527344,2.4600000381469727
2022-08-09,388.9607849121094,21.770000457763672,2.569999933242798
2022-08-10,397.1304626464844,19.739999771118164,2.5350000858306885
2022-08-11,397.1304626464844,20.200000762939453,2.490000009536743
2022-08-12,403.85345458984375,19.530000686645508,2.5
2022-08-15,405.5176696777344,19.950000762939453,2.513000011444092
2022-08-16,406.31195068359375,19.690000534057617,2.5980000495910645
2022-08-17,403.427978515625,19.899999618530273,2.568000078201294
2022-08-18,404.6005554199219,19.559999465942383,2.565000057220459
2022-08-19,399.1634521484375,20.600000381469727,2.5799999237060547
2022-08-22,390.8518371582031,23.799999237060547,2.6480000019073486
2022-08-23,389.9063720703125,24.110000610351562,2.703000068664551
2022-08-24,391.15447998046875,22.81999969482422,2.7130000591278076
2022-08-25,396.6766662597656,21.780000686645508,2.7300000190734863
2022-08-26,383.2494201660156,25.559999465942383,2.755000114440918
2022-08-29,380.7153625488281,26.209999084472656,2.7980000972747803
2022-08-30,376.5358581542969,26.209999084472656,2.872999906539917
2022-08-31,373.6708068847656,25.8700008392334,2.859999895095825
2022-09-01,374.8433532714844,25.559999465942383,2.86299991607666
2022-09-02,370.89080810546875,25.469999313354492,2.819999933242798
2022-09-06,369.4914245605469,26.90999984741211,2.8450000286102295
2022-09-07,376.1292724609375,24.639999389648438,2.933000087738037
2022-09-08,378.58782958984375,23.610000610351562,2.950000047683716
2022-09-09,384.46929931640625,22.790000915527344,2.9679999351501465
2022-09-12,388.6014404296875,23.8700008392334,2.994999885559082
2022-09-13,371.7040710449219,27.270000457763672,3.1530001163482666
2022-09-14,373.1224060058594,26.15999984741211,3.128000020980835
2022-09-15,368.8862609863281,26.270000457763672,3.0950000286102295
2022-09-16,366.07208251953125,26.299999237060547,3.069999933242798
2022-09-19,368.910888671875,25.760000228881836,3.0350000858306885
2022-09-20,364.6763916015625,27.15999984741211,3.243000030517578
2022-09-21,358.3150634765625,27.989999771118164,3.190000057220459
2022-09-22,355.3052062988281,27.350000381469727,3.130000114440918
2022-09-23,349.3522033691406,29.920000076293945,3.1080000400543213
2022-09-26,345.8961181640625,32.2599983215332,3.1649999618530273
2022-09-27,345.0131530761719,32.599998474121094,3.25
2022-09-28,351.80169677734375,30.18000030517578,3.2300000190734863
2022-09-29,344.4529113769531,31.84000015258789,3.2179999351501465
2022-09-30,339.1264953613281,31.6200008392334,3.180000066757202
2022-10-03,348.0798645019531,30.100000381469727,3.1500000953674316
2022-10-04,358.86572265625,29.06999969482422,3.315000057220459
2022-10-05,358.0301818847656,28.549999237060547,3.2929999828338623
2022-10-06,354.33685302734375,30.520000457763672,3.2880001068115234
2022-10-07,344.4529113769531,31.360000610351562,3.2929999828338623
2022-10-10,341.8229675292969,32.45000076293945,3.2850000858306885
2022-10-11,339.658203125,33.630001068115234,3.3399999141693115
2022-10-12,338.53790283203125,33.56999969482422,3.5329999923706055
2022-10-13,347.47222900390625,31.940000534057617,3.5829999446868896
2022-10-14,339.5538330078125,32.02000045776367,3.628000020980835
2022-10-17,348.2792663574219,31.3700008392334,3.687999963760376
2022-10-18,352.3714294433594,30.5,3.8329999446868896
2022-10-19,349.8743896484375,30.760000228881836,3.8929998874664307
2022-10-20,346.9405212402344,29.979999542236328,3.890000104904175
2022-10-21,355.3717041015625,29.690000534057617,3.884999990463257
2022-10-24,359.7201843261719,29.850000381469727,3.9130001068115234
2022-10-25,365.46441650390625,28.459999084472656,3.9649999141693115
2022-10-26,362.7109680175781,27.280000686645508,3.930000066757202
2022-10-27,360.7740783691406,27.389999389648438,3.930000066757202
2022-10-28,369.3571472167969,25.75,3.9700000286102295
2022-10-31,366.689208984375,25.8799991607666,3.9749999046325684
2022-11-01,365.0845947265625,25.809999465942383,4.050000190734863
2022-11-02,355.92242431640625,25.860000610351562,4.025000095367432
2022-11-03,352.25750732421875,25.299999237060547,4.025000095367432
2022-11-04,357.3275451660156,24.549999237060547,4.013000011444092
2022-11-07,360.7455749511719,24.350000381469727,3.9830000400543213
2022-11-08,362.6920166015625,25.540000915527344,4.090000152587891
2022-11-09,355.21978759765625,26.09000015258789,4.0929999351501465
2022-11-10,374.7406005859375,23.530000686645508,4.054999828338623
2022-11-11,378.3675537109375,22.520000457763672,4.063000202178955
2022-11-14,375.1488952636719,23.729999542236328,4.067999839782715
2022-11-15,378.3484802246094,24.540000915527344,4.130000114440918
2022-11-16,375.462158203125,24.110000610351562,4.125
2022-11-17,374.3132629394531,23.93000030517578,4.11299991607666
2022-11-18,376.01287841796875,23.1200008392334,4.135000228881836
2022-11-21,374.6456298828125,22.360000610351562,4.0980000495910645
2022-11-22,379.687255859375,21.290000915527344,4.197999954223633
2022-11-23,382.07989501953125,20.350000381469727,4.199999809265137
2022-11-25,381.9943542480469,20.5,4.175000190734863
2022-11-28,375.89892578125,22.209999084472656,4.183000087738037
2022-11-29,375.2533264160156,21.889999389648438,4.252999782562256
2022-11-30,387.0739440917969,20.579999923706055,4.252999782562256
2022-12-01,386.7891540527344,19.84000015258789,4.192999839782715
2022-12-02,386.3429260253906,19.059999465942383,4.208000183105469
2022-12-05,379.3929443359375,20.75,4.1579999923706055
2022-12-06,373.92401123046875,22.170000076293945,4.21999979019165
2022-12-07,373.2879333496094,22.68000030517578,4.183000087738037
2022-12-08,376.21221923828125,22.290000915527344,4.150000095367432
2022-12-09,373.40185546875,22.829999923706055,4.172999858856201
2022-12-12,378.78521728515625,25.0,4.168000221252441
2022-12-13,381.652587890625,22.549999237060547,4.248000144958496
2022-12-14,379.2125549316406,21.139999389648438,4.21999979019165
2022-12-15,369.9363708496094,22.829999923706055,4.2129998207092285
2022-12-16,365.5688171386719,22.6200008392334,4.163000106811523
2022-12-19,362.46893310546875,22.420000076293945,4.163000106811523
2022-12-20,362.9649658203125,21.479999542236328,4.230000019073486
2022-12-21,368.3921203613281,20.06999969482422,4.204999923706055
2022-12-22,363.1365966796875,21.969999313354492,4.208000183105469
2022-12-23,365.2254638671875,20.8700008392334,4.192999839782715
2022-12-27,363.7851867675781,21.649999618530273,4.195000171661377
2022-12-28,359.2641296386719,22.139999389648438,4.3379998207092285
2022-12-29,365.7309875488281,21.440000534057617,4.295000076293945
2022-12-30,364.7676086425781,21.670000076293945,4.260000228881836
2023-01-03,363.23199462890625,22.899999618530273,4.255000114440918
2023-01-04,366.03619384765625,22.010000228881836,4.400000095367432
2023-01-05,361.8584899902344,22.459999084472656,4.498000144958496
2023-01-06,370.1566467285156,21.1299991607666,4.493000030517578
2023-01-09,369.9468078613281,21.969999313354492,4.482999801635742
2023-01-10,372.5412292480469,20.579999923706055,4.565000057220459
2023-01-11,377.2530822753906,21.09000015258789,4.554999828338623
2023-01-12,378.6265869140625,18.829999923706055,4.474999904632568
2023-01-13,380.09539794921875,18.350000381469727,4.48799991607666
2023-01-17,379.399169921875,19.360000610351562,4.493000030517578
2023-01-18,373.4091796875,20.34000015258789,4.53000020980835
2023-01-19,370.6908264160156,20.520000457763672,4.525000095367432
2023-01-20,377.596435546875,19.850000381469727,4.538000106811523
2023-01-23,382.1270446777344,19.809999465942383,4.534999847412109
2023-01-24,381.7169189453125,19.200000762939453,4.572999954223633
2023-01-25,381.8600158691406,19.079999923706055,4.545000076293945
2023-01-26,386.0567932128906,18.729999542236328,4.543000221252441
2023-01-27,386.94384765625,18.510000228881836,4.547999858856201
2023-01-30,382.08892822265625,19.940000534057617,4.534999847412109
2023-01-31,387.7068786621094,19.399999618530273,4.570000171661377
2023-02-01,391.8273010253906,17.8700008392334,4.519999980926514
2023-02-02,397.5312194824219,18.729999542236328,4.510000228881836
2023-02-03,393.3058166503906,18.329999923706055,4.5229997634887695
2023-02-06,390.9021301269531,19.43000030517578,4.5329999923706055
2023-02-07,396.0146179199219,18.65999984741211,4.570000171661377
2023-02-08,391.68426513671875,19.6299991607666,4.585000038146973
2023-02-09,388.2887268066406,20.709999084472656,4.61299991607666
2023-02-10,389.19482421875,20.530000686645508,4.635000228881836
2023-02-13,393.7635498046875,20.34000015258789,4.644999980926514
2023-02-14,393.58233642578125,18.90999984741211,4.659999847412109
2023-02-15,394.8604736328125,18.229999542236328,4.64300012588501
2023-02-16,389.4237060546875,20.170000076293945,4.664999961853027
2023-02-17,388.4508972167969,20.020000457763672,4.679999828338623
2023-02-21,380.6581115722656,22.8700008392334,4.688000202178955
2023-02-22,380.13360595703125,22.290000915527344,4.695000171661377
2023-02-23,382.1556396484375,21.139999389648438,4.690000057220459
2023-02-24,378.0733947753906,21.670000076293945,4.703000068664551
2023-02-27,379.36102294921875,20.950000762939453,4.664999961853027
2023-02-28,377.9588928222656,20.700000762939453,4.710000038146973
2023-03-01,376.5091552734375,20.579999923706055,4.724999904632568
2023-03-02,379.437255859375,19.59000015258789,4.7230000495910645
2023-03-03,385.52264404296875,18.489999771118164,4.7179999351501465
2023-03-06,385.78973388671875,18.610000610351562,4.728000164031982
2023-03-07,379.8760070800781,19.59000015258789,4.84499979019165
2023-03-08,380.4960632324219,19.110000610351562,4.882999897003174
2023-03-09,373.4759826660156,22.610000610351562,4.8480000495910645
2023-03-10,368.0868835449219,24.799999237060547,4.802999973297119
2023-03-13,367.56231689453125,26.520000457763672,4.6579999923706055
2023-03-14,373.63812255859375,23.729999542236328,4.679999828338623
2023-03-15,371.3013000488281,26.139999389648438,4.558000087738037
2023-03-16,377.8158264160156,22.989999771118164,4.53000020980835
2023-03-17,373.39813232421875,25.510000228881836,4.293000221252441
2023-03-20,376.988525390625,24.149999618530273,4.465000152587891
2023-03-21,381.9386291503906,21.3799991607666,4.605000019073486
2023-03-22,375.4278869628906,22.260000228881836,4.563000202178955
2023-03-23,376.4428405761719,22.610000610351562,4.502999782562256
2023-03-24,378.9131164550781,21.739999771118164,4.502999782562256
2023-03-27,379.62158203125,20.600000381469727,4.583000183105469
2023-03-28,378.7694396972656,19.969999313354492,4.627999782562256
2023-03-29,384.2747497558594,19.1200008392334,4.630000114440918
2023-03-30,386.5248718261719,19.020000457763672,4.664999961853027
2023-03-31,391.9728088378906,18.700000762939453,4.585000038146973
2023-04-03,393.4664306640625,18.549999237060547,4.570000171661377
2023-04-04,391.283447265625,19.0,4.728000164031982
2023-04-05,390.2589111328125,19.079999923706055,4.704999923706055
2023-04-06,391.7812805175781,18.399999618530273,4.710000038146973
2023-04-10,392.18341064453125,18.969999313354492,4.8379998207092285
2023-04-11,392.2887268066406,19.100000381469727,4.880000114440918
2023-04-12,390.6898193359375,19.09000015258789,4.860000133514404
2023-04-13,395.8791809082031,17.799999237060547,4.855000019073486
2023-04-14,394.91217041015625,17.06999969482422,4.9029998779296875
2023-04-17,396.3291931152344,16.950000762939453,4.922999858856201
2023-04-18,396.5877380371094,16.829999923706055,5.03000020980835
2023-04-19,396.52069091796875,16.459999084472656,4.994999885559082
2023-04-20,394.3568420410156,17.170000076293945,4.945000171661377
2023-04-21,394.6632385253906,16.770000457763672,4.949999809265137
2023-04-24,395.0749206542969,16.889999389648438,4.873000144958496
2023-04-25,388.8035888671875,18.760000228881836,4.953000068664551
2023-04-26,387.1567687988281,18.84000015258789,4.985000133514404
2023-04-27,394.8642883300781,17.030000686645508,5.0
2023-04-28,398.2345275878906,15.779999732971191,4.922999858856201
2023-05-01,397.8323974609375,16.079999923706055,4.864999771118164
2023-05-02,393.361083984375,17.780000686645508,5.039999961853027
2023-05-03,390.6610412597656,18.34000015258789,5.09499979019165
2023-05-04,387.89398193359375,20.09000015258789,5.054999828338623
2023-05-05,395.0749206542969,17.190000534057617,5.079999923706055
2023-05-08,395.1802062988281,16.979999542236328,5.083000183105469
2023-05-09,393.44720458984375,17.709999084472656,5.123000144958496
2023-05-10,395.28558349609375,16.940000534057617,5.065000057220459
2023-05-11,394.59619140625,16.93000030517578,5.014999866485596
2023-05-12,394.0791320800781,17.030000686645508,5.0279998779296875
2023-05-15,395.43878173828125,17.1200008392334,5.0
2023-05-16,392.7961730957031,17.989999771118164,5.058000087738037
2023-05-17,397.5643005371094,16.8700008392334,5.0879998207092285
2023-05-18,401.3941345214844,16.049999237060547,5.125
2023-05-19,400.8100891113281,16.809999465942383,5.085000038146973
2023-05-22,400.97283935546875,17.209999084472656,5.09499979019165
2023-05-23,396.4728088378906,18.530000686645508,5.1529998779296875
2023-05-24,393.6004333496094,20.030000686645508,5.184999942779541
2023-05-25,397.0089416503906,19.139999389648438,5.163000106811523
2023-05-26,402.1505126953125,17.950000762939453,5.114999771118164
2023-05-30,402.3037414550781,17.459999084472656,5.14300012588501
2023-05-31,400.0728454589844,17.940000534057617,5.248000144958496
2023-06-01,403.87396240234375,15.649999618530273,5.203000068664551
2023-06-02,409.71441650390625,14.600000381469727,5.215000152587891
2023-06-05,408.9293212890625,14.729999542236328,5.14300012588501
2023-06-06,409.8197326660156,13.960000038146973,5.1579999923706055
2023-06-07,408.4027404785156,13.9399995803833,5.1529998779296875
2023-06-08,410.8728942871094,13.649999618530273,5.099999904632568
2023-06-09,411.6102294921875,13.829999923706055,5.09499979019165
2023-06-12,415.34423828125,15.010000228881836,5.09499979019165
2023-06-13,418.0826110839844,14.609999656677246,5.099999904632568
2023-06-14,418.5804748535156,13.880000114440918,5.079999923706055
2023-06-15,423.7698669433594,14.5,5.054999828338623
2023-06-16,422.32647705078125,13.539999961853027,5.065000057220459
2023-06-20,420.1352844238281,13.880000114440918,5.074999809265137
2023-06-21,417.9826965332031,13.199999809265137,5.135000228881836
2023-06-22,419.491455078125,12.90999984741211,5.135000228881836
2023-06-23,416.3200378417969,13.4399995803833,5.138000011444092
2023-06-26,414.6191101074219,14.25,5.15500020980835
2023-06-27,419.1646728515625,13.739999771118164,5.179999828338623
2023-06-28,419.37615966796875,13.430000305175781,5.170000076293945
2023-06-29,421.0290832519531,13.539999961853027,5.175000190734863
2023-06-30,425.99749755859375,13.59000015258789,5.1529998779296875
2023-07-03,426.4875793457031,13.569999694824219,5.144999980926514
2023-07-05,425.85333251953125,14.180000305175781,5.192999839782715
2023-07-06,422.5185852050781,15.4399995803833,5.2129998207092285
2023-07-07,421.4518127441406,14.829999923706055,5.2129998207092285
2023-07-10,422.5185852050781,15.069999694824219,5.224999904632568
2023-07-11,425.2094421386719,14.84000015258789,5.243000030517578
2023-07-12,428.6306457519531,13.539999961853027,5.230000019073486
2023-07-13,432.0326232910156,13.609999656677246,5.2230000495910645
2023-07-14,431.7635498046875,13.34000015258789,5.215000152587891
2023-07-17,433.2627868652344,13.479999542236328,5.232999801635742
2023-07-18,436.48211669921875,13.300000190734863,5.248000144958496
2023-07-19,437.4527587890625,13.760000228881836,5.244999885559082
2023-07-20,434.55047607421875,13.989999771118164,5.243000030517578
2023-07-21,434.55047607421875,13.600000381469727,5.248000144958496
2023-07-24,436.49176025390625,13.90999984741211,5.25
2023-07-25,437.6834716796875,13.859999656677246,5.264999866485596
2023-07-26,437.750732421875,13.1899995803833,5.26800012588501
2023-07-27,434.848388671875,14.40999984741211,5.26800012588501
2023-07-28,439.105712890625,13.329999923706055,5.255000114440918
2023-07-31,439.94183349609375,13.630000114440918,5.248000144958496
2023-08-01,438.6828308105469,13.930000305175781,5.260000228881836
2023-08-02,432.5804443359375,16.09000015258789,5.260000228881836
2023-08-03,431.3407287597656,15.920000076293945,5.257999897003174
2023-08-04,429.3898620605469,17.100000381469727,5.252999782562256
2023-08-07,433.13775634765625,15.770000457763672,5.260000228881836
2023-08-08,431.2542419433594,15.989999771118164,5.275000095367432
2023-08-09,428.3711853027344,15.960000038146973,5.28000020980835
2023-08-10,428.5249938964844,15.850000381469727,5.26800012588501
2023-08-11,428.2750549316406,14.84000015258789,5.264999866485596
2023-08-14,430.6391906738281,14.819999694824219,5.269999980926514
2023-08-15,425.6226806640625,16.459999084472656,5.28000020980835
2023-08-16,422.4994201660156,16.780000686645508,5.284999847412109
2023-08-17,419.280029296875,17.889999389648438,5.2779998779296875
2023-08-18,419.4818420410156,17.299999237060547,5.2779998779296875
2023-08-21,422.2110290527344,17.1299991607666,5.28000020980835
2023-08-22,421.0674743652344,16.969999313354492,5.295000076293945
2023-08-23,425.75726318359375,15.979999542236328,5.295000076293945
2023-08-24,419.8566589355469,17.200000762939453,5.302999973297119
2023-08-25,422.8165588378906,15.680000305175781,5.315000057220459
2023-08-28,425.497802734375,15.079999923706055,5.322999954223633
2023-08-29,431.6482849121094,14.449999809265137,5.320000171661377
2023-08-30,433.4261169433594,13.880000114440918,5.315000057220459
2023-08-31,432.7918395996094,13.569999694824219,5.297999858856201
2023-09-01,433.59912109375,13.09000015258789,5.26800012588501
2023-09-05,431.7251281738281,14.010000228881836,5.2779998779296875
2023-09-06,428.8229064941406,14.449999809265137,5.300000190734863
2023-09-07,427.5063171386719,14.399999618530273,5.2829999923706055
2023-09-08,428.1501770019531,13.84000015258789,5.293000221252441
2023-09-11,430.9659729003906,13.800000190734863,5.293000221252441
2023-09-12,428.601806640625,14.229999542236328,5.304999828338623
2023-09-13,429.1015625,13.479999542236328,5.304999828338623
2023-09-14,432.80145263671875,12.819999694824219,5.295000076293945
2023-09-15,427.5869140625,13.789999961853027,5.297999858856201
2023-09-18,427.8376159667969,14.0,5.300000190734863
2023-09-19,426.950439453125,14.109999656677246,5.309999942779541
2023-09-20,423.0253601074219,15.140000343322754,5.315000057220459
2023-09-21,416.0334167480469,17.540000915527344,5.304999828338623
2023-09-22,415.09796142578125,17.200000762939453,5.304999828338623
2023-09-25,416.84356689453125,16.899999618530273,5.313000202178955
2023-09-26,410.71954345703125,18.940000534057617,5.324999809265137
2023-09-27,410.88348388671875,18.219999313354492,5.329999923706055
2023-09-28,413.26556396484375,17.34000015258789,5.308000087738037
2023-09-29,412.2625427246094,17.520000457763672,5.300000190734863
2023-10-02,412.0986328125,17.610000610351562,5.315000057220459
2023-10-03,406.5822448730469,19.780000686645508,5.340000152587891
2023-10-04,409.5429992675781,18.579999923706055,5.335000038146973
2023-10-05,409.38861083984375,18.489999771118164,5.324999809265137
2023-10-06,414.2492370605469,17.450000762939453,5.3480000495910645
2023-10-09,416.9013671875,17.700000762939453,5.3480000495910645
2023-10-10,419.0713195800781,17.030000686645508,5.322999954223633
2023-10-11,420.7879333496094,16.09000015258789,5.335000038146973
2023-10-12,418.2226257324219,16.690000534057617,5.335000038146973
2023-10-13,416.1394348144531,19.31999969482422,5.328000068664551
2023-10-16,420.5178527832031,17.209999084472656,5.328000068664551
2023-10-17,420.4985656738281,17.8799991607666,5.340000152587891
2023-10-18,414.8953552246094,19.219999313354492,5.329999923706055
2023-10-19,411.24993896484375,21.399999618530273,5.309999942779541
2023-10-20,406.1965026855469,21.709999084472656,5.300000190734863
2023-10-23,405.4924621582031,20.3700008392334,5.293000221252441
2023-10-24,408.5495910644531,18.969999313354492,5.308000087738037
2023-10-25,402.68603515625,20.190000534057617,5.315000057220459
2023-10-26,397.8640441894531,20.68000030517578,5.300000190734863
2023-10-27,396.060546875,21.270000457763672,5.304999828338623
2023-10-30,400.79583740234375,19.75,5.313000202178955
2023-10-31,403.3128967285156,18.139999389648438,5.320000171661377
2023-11-01,407.6141662597656,16.8700008392334,5.300000190734863
2023-11-02,415.42584228515625,15.65999984741211,5.269999980926514
2023-11-03,419.2159118652344,14.90999984741211,5.252999782562256
2023-11-06,420.18035888671875,14.890000343322754,5.260000228881836
2023-11-07,421.37615966796875,14.8100004196167,5.2729997634887695
2023-11-08,421.68475341796875,14.449999809265137,5.26800012588501
2023-11-09,418.39617919921875,15.289999961853027,5.263000011444092
2023-11-10,424.9251708984375,14.170000076293945,5.25
2023-11-13,424.5201416015625,14.760000228881836,5.260000228881836
2023-11-14,432.7561340332031,14.15999984741211,5.252999782562256
2023-11-15,433.6722106933594,14.180000305175781,5.255000114440918
2023-11-16,434.2027587890625,14.319999694824219,5.243000030517578
2023-11-17,434.7428283691406,13.800000190734863,5.232999801635742
2023-11-20,438.0892639160156,13.40999984741211,5.23799991607666
2023-11-21,437.134521484375,13.350000381469727,5.255000114440918
2023-11-22,438.82220458984375,12.850000381469727,5.264999866485596
2023-11-24,439.09222412109375,12.460000038146973,5.252999782562256
2023-11-27,438.30145263671875,12.6899995803833,5.257999897003174
2023-11-28,438.7354431152344,12.6899995803833,5.260000228881836
2023-11-29,438.42681884765625,12.979999542236328,5.239999771118164
2023-11-30,440.15301513671875,12.920000076293945,5.23799991607666
2023-12-01,442.7569274902344,12.630000114440918,5.215000152587891
2023-12-04,440.4327087402344,13.079999923706055,5.2230000495910645
2023-12-05,440.345947265625,12.850000381469727,5.243000030517578
2023-12-06,438.5714416503906,12.970000267028809,5.243000030517578
2023-12-07,441.9178771972656,13.0600004196167,5.232999801635742
2023-12-08,443.81781005859375,12.350000381469727,5.232999801635742
2023-12-11,445.5440979003906,12.630000114440918,5.232999801635742
2023-12-12,447.5789794921875,12.069999694824219,5.248000144958496
2023-12-13,453.7511901855469,12.1899995803833,5.2230000495910645
2023-12-14,455.2073974609375,12.479999542236328,5.215000152587891
2023-12-15,454.4578552246094,12.279999732971191,5.224999904632568
2023-12-18,457.0142517089844,12.5600004196167,5.224999904632568
2023-12-19,459.7933654785156,12.529999732971191,5.23799991607666
2023-12-20,453.4218444824219,13.670000076293945,5.230000019073486
2023-12-21,457.7211608886719,13.649999618530273,5.210000038146973
2023-12-22,458.6410217285156,13.029999732971191,5.208000183105469
2023-12-26,460.5776672363281,12.989999771118164,5.203000068664551
2023-12-27,461.4104309082031,12.430000305175781,5.235000133514404
2023-12-28,461.5846862792969,12.470000267028809,5.2179999351501465
2023-12-29,460.2483825683594,12.449999809265137,5.179999828338623
2024-01-02,457.6727294921875,13.199999809265137,5.2129998207092285
2024-01-03,453.93505859375,14.039999961853027,5.235000133514404
2024-01-04,452.4729309082031,14.130000114440918,5.228000164031982
2024-01-05,453.0926208496094,13.350000381469727,5.21999979019165
2024-01-08,459.5609130859375,13.079999923706055,5.21999979019165
2024-01-09,458.8637390136719,12.760000228881836,5.230000019073486
2024-01-10,461.4588317871094,12.6899995803833,5.224999904632568
2024-01-11,461.25543212890625,12.4399995803833,5.2179999351501465
2024-01-12,461.5749816894531,12.699999809265137,5.197999954223633
2024-01-16,459.88043212890625,13.84000015258789,5.203000068664551
2024-01-17,457.32415771484375,14.789999961853027,5.215000152587891
2024-01-18,461.39105224609375,14.130000114440918,5.199999809265137
2024-01-19,467.1427917480469,13.300000190734863,5.197999954223633
2024-01-22,468.1305236816406,13.1899995803833,5.199999809265137
2024-01-23,469.4958190917969,12.550000190734863,5.210000038146973
2024-01-24,470.0090026855469,13.140000343322754,5.210000038146973
2024-01-25,472.5653991699219,13.449999809265137,5.195000171661377
2024-01-26,471.9649963378906,13.260000228881836,5.199999809265137
2024-01-29,475.7026672363281,13.600000381469727,5.199999809265137
2024-01-30,475.334716796875,13.3100004196167,5.203000068664551
2024-01-31,467.5785827636719,14.350000381469727,5.188000202178955
2024-02-01,473.69830322265625,13.880000114440918,5.199999809265137
2024-02-02,478.6850891113281,13.850000381469727,5.210000038146973
2024-02-05,476.9421081542969,13.670000076293945,5.228000164031982
2024-02-06,478.32684326171875,13.0600004196167,5.2230000495910645
2024-02-07,482.3162841796875,12.829999923706055,5.2230000495910645
2024-02-08,482.5293273925781,12.789999961853027,5.2179999351501465
2024-02-09,485.3179931640625,12.930000305175781,5.21999979019165
2024-02-12,485.10498046875,13.930000305175781,5.228000164031982
2024-02-13,478.4237060546875,15.850000381469727,5.232999801635742
2024-02-14,482.77142333984375,14.380000114440918,5.2179999351501465
2024-02-15,486.1023254394531,14.010000228881836,5.2179999351501465
2024-02-16,483.68157958984375,14.239999771118164,5.2230000495910645
2024-02-20,481.01873779296875,15.420000076293945,5.2129998207092285
2024-02-21,481.4544677734375,15.34000015258789,5.235000133514404
2024-02-22,491.41839599609375,14.539999961853027,5.232999801635742
2024-02-23,491.7572937011719,13.75,5.239999771118164
2024-02-26,489.95623779296875,13.739999771118164,5.25
2024-02-27,490.8664245605469,13.430000305175781,5.244999885559082
2024-02-28,490.21771240234375,13.84000015258789,5.239999771118164
2024-02-29,491.9800109863281,13.399999618530273,5.2230000495910645
2024-03-01,496.5988464355469,13.109999656677246,5.215000152587891
2024-03-04,496.0662841796875,13.489999771118164,5.2230000495910645
2024-03-05,491.1085205078125,14.460000038146973,5.224999904632568
2024-03-06,493.5970764160156,14.5,5.230000019073486
2024-03-07,498.4967346191406,14.4399995803833,5.228000164031982
2024-03-08,495.504638671875,14.739999771118164,5.228000164031982
2024-03-11,495.07861328125,15.220000267028809,5.239999771118164
2024-03-12,500.4043273925781,13.84000015258789,5.239999771118164
2024-03-13,499.6199645996094,13.75,5.23799991607666
2024-03-14,498.6323547363281,14.399999618530273,5.23799991607666
2024-03-15,495.2084045410156,14.40999984741211,5.23799991607666
2024-03-18,498.1515197753906,14.329999923706055,5.23799991607666
2024-03-19,500.9198913574219,13.819999694824219,5.23799991607666
2024-03-20,505.55303955078125,13.039999961853027,5.228000164031982
2024-03-21,507.22369384765625,12.920000076293945,5.228000164031982
2024-03-22,506.2620544433594,13.0600004196167,5.21999979019165
2024-03-25,504.8633728027344,13.1899995803833,5.2179999351501465
2024-03-26,503.9307861328125,13.239999771118164,5.2179999351501465
2024-03-27,508.165771484375,12.779999732971191,5.215000152587891
2024-03-28,508.0686950683594,13.010000228881836,5.203000068664551
2024-04-01,507.1847839355469,13.649999618530273,5.2179999351501465
2024-04-02,503.9600524902344,14.609999656677246,5.2129998207092285
2024-04-03,504.5136413574219,14.329999923706055,5.210000038146973
2024-04-04,498.35546875,16.350000381469727,5.203000068664551
2024-04-05,503.5617980957031,16.030000686645508,5.215000152587891
2024-04-08,503.843505859375,15.1899995803833,5.2230000495910645
2024-04-09,504.42626953125,14.979999542236328,5.21999979019165
2024-04-10,499.3753967285156,15.800000190734863,5.243000030517578
2024-04-11,503.1440734863281,14.90999984741211,5.23799991607666
2024-04-12,496.19915771484375,17.309999465942383,5.230000019073486
2024-04-15,489.9827575683594,19.229999542236328,5.23799991607666
2024-04-16,489.0891418457031,18.399999618530273,5.232999801635742
2024-04-17,486.194580078125,18.209999084472656,5.239999771118164
2024-04-18,485.19415283203125,18.0,5.243000030517578
2024-04-19,480.95916748046875,18.709999084472656,5.244999885559082
2024-04-22,485.3883972167969,16.940000534057617,5.244999885559082
2024-04-23,491.1483459472656,15.6899995803833,5.244999885559082
2024-04-24,490.91522216796875,15.970000267028809,5.255000114440918
2024-04-25,489.0502014160156,15.369999885559082,5.244999885559082
2024-04-26,493.6834411621094,15.029999732971191,5.23799991607666
2024-04-29,495.43182373046875,14.670000076293945,5.243000030517578
2024-04-30,487.5836486816406,15.649999618530273,5.244999885559082
2024-05-01,486.0002746582031,15.390000343322754,5.25
2024-05-02,490.54608154296875,14.680000305175781,5.23799991607666
2024-05-03,496.6265563964844,13.489999771118164,5.235000133514404
2024-05-06,501.7550964355469,13.489999771118164,5.239999771118164
2024-05-07,502.3088073730469,13.229999542236328,5.243000030517578
2024-05-08,502.3573303222656,13.0,5.244999885559082
2024-05-09,505.2518615722656,12.6899995803833,5.239999771118164
2024-05-10,505.90277099609375,12.550000190734863,5.243000030517578
2024-05-13,505.9706726074219,13.600000381469727,5.239999771118164
2024-05-14,508.2921447753906,13.420000076293945,5.235000133514404
2024-05-15,514.5862426757812,12.449999809265137,5.239999771118164
2024-05-16,513.5276489257812,12.420000076293945,5.243000030517578
2024-05-17,514.2657470703125,11.989999771118164,5.239999771118164
2024-05-20,514.8582763671875,12.149999618530273,5.239999771118164
2024-05-21,516.1209716796875,11.859999656677246,5.239999771118164
2024-05-22,514.6348876953125,12.289999961853027,5.244999885559082
2024-05-23,510.8758239746094,12.770000457763672,5.244999885559082
2024-05-24,514.2559814453125,11.930000305175781,5.244999885559082
2024-05-28,514.6154174804688,12.920000076293945,5.248000144958496
2024-05-29,511.01177978515625,14.279999732971191,5.25
2024-05-30,507.6219482421875,14.470000267028809,5.248000144958496
2024-05-31,512.2454223632812,12.920000076293945,5.244999885559082
2024-06-03,512.6630249023438,13.109999656677246,5.243000030517578
2024-06-04,513.2361450195312,13.15999984741211,5.239999771118164
2024-06-05,519.3360595703125,12.630000114440918,5.239999771118164
2024-06-06,519.3262939453125,12.579999923706055,5.232999801635742
2024-06-07,518.6948852539062,12.220000267028809,5.23799991607666
2024-06-10,520.2974853515625,12.739999771118164,5.232999801635742
2024-06-11,521.5505981445312,12.850000381469727,5.244999885559082
2024-06-12,525.834228515625,12.039999961853027,5.243000030517578
2024-06-13,526.8929443359375,11.9399995803833,5.239999771118164
2024-06-14,527.2134399414062,12.65999984741211,5.239999771118164
2024-06-17,531.4094848632812,12.75,5.243000030517578
2024-06-18,532.7596435546875,12.300000190734863,5.235000133514404
2024-06-20,531.3123779296875,13.279999732971191,5.224999904632568
2024-06-21,530.60009765625,13.199999809265137,5.215000152587891
2024-06-24,528.8753051757812,13.329999923706055,5.210000038146973
2024-06-25,530.9119873046875,12.84000015258789,5.2230000495910645
2024-06-26,531.5746459960938,12.550000190734863,5.230000019073486
2024-06-27,532.4125366210938,12.239999771118164,5.2230000495910645
2024-06-28,530.3174438476562,12.4399995803833,5.2129998207092285
2024-07-01,531.408935546875,12.220000267028809,5.2179999351501465
2024-07-02,534.985107421875,12.029999732971191,5.228000164031982
2024-07-03,537.37255859375,12.09000015258789,5.230000019073486
2024-07-05,540.4713745117188,12.479999542236328,5.224999904632568
2024-07-08,541.094970703125,12.369999885559082,5.2179999351501465
2024-07-09,541.6212158203125,12.510000228881836,5.224999904632568
2024-07-10,546.9805908203125,12.850000381469727,5.224999904632568
2024-07-11,542.2642822265625,12.920000076293945,5.197999954223633
2024-07-12,545.6846923828125,12.460000038146973,5.197999954223633
2024-07-15,547.1853637695312,13.119999885559082,5.192999839782715
2024-07-16,550.4302368164062,13.1899995803833,5.192999839782715
2024-07-17,542.7125854492188,14.479999542236328,5.195000171661377
2024-07-18,538.5418090820312,15.930000305175781,5.192999839782715
2024-07-19,534.965576171875,16.520000457763672,5.192999839782715
2024-07-22,540.4810791015625,14.90999984741211,5.190000057220459
2024-07-23,539.6334228515625,14.720000267028809,5.172999858856201
2024-07-24,527.4038696289062,18.040000915527344,5.170000076293945
2024-07-25,524.6558837890625,18.459999084472656,5.159999847412109
2024-07-26,530.5319213867188,16.389999389648438,5.15500020980835
2024-07-29,530.8436279296875,16.600000381469727,5.146999835968018
2024-07-30,528.1542358398438,17.690000534057617,5.135000228881836
2024-07-31,536.7391967773438,16.360000610351562,5.135000228881836
2024-08-01,529.138427734375,18.59000015258789,5.114999771118164
2024-08-02,519.2866821289062,23.389999389648438,5.03000020980835
2024-08-05,504.1631774902344,38.56999969482422,5.059999942779541
2024-08-06,508.811279296875,27.709999084472656,5.079999923706055
2024-08-07,505.4104309082031,27.850000381469727,5.079999923706055
2024-08-08,517.09423828125,23.790000915527344,5.083000183105469
2024-08-09,519.3744506835938,20.3700008392334,5.074999809265137
2024-08-12,519.647216796875,20.709999084472656,5.072999954223633
2024-08-13,528.1932373046875,18.1200008392334,5.052999973297119
2024-08-14,529.8594970703125,16.190000534057617,5.063000202178955
2024-08-15,538.9414672851562,15.229999542236328,5.079999923706055
2024-08-16,540.1497802734375,14.800000190734863,5.074999809265137
2024-08-19,545.314453125,14.649999618530273,5.063000202178955
2024-08-20,544.4276123046875,15.880000114440918,5.0329999923706055
2024-08-21,546.2985229492188,16.270000457763672,5.005000114440918
2024-08-22,542.0108642578125,17.549999237060547,5.025000095367432
2024-08-23,547.7699584960938,15.859999656677246,5.0
2024-08-26,546.4642333984375,16.149999618530273,4.998000144958496
2024-08-27,547.2145385742188,15.430000305175781,4.9679999351501465
2024-08-28,544.037841796875,17.110000610351562,4.954999923706055
2024-08-29,544.0865478515625,15.649999618530273,4.965000152587891
2024-08-30,549.2804565429688,15.0,4.9679999351501465
2024-09-03,537.9767456054688,20.719999313354492,4.96999979019165
2024-09-04,536.8756103515625,21.31999969482422,4.947999954223633
2024-09-05,535.56982421875,19.899999618530273,4.932000160217285
2024-09-06,526.55615234375,22.3799991607666,4.9079999923706055
2024-09-09,532.4515380859375,19.450000762939453,4.894999980926514
2024-09-10,534.7708129882812,19.079999923706055,4.835000038146973
2024-09-11,540.2569580078125,17.690000534057617,4.875
2024-09-12,544.8076782226562,17.06999969482422,4.840000152587891
2024-09-13,547.6531982421875,16.559999465942383,4.763000011444092
2024-09-16,548.4618530273438,17.139999389648438,4.744999885559082
2024-09-17,548.6859130859375,17.610000610351562,4.735000133514404
2024-09-18,547.0587768554688,18.229999542236328,4.614999771118164
2024-09-19,556.3939208984375,16.329999923706055,4.5929999351501465
2024-09-20,555.4320678710938,16.149999618530273,4.545000076293945
2024-09-23,556.8200073242188,15.890000343322754,4.502999782562256
2024-09-24,558.4132690429688,15.390000343322754,4.494999885559082
2024-09-25,557.1817016601562,15.40999984741211,4.486999988555908
2024-09-26,559.3907470703125,15.369999885559082,4.4679999351501465
2024-09-27,558.5794067382812,16.959999084472656,4.48199987411499
2024-09-30,560.81787109375,16.729999542236328,4.498000144958496
2024-10-01,555.7938232421875,19.260000228881836,4.48199987411499
2024-10-02,556.0282592773438,18.899999618530273,4.4730000495910645
2024-10-03,555.0117797851562,20.489999771118164,4.465000152587891
2024-10-04,560.0553588867188,19.209999084472656,4.505000114440918
2024-10-07,554.9921875,22.639999389648438,4.525000095367432
2024-10-08,560.2410888671875,21.420000076293945,4.5279998779296875
2024-10-09,564.12158203125,20.860000610351562,4.534999847412109
2024-10-10,563.1343994140625,20.93000030517578,4.53000020980835
2024-10-11,566.5065307617188,20.459999084472656,4.514999866485596
2024-10-14,571.1395874023438,19.700000762939453,4.51800012588501
2024-10-15,566.7020263671875,20.639999389648438,4.514999866485596
2024-10-16,569.1651611328125,19.579999923706055,4.502999782562256
2024-10-17,569.2139282226562,19.110000610351562,4.514999866485596
2024-10-18,571.403564453125,18.030000686645508,4.513000011444092
2024-10-21,570.4651489257812,18.3700008392334,4.51800012588501
2024-10-22,570.1621704101562,18.200000762939453,4.5
2024-10-23,564.952392578125,19.239999771118164,4.505000114440918
2024-10-24,566.1741333007812,19.079999923706055,4.486999988555908
2024-10-25,565.9786376953125,20.329999923706055,4.510000228881836
2024-10-28,567.7283325195312,19.799999237060547,4.48199987411499
2024-10-29,568.647216796875,19.34000015258789,4.480000019073486
2024-10-30,566.9268188476562,20.350000381469727,4.4629998207092285
2024-10-31,555.8133544921875,23.15999984741211,4.432000160217285
2024-11-01,558.1590576171875,21.8799991607666,4.400000095367432
2024-11-04,556.9569702148438,21.979999542236328,4.418000221252441
2024-11-05,563.6915893554688,20.489999771118164,4.422999858856201
2024-11-06,577.7080688476562,16.270000457763672,4.429999828338623
2024-11-07,582.1749267578125,15.199999809265137,4.420000076293945
2024-11-08,584.6967163085938,14.9399995803833,4.422999858856201
2024-11-11,585.2539672851562,14.970000267028809,4.414999961853027
2024-11-12,583.435791015625,14.710000038146973,4.422999858856201
2024-11-13,583.7192993164062,14.020000457763672,4.389999866485596
2024-11-14,579.9659423828125,14.3100004196167,4.382999897003174
2024-11-15,572.5372924804688,16.139999389648438,4.39300012588501
2024-11-18,574.8832397460938,15.579999923706055,4.4029998779296875
2024-11-19,576.9846801757812,16.350000381469727,4.4079999923706055
2024-11-20,577.18017578125,17.15999984741211,4.409999847412109
2024-11-21,580.2787475585938,16.8700008392334,4.413000106811523
2024-11-22,582.0772705078125,15.239999771118164,4.414999961853027
2024-11-25,584.0516357421875,14.600000381469727,4.40500020980835
2024-11-26,587.101318359375,14.100000381469727,4.394999980926514
2024-11-27,585.3223266601562,14.100000381469727,4.385000228881836
2024-11-29,588.9583129882812,13.510000228881836,4.373000144958496
2024-12-02,590.0140991210938,13.34000015258789,4.380000114440918
2024-12-03,590.2877197265625,13.300000190734863,4.35699987411499
2024-12-04,593.9530639648438,13.449999809265137,4.34499979019165
2024-12-05,592.9756469726562,13.539999961853027,4.329999923706055
2024-12-06,594.0997314453125,12.770000457763672,4.295000076293945
2024-12-09,591.0404052734375,14.1899995803833,4.293000221252441
2024-12-10,589.2026977539062,14.180000305175781,4.284999847412109
2024-12-11,593.7576293945312,13.579999923706055,4.255000114440918
2024-12-12,590.6982421875,13.920000076293945,4.2230000495910645
2024-12-13,590.5809326171875,13.8100004196167,4.2179999351501465
2024-12-16,593.1026611328125,14.6899995803833,4.228000164031982
2024-12-17,590.6591796875,15.869999885559082,4.239999771118164
2024-12-18,573.0554809570312,27.6200008392334,4.23199987411499
2024-12-19,572.87939453125,24.09000015258789,4.21999979019165
2024-12-20,579.76025390625,18.360000610351562,4.215000152587891
2024-12-23,583.232177734375,16.780000686645508,4.215000152587891
2024-12-24,589.7146606445312,14.270000457763672,4.199999809265137
2024-12-26,589.7540283203125,14.729999542236328,4.215000152587891
2024-12-27,583.5458374023438,15.949999809265137,4.177999973297119
2024-12-30,576.8866577148438,17.399999618530273,4.182000160217285
2024-12-31,574.7879638671875,17.350000381469727,4.208000183105469
2025-01-02,573.375732421875,17.93000030517578,4.208000183105469
2025-01-03,580.544921875,16.1299991607666,4.192999839782715
2025-01-06,583.8892211914062,16.040000915527344,4.190000057220459
2025-01-07,577.2888793945312,17.81999969482422,4.203000068664551
2025-01-08,578.1322021484375,17.700000762939453,4.204999923706055
2025-01-10,569.3055419921875,19.540000915527344,4.2129998207092285
2025-01-13,570.1882934570312,19.190000534057617,4.2179999351501465
2025-01-14,570.972900390625,18.709999084472656,4.2129998207092285
2025-01-15,581.3589477539062,16.1200008392334,4.204999923706055
2025-01-16,580.240966796875,16.600000381469727,4.195000171661377
2025-01-17,586.0664672851562,15.970000267028809,4.192999839782715
2025-01-21,591.4309692382812,15.0600004196167,4.197000026702881
2025-01-22,594.755615234375,15.100000381469727,4.215000152587891
2025-01-23,598.0020141601562,15.020000457763672,4.2129998207092285
2025-01-24,596.256103515625,14.850000381469727,4.204999923706055
2025-01-27,587.8218994140625,17.899999618530273,4.188000202178955
2025-01-28,592.8726196289062,16.40999984741211,4.190000057220459
2025-01-29,590.2149047851562,16.559999465942383,4.188000202178955
2025-01-30,593.382568359375,15.84000015258789,4.182000160217285
2025-01-31,590.224609375,16.43000030517578,4.188000202178955
2025-02-03,586.2526245117188,18.6200008392334,4.190000057220459
2025-02-04,590.1854248046875,17.209999084472656,4.2129998207092285
2025-02-05,592.5784301757812,15.770000457763672,4.210000038146973
2025-02-06,594.637939453125,15.5,4.2129998207092285
2025-02-07,589.1949462890625,16.540000915527344,4.228000164031982
2025-02-10,593.1963500976562,15.8100004196167,4.228000164031982
2025-02-11,593.6474609375,16.020000457763672,4.224999904632568
2025-02-12,591.7350463867188,15.890000343322754,4.228000164031982
2025-02-13,597.9823608398438,15.100000381469727,4.2129998207092285
2025-02-14,597.952880859375,14.770000457763672,4.2129998207092285
2025-02-18,599.7083740234375,15.350000381469727,4.2129998207092285
2025-02-19,601.1206665039062,15.270000457763672,4.2179999351501465
2025-02-20,598.6198120117188,15.65999984741211,4.204999923706055
2025-02-21,588.3809204101562,18.209999084472656,4.197000026702881
2025-02-24,585.7034912109375,18.979999542236328,4.190000057220459
2025-02-25,582.790771484375,19.43000030517578,4.182000160217285
2025-02-26,583.0849609375,19.100000381469727,4.192999839782715
2025-02-27,573.7777099609375,21.1299991607666,4.195000171661377
2025-02-28,582.7318115234375,19.6299991607666,4.192999839782715
2025-03-03,572.5224609375,22.780000686645508,4.192999839782715
2025-03-04,565.74560546875,23.510000228881836,4.195000171661377
2025-03-05,571.826171875,21.93000030517578,4.204999923706055
2025-03-06,561.6756591796875,24.8700008392334,4.197000026702881
2025-03-07,564.82373046875,23.3700008392334,4.197000026702881
2025-03-10,549.7792358398438,27.860000610351562,4.184999942779541
2025-03-11,545.208984375,26.920000076293945,4.195000171661377
2025-03-12,548.1021728515625,24.229999542236328,4.197000026702881
2025-03-13,540.7957763671875,24.65999984741211,4.188000202178955
2025-03-14,551.96630859375,21.770000457763672,4.188000202178955
2025-03-17,556.22265625,20.510000228881836,4.188000202178955
2025-03-18,550.2108154296875,21.700000762939453,4.195000171661377
2025-03-19,556.2030639648438,19.899999618530273,4.190000057220459
2025-03-20,554.5946655273438,19.799999237060547,4.182000160217285
2025-03-21,554.777587890625,19.280000686645508,4.184999942779541
2025-03-24,564.712890625,17.479999542236328,4.182000160217285
2025-03-25,566.0703125,17.149999618530273,4.182000160217285
2025-03-26,559.3124389648438,18.329999923706055,4.190000057220459
2025-03-27,557.8271484375,18.690000534057617,4.188000202178955
2025-03-28,546.5933837890625,21.649999618530273,4.188000202178955
2025-03-31,550.2625732421875,22.280000686645508,4.192999839782715
2025-04-01,551.8167114257812,21.770000457763672,4.199999809265137
2025-04-02,555.308837890625,21.510000228881836,4.203000068664551
2025-04-03,527.9427490234375,30.020000457763672,4.184999942779541
2025-04-04,497.0354309082031,45.310001373291016,4.15500020980835
2025-04-07,496.150146484375,46.97999954223633,4.150000095367432
2025-04-08,488.3790283203125,52.33000183105469,4.177999973297119
2025-04-09,539.6683349609375,33.619998931884766,4.228000164031982
2025-04-10,516.0205688476562,40.720001220703125,4.197000026702881
2025-04-11,525.2277221679688,37.560001373291016,4.2129998207092285
2025-04-14,530.3233032226562,30.889999389648438,4.195000171661377
2025-04-15,528.837890625,30.1200008392334,4.199999809265137
2025-04-16,517.0828247070312,32.63999938964844,4.208000183105469
2025-04-17,517.8206176757812,29.649999618530273,4.204999923706055
2025-04-21,505.4950866699219,33.81999969482422,4.210000038146973
2025-04-22,518.64697265625,30.56999969482422,4.2129998207092285
2025-04-23,526.6836547851562,28.450000762939453,4.208000183105469
2025-04-24,537.769775390625,26.469999313354492,4.197000026702881
2025-04-25,541.6553344726562,24.84000015258789,4.192999839782715
2025-04-28,541.8618774414062,25.149999618530273,4.192999839782715
2025-04-29,545.2752685546875,24.170000076293945,4.190000057220459
2025-04-30,545.49169921875,24.700000762939453,4.190000057220459
2025-05-01,549.3575439453125,24.600000381469727,4.184999942779541
2025-05-02,557.5122680664062,22.68000030517578,4.208000183105469
2025-05-05,554.3153076171875,23.639999389648438,4.208000183105469
2025-05-06,549.6821899414062,24.760000228881836,4.210000038146973
2025-05-07,551.9938354492188,23.549999237060547,4.215000152587891
2025-05-08,555.840087890625,22.479999542236328,4.215000152587891
2025-05-09,555.1317749023438,21.899999618530273,4.215000152587891
2025-05-12,573.4775390625,18.389999389648438,4.28000020980835
2025-05-13,577.2647094726562,18.219999313354492,4.284999847412109
2025-05-14,578.00244140625,18.6200008392334,4.284999847412109
2025-05-15,580.8256225585938,17.829999923706055,4.257999897003174
2025-05-16,584.504638671875,17.239999771118164,4.236999988555908
2025-05-19,585.1439208984375,18.139999389648438,4.239999771118164
2025-05-20,583.176513671875,18.09000015258789,4.248000144958496
2025-05-21,573.349609375,20.8700008392334,4.235000133514404
2025-05-22,573.5758666992188,20.280000686645508,4.23199987411499
2025-05-23,569.6607055664062,22.290000915527344,4.230000019073486
2025-05-27,581.50439453125,18.959999084472656,4.203000068664551
2025-05-28,578.1400756835938,19.309999465942383,4.224999904632568
2025-05-29,580.4222412109375,19.18000030517578,4.230000019073486
2025-05-30,579.7731323242188,18.56999969482422,4.23199987411499
2025-06-02,583.038818359375,18.360000610351562,4.23199987411499
2025-06-03,586.3637084960938,17.690000534057617,4.235000133514404
2025-06-04,586.206298828125,17.610000610351562,4.239999771118164
2025-06-05,583.3733520507812,18.479999542236328,4.23199987411499
2025-06-06,589.3639526367188,16.770000457763672,4.23199987411499
2025-06-09,589.8952026367188,17.15999984741211,4.239999771118164
2025-06-10,593.2396240234375,16.950000762939453,4.25
2025-06-11,591.5477294921875,17.260000228881836,4.25
2025-06-12,593.898681640625,18.020000457763672,4.257999897003174
2025-06-13,587.2588500976562,20.81999969482422,4.239999771118164
2025-06-16,592.8462524414062,19.110000610351562,4.248000144958496
2025-06-17,587.7802734375,21.600000381469727,4.2179999351501465
2025-06-18,587.6917114257812,20.139999389648438,4.2230000495910645
2025-06-20,586.3114624023438,20.6200008392334,4.195000171661377
2025-06-23,592.102783203125,19.829999923706055,4.1579999923706055
2025-06-24,598.6439208984375,17.479999542236328,4.182000160217285
2025-06-25,598.979248046875,16.760000228881836,4.188000202178955
2025-06-26,603.6655883789062,16.59000015258789,4.192999839782715
2025-06-27,606.664794921875,16.31999969482422,4.197000026702881
2025-06-30,609.5653686523438,16.729999542236328,4.190000057220459
2025-07-01,609.3680419921875,16.829999923706055,4.224999904632568
2025-07-02,612.130615234375,16.639999389648438,4.2230000495910645
2025-07-03,616.9550170898438,16.3799991607666,4.239999771118164
2025-07-07,612.357421875,17.790000915527344,4.244999885559082
2025-07-08,612.0220336914062,16.809999465942383,4.25
2025-07-09,615.692138671875,15.9399995803833,4.244999885559082
2025-07-10,617.4285278320312,15.779999732971191,4.239999771118164
2025-07-11,615.2579956054688,16.399999618530273,4.236999988555908
2025-07-14,616.43212890625,17.200000762939453,4.228000164031982
2025-07-15,613.7979125976562,17.3799991607666,4.23199987411499
2025-07-16,615.8499755859375,17.15999984741211,4.224999904632568
2025-07-17,619.6187133789062,16.520000457763672,4.235000133514404
2025-07-18,619.1649780273438,16.40999984741211,4.230000019073486
2025-07-21,620.3389892578125,16.649999618530273,4.2230000495910645
2025-07-22,620.4277954101562,16.5,4.230000019073486
2025-07-23,625.7060546875,15.369999885559082,4.239999771118164
2025-07-24,625.9132080078125,15.390000343322754,4.244999885559082
2025-07-25,628.5572509765625,14.930000305175781,4.244999885559082
2025-07-28,628.3994140625,15.029999732971191,4.235000133514404
2025-07-29,626.7418823242188,15.979999542236328,4.230000019073486
2025-07-30,625.9526977539062,15.479999542236328,4.23199987411499
2025-07-31,623.6046142578125,16.719999313354492,4.235000133514404
2025-08-01,613.3834228515625,20.3799991607666,4.182000160217285
2025-08-04,622.7067260742188,17.520000457763672,4.1529998779296875
2025-08-05,619.5496215820312,17.850000381469727,4.150000095367432
2025-08-06,624.2952270507812,16.770000457763672,4.132999897003174
2025-08-07,623.7722778320312,16.56999969482422,4.138000011444092
2025-08-08,628.6361694335938,15.149999618530273,4.132999897003174
2025-08-11,627.3931274414062,16.25,4.14300012588501
2025-08-12,634.072265625,14.729999542236328,4.130000114440918
2025-08-13,636.242919921875,14.489999771118164,4.110000133514404
2025-08-14,636.302001953125,14.829999923706055,4.111999988555908
2025-08-15,634.8123168945312,15.09000015258789,4.111999988555908
2025-08-18,634.6741333007812,14.989999771118164,4.123000144958496
2025-08-19,631.2308959960938,15.569999694824219,4.110000133514404
2025-08-20,629.5537109375,15.6899995803833,4.114999771118164
2025-08-21,627.028076171875,16.600000381469727,4.127999782562256
2025-08-22,636.6572265625,14.220000267028809,4.0879998207092285
2025-08-25,633.855224609375,14.789999961853027,4.0929999351501465
2025-08-26,636.5092163085938,14.619999885559082,4.0879998207092285
2025-08-27,637.95947265625,14.850000381469727,4.059999942779541
2025-08-28,640.2188110351562,14.430000305175781,4.072000026702881
2025-08-29,636.4005737304688,15.359999656677246,4.043000221252441
2025-09-02,631.684814453125,17.170000076293945,4.0320000648498535
2025-09-03,635.1082153320312,16.350000381469727,4.01800012588501
2025-09-04,640.4161376953125,15.300000190734863,3.997999906539917
2025-09-05,638.561279296875,15.180000305175781,3.9100000858306885
2025-09-08,640.1300048828125,15.109999656677246,3.927999973297119
2025-09-09,641.6099243164062,15.039999961853027,3.943000078201294
2025-09-10,643.4647216796875,15.350000381469727,3.930000066757202
2025-09-11,648.8119506835938,14.710000038146973,3.927999973297119
2025-09-12,648.594970703125,14.760000228881836,3.927999973297119
2025-09-15,652.0480346679688,15.6899995803833,3.9000000953674316
2025-09-16,651.1502685546875,16.360000610351562,3.890000104904175
2025-09-17,650.3411865234375,15.720000267028809,3.868000030517578
2025-09-18,653.3799438476562,15.699999809265137,3.880000114440918
2025-09-19,656.6160278320312,15.449999809265137,3.878000020980835
2025-09-22,659.7224731445312,16.100000381469727,3.8480000495910645
2025-09-23,656.1312255859375,16.639999389648438,3.8450000286102295
2025-09-24,654.0436401367188,16.18000030517578,3.8580000400543213
2025-09-25,651.0263061523438,16.739999771118164,3.882999897003174
2025-09-26,654.7560424804688,15.289999961853027,3.859999895095825
2025-09-29,656.5962524414062,16.1200008392334,3.86299991607666
2025-09-30,659.0695190429688,16.280000686645508,3.8450000286102295
2025-10-01,661.3153076171875,16.290000915527344,3.8450000286102295
2025-10-02,662.0770263671875,16.6299991607666,3.8480000495910645
2025-10-03,662.0671997070312,16.649999618530273,3.8580000400543213
2025-10-06,664.4415283203125,16.3700008392334,3.859999895095825
2025-10-07,661.9781494140625,17.239999771118164,3.8429999351501465
2025-10-08,665.925537109375,16.299999237060547,3.8429999351501465
2025-10-09,663.996337890625,16.43000030517578,3.8529999256134033
2025-10-10,646.0499877929688,21.65999984741211,3.8529999256134033
2025-10-13,655.9630126953125,19.030000686645508,3.8529999256134033
2025-10-14,655.1616821289062,20.809999465942383,3.8529999256134033
2025-10-15,658.0703125,20.639999389648438,3.8580000400543213
2025-10-16,653.5887451171875,25.309999465942383,3.8529999256134033
2025-10-17,657.2986450195312,20.780000686645508,3.8320000171661377
2025-10-20,664.1348876953125,18.229999542236328,3.7980000972747803
2025-10-21,664.1249389648438,17.8700008392334,3.7850000858306885
2025-10-22,660.6722412109375,18.600000381469727,3.7880001068115234
2025-10-23,664.5899658203125,17.299999237060547,3.7880001068115234
2025-10-24,670.0213623046875,16.3700008392334,3.763000011444092
2025-10-27,677.9260864257812,15.789999961853027,3.7179999351501465
2025-10-28,679.7265625,16.420000076293945,3.7200000286102295
2025-10-29,680.0531616210938,16.920000076293945,3.7300000190734863
2025-10-30,672.5738525390625,16.90999984741211,3.756999969482422
2025-10-31,674.780029296875,17.440000534057617,3.7179999351501465
2025-11-03,676.04638671875,17.170000076293945,3.7829999923706055
2025-11-04,668.0328369140625,19.0,3.7929999828338623
2025-11-05,670.3478393554688,18.010000228881836,3.7880001068115234
2025-11-06,663.1554565429688,19.5,3.763000011444092
2025-11-07,663.808349609375,19.079999923706055,3.756999969482422
2025-11-10,674.1666870117188,17.600000381469727,3.7829999923706055
2025-11-11,675.7099609375,17.280000686645508,3.7829999923706055
2025-11-12,676.0859375,17.510000228881836,3.7780001163482666
2025-11-13,664.8670043945312,20.0,3.7929999828338623
2025-11-14,664.7581176757812,19.829999923706055,3.7880001068115234
2025-11-17,658.5648803710938,22.3799991607666,3.7720000743865967
2025-11-18,653.0345458984375,24.690000534057617,3.7720000743865967
2025-11-19,655.5574340820312,23.65999984741211,3.7720000743865967
2025-11-20,645.5652465820312,26.420000076293945,3.7750000953674316
2025-11-21,651.995849609375,23.43000030517578,3.740000009536743
2025-11-24,661.59228515625,20.520000457763672,3.7300000190734863
2025-11-25,667.8151245117188,18.559999465942383,3.7320001125335693
2025-11-26,672.4254760742188,17.190000534057617,3.753000020980835
2025-11-28,676.0958251953125,16.350000381469727,3.697000026702881
2025-12-01,673.0090942382812,17.239999771118164,3.693000078201294
2025-12-02,674.2557373046875,16.59000015258789,3.671999931335449
2025-12-03,676.5905151367188,16.079999923706055,3.634999990463257
2025-12-04,677.085205078125,15.779999732971191,3.611999988555908
2025-12-05,678.3712768554688,15.40999984741211,3.6029999256134033
2025-12-08,676.3333129882812,16.65999984741211,3.618000030517578
2025-12-09,675.7495727539062,16.93000030517578,3.631999969482422
2025-12-10,680.2312622070312,15.770000457763672,3.5929999351501465
2025-12-11,681.814208984375,14.850000381469727,3.568000078201294
2025-12-12,674.4832763671875,15.739999771118164,3.5250000953674316
2025-12-15,673.4641723632812,16.5,3.5380001068115234
2025-12-16,671.6240844726562,16.479999542236328,3.5450000762939453
2025-12-17,664.2338256835938,17.6200008392334,3.5429999828338623
2025-12-18,669.2496337890625,16.8700008392334,3.5220000743865967
2025-12-19,675.3153686523438,14.90999984741211,3.5220000743865967
2025-12-22,679.5224609375,14.079999923706055,3.5280001163482666
2025-12-23,682.628173828125,14.0,3.546999931335449
2025-12-24,685.0294799804688,13.470000267028809,3.555000066757202
2025-12-26,684.9600219726562,13.600000381469727,3.5429999828338623
2025-12-29,682.51904296875,14.199999809265137,3.5380001068115234
2025-12-30,681.685546875,14.329999923706055,3.5399999618530273
2025-12-31,676.635009765625,14.949999809265137,3.546999931335449
2026-01-02,677.8753051757812,14.510000228881836,3.5329999923706055
2026-01-05,682.3900756835938,14.899999618530273,3.515000104904175
2026-01-06,686.4483642578125,14.75,3.5199999809265137
2026-01-07,684.2356567382812,15.380000114440918,3.515000104904175
2026-01-08,684.1661987304688,15.449999809265137,3.506999969482422
2026-01-09,688.6908569335938,14.489999771118164,3.513000011444092
2026-01-12,689.7723999023438,15.119999885559082,3.5329999923706055
2026-01-13,688.3931884765625,15.979999542236328,3.559999942779541
2026-01-14,685.0095825195312,16.75,3.559999942779541
2026-01-15,686.8750610351562,15.84000015258789,3.565000057220459
2026-01-16,686.2994995117188,15.859999656677246,3.556999921798706
2026-01-20,672.32861328125,20.09000015258789,3.572000026702881
2026-01-21,680.0880737304688,16.899999618530273,3.5880000591278076
2026-01-22,683.6403198242188,15.640000343322754,3.5880000591278076
2026-01-23,683.8883056640625,16.09000015258789,3.5820000171661377
2026-01-26,687.3612670898438,16.149999618530273,3.575000047683716
2026-01-27,690.0997924804688,16.350000381469727,3.569999933242798
2026-01-28,690.0303344726562,16.350000381469727,3.5820000171661377
2026-01-29,688.6610717773438,16.8799991607666,3.5799999237060547
2026-01-30,686.607177734375,17.440000534057617,3.572000026702881
2026-02-02,690.0204467773438,16.34000015258789,3.578000068664551
2026-02-03,684.18603515625,18.0,3.5899999141693115
2026-02-04,680.8719482421875,18.639999389648438,3.5950000286102295
2026-02-05,672.3683471679688,21.770000457763672,3.578000068664551
2026-02-06,685.267578125,20.3700008392334,3.5899999141693115
2026-02-09,688.57177734375,17.360000610351562,3.5929999351501465
2026-02-10,686.7559204101562,17.790000915527344,3.5899999141693115
2026-02-11,686.5972290039062,17.649999618530273,3.5999999046325684
2026-02-12,675.9901123046875,20.81999969482422,3.5980000495910645
2026-02-13,676.46630859375,20.600000381469727,3.5929999351501465
2026-02-17,677.5578002929688,20.290000915527344,3.5929999351501465
2026-02-18,680.9711303710938,19.6200008392334,3.6029999256134033
2026-02-19,679.1751708984375,20.229999542236328,3.5950000286102295
2026-02-20,684.0868530273438,19.09000015258789,3.5950000286102295
2026-02-23,677.1013793945312,21.010000228881836,3.5880000591278076
2026-02-24,682.0228881835938,19.549999237060547,3.5880000591278076
2026-02-25,687.7780151367188,17.93000030517578,3.5880000591278076
2026-02-26,683.957763671875,18.6299991607666,3.5880000591278076
2026-02-27,680.6734619140625,19.860000610351562,3.578000068664551
2026-03-02,681.0604248046875,21.440000534057617,3.5899999141693115
2026-03-03,675.057373046875,23.56999969482422,3.5950000286102295
2026-03-04,679.8201904296875,21.149999618530273,3.5950000286102295
2026-03-05,676.0297241210938,23.75,3.5880000591278076
2026-03-06,667.1688842773438,29.489999771118164,3.569999933242798
2026-03-09,673.0133056640625,25.5,3.5929999351501465
2026-03-10,671.9317626953125,24.93000030517578,3.5950000286102295
2026-03-11,671.08837890625,24.229999542236328,3.5999999046325684
2026-03-12,660.89794921875,27.290000915527344,3.6050000190734863
2026-03-13,657.1571655273438,27.190000534057617,3.6029999256134033
2026-03-16,663.844970703125,23.510000228881836,3.6050000190734863
2026-03-17,665.5912475585938,22.3700008392334,3.6050000190734863
2026-03-18,656.3037719726562,25.09000015258789,3.609999895095825
2026-03-19,654.6864013671875,24.059999465942383,3.611999988555908
2026-03-20,645.301025390625,26.780000686645508,3.618000030517578
2026-03-23,652.07666015625,26.149999618530273,3.611999988555908
2026-03-24,649.8877563476562,26.950000762939453,3.619999885559082
2026-03-25,653.5093994140625,25.329999923706055,3.619999885559082
2026-03-26,641.8385620117188,27.440000534057617,3.619999885559082
2026-03-27,630.8939819335938,31.049999237060547,3.6070001125335693
2026-03-30,628.78466796875,30.610000610351562,3.5980000495910645
2026-03-31,647.0620727539062,25.25,3.5999999046325684
2026-04-01,651.9373779296875,24.540000915527344,3.6050000190734863
2026-04-02,652.5244140625,23.8700008392334,3.6070001125335693
2026-04-06,655.6088256835938,24.170000076293945,3.622999906539917
2026-04-07,655.8972778320312,25.780000686645508,3.615000009536743
2026-04-08,672.6027221679688,21.040000915527344,3.5999999046325684
2026-04-09,676.4829711914062,19.489999771118164,3.5880000591278076
2026-04-10,676.0353393554688,19.229999542236328,3.5929999351501465
2026-04-13,682.641845703125,19.1200008392334,3.6029999256134033
2026-04-14,690.959716796875,18.360000610351562,3.611999988555908
2026-04-15,696.412109375,18.170000076293945,3.611999988555908
2026-04-16,698.1234130859375,17.940000534057617,3.609999895095825
2026-04-17,706.5607299804688,17.479999542236328,3.5999999046325684
2026-04-20,705.1477661132812,18.8700008392334,3.5980000495910645
2026-04-21,700.53125,19.5,3.5980000495910645
2026-04-22,707.6253051757812,18.920000076293945,3.5950000286102295
2026-04-23,704.8792114257812,19.309999465942383,3.5950000286102295
2026-04-24,710.341552734375,18.709999084472656,3.5929999351501465
2026-04-27,711.5653076171875,18.020000457763672,3.5899999141693115
2026-04-28,708.1028442382812,17.829999923706055,3.5899999141693115
2026-04-29,707.993408203125,18.809999465942383,3.5899999141693115
2026-04-30,715.0377197265625,16.889999389648438,3.5850000381469727
2026-05-01,717.0177001953125,16.989999771118164,3.575000047683716
2026-05-04,714.3909912109375,18.290000915527344,3.5899999141693115
2026-05-05,720.1220092773438,17.3799991607666,3.5999999046325684
2026-05-06,730.1312866210938,17.389999389648438,3.5999999046325684
2026-05-07,727.8926391601562,17.079999923706055,3.5980000495910645
2026-05-08,733.9021606445312,17.190000534057617,3.5950000286102295
2026-05-11,735.5736694335938,18.3799991607666,3.5999999046325684
2026-05-12,734.4593505859375,17.989999771118164,3.6029999256134033
2026-05-13,738.5685424804688,17.8700008392334,3.5999999046325684
2026-05-14,744.3989868164062,17.260000228881836,3.5880000591278076
2026-05-15,735.4443969726562,18.43000030517578,3.5880000591278076
2026-05-18,734.927001953125,17.81999969482422,3.568000078201294
2026-05-19,730.0317993164062,18.059999465942383,3.575000047683716
2026-05-20,737.5138549804688,17.440000534057617,3.556999921798706
2026-05-21,738.9764404296875,16.760000228881836,3.5820000171661377
2026-05-22,741.8817749023438,16.700000762939453,3.5850000381469727
2026-05-26,746.8068237304688,17.010000228881836,3.5820000171661377
2026-05-27,746.677490234375,16.290000915527344,3.5850000381469727
2026-05-28,750.7965698242188,15.739999771118164,3.5899999141693115
2026-05-29,752.6671142578125,15.319999694824219,3.5880000591278076
2026-06-01,754.7167358398438,16.049999237060547,3.619999885559082
2026-06-02,755.7415771484375,15.770000457763672,3.618000030517578
2026-06-03,750.4384155273438,16.059999465942383,3.622999906539917
2026-06-04,753.2740478515625,15.399999618530273,3.619999885559082
2026-06-05,733.83251953125,21.510000228881836,3.625
2026-06-08,735.4940795898438,18.920000076293945,3.628000020980835
2026-06-09,733.3350219726562,19.8700008392334,3.634999990463257
2026-06-10,721.7736206054688,22.219999313354492,3.634999990463257
2026-06-11,734.04150390625,19.440000534057617,3.622999906539917
2026-06-12,738.0113525390625,17.68000030517578,3.618000030517578
2026-06-15,751.0254516601562,16.200000762939453,3.618000030517578
2026-06-16,746.5481567382812,16.40999984741211,3.630000114440918
2026-06-17,737.225341796875,18.440000534057617,3.6470000743865967
2026-06-18,744.8902587890625,16.399999618530273,3.6579999923706055
2026-06-22,742.546142578125,17.280000686645508,3.680000066757202
2026-06-23,731.7628784179688,19.489999771118164,3.690000057220459
2026-06-24,731.4237060546875,18.6299991607666,3.690000057220459
2026-06-25,732.4810791015625,18.889999389648438,3.680000066757202
2026-06-26,727.1842651367188,18.40999984741211,3.6630001068115234
2026-06-29,739.1644897460938,17.649999618530273,3.680000066757202
2026-06-30,744.9202270507812,16.450000762939453,3.7320001125335693
2026-07-01,743.9127197265625,16.59000015258789,3.700000047683716
2026-07-02,742.9351806640625,16.149999618530273,3.6679999828338623
2026-07-06,749.4190673828125,15.569999694824219,3.690000057220459
2026-07-07,745.85791015625,16.1299991607666,3.7249999046325684
2026-07-08,743.5536499023438,16.899999618530273,3.7230000495910645
2026-07-09,749.8480224609375,15.84000015258789,3.681999921798706
2026-07-10,753.0799560546875,15.029999732971191,3.694999933242798
2026-07-13,747.3142700195312,17.15999984741211,3.7279999256134033
2026-07-14,749.9677124023438,16.5,3.700000047683716
2026-07-15,752.9403076171875,15.670000076293945,3.687999963760376
2026-07-16,748.8604125976562,16.729999542236328,3.697000026702881
2026-07-17,741.4487915039062,18.770000457763672,3.7070000171661377
2026-07-20,740.2518310546875,18.649999618530273,3.7049999237060547
2026-07-21,746.426513671875,17.049999237060547,3.7300000190734863
2026-07-22,745.55859375,16.639999389648438,3.744999885559082
2026-07-23,736.3515014648438,18.700000762939453,3.799999952316284
2026-07-24,737.099609375,18.579999923706055,3.805000066757202
2026-07-27,737.25927734375,18.670000076293945,3.796999931335449
2026-07-28,739.0248413085938,18.209999084472656,3.759999990463257
2026-07-29,727.6531372070312,20.65999984741211,3.6579999923706055
2026-07-30,739.852783203125,17.09000015258789,3.674999952316284
2026-07-31,745.1796264648438,15.989999771118164,3.681999921798706
2026-08-03,755.793212890625,15.859999656677246,3.700000047683716
2026-08-04,769.4193725585938,16.5,3.7300000190734863
2026-08-05,767.8831787109375,15.8100004196167,3.7249999046325684
2026-08-06,766.65625,15.149999618530273,3.7320001125335693
2026-08-07,771.3446044921875,14.899999618530273,3.7100000381469727
2026-08-10,771.1151733398438,15.460000038146973,3.7179999351501465
2026-08-11,768.6513061523438,15.279999732971191,3.7300000190734863
2026-08-12,770.5764770507812,14.550000190734863,3.7070000171661377
2026-08-13,775.9531860351562,14.630000114440918,3.7049999237060547
2026-08-14,774.4169921875,14.25,3.697000026702881
2026-08-17,770.7560424804688,15.1899995803833,3.703000068664551
2026-08-18,765.5490112304688,15.84000015258789,3.7049999237060547
2026-08-19,767.1549682617188,14.890000343322754,3.700000047683716
2026-08-20,760.7109985351562,16.010000228881836,3.703000068664551
2026-08-21,763.8232421875,15.130000114440918,3.7100000381469727
2026-08-24,761.5787963867188,15.850000381469727,3.703000068664551
2026-08-25,764.0127563476562,15.449999809265137,3.7049999237060547
2026-08-26,764.182373046875,15.210000038146973,3.690000057220459
2026-08-27,769.18994140625,14.510000228881836,3.677999973297119
2026-08-28,767.4442749023438,14.430000305175781,3.7300000190734863
2026-08-31,765.1499633789062,14.920000076293945,3.7320001125335693
2026-09-01,759.89306640625,16.34000015258789,3.7720000743865967
2026-09-02,763.2646484375,15.199999809265137,3.7720000743865967
2026-09-03,771.2548217773438,14.319999694824219,3.740000009536743
2026-09-04,768.2822265625,14.529999732971191,3.756999969482422
2026-09-08,764.0626831054688,15.720000267028809,3.7750000953674316
2026-09-09,760.5115356445312,16.459999084472656,3.805000066757202
2026-09-10,755.9528198242188,17.84000015258789,3.8450000286102295
2026-09-11,762.3967895507812,15.84000015258789,3.9130001068115234
2026-09-14,758.9952392578125,17.100000381469727,3.934999942779541
2026-09-15,755.513916015625,17.200000762939453,3.9600000381469727
2026-09-16,752.1821899414062,17.709999084472656,3.9700000286102295
2026-09-17,760.7109985351562,15.4399995803833,3.9649999141693115
2026-09-18,761.6900024414062,14.8100004196167,3.9779999256134033
2026-09-21,773.5,14.869999885559082,3.9820001125335693
2026-09-22,773.3800048828125,14.210000038146973,4.005000114440918
2026-09-23,767.8099975585938,15.180000305175781,4.0279998779296875
2026-09-24,767.1799926757812,15.670000076293945,4.067999839782715
2026-09-25,771.3499755859375,14.869999885559082,4.070000171661377
2026-09-28,765.6099853515625,16.06999969482422,4.057000160217285
2026-09-29,764.2000122070312,16.040000915527344,4.065000057220459
2026-09-30,762.6300048828125,16.34000015258789,4.03000020980835
2026-10-01,763.989990234375,16.389999389648438,3.9820001125335693
2026-10-02,769.6400146484375,15.3100004196167,3.993000030517578
2026-10-05,774.8300170898438,15.520000457763672,4.01800012588501
