expiry,T,strike,type,mid,F,q,k,iv,iv_yahoo
2026-10-13,0.019178082191780823,675.0,put,0.025,780.6304877050974,-0.009803232527338626,-0.1453892198690366,0.3701083665559973,0.34961587890624996
2026-10-13,0.019178082191780823,680.0,put,0.025,780.6304877050974,-0.009803232527338626,-0.13800911257141396,0.35293209199227676,0.33399103515625
2026-10-13,0.019178082191780823,690.0,put,0.035,780.6304877050974,-0.009803232527338626,-0.12341031315026132,0.3295537395650605,0.31055376953124997
2026-10-13,0.019178082191780823,695.0,put,0.035,780.6304877050974,-0.009803232527338626,-0.11619006517677428,0.31207002139822837,0.29395237304687494
2026-10-13,0.019178082191780823,700.0,put,0.035,780.6304877050974,-0.009803232527338626,-0.10902157569816176,0.29463193171137814,0.27735097656249996
2026-10-13,0.019178082191780823,705.0,put,0.045,780.6304877050974,-0.009803232527338626,-0.10190410792929769,0.284758669029968,0.26758544921875
2026-10-13,0.019178082191780823,710.0,put,0.045,780.6304877050974,-0.009803232527338626,-0.09483694070620526,0.266998413757454,0.2500075
2026-10-13,0.019178082191780823,715.0,put,0.055,780.6304877050974,-0.009803232527338626,-0.08781936804755873,0.2549885199006251,0.23828886718749998
2026-10-13,0.019178082191780823,720.0,put,0.065,780.6304877050974,-0.009803232527338626,-0.08085069873146541,0.24165994796579265,0.225593681640625
2026-10-13,0.019178082191780823,723.0,put,0.065,780.6304877050974,-0.009803232527338626,-0.07669268858280169,0.23064083342836805,0.2153398779296875
2026-10-13,0.019178082191780823,724.0,put,0.07500000000000001,780.6304877050974,-0.009803232527338626,-0.07531051835585005,0.23100861307040094,0.2153398779296875
2026-10-13,0.019178082191780823,725.0,put,0.07500000000000001,780.6304877050974,-0.009803232527338626,-0.07393025588689166,0.22728071498774696,0.21192194335937498
2026-10-13,0.019178082191780823,726.0,put,0.07500000000000001,780.6304877050974,-0.009803232527338626,-0.07255189591677026,0.2235516138634777,0.20850400878906244
2026-10-13,0.019178082191780823,727.0,put,0.07500000000000001,780.6304877050974,-0.009803232527338626,-0.071175433208047,0.2198211636729203,0.20508607421874997
2026-10-13,0.019178082191780823,728.0,put,0.07500000000000001,780.6304877050974,-0.009803232527338626,-0.06980086254488044,0.21608921185703048,0.20117986328124998
2026-10-13,0.019178082191780823,729.0,put,0.08499999999999999,780.6304877050974,-0.009803232527338626,-0.06842817873290828,0.21580121559786852,0.20069158691406247
2026-10-13,0.019178082191780823,730.0,put,0.08499999999999999,780.6304877050974,-0.009803232527338626,-0.06705737659912953,0.21201763235779109,0.19727365234375
2026-10-13,0.019178082191780823,731.0,put,0.08499999999999999,780.6304877050974,-0.009803232527338626,-0.06568845099178787,0.20823190110569864,0.19385571777343752
2026-10-13,0.019178082191780823,732.0,put,0.08499999999999999,780.6304877050974,-0.009803232527338626,-0.06432139678025484,0.20444383205175604,0.19043778320312502
2026-10-13,0.019178082191780823,733.0,put,0.095,780.6304877050974,-0.009803232527338626,-0.06295620885491493,0.2036551463987982,0.18946123046875002
2026-10-13,0.019178082191780823,734.0,put,0.095,780.6304877050974,-0.009803232527338626,-0.06159288212705076,0.19981714872097178,0.18555501953124998
2026-10-13,0.019178082191780823,735.0,put,0.095,780.6304877050974,-0.009803232527338626,-0.06023141152872969,0.1959760450606323,0.1821370849609375
2026-10-13,0.019178082191780823,736.0,put,0.10500000000000001,780.6304877050974,-0.009803232527338626,-0.05887179201269016,0.19480350325989593,0.180672255859375
2026-10-13,0.019178082191780823,737.0,put,0.10500000000000001,780.6304877050974,-0.009803232527338626,-0.05751401855222982,0.19091371363395623,0.1772543212890625
2026-10-13,0.019178082191780823,738.0,put,0.10500000000000001,780.6304877050974,-0.009803232527338626,-0.05615808614109384,0.1870199242681738,0.1733481103515625
2026-10-13,0.019178082191780823,739.0,put,0.10500000000000001,780.6304877050974,-0.009803232527338626,-0.05480398979336459,0.18312186805037536,0.16993017578125003
2026-10-13,0.019178082191780823,740.0,put,0.11499999999999999,780.6304877050974,-0.009803232527338626,-0.053451724543350954,0.1815704258018824,0.1682212084960938
2026-10-13,0.019178082191780823,741.0,put,0.11499999999999999,780.6304877050974,-0.009803232527338626,-0.05210128544547953,0.17762333093065577,0.1645591357421875
2026-10-13,0.019178082191780823,742.0,put,0.125,780.6304877050974,-0.009803232527338626,-0.05075266757418588,0.17581742505654976,0.1626060302734375
2026-10-13,0.019178082191780823,743.0,put,0.125,780.6304877050974,-0.009803232527338626,-0.04940586602380719,0.17182170860684726,0.15894395751953128
2026-10-13,0.019178082191780823,744.0,put,0.135,780.6304877050974,-0.009803232527338626,-0.04806087590847452,0.1697870513003393,0.15699085205078128
2026-10-13,0.019178082191780823,745.0,put,0.135,780.6304877050974,-0.009803232527338626,-0.0467176923620069,0.16574259245794776,0.1530846411132813
2026-10-13,0.019178082191780823,746.0,put,0.14500000000000002,780.6304877050974,-0.009803232527338626,-0.04537631053780548,0.1634992381332313,0.15088739746093754
2026-10-13,0.019178082191780823,747.0,put,0.155,780.6304877050974,-0.009803232527338626,-0.04403672560874905,0.16110419718906901,0.14869015380859374
2026-10-13,0.019178082191780823,748.0,put,0.165,780.6304877050974,-0.009803232527338626,-0.04269893276708914,0.15856940823826987,0.14624877197265623
2026-10-13,0.019178082191780823,749.0,put,0.175,780.6304877050974,-0.009803232527338626,-0.04136292722434693,0.15590476590808075,0.143563251953125
2026-10-13,0.019178082191780823,750.0,put,0.185,780.6304877050974,-0.009803232527338626,-0.0400287042112102,0.15311851556179856,0.14087773193359376
2026-10-13,0.019178082191780823,751.0,put,0.195,780.6304877050974,-0.009803232527338626,-0.038696258977431605,0.15021756031552028,0.1381922119140625
2026-10-13,0.019178082191780823,752.0,put,0.20500000000000002,780.6304877050974,-0.009803232527338626,-0.03736558679172655,0.1472076870873221,0.13526255371093754
2026-10-13,0.019178082191780823,753.0,put,0.215,780.6304877050974,-0.009803232527338626,-0.03603668294167283,0.14409373995695382,0.13233289550781252
2026-10-13,0.019178082191780823,754.0,put,0.235,780.6304877050974,-0.009803232527338626,-0.03470954273361036,0.14201460045125205,0.13037979003906247
2026-10-13,0.019178082191780823,755.0,put,0.255,780.6304877050974,-0.009803232527338626,-0.03338416149254164,0.13970905128780636,0.12806047729492187
2026-10-13,0.019178082191780823,756.0,put,0.275,780.6304877050974,-0.009803232527338626,-0.03206053456203337,0.13719739518773344,0.1256190954589844
2026-10-13,0.019178082191780823,757.0,put,0.295,780.6304877050974,-0.009803232527338626,-0.030738657304117626,0.1344956815529467,0.12305564453125001
2026-10-13,0.019178082191780823,758.0,put,0.32,780.6304877050974,-0.009803232527338626,-0.02941852509919477,0.13204797974332172,0.1211025390625
2026-10-13,0.019178082191780823,759.0,put,0.355,780.6304877050974,-0.009803232527338626,-0.028100133345936418,0.13018073206346067,0.11878322631835936
2026-10-13,0.019178082191780823,760.0,put,0.375,780.6304877050974,-0.009803232527338626,-0.026783477461189607,0.12688944115676176,0.1157314990234375
2026-10-13,0.019178082191780823,761.0,put,0.425,780.6304877050974,-0.009803232527338626,-0.025468552879880563,0.12555110410299938,0.11426666992187501
2026-10-13,0.019178082191780823,762.0,put,0.455,780.6304877050974,-0.009803232527338626,-0.02415535505492015,0.12251835376743472,0.11133701171874999
2026-10-13,0.019178082191780823,763.0,put,0.515,780.6304877050974,-0.009803232527338626,-0.022843879457109334,0.12109040055134283,0.1098721826171875
2026-10-13,0.019178082191780823,764.0,put,0.565,780.6304877050974,-0.009803232527338626,-0.021534121575045875,0.11868208440221112,0.10755286987304688
2026-10-13,0.019178082191780823,765.0,put,0.63,780.6304877050974,-0.009803232527338626,-0.020226076915030554,0.11673730519126306,0.10584390258789061
2026-10-13,0.019178082191780823,766.0,put,0.7,780.6304877050974,-0.009803232527338626,-0.01891974100097512,0.11464203366818562,0.10376872802734374
2026-10-13,0.019178082191780823,767.0,put,0.78,780.6304877050974,-0.009803232527338626,-0.01761510937431015,0.11260240695722892,0.10169355346679687
2026-10-13,0.019178082191780823,768.0,put,0.885,780.6304877050974,-0.009803232527338626,-0.016312177593894195,0.11117631783699126,0.09998458618164063
2026-10-13,0.019178082191780823,769.0,put,0.995,780.6304877050974,-0.009803232527338626,-0.015010941235922413,0.10942135108423211,0.0981535498046875
2026-10-13,0.019178082191780823,770.0,put,1.1150000000000002,780.6304877050974,-0.009803232527338626,-0.013711395893836882,0.10752493490516032,0.09620044433593751
2026-10-13,0.019178082191780823,771.0,put,1.255,780.6304877050974,-0.009803232527338626,-0.01241353717823684,0.10579184148467342,0.09436940795898438
2026-10-13,0.019178082191780823,772.0,put,1.415,780.6304877050974,-0.009803232527338626,-0.011117360716790186,0.10413479512972487,0.09259940612792968
2026-10-13,0.019178082191780823,773.0,put,1.605,780.6304877050974,-0.009803232527338626,-0.009822862154144423,0.10277722906461888,0.09107354248046876
2026-10-13,0.019178082191780823,774.0,put,1.8050000000000002,780.6304877050974,-0.009803232527338626,-0.008530037151839295,0.10105018202630539,0.08921198883056641
2026-10-13,0.019178082191780823,775.0,put,2.035,780.6304877050974,-0.009803232527338626,-0.007238881388219332,0.09948119578458385,0.08741146972656251
2026-10-13,0.019178082191780823,777.0,put,2.5999999999999996,780.6304877050974,-0.009803232527338626,-0.00466156037391894,0.09687171066194242,0.08435974243164066
2026-10-13,0.019178082191780823,778.0,put,2.9450000000000003,780.6304877050974,-0.009803232527338626,-0.0033753865631748047,0.0959219891398065,0.08289491333007815
2026-10-13,0.019178082191780823,780.0,put,3.74,780.6304877050974,-0.009803232527338626,-0.0008079910579289286,0.09395305843830695,0.08002628967285157
2026-10-13,0.019178082191780823,781.0,call,3.8449999999999998,780.6304877050974,-0.009803232527338626,0.0004732390981194783,0.09342242158035112,0.09546802978515626
2026-10-13,0.019178082191780823,782.0,call,3.335,780.6304877050974,-0.009803232527338626,0.0017528298037446776,0.09231795055877152,0.09369802795410156
2026-10-13,0.019178082191780823,783.0,call,2.88,780.6304877050974,-0.009803232527338626,0.0030307852492367825,0.09155502465503655,0.09259940612792968
2026-10-13,0.019178082191780823,784.0,call,2.475,780.6304877050974,-0.009803232527338626,0.004307109608841392,0.09102674774147809,0.09153130157470701
2026-10-13,0.019178082191780823,785.0,call,2.105,780.6304877050974,-0.009803232527338626,0.00558180704084206,0.09038585717483606,0.0905242315673828
2026-10-13,0.019178082191780823,786.0,call,1.7650000000000001,780.6304877050974,-0.009803232527338626,0.0068548816876402565,0.08950600411784122,0.08933405792236329
2026-10-13,0.019178082191780823,787.0,call,1.475,780.6304877050974,-0.009803232527338626,0.008126337675836802,0.08895047322834766,0.08851009155273437
2026-10-13,0.019178082191780823,788.0,call,1.225,780.6304877050974,-0.009803232527338626,0.009396179116312783,0.08853206366312583,0.08777767700195313
2026-10-13,0.019178082191780823,789.0,call,1.0150000000000001,780.6304877050974,-0.009803232527338626,0.010664410104307765,0.08835823208994686,0.08735043518066407
2026-10-13,0.019178082191780823,790.0,call,0.835,780.6304877050974,-0.009803232527338626,0.011931034719500784,0.08822103163747402,0.08704526245117189
2026-10-13,0.019178082191780823,791.0,call,0.665,780.6304877050974,-0.009803232527338626,0.013196057026087563,0.0874091108793359,0.08606870971679689
2026-10-13,0.019178082191780823,792.0,call,0.535,780.6304877050974,-0.009803232527338626,0.014459481072859407,0.0871930384614688,0.08564146789550782
2026-10-13,0.019178082191780823,793.0,call,0.425,780.6304877050974,-0.009803232527338626,0.01572131089328162,0.08690315730986047,0.08521422607421877
2026-10-13,0.019178082191780823,794.0,call,0.35,780.6304877050974,-0.009803232527338626,0.016981550505569442,0.08759526869374054,0.08606870971679689
2026-10-13,0.019178082191780823,795.0,call,0.28,780.6304877050974,-0.009803232527338626,0.018240203912765485,0.08777117059908165,0.08619077880859377
2026-10-13,0.019178082191780823,796.0,call,0.225,780.6304877050974,-0.009803232527338626,0.01949727510281668,0.08815183248009235,0.08606870971679689
2026-10-13,0.019178082191780823,797.0,call,0.175,780.6304877050974,-0.009803232527338626,0.02075276804864857,0.08805741105096805,0.08594664062500001
2026-10-13,0.019178082191780823,798.0,call,0.135,780.6304877050974,-0.009803232527338626,0.02200668670824238,0.08797509728753689,0.08582457153320314
2026-10-13,0.019178082191780823,799.0,call,0.11499999999999999,780.6304877050974,-0.009803232527338626,0.023259035024708365,0.08951605642225229,0.08716733154296877
2026-10-13,0.019178082191780823,800.0,call,0.10500000000000001,780.6304877050974,-0.009803232527338626,0.024509816926360856,0.09206816522268496,0.08960871337890625
2026-10-13,0.019178082191780823,801.0,call,0.07500000000000001,780.6304877050974,-0.009803232527338626,0.025759036326792866,0.09098561145476215,0.08863216064453125
2026-10-13,0.019178082191780823,802.0,call,0.065,780.6304877050974,-0.009803232527338626,0.02700669712494822,0.09270453450478182,0.0903411279296875
2026-10-13,0.019178082191780823,803.0,call,0.065,780.6304877050974,-0.009803232527338626,0.028252803205195264,0.09633650862679236,0.0937590625
2026-10-13,0.019178082191780823,804.0,call,0.055,780.6304877050974,-0.009803232527338626,0.029497358437400045,0.09760777682768383,0.09522389160156251
2026-10-13,0.019178082191780823,805.0,call,0.055,780.6304877050974,-0.009803232527338626,0.03074036667699691,0.1011312021050862,0.0981535498046875
2026-10-13,0.019178082191780823,806.0,call,0.055,780.6304877050974,-0.009803232527338626,0.03198183176506191,0.10463459406104779,0.10157148437499999
2026-10-13,0.019178082191780823,807.0,call,0.045,780.6304877050974,-0.009803232527338626,0.0332217575283825,0.10526045715025015,0.10254803710937499
2026-10-13,0.019178082191780823,810.0,call,0.045,780.6304877050974,-0.009803232527338626,0.03693233692491797,0.1153938738767478,0.11182528808593749
2026-10-13,0.019178082191780823,815.0,call,0.035,780.6304877050974,-0.009803232527338626,0.04308620249929642,0.1279884700558786,0.124032197265625
2026-10-13,0.019178082191780823,820.0,call,0.025,780.6304877050974,-0.009803232527338626,0.04920242951673248,0.13846538117102453,0.13477427734375003
2026-10-13,0.019178082191780823,825.0,call,0.025,780.6304877050974,-0.009803232527338626,0.05528147559311465,0.1535617058003239,0.148446015625
2026-10-13,0.019178082191780823,830.0,call,0.025,780.6304877050974,-0.009803232527338626,0.06132379004907725,0.1684139505005589,0.16309430664062502
2026-10-14,0.021917808219178082,650.0,put,0.025,780.7456591571594,-0.010264932739325008,-0.18327707342091748,0.42790418057045115,0.40820904296875
2026-10-14,0.021917808219178082,655.0,put,0.025,780.7456591571594,-0.010264932739325008,-0.17561420067534825,0.41147486635169356,0.39258419921875
2026-10-14,0.021917808219178082,665.0,put,0.025,780.7456591571594,-0.010264932739325008,-0.1604623956547461,0.37885377716348945,0.36133451171875
2026-10-14,0.021917808219178082,675.0,put,0.035,780.7456591571594,-0.010264932739325008,-0.14553674543807035,0.3579747584658482,0.3398503515625
2026-10-14,0.021917808219178082,690.0,put,0.045,780.7456591571594,-0.010264932739325008,-0.1235578387192952,0.3167353451516133,0.299811689453125
2026-10-14,0.021917808219178082,695.0,put,0.055,780.7456591571594,-0.010264932739325008,-0.11633759074580803,0.30661655557177847,0.2890696093749999
2026-10-14,0.021917808219178082,700.0,put,0.055,780.7456591571594,-0.010264932739325008,-0.10916910126719552,0.28964056934347954,0.273444765625
2026-10-14,0.021917808219178082,705.0,put,0.065,780.7456591571594,-0.010264932739325008,-0.10205163349833157,0.277943821851716,0.2617261328125
2026-10-14,0.021917808219178082,710.0,put,0.07500000000000001,780.7456591571594,-0.010264932739325008,-0.09498446627523915,0.2652202985101098,0.249030947265625
2026-10-14,0.021917808219178082,715.0,put,0.08499999999999999,780.7456591571594,-0.010264932739325008,-0.08796689361659263,0.2516542651583447,0.23633576171874998
2026-10-14,0.021917808219178082,720.0,put,0.095,780.7456591571594,-0.010264932739325008,-0.0809982243004992,0.23736847020448926,0.22266402343749997
2026-10-14,0.021917808219178082,723.0,put,0.10500000000000001,780.7456591571594,-0.010264932739325008,-0.07684021415183558,0.2296625191871698,0.2148516015625
2026-10-14,0.021917808219178082,724.0,put,0.10500000000000001,780.7456591571594,-0.010264932739325008,-0.07545804392488388,0.2260548633552266,0.21192194335937498
2026-10-14,0.021917808219178082,725.0,put,0.10500000000000001,780.7456591571594,-0.010264932739325008,-0.07407778145592545,0.2224459018519897,0.20801573242187496
2026-10-14,0.021917808219178082,726.0,put,0.10500000000000001,780.7456591571594,-0.010264932739325008,-0.07269942148580412,0.21883549050056103,0.20508607421874997
2026-10-14,0.021917808219178082,727.0,put,0.11499999999999999,780.7456591571594,-0.010264932739325008,-0.07132295877708082,0.21789478114981342,0.2036212451171875
2026-10-14,0.021917808219178082,728.0,put,0.11499999999999999,780.7456591571594,-0.010264932739325008,-0.0699483881139142,0.21424578684877935,0.20020331054687499
2026-10-14,0.021917808219178082,729.0,put,0.11499999999999999,780.7456591571594,-0.010264932739325008,-0.06857570430194213,0.21059477066169877,0.19678537597656248
2026-10-14,0.021917808219178082,730.0,put,0.125,780.7456591571594,-0.010264932739325008,-0.06720490216816344,0.2093622982446863,0.1958088232421875
2026-10-14,0.021917808219178082,731.0,put,0.125,780.7456591571594,-0.010264932739325008,-0.06583597656082173,0.20567336650673093,0.19214675048828128
2026-10-14,0.021917808219178082,732.0,put,0.135,780.7456591571594,-0.010264932739325008,-0.06446892234928867,0.20421463035306917,0.19068192138671874
2026-10-14,0.021917808219178082,733.0,put,0.135,780.7456591571594,-0.010264932739325008,-0.0631037344239487,0.20048849397310256,0.1870198486328125
2026-10-14,0.021917808219178082,734.0,put,0.14500000000000002,780.7456591571594,-0.010264932739325008,-0.061740407696084604,0.19882614051936273,0.18555501953124998
2026-10-14,0.021917808219178082,735.0,put,0.14500000000000002,780.7456591571594,-0.010264932739325008,-0.0603789370977636,0.19506317499360346,0.18189294677734374
2026-10-14,0.021917808219178082,736.0,put,0.155,780.7456591571594,-0.010264932739325008,-0.059019317581724025,0.19321541140871792,0.1801839794921875
2026-10-14,0.021917808219178082,737.0,put,0.155,780.7456591571594,-0.010264932739325008,-0.05766154412126364,0.18941568751941398,0.17652190673828128
2026-10-14,0.021917808219178082,738.0,put,0.165,780.7456591571594,-0.010264932739325008,-0.05630561171012773,0.18739727246188168,0.17456880126953128
2026-10-14,0.021917808219178082,739.0,put,0.165,780.7456591571594,-0.010264932739325008,-0.05495151536239844,0.1835605651399417,0.17090672851562502
2026-10-14,0.021917808219178082,740.0,put,0.175,780.7456591571594,-0.010264932739325008,-0.053599250112384755,0.1813835209561027,0.1687094848632813
2026-10-14,0.021917808219178082,741.0,put,0.185,780.7456591571594,-0.010264932739325008,-0.052248811014513286,0.17908951630907066,0.16651224121093755
2026-10-14,0.021917808219178082,742.0,put,0.195,780.7456591571594,-0.010264932739325008,-0.05090019314321982,0.1766862791114669,0.16407085937500002
2026-10-14,0.021917808219178082,743.0,put,0.195,780.7456591571594,-0.010264932739325008,-0.04955339159284109,0.17274867246229764,0.16040878662109376
2026-10-14,0.021917808219178082,744.0,put,0.20500000000000002,780.7456591571594,-0.010264932739325008,-0.04820840147750837,0.1702115256842704,0.15796740478515625
2026-10-14,0.021917808219178082,745.0,put,0.215,780.7456591571594,-0.010264932739325008,-0.046865217931040704,0.16757755002706165,0.15552602294921875
2026-10-14,0.021917808219178082,746.0,put,0.235,780.7456591571594,-0.010264932739325008,-0.045523836106839355,0.16609981864992684,0.15406119384765626
2026-10-14,0.021917808219178082,747.0,put,0.245,780.7456591571594,-0.010264932739325008,-0.04418425117778288,0.1632327276869812,0.1511315356445313
2026-10-14,0.021917808219178082,748.0,put,0.255,780.7456591571594,-0.010264932739325008,-0.04284645833612304,0.1602844860693348,0.148446015625
2026-10-14,0.021917808219178082,749.0,put,0.275,780.7456591571594,-0.010264932739325008,-0.04151045279338079,0.15833232848341253,0.14649291015625
2026-10-14,0.021917808219178082,750.0,put,0.29000000000000004,780.7456591571594,-0.010264932739325008,-0.04017622978024413,0.1556954096039958,0.14429566650390624
2026-10-14,0.021917808219178082,751.0,put,0.305,780.7456591571594,-0.010264932739325008,-0.03884378454646548,0.15294283158606767,0.1412439392089844
2026-10-14,0.021917808219178082,752.0,put,0.325,780.7456591571594,-0.010264932739325008,-0.03751311236076039,0.1505378406966327,0.13892462646484377
2026-10-14,0.021917808219178082,753.0,put,0.355,780.7456591571594,-0.010264932739325008,-0.03618420851070662,0.14884040854454572,0.13721565917968753
2026-10-14,0.021917808219178082,754.0,put,0.37,780.7456591571594,-0.010264932739325008,-0.03485706830264411,0.14569494971624403,0.13453013916015627
2026-10-14,0.021917808219178082,755.0,put,0.405,780.7456591571594,-0.010264932739325008,-0.033531687061575575,0.14399616564189632,0.13257703369140628
2026-10-14,0.021917808219178082,756.0,put,0.435,780.7456591571594,-0.010264932739325008,-0.03220806013106726,0.14168610506405574,0.1302577209472656
2026-10-14,0.021917808219178082,757.0,put,0.475,780.7456591571594,-0.010264932739325008,-0.030886182873151466,0.1398595791678219,0.12842668457031248
2026-10-14,0.021917808219178082,758.0,put,0.51,780.7456591571594,-0.010264932739325008,-0.029566050668228566,0.1374618972497735,0.1263515100097656
2026-10-14,0.021917808219178082,759.0,put,0.555,780.7456591571594,-0.010264932739325008,-0.02824765891497028,0.13546076746259192,0.12415426635742188
2026-10-14,0.021917808219178082,760.0,put,0.605,780.7456591571594,-0.010264932739325008,-0.026931003030223426,0.133484270003065,0.12220116088867189
2026-10-14,0.021917808219178082,761.0,put,0.655,780.7456591571594,-0.010264932739325008,-0.025616078448914448,0.13123979238174324,0.12000391723632811
2026-10-14,0.021917808219178082,762.0,put,0.72,780.7456591571594,-0.010264932739325008,-0.024302880623953995,0.12948576721990893,0.11841701904296875
2026-10-14,0.021917808219178082,763.0,put,0.785,780.7456591571594,-0.010264932739325008,-0.022991405026143247,0.12741396396546695,0.11609770629882812
2026-10-14,0.021917808219178082,764.0,put,0.86,780.7456591571594,-0.010264932739325008,-0.021681647144079743,0.12548289949629093,0.11438873901367189
2026-10-14,0.021917808219178082,765.0,put,0.95,780.7456591571594,-0.010264932739325008,-0.02037360248406438,0.12383993398382498,0.11267977172851562
2026-10-14,0.021917808219178082,766.0,put,1.045,780.7456591571594,-0.010264932739325008,-0.0190672665700089,0.12201746067210875,0.11066563171386719
2026-10-14,0.021917808219178082,767.0,put,1.15,780.7456591571594,-0.010264932739325008,-0.017762634943343996,0.12019030969287867,0.10895666442871094
2026-10-14,0.021917808219178082,768.0,put,1.27,780.7456591571594,-0.010264932739325008,-0.01645970316292811,0.11849246824508865,0.10718666259765625
2026-10-14,0.021917808219178082,769.0,put,1.4049999999999998,780.7456591571594,-0.010264932739325008,-0.015158466804956286,0.11686453918638358,0.10529459167480469
2026-10-14,0.021917808219178082,770.0,put,1.565,780.7456591571594,-0.010264932739325008,-0.01385892146287071,0.11555946670648515,0.10382976257324218
2026-10-14,0.021917808219178082,771.0,put,1.73,780.7456591571594,-0.010264932739325008,-0.012561062747270736,0.11391095447972265,0.1022428643798828
2026-10-14,0.021917808219178082,772.0,put,1.93,780.7456591571594,-0.010264932739325008,-0.01126488628582404,0.1127503995212849,0.10090010437011719
2026-10-14,0.021917808219178082,773.0,put,2.13,780.7456591571594,-0.010264932739325008,-0.009970387723178232,0.11105329708624163,0.09900803344726564
2026-10-14,0.021917808219178082,774.0,put,2.365,780.7456591571594,-0.010264932739325008,-0.00867756272087306,0.10972510922407143,0.09736010070800781
2026-10-14,0.021917808219178082,775.0,put,2.635,780.7456591571594,-0.010264932739325008,-0.007386406957253276,0.10868184259624958,0.09607837524414065
2026-10-14,0.021917808219178082,776.0,put,2.92,780.7456591571594,-0.010264932739325008,-0.006096916127381504,0.1073871908126768,0.09461354614257814
2026-10-14,0.021917808219178082,777.0,put,3.25,780.7456591571594,-0.010264932739325008,-0.004809085942952796,0.10650977109247814,0.09336233795166016
2026-10-14,0.021917808219178082,779.0,put,3.9800000000000004,780.7456591571594,-0.010264932739325008,-0.002238390439851939,0.10434080238371589,0.09037164520263671
2026-10-14,0.021917808219178082,780.0,put,4.4,780.7456591571594,-0.010264932739325008,-0.0009555166269627652,0.1034377780890082,0.08893733337402344
2026-10-14,0.021917808219178082,781.0,call,4.605,780.7456591571594,-0.010264932739325008,0.00032571352908579605,0.102671449543706,0.10563028167724609
2026-10-14,0.021917808219178082,782.0,call,4.074999999999999,780.7456591571594,-0.010264932739325008,0.0016053042347109279,0.10138979531338742,0.10389079711914062
2026-10-14,0.021917808219178082,783.0,call,3.615,780.7456591571594,-0.010264932739325008,0.0028832596802029656,0.10088730935229463,0.10297527893066405
2026-10-14,0.021917808219178082,784.0,call,3.17,780.7456591571594,-0.010264932739325008,0.004159584039807728,0.09995429950299893,0.10154096710205077
2026-10-14,0.021917808219178082,785.0,call,2.7699999999999996,780.7456591571594,-0.010264932739325008,0.005434281471808108,0.09925504359552292,0.10047286254882812
2026-10-14,0.021917808219178082,786.0,call,2.4299999999999997,780.7456591571594,-0.010264932739325008,0.006707356118606239,0.0991784945488566,0.10004562072753906
2026-10-14,0.021917808219178082,787.0,call,2.09,780.7456591571594,-0.010264932739325008,0.007978812106802938,0.09831791033467172,0.09888596435546876
2026-10-14,0.021917808219178082,788.0,call,1.79,780.7456591571594,-0.010264932739325008,0.009248653547278853,0.09763972700882678,0.0979704461669922
2026-10-14,0.021917808219178082,789.0,call,1.5350000000000001,780.7456591571594,-0.010264932739325008,0.010516884535273986,0.09734863666371507,0.09729906616210937
2026-10-14,0.021917808219178082,790.0,call,1.31,780.7456591571594,-0.010264932739325008,0.011783509150466939,0.09711688121149153,0.09693285888671876
2026-10-14,0.021917808219178082,791.0,call,1.105,780.7456591571594,-0.010264932739325008,0.01304853145705365,0.09668808465589765,0.09613940979003907
2026-10-14,0.021917808219178082,792.0,call,0.925,780.7456591571594,-0.010264932739325008,0.014311955503825649,0.09625143889801238,0.0955290643310547
2026-10-14,0.021917808219178082,793.0,call,0.775,780.7456591571594,-0.010264932739325008,0.015573785324247795,0.096074538814607,0.09516285705566407
2026-10-14,0.021917808219178082,794.0,call,0.65,780.7456591571594,-0.010264932739325008,0.01683402493653555,0.09610880344951117,0.09522389160156251
2026-10-14,0.021917808219178082,795.0,call,0.53,780.7456591571594,-0.010264932739325008,0.018092678343731742,0.09555066252619765,0.09461354614257814
2026-10-14,0.021917808219178082,796.0,call,0.445,780.7456591571594,-0.010264932739325008,0.019349749533782875,0.09591453525024779,0.09461354614257814
2026-10-14,0.021917808219178082,797.0,call,0.365,780.7456591571594,-0.010264932739325008,0.020605242479614917,0.09583319886521378,0.09436940795898438
2026-10-14,0.021917808219178082,798.0,call,0.305,780.7456591571594,-0.010264932739325008,0.021859161139208442,0.0962771165232399,0.09473561523437501
2026-10-14,0.021917808219178082,799.0,call,0.255,780.7456591571594,-0.010264932739325008,0.023111509455674358,0.09679502982293771,0.09510182250976565
2026-10-14,0.021917808219178082,800.0,call,0.215,780.7456591571594,-0.010264932739325008,0.024362291357327006,0.09752450761483875,0.09571216796875001
2026-10-14,0.021917808219178082,802.0,call,0.14500000000000002,780.7456591571594,-0.010264932739325008,0.026859171555914236,0.09814557306747614,0.09620044433593751
2026-10-14,0.021917808219178082,803.0,call,0.125,780.7456591571594,-0.010264932739325008,0.02810527763616143,0.09934338294744663,0.09742113525390625
2026-10-14,0.021917808219178082,804.0,call,0.10500000000000001,780.7456591571594,-0.010264932739325008,0.029349832868366146,0.1001106641610191,0.0981535498046875
2026-10-14,0.021917808219178082,805.0,call,0.095,780.7456591571594,-0.010264932739325008,0.030592841107963162,0.10204711473549567,0.1001066552734375
2026-10-14,0.021917808219178082,806.0,call,0.07500000000000001,780.7456591571594,-0.010264932739325008,0.031834306196028096,0.10186288139821141,0.09986251708984376
2026-10-14,0.021917808219178082,807.0,call,0.07500000000000001,780.7456591571594,-0.010264932739325008,0.033074231959348624,0.10523447096426167,0.10303631347656249
2026-10-14,0.021917808219178082,809.0,call,0.065,780.7456591571594,-0.010264932739325008,0.03554948074789154,0.1096913309509275,0.10743080078125
2026-10-14,0.021917808219178082,810.0,call,0.055,780.7456591571594,-0.010264932739325008,0.03678481135588432,0.11042887665426301,0.1079190771484375
2026-10-14,0.021917808219178082,815.0,call,0.045,780.7456591571594,-0.010264932739325008,0.042938676930262445,0.12307785303551194,0.12012598632812499
2026-10-14,0.021917808219178082,820.0,call,0.035,780.7456591571594,-0.010264932739325008,0.04905490394769862,0.13419176350251374,0.13086806640624998
2026-10-15,0.024657534246575342,670.0,put,0.055,780.8058013183951,-0.007764994346587742,-0.15304875265347578,0.36995574067926384,0.35156898437499995
2026-10-15,0.024657534246575342,675.0,put,0.055,780.8058013183951,-0.007764994346587742,-0.14561377416595767,0.3537063333860856,0.335944140625
2026-10-15,0.024657534246575342,680.0,put,0.055,780.8058013183951,-0.007764994346587742,-0.13823366686833505,0.3375164417758674,0.32031929687499994
2026-10-15,0.024657534246575342,695.0,put,0.07500000000000001,780.8058013183951,-0.007764994346587742,-0.11641461947369532,0.2995774349839374,0.2836985693359374
2026-10-15,0.024657534246575342,700.0,put,0.08499999999999999,780.8058013183951,-0.007764994346587742,-0.10924612999508286,0.28733765567115255,0.27149166015625
2026-10-15,0.024657534246575342,705.0,put,0.095,780.8058013183951,-0.007764994346587742,-0.10212866222621883,0.2744051047837341,0.25928475097656256
2026-10-15,0.024657534246575342,710.0,put,0.10500000000000001,780.8058013183951,-0.007764994346587742,-0.09506149500312634,0.2608733821925758,0.2461012890625
2026-10-15,0.024657534246575342,715.0,put,0.11499999999999999,780.8058013183951,-0.007764994346587742,-0.08804392234447987,0.24680895632267827,0.23242955078125
2026-10-15,0.024657534246575342,720.0,put,0.135,780.8058013183951,-0.007764994346587742,-0.0810752530283865,0.23471616691610642,0.22095505615234373
2026-10-15,0.024657534246575342,723.0,put,0.14500000000000002,780.8058013183951,-0.007764994346587742,-0.07691724287972278,0.22649993609110614,0.21289849609375
2026-10-15,0.024657534246575342,724.0,put,0.14500000000000002,780.8058013183951,-0.007764994346587742,-0.0755350726527711,0.22297889144855026,0.20948056152343747
2026-10-15,0.024657534246575342,725.0,put,0.155,780.8058013183951,-0.007764994346587742,-0.07415481018381267,0.22156054583443505,0.2082598706054687
2026-10-15,0.024657534246575342,728.0,put,0.165,780.8058013183951,-0.007764994346587742,-0.07002541684180147,0.21284485854724305,0.1997150341796875
2026-10-15,0.024657534246575342,729.0,put,0.165,780.8058013183951,-0.007764994346587742,-0.06865273302982927,0.20926276234130542,0.196297099609375
2026-10-15,0.024657534246575342,730.0,put,0.175,780.8058013183951,-0.007764994346587742,-0.06728193089605072,0.2074968492951869,0.1948322705078125
2026-10-15,0.024657534246575342,731.0,put,0.175,780.8058013183951,-0.007764994346587742,-0.06591300528870903,0.2038851914720904,0.19117019775390626
2026-10-15,0.024657534246575342,732.0,put,0.185,780.8058013183951,-0.007764994346587742,-0.06454595107717596,0.20197696215924674,0.18946123046875002
2026-10-15,0.024657534246575342,733.0,put,0.185,780.8058013183951,-0.007764994346587742,-0.06318076315183602,0.198335612145541,0.1860432958984375
2026-10-15,0.024657534246575342,734.0,put,0.195,780.8058013183951,-0.007764994346587742,-0.06181743642397192,0.19629418607633922,0.18384605224609374
2026-10-15,0.024657534246575342,735.0,put,0.20500000000000002,780.8058013183951,-0.007764994346587742,-0.060455965825650826,0.19415328457576164,0.18189294677734374
2026-10-15,0.024657534246575342,736.0,put,0.20500000000000002,780.8058013183951,-0.007764994346587742,-0.059096346309611254,0.1904558177014369,0.1782308740234375
2026-10-15,0.024657534246575342,737.0,put,0.215,780.8058013183951,-0.007764994346587742,-0.057738572849150877,0.18819572316031494,0.17603363037109376
2026-10-15,0.024657534246575342,738.0,put,0.225,780.8058013183951,-0.007764994346587742,-0.05638264043801498,0.18584773726889497,0.17383638671875
2026-10-15,0.024657534246575342,739.0,put,0.235,780.8058013183951,-0.007764994346587742,-0.055028544090285694,0.18341638774094157,0.1713950048828125
2026-10-15,0.024657534246575342,740.0,put,0.245,780.8058013183951,-0.007764994346587742,-0.053676278840272026,0.18090563274999918,0.16895362304687503
2026-10-15,0.024657534246575342,741.0,put,0.255,780.8058013183951,-0.007764994346587742,-0.052325839742400564,0.17831893889815006,0.16651224121093755
2026-10-15,0.024657534246575342,742.0,put,0.265,780.8058013183951,-0.007764994346587742,-0.050977221871106995,0.17565934482260265,0.16394879028320314
2026-10-15,0.024657534246575342,743.0,put,0.275,780.8058013183951,-0.007764994346587742,-0.04963042032072827,0.17292951308587176,0.16138533935546873
2026-10-15,0.024657534246575342,744.0,put,0.28500000000000003,780.8058013183951,-0.007764994346587742,-0.048285430205395566,0.17013177266761317,0.15869981933593752
2026-10-15,0.024657534246575342,745.0,put,0.3,780.8058013183951,-0.007764994346587742,-0.046942246658927905,0.16778299112402445,0.15674671386718753
2026-10-15,0.024657534246575342,746.0,put,0.315,780.8058013183951,-0.007764994346587742,-0.04560086483472668,0.1653288178325108,0.15393912475585939
2026-10-15,0.024657534246575342,747.0,put,0.335,780.8058013183951,-0.007764994346587742,-0.04426127990567022,0.1632410141347185,0.1518639501953125
2026-10-15,0.024657534246575342,748.0,put,0.35,780.8058013183951,-0.007764994346587742,-0.04292348706401027,0.16057143564781423,0.14966670654296876
2026-10-15,0.024657534246575342,749.0,put,0.375,780.8058013183951,-0.007764994346587742,-0.04158748152126803,0.1586591234344537,0.147469462890625
2026-10-15,0.024657534246575342,750.0,put,0.39,780.8058013183951,-0.007764994346587742,-0.04025325850813138,0.15577779393104033,0.1450280810546875
2026-10-15,0.024657534246575342,751.0,put,0.415,780.8058013183951,-0.007764994346587742,-0.038920813274352754,0.15358585059224755,0.14246463012695312
2026-10-15,0.024657534246575342,752.0,put,0.445,780.8058013183951,-0.007764994346587742,-0.037590141088647666,0.15160929788839533,0.14051152465820313
2026-10-15,0.024657534246575342,753.0,put,0.475,780.8058013183951,-0.007764994346587742,-0.0362612372385939,0.14945657457461148,0.13843635009765626
2026-10-15,0.024657534246575342,754.0,put,0.505,780.8058013183951,-0.007764994346587742,-0.0349340970305314,0.14713929283783453,0.13611703735351563
2026-10-15,0.024657534246575342,755.0,put,0.545,780.8058013183951,-0.007764994346587742,-0.03360871578946276,0.1452858415930207,0.13428600097656251
2026-10-15,0.024657534246575342,756.0,put,0.585,780.8058013183951,-0.007764994346587742,-0.03228508885895446,0.14322296931452622,0.13233289550781252
2026-10-15,0.024657534246575342,757.0,put,0.615,780.8058013183951,-0.007764994346587742,-0.030963211601038675,0.1404101278355712,0.12952530639648438
2026-10-15,0.024657534246575342,758.0,put,0.675,780.8058013183951,-0.007764994346587742,-0.02964307939611579,0.13904790749235804,0.12818254638671872
2026-10-15,0.024657534246575342,759.0,put,0.725,780.8058013183951,-0.007764994346587742,-0.02832468764285751,0.13690416012160808,0.12604633728027342
2026-10-15,0.024657534246575342,760.0,put,0.785,780.8058013183951,-0.007764994346587742,-0.027008031758110666,0.13501656610667515,0.12415426635742188
2026-10-15,0.024657534246575342,761.0,put,0.855,780.8058013183951,-0.007764994346587742,-0.025693107176801587,0.13332229782227206,0.12244529907226565
2026-10-15,0.024657534246575342,762.0,put,0.925,780.8058013183951,-0.007764994346587742,-0.024379909351841256,0.1313496091333088,0.12043115905761718
2026-10-15,0.024657534246575342,763.0,put,1.01,780.8058013183951,-0.007764994346587742,-0.023068433754030518,0.12970858990008927,0.11896632995605468
2026-10-15,0.024657534246575342,764.0,put,1.1,780.8058013183951,-0.007764994346587742,-0.021758675871967025,0.12794846998846826,0.11713529357910156
2026-10-15,0.024657534246575342,765.0,put,1.2,780.8058013183951,-0.007764994346587742,-0.020450631211951672,0.12623656476395256,0.11536529174804688
2026-10-15,0.024657534246575342,766.0,put,1.31,780.8058013183951,-0.007764994346587742,-0.019144295297896203,0.1245372900105472,0.11359528991699218
2026-10-15,0.024657534246575342,767.0,put,1.43,780.8058013183951,-0.007764994346587742,-0.017839663671231305,0.12281953788200273,0.11182528808593749
2026-10-15,0.024657534246575342,768.0,put,1.565,780.8058013183951,-0.007764994346587742,-0.01653673189081532,0.12120645189944743,0.10999425170898436
2026-10-15,0.024657534246575342,769.0,put,1.72,780.8058013183951,-0.007764994346587742,-0.015235495532843505,0.11979525046263804,0.10859045715332032
2026-10-15,0.024657534246575342,770.0,put,1.88,780.8058013183951,-0.007764994346587742,-0.013935950190757938,0.11811637971937408,0.10682045532226564
2026-10-15,0.024657534246575342,771.0,put,2.065,780.8058013183951,-0.007764994346587742,-0.012638091475157974,0.1166950871083321,0.10511148803710937
2026-10-15,0.024657534246575342,772.0,put,2.2800000000000002,780.8058013183951,-0.007764994346587742,-0.011341915013711287,0.11559129254495264,0.10395183166503905
2026-10-15,0.024657534246575342,773.0,put,2.49,780.8058013183951,-0.007764994346587742,-0.010047416451065489,0.1138929864428559,0.1020902780151367
2026-10-15,0.024657534246575342,774.0,put,2.74,780.8058013183951,-0.007764994346587742,-0.008754591448760328,0.11267679345473054,0.10065596618652344
2026-10-15,0.024657534246575342,775.0,put,3.0199999999999996,780.8058013183951,-0.007764994346587742,-0.007463435685140441,0.11163717765230048,0.09934372344970702
2026-10-15,0.024657534246575342,776.0,put,3.3200000000000003,780.8058013183951,-0.007764994346587742,-0.006173944855268679,0.11050982278397198,0.09793992889404299
2026-10-15,0.024657534246575342,780.0,put,4.8100000000000005,780.8058013183951,-0.007764994346587742,-0.0010325453548500915,0.10652538873323569,0.09235526794433593
2026-10-15,0.024657534246575342,781.0,call,5.0649999999999995,780.8058013183951,-0.007764994346587742,0.0002486848011984601,0.10561474593249852,0.10917028533935547
2026-10-15,0.024657534246575342,782.0,call,4.5649999999999995,780.8058013183951,-0.007764994346587742,0.0015282755068235822,0.10509854700293365,0.10819373260498047
2026-10-15,0.024657534246575342,783.0,call,4.08,780.8058013183951,-0.007764994346587742,0.0028062309523156103,0.10424972914267415,0.10685097259521485
2026-10-15,0.024657534246575342,784.0,call,3.63,780.8058013183951,-0.007764994346587742,0.0040825553119203635,0.1034719128403718,0.10569131622314451
2026-10-15,0.024657534246575342,785.0,call,3.2,780.8058013183951,-0.007764994346587742,0.005357252743920955,0.10244255364275512,0.10431803894042967
2026-10-15,0.024657534246575342,786.0,call,2.83,780.8058013183951,-0.007764994346587742,0.006630327390719075,0.10202975606083267,0.10358562438964843
2026-10-15,0.024657534246575342,787.0,call,2.4800000000000004,780.8058013183951,-0.007764994346587742,0.007901783378915764,0.1013830272151366,0.10263958892822264
2026-10-15,0.024657534246575342,788.0,call,2.175,780.8058013183951,-0.007764994346587742,0.009171624819391669,0.10109215751664274,0.10193769165039063
2026-10-15,0.024657534246575342,789.0,call,1.88,780.8058013183951,-0.007764994346587742,0.010439855807386794,0.10034687656108085,0.1010832080078125
2026-10-15,0.024657534246575342,790.0,call,1.625,780.8058013183951,-0.007764994346587742,0.011706480422579737,0.09990340817146244,0.1002897589111328
2026-10-15,0.024657534246575342,791.0,call,1.395,780.8058013183951,-0.007764994346587742,0.012971502729166438,0.09942558556975824,0.09961837890625
2026-10-15,0.024657534246575342,792.0,call,1.2,780.8058013183951,-0.007764994346587742,0.014234926775938427,0.099257506718441,0.09937424072265624
2026-10-15,0.024657534246575342,793.0,call,1.02,780.8058013183951,-0.007764994346587742,0.015496756596360564,0.09885812379515757,0.09882492980957032
2026-10-15,0.024657534246575342,794.0,call,0.865,780.8058013183951,-0.007764994346587742,0.016756996208648307,0.09858698419198439,0.09821458435058594
2026-10-15,0.024657534246575342,795.0,call,0.725,780.8058013183951,-0.007764994346587742,0.01801564961584449,0.0981465038235357,0.09760423889160157
2026-10-15,0.024657534246575342,796.0,call,0.615,780.8058013183951,-0.007764994346587742,0.019272720805895614,0.09822034469788464,0.09754320434570313
2026-10-15,0.024657534246575342,797.0,call,0.52,780.8058013183951,-0.007764994346587742,0.020528213751727645,0.09832374054321555,0.09778734252929688
2026-10-15,0.024657534246575342,799.0,call,0.365,780.8058013183951,-0.007764994346587742,0.02303448072778729,0.09840622385196258,0.09742113525390625
2026-10-15,0.024657534246575342,800.0,call,0.315,780.8058013183951,-0.007764994346587742,0.024285262629439922,0.09922555354466472,0.09803148071289064
2026-10-15,0.024657534246575342,805.0,call,0.135,780.8058013183951,-0.007764994346587742,0.030515812380075814,0.10158474828126145,0.1001066552734375
2026-10-15,0.024657534246575342,808.0,call,0.095,780.8058013183951,-0.007764994346587742,0.034235593482607844,0.10580339958556881,0.10401286621093749
2026-10-15,0.024657534246575342,809.0,call,0.08499999999999999,780.8058013183951,-0.007764994346587742,0.03547245202000416,0.10725041240386965,0.1054776953125
2026-10-15,0.024657534246575342,810.0,call,0.07500000000000001,780.8058013183951,-0.007764994346587742,0.03670778262799693,0.1084555050016229,0.10669838623046876
2026-10-15,0.024657534246575342,815.0,call,0.055,780.8058013183951,-0.007764994346587742,0.04286164820237522,0.11885205709559439,0.1167080517578125
2026-10-15,0.024657534246575342,820.0,call,0.045,780.8058013183951,-0.007764994346587742,0.04897787521981135,0.13018187077443438,0.127938408203125
2026-10-15,0.024657534246575342,825.0,call,0.035,780.8058013183951,-0.007764994346587742,0.055056921296193564,0.1400720699789824,0.13770393554687502
2026-10-15,0.024657534246575342,835.0,call,0.025,780.8058013183951,-0.007764994346587742,0.06710525981236792,0.16094855492325832,0.15821154296875
2026-10-16,0.0273972602739726,595.0,put,0.025,781.0100110609068,-0.01249835379251129,-0.2720265624717068,0.5506096042107396,0.523442265625
2026-10-16,0.0273972602739726,600.0,put,0.025,781.0100110609068,-0.01249835379251129,-0.26365831280119023,0.5349283431826036,0.507817421875
2026-10-16,0.0273972602739726,605.0,put,0.025,781.0100110609068,-0.01249835379251129,-0.2553595099864951,0.5193511235824505,0.500005
2026-10-16,0.0273972602739726,610.0,put,0.025,781.0100110609068,-0.01249835379251129,-0.24712901084997968,0.5038751474180964,0.48438015625
2026-10-16,0.0273972602739726,615.0,put,0.025,781.0100110609068,-0.01249835379251129,-0.23896570021081867,0.48849760911629897,0.47070841796875
2026-10-16,0.0273972602739726,620.0,put,0.035,781.0100110609068,-0.01249835379251129,-0.2308684899781994,0.4879063657791967,0.4687553125
2026-10-16,0.0273972602739726,625.0,put,0.035,781.0100110609068,-0.01249835379251129,-0.22283631828093506,0.4723109017688551,0.45313046875
2026-10-16,0.0273972602739726,630.0,put,0.035,781.0100110609068,-0.01249835379251129,-0.21486814863175824,0.45680656197402003,0.437505625
2026-10-16,0.0273972602739726,635.0,put,0.045,781.0100110609068,-0.01249835379251129,-0.2069629691246449,0.4521940745300272,0.4335994140625
2026-10-16,0.0273972602739726,640.0,put,0.045,781.0100110609068,-0.01249835379251129,-0.1991197916636191,0.4365428505810522,0.41797457031249996
2026-10-16,0.0273972602739726,645.0,put,0.045,781.0100110609068,-0.01249835379251129,-0.19133765122156407,0.4209741878547325,0.4023497265625
2026-10-16,0.0273972602739726,650.0,put,0.055,781.0100110609068,-0.01249835379251129,-0.18361560512765382,0.41380870732303876,0.39551385742187506
2026-10-16,0.0273972602739726,655.0,put,0.055,781.0100110609068,-0.01249835379251129,-0.17595273238208464,0.3981280338958753,0.38086556640624997
2026-10-16,0.0273972602739726,660.0,put,0.055,781.0100110609068,-0.01249835379251129,-0.16834813299686538,0.38251993246808996,0.36524072265625
2026-10-16,0.0273972602739726,665.0,put,0.065,781.0100110609068,-0.01249835379251129,-0.1608009273614824,0.373555144295923,0.35645174804687496
2026-10-16,0.0273972602739726,670.0,put,0.065,781.0100110609068,-0.01249835379251129,-0.15331025563232487,0.3578491062585279,0.340826904296875
2026-10-16,0.0273972602739726,675.0,put,0.07500000000000001,781.0100110609068,-0.01249835379251129,-0.14587527714480675,0.34766571036559896,0.331061376953125
2026-10-16,0.0273972602739726,680.0,put,0.07500000000000001,781.0100110609068,-0.01249835379251129,-0.13849516984718424,0.3318701885066392,0.3154365332031249
2026-10-16,0.0273972602739726,685.0,put,0.08499999999999999,781.0100110609068,-0.01249835379251129,-0.13116912975511127,0.3207131802763729,0.304694453125
2026-10-16,0.0273972602739726,690.0,put,0.095,781.0100110609068,-0.01249835379251129,-0.12389637042603155,0.3088745415720621,0.2929758203124999
2026-10-16,0.0273972602739726,695.0,put,0.10500000000000001,781.0100110609068,-0.01249835379251129,-0.11667612245254443,0.2964551634306371,0.28125718749999995
2026-10-16,0.0273972602739726,700.0,put,0.11499999999999999,781.0100110609068,-0.01249835379251129,-0.10950763297393194,0.2835285663106096,0.26856200195312496
2026-10-16,0.0273972602739726,701.0,put,0.11499999999999999,781.0100110609068,-0.01249835379251129,-0.10808008098274649,0.2802726441394669,0.26563234375
2026-10-16,0.0273972602739726,702.0,put,0.11499999999999999,781.0100110609068,-0.01249835379251129,-0.10665456399152543,0.277017572068966,0.2622144091796875
2026-10-16,0.0273972602739726,703.0,put,0.11499999999999999,781.0100110609068,-0.01249835379251129,-0.10523107620667173,0.2737632865002448,0.25928475097656256
2026-10-16,0.0273972602739726,704.0,put,0.125,781.0100110609068,-0.01249835379251129,-0.1038096118592942,0.2734299456136834,0.25879647460937505
2026-10-16,0.0273972602739726,705.0,put,0.125,781.0100110609068,-0.01249835379251129,-0.10239016520506791,0.2701489780525629,0.25586681640625003
2026-10-16,0.0273972602739726,706.0,put,0.125,781.0100110609068,-0.01249835379251129,-0.10097273052409457,0.2668685456079181,0.2524488818359375
2026-10-16,0.0273972602739726,707.0,put,0.125,781.0100110609068,-0.01249835379251129,-0.09955730212076386,0.26358857423605553,0.24951922363281248
2026-10-16,0.0273972602739726,708.0,put,0.135,781.0100110609068,-0.01249835379251129,-0.0981438743236168,0.2629678665657823,0.2485426708984375
2026-10-16,0.0273972602739726,709.0,put,0.135,781.0100110609068,-0.01249835379251129,-0.09673244148520904,0.25966200543947715,0.2456130126953125
2026-10-16,0.0273972602739726,710.0,put,0.135,781.0100110609068,-0.01249835379251129,-0.09532299798197552,0.2563563224906511,0.242195078125
2026-10-16,0.0273972602739726,711.0,put,0.135,781.0100110609068,-0.01249835379251129,-0.0939155382140957,0.25305073853002563,0.23926541992187497
2026-10-16,0.0273972602739726,712.0,put,0.14500000000000002,781.0100110609068,-0.01249835379251129,-0.09251005660536078,0.2521730833113764,0.23828886718749998
2026-10-16,0.0273972602739726,713.0,put,0.14500000000000002,781.0100110609068,-0.01249835379251129,-0.0911065476030407,0.248842092151431,0.2348709326171875
2026-10-16,0.0273972602739726,714.0,put,0.14500000000000002,781.0100110609068,-0.01249835379251129,-0.0897050056777522,0.24551088260442372,0.23194127441406248
2026-10-16,0.0273972602739726,715.0,put,0.155,781.0100110609068,-0.01249835379251129,-0.08830542532332891,0.24442520553187624,0.2309647216796875
2026-10-16,0.0273972602739726,716.0,put,0.155,781.0100110609068,-0.01249835379251129,-0.08690780105669103,0.24106904057693726,0.22754678710937498
2026-10-16,0.0273972602739726,717.0,put,0.155,781.0100110609068,-0.01249835379251129,-0.08551212741771626,0.237712309606979,0.2243729907226562
2026-10-16,0.0273972602739726,718.0,put,0.165,781.0100110609068,-0.01249835379251129,-0.08411839896911238,0.2364370707535017,0.22315229980468748
2026-10-16,0.0273972602739726,719.0,put,0.165,781.0100110609068,-0.01249835379251129,-0.08272661029628985,0.23305562287902598,0.21973436523437498
2026-10-16,0.0273972602739726,720.0,put,0.175,781.0100110609068,-0.01249835379251129,-0.08133675600723562,0.23162941017773342,0.21826953613281247
2026-10-16,0.0273972602739726,721.0,put,0.175,781.0100110609068,-0.01249835379251129,-0.07994883073238751,0.22822357846848945,0.21509573974609375
2026-10-16,0.0273972602739726,722.0,put,0.175,781.0100110609068,-0.01249835379251129,-0.07856282912451032,0.22481649167117332,0.21192194335937498
2026-10-16,0.0273972602739726,723.0,put,0.185,781.0100110609068,-0.01249835379251129,-0.07717874585857194,0.2232280663005512,0.21021297607421874
2026-10-16,0.0273972602739726,724.0,put,0.185,781.0100110609068,-0.01249835379251129,-0.07579657563162023,0.219796459029883,0.20703917968749996
2026-10-16,0.0273972602739726,725.0,put,0.195,781.0100110609068,-0.01249835379251129,-0.07441631316266178,0.2180790222769516,0.20533021240234373
2026-10-16,0.0273972602739726,726.0,put,0.195,781.0100110609068,-0.01249835379251129,-0.07303795319254056,0.21462292239411937,0.20191227783203125
2026-10-16,0.0273972602739726,727.0,put,0.20500000000000002,781.0100110609068,-0.01249835379251129,-0.07166149048381724,0.2127847572319959,0.20020331054687499
2026-10-16,0.0273972602739726,728.0,put,0.20500000000000002,781.0100110609068,-0.01249835379251129,-0.0702869198206506,0.20930405977802077,0.19678537597656248
2026-10-16,0.0273972602739726,729.0,put,0.215,781.0100110609068,-0.01249835379251129,-0.0689142360086784,0.2073522055626145,0.1948322705078125
2026-10-16,0.0273972602739726,730.0,put,0.225,781.0100110609068,-0.01249835379251129,-0.0675434338748998,0.20531467351165983,0.1928791650390625
2026-10-16,0.0273972602739726,731.0,put,0.225,781.0100110609068,-0.01249835379251129,-0.06617450826755808,0.20178711531617796,0.18946123046875002
2026-10-16,0.0273972602739726,732.0,put,0.235,781.0100110609068,-0.01249835379251129,-0.06480745405602499,0.19964696829565462,0.187508125
2026-10-16,0.0273972602739726,733.0,put,0.245,781.0100110609068,-0.01249835379251129,-0.06344226613068514,0.19743041716212142,0.18531088134765622
2026-10-16,0.0273972602739726,734.0,put,0.245,781.0100110609068,-0.01249835379251129,-0.06207893940282102,0.19385580820060114,0.18189294677734374
2026-10-16,0.0273972602739726,735.0,put,0.265,781.0100110609068,-0.01249835379251129,-0.06071746880449989,0.19278246314653244,0.180672255859375
2026-10-16,0.0273972602739726,736.0,put,0.275,781.0100110609068,-0.01249835379251129,-0.059357849288460406,0.19035723423729747,0.1783529431152344
2026-10-16,0.0273972602739726,737.0,put,0.275,781.0100110609068,-0.01249835379251129,-0.05800007582800001,0.18671780554582587,0.174812939453125
2026-10-16,0.0273972602739726,738.0,put,0.28500000000000003,781.0100110609068,-0.01249835379251129,-0.05664414341686408,0.18420708197072463,0.17237155761718753
2026-10-16,0.0273972602739726,739.0,put,0.295,781.0100110609068,-0.01249835379251129,-0.05529004706913476,0.18163464975896337,0.16993017578125003
2026-10-16,0.0273972602739726,740.0,put,0.315,781.0100110609068,-0.01249835379251129,-0.053937781819121185,0.1800383860786555,0.16834327758789067
2026-10-16,0.0273972602739726,741.0,put,0.325,781.0100110609068,-0.01249835379251129,-0.0525873427212497,0.17731382839651733,0.16577982666015628
2026-10-16,0.0273972602739726,742.0,put,0.345,781.0100110609068,-0.01249835379251129,-0.051238724849956105,0.17548639213965955,0.1638267211914063
2026-10-16,0.0273972602739726,743.0,put,0.355,781.0100110609068,-0.01249835379251129,-0.04989192329957747,0.17262308906830284,0.161141201171875
2026-10-16,0.0273972602739726,744.0,put,0.365,781.0100110609068,-0.01249835379251129,-0.04854693318424473,0.16970848603907052,0.15821154296875
2026-10-16,0.0273972602739726,745.0,put,0.395,781.0100110609068,-0.01249835379251129,-0.04720374963777705,0.168434533864558,0.15699085205078128
2026-10-16,0.0273972602739726,746.0,put,0.405,781.0100110609068,-0.01249835379251129,-0.04586236781357579,0.16536833219521235,0.15406119384765626
2026-10-16,0.0273972602739726,747.0,put,0.425,781.0100110609068,-0.01249835379251129,-0.0445227828845193,0.16303395547922148,0.15174188110351564
2026-10-16,0.0273972602739726,748.0,put,0.445,781.0100110609068,-0.01249835379251129,-0.043184990042859334,0.160597059270002,0.149422568359375
2026-10-16,0.0273972602739726,749.0,put,0.485,781.0100110609068,-0.01249835379251129,-0.041848984500117065,0.1594709100815816,0.14820187744140628
2026-10-16,0.0273972602739726,750.0,put,0.505,781.0100110609068,-0.01249835379251129,-0.040514761486980494,0.15678679450797944,0.14563842651367187
2026-10-16,0.0273972602739726,751.0,put,0.525,781.0100110609068,-0.01249835379251129,-0.03918231625320184,0.1540144091543896,0.14283083740234376
2026-10-16,0.0273972602739726,752.0,put,0.565,781.0100110609068,-0.01249835379251129,-0.03785164406749673,0.15238725855258303,0.1412439392089844
2026-10-16,0.0273972602739726,753.0,put,0.595,781.0100110609068,-0.01249835379251129,-0.036522740217443055,0.1499866589546723,0.13892462646484377
2026-10-16,0.0273972602739726,754.0,put,0.645,781.0100110609068,-0.01249835379251129,-0.035195600009380525,0.14856924247623932,0.1374597973632813
2026-10-16,0.0273972602739726,755.0,put,0.685,781.0100110609068,-0.01249835379251129,-0.03387021876831186,0.14640312381294163,0.13526255371093754
2026-10-16,0.0273972602739726,756.0,put,0.725,781.0100110609068,-0.01249835379251129,-0.032546591837803535,0.1440784034515345,0.1330042755126953
2026-10-16,0.0273972602739726,757.0,put,0.785,781.0100110609068,-0.01249835379251129,-0.031224714579887833,0.1425546797161044,0.13147841186523437
2026-10-16,0.0273972602739726,758.0,put,0.84,781.0100110609068,-0.01249835379251129,-0.02990458237496492,0.1405716294336934,0.12964737548828126
2026-10-16,0.0273972602739726,759.0,put,0.9,781.0100110609068,-0.01249835379251129,-0.028586190621706614,0.13860608301952607,0.12769427001953126
2026-10-16,0.0273972602739726,760.0,put,0.97,781.0100110609068,-0.01249835379251129,-0.02726953473695986,0.13684132895283946,0.12586323364257812
2026-10-16,0.0273972602739726,761.0,put,1.05,781.0100110609068,-0.01249835379251129,-0.025954610155650752,0.13522884805314567,0.12421530090332032
2026-10-16,0.0273972602739726,762.0,put,1.1349999999999998,781.0100110609068,-0.01249835379251129,-0.02464141233069028,0.13354248446608286,0.12226219543457033
2026-10-16,0.0273972602739726,763.0,put,1.225,781.0100110609068,-0.01249835379251129,-0.023329936732879628,0.13177150888118389,0.12049219360351562
2026-10-16,0.0273972602739726,764.0,put,1.3250000000000002,781.0100110609068,-0.01249835379251129,-0.022020178850816106,0.13007172939095846,0.11872219177246093
2026-10-16,0.0273972602739726,765.0,put,1.44,781.0100110609068,-0.01249835379251129,-0.020712134190800726,0.12856820512308365,0.11725736267089844
2026-10-16,0.0273972602739726,766.0,put,1.5550000000000002,781.0100110609068,-0.01249835379251129,-0.019405798276745233,0.12675939264116107,0.11524322265625
2026-10-16,0.0273972602739726,767.0,put,1.6949999999999998,781.0100110609068,-0.01249835379251129,-0.018101166650080425,0.1253792652455551,0.11371735900878906
2026-10-16,0.0273972602739726,768.0,put,1.835,781.0100110609068,-0.01249835379251129,-0.01679823486966441,0.12366126890959711,0.11194735717773435
2026-10-16,0.0273972602739726,769.0,put,2.0,781.0100110609068,-0.01249835379251129,-0.015496998511692568,0.12227869774400778,0.11054356262207031
2026-10-16,0.0273972602739726,770.0,put,2.1900000000000004,781.0100110609068,-0.01249835379251129,-0.01419745316960709,0.12116391804908247,0.10923131988525389
2026-10-16,0.0273972602739726,771.0,put,2.38,781.0100110609068,-0.01249835379251129,-0.012899594454007098,0.11965548836210659,0.10755286987304688
2026-10-16,0.0273972602739726,772.0,put,2.59,781.0100110609068,-0.01249835379251129,-0.011603417992560384,0.11823610477130264,0.10593545440673827
2026-10-16,0.0273972602739726,773.0,put,2.835,781.0100110609068,-0.01249835379251129,-0.010308919429914671,0.11720682366257906,0.10456217712402342
2026-10-16,0.0273972602739726,774.0,put,3.08,781.0100110609068,-0.01249835379251129,-0.009016094427609483,0.11574202397227942,0.10297527893066405
2026-10-16,0.0273972602739726,775.0,put,3.37,781.0100110609068,-0.01249835379251129,-0.0077249386639895706,0.11480656106984544,0.1017240707397461
2026-10-16,0.0273972602739726,776.0,put,3.66,781.0100110609068,-0.01249835379251129,-0.006435447834117782,0.11340508518131699,0.10001510345458985
2026-10-16,0.0273972602739726,777.0,put,4.0,781.0100110609068,-0.01249835379251129,-0.00514761764968917,0.1125558017957637,0.09876389526367188
2026-10-16,0.0273972602739726,778.0,put,4.355,781.0100110609068,-0.01249835379251129,-0.003861443838944975,0.11150918687379123,0.09742113525390625
2026-10-16,0.0273972602739726,779.0,put,4.755,781.0100110609068,-0.01249835379251129,-0.00257692214658828,0.11084307852570532,0.09626147888183595
2026-10-16,0.0273972602739726,780.0,put,5.154999999999999,781.0100110609068,-0.01249835379251129,-0.001294048333699201,0.10965257253942855,0.09458302886962891
2026-10-16,0.0273972602739726,781.0,put,5.62,781.0100110609068,-0.01249835379251129,-1.2818177650623077e-05,0.1091920403499991,0.09339285522460938
2026-10-16,0.0273972602739726,782.0,call,5.085,781.0100110609068,-0.01249835379251129,0.0012667725279745252,0.10796735234581464,0.11283235809326173
2026-10-16,0.0273972602739726,783.0,call,4.59,781.0100110609068,-0.01249835379251129,0.002544727973466579,0.10715449830500967,0.1114895980834961
2026-10-16,0.0273972602739726,784.0,call,4.140000000000001,781.0100110609068,-0.01249835379251129,0.003821052333071359,0.10665580201480244,0.11054356262207031
2026-10-16,0.0273972602739726,785.0,call,3.7,781.0100110609068,-0.01249835379251129,0.005095749765071755,0.1057770337249661,0.10929235443115234
2026-10-16,0.0273972602739726,786.0,call,3.3,781.0100110609068,-0.01249835379251129,0.006368824411869901,0.1051150639351691,0.1082547671508789
2026-10-16,0.0273972602739726,787.0,call,2.92,781.0100110609068,-0.01249835379251129,0.007640280400066616,0.10426438252663578,0.10706459350585937
2026-10-16,0.0273972602739726,788.0,call,2.59,781.0100110609068,-0.01249835379251129,0.008910121840542547,0.10387599589333045,0.10639321350097657
2026-10-16,0.0273972602739726,789.0,call,2.275,781.0100110609068,-0.01249835379251129,0.010178352828537698,0.10321258090804614,0.10529459167480469
2026-10-16,0.0273972602739726,790.0,call,1.99,781.0100110609068,-0.01249835379251129,0.011444977443730665,0.10261726181900946,0.10456217712402342
2026-10-16,0.0273972602739726,791.0,call,1.7349999999999999,781.0100110609068,-0.01249835379251129,0.012709999750317395,0.10212377913358926,0.1037076934814453
2026-10-16,0.0273972602739726,792.0,call,1.52,781.0100110609068,-0.01249835379251129,0.01397342379708919,0.1020513225098906,0.10352458984374999
2026-10-16,0.0273972602739726,793.0,call,1.315,781.0100110609068,-0.01249835379251129,0.015235253617511352,0.10165033642446264,0.10279217529296875
2026-10-16,0.0273972602739726,794.0,call,1.1349999999999998,781.0100110609068,-0.01249835379251129,0.016495493229799124,0.101356546759101,0.1022428643798828
2026-10-16,0.0273972602739726,795.0,call,0.97,781.0100110609068,-0.01249835379251129,0.017754146636995333,0.10090385338868757,0.10181562255859375
2026-10-16,0.0273972602739726,796.0,call,0.83,781.0100110609068,-0.01249835379251129,0.01901121782704648,0.10066911352817838,0.10138838073730468
2026-10-16,0.0273972602739726,797.0,call,0.715,781.0100110609068,-0.01249835379251129,0.020266710772878536,0.1007717022727263,0.10114424255371093
2026-10-16,0.0273972602739726,798.0,call,0.605,781.0100110609068,-0.01249835379251129,0.02152062943247208,0.10048840004560293,0.10071700073242187
2026-10-16,0.0273972602739726,799.0,call,0.515,781.0100110609068,-0.01249835379251129,0.022772977748938012,0.10049343840710534,0.100594931640625
2026-10-16,0.0273972602739726,800.0,call,0.445,781.0100110609068,-0.01249835379251129,0.024023759650590674,0.1009536565871091,0.10096113891601563
2026-10-16,0.0273972602739726,801.0,call,0.375,781.0100110609068,-0.01249835379251129,0.02527297905102263,0.10089040381938766,0.10071700073242187
2026-10-16,0.0273972602739726,802.0,call,0.325,781.0100110609068,-0.01249835379251129,0.02652063984917794,0.10152506803142458,0.10132734619140624
2026-10-16,0.0273972602739726,803.0,call,0.275,781.0100110609068,-0.01249835379251129,0.02776674592942515,0.10169003577996755,0.10132734619140624
2026-10-16,0.0273972602739726,804.0,call,0.235,781.0100110609068,-0.01249835379251129,0.029011301161629876,0.10211163999238242,0.10169355346679687
2026-10-16,0.0273972602739726,805.0,call,0.20500000000000002,781.0100110609068,-0.01249835379251129,0.030254309401226694,0.10295920825205154,0.10242596801757811
2026-10-16,0.0273972602739726,806.0,call,0.175,781.0100110609068,-0.01249835379251129,0.031495774489291646,0.10341475932991726,0.10279217529296875
2026-10-16,0.0273972602739726,807.0,call,0.155,781.0100110609068,-0.01249835379251129,0.03273570025261219,0.10454821556956213,0.10389079711914062
2026-10-16,0.0273972602739726,808.0,call,0.135,781.0100110609068,-0.01249835379251129,0.0339740905037588,0.10537749524382127,0.10474528076171874
2026-10-16,0.0273972602739726,809.0,call,0.125,781.0100110609068,-0.01249835379251129,0.03521094904115514,0.10723925468469042,0.106454248046875
2026-10-16,0.0273972602739726,810.0,call,0.10500000000000001,781.0100110609068,-0.01249835379251129,0.036446279649147935,0.10744404531263795,0.10669838623046876
2026-10-16,0.0273972602739726,815.0,call,0.065,781.0100110609068,-0.01249835379251129,0.04260014522352614,0.11464952065607177,0.1137783935546875
2026-10-16,0.0273972602739726,820.0,call,0.055,781.0100110609068,-0.01249835379251129,0.048716372240962175,0.12602235564684441,0.1245204736328125
2026-10-16,0.0273972602739726,825.0,call,0.045,781.0100110609068,-0.01249835379251129,0.05479541831734431,0.13626389850147683,0.13477427734375003
2026-10-16,0.0273972602739726,830.0,call,0.035,781.0100110609068,-0.01249835379251129,0.06083773277330709,0.1451374610178381,0.143563251953125
2026-10-16,0.0273972602739726,835.0,call,0.035,781.0100110609068,-0.01249835379251129,0.06684375683351891,0.1577518836812886,0.15528188476562502
2026-10-16,0.0273972602739726,840.0,call,0.025,781.0100110609068,-0.01249835379251129,0.07281392382002268,0.16423103427287922,0.16211775390625
2026-10-16,0.0273972602739726,845.0,call,0.025,781.0100110609068,-0.01249835379251129,0.07874865933983717,0.17614513689432604,0.17383638671875
2026-10-23,0.04657534246575343,525.0,put,0.025,781.5291158914522,-0.005003133021348687,-0.39785414299490907,0.6012401211286512,0.5820354296875
2026-10-23,0.04657534246575343,530.0,put,0.025,781.5291158914522,-0.005003133021348687,-0.38837539904036533,0.5878605815124045,0.56836369140625
2026-10-23,0.04657534246575343,535.0,put,0.025,781.5291158914522,-0.005003133021348687,-0.37898565869052625,0.5745933598691811,0.5546919531250001
2026-10-23,0.04657534246575343,540.0,put,0.025,781.5291158914522,-0.005003133021348687,-0.3696832660282127,0.5614358812251902,0.5429733203125001
2026-10-23,0.04657534246575343,545.0,put,0.035,781.5291158914522,-0.005003133021348687,-0.36046661092328885,0.564514409017241,0.5468795312500001
2026-10-23,0.04657534246575343,550.0,put,0.035,781.5291158914522,-0.005003133021348687,-0.35133412736001635,0.5512343199521056,0.53320779296875
2026-10-23,0.04657534246575343,555.0,put,0.035,781.5291158914522,-0.005003133021348687,-0.34228429184009845,0.5380586274252419,0.5195360546875
2026-10-23,0.04657534246575343,560.0,put,0.035,781.5291158914522,-0.005003133021348687,-0.333315621857338,0.524984871517795,0.507817421875
2026-10-23,0.04657534246575343,565.0,put,0.035,781.5291158914522,-0.005003133021348687,-0.324426674440092,0.5120106322458015,0.500005
2026-10-23,0.04657534246575343,570.0,put,0.035,781.5291158914522,-0.005003133021348687,-0.3156160447579371,0.49913352607584954,0.48828636718750007
2026-10-23,0.04657534246575343,575.0,put,0.045,781.5291158914522,-0.005003133021348687,-0.30688236478918246,0.49766339887047656,0.485356708984375
2026-10-23,0.04657534246575343,580.0,put,0.045,781.5291158914522,-0.005003133021348687,-0.29822430204606787,0.48471735000632926,0.4726615234375
2026-10-23,0.04657534246575343,585.0,put,0.045,781.5291158914522,-0.005003133021348687,-0.2896405583546764,0.47186273295491976,0.46094289062500005
2026-10-23,0.04657534246575343,590.0,put,0.055,781.5291158914522,-0.005003133021348687,-0.28112986868676776,0.4679908892923701,0.45508357421875
2026-10-23,0.04657534246575343,595.0,put,0.055,781.5291158914522,-0.005003133021348687,-0.27269100004090313,0.4551007247122774,0.44336494140625
2026-10-23,0.04657534246575343,600.0,put,0.055,781.5291158914522,-0.005003133021348687,-0.2643227503703865,0.4422959102577445,0.42969320312500003
2026-10-23,0.04657534246575343,605.0,put,0.065,781.5291158914522,-0.005003133021348687,-0.25602394755569136,0.43677606570535504,0.424810439453125
2026-10-23,0.04657534246575343,610.0,put,0.065,781.5291158914522,-0.005003133021348687,-0.24779344841917592,0.42395398027622255,0.41211525390625
2026-10-23,0.04657534246575343,615.0,put,0.065,781.5291158914522,-0.005003133021348687,-0.23963013778001496,0.4112107993128015,0.39942006835937505
2026-10-23,0.04657534246575343,620.0,put,0.07500000000000001,781.5291158914522,-0.005003133021348687,-0.23153292754739557,0.40448394009272265,0.39258419921875
2026-10-23,0.04657534246575343,625.0,put,0.07500000000000001,781.5291158914522,-0.005003133021348687,-0.22350075585013146,0.3917324300731394,0.379889013671875
2026-10-23,0.04657534246575343,630.0,put,0.08499999999999999,781.5291158914522,-0.005003133021348687,-0.21553258620095458,0.3841496125720032,0.372076591796875
2026-10-23,0.04657534246575343,635.0,put,0.095,781.5291158914522,-0.005003133021348687,-0.20762740669384128,0.37594358569740294,0.36426416992187505
2026-10-23,0.04657534246575343,640.0,put,0.095,781.5291158914522,-0.005003133021348687,-0.19978422923281539,0.36312812860190047,0.35156898437499995
2026-10-23,0.04657534246575343,645.0,put,0.10500000000000001,781.5291158914522,-0.005003133021348687,-0.19200208879076042,0.35435038674203684,0.34278000976562495
2026-10-23,0.04657534246575343,650.0,put,0.11499999999999999,781.5291158914522,-0.005003133021348687,-0.1842800426968501,0.3451412160143263,0.33350275878906255
2026-10-23,0.04657534246575343,655.0,put,0.125,781.5291158914522,-0.005003133021348687,-0.176617169951281,0.33555975875161365,0.3242255078124999
2026-10-23,0.04657534246575343,660.0,put,0.135,781.5291158914522,-0.005003133021348687,-0.16901257056606167,0.32565206044590334,0.31445998046874996
2026-10-23,0.04657534246575343,665.0,put,0.14500000000000002,781.5291158914522,-0.005003133021348687,-0.16146536493067876,0.3154544719636258,0.3042061767578125
2026-10-23,0.04657534246575343,670.0,put,0.155,781.5291158914522,-0.005003133021348687,-0.15397469320152113,0.3049959631240983,0.29395237304687494
2026-10-23,0.04657534246575343,675.0,put,0.165,781.5291158914522,-0.005003133021348687,-0.14653971471400304,0.29429972845901753,0.2834544311523437
2026-10-23,0.04657534246575343,680.0,put,0.175,781.5291158914522,-0.005003133021348687,-0.13915960741638048,0.28338432404896635,0.2727123510742187
2026-10-23,0.04657534246575343,685.0,put,0.195,781.5291158914522,-0.005003133021348687,-0.13183356732430757,0.2742012446242227,0.26367923828125
2026-10-23,0.04657534246575343,690.0,put,0.215,781.5291158914522,-0.005003133021348687,-0.12456080799522778,0.2644926591213643,0.25391371093750004
2026-10-23,0.04657534246575343,695.0,put,0.225,781.5291158914522,-0.005003133021348687,-0.1173405600217407,0.2527479967009207,0.24268335449218748
2026-10-23,0.04657534246575343,700.0,put,0.245,781.5291158914522,-0.005003133021348687,-0.11017207054312816,0.242309708346346,0.23218541259765624
2026-10-23,0.04657534246575343,705.0,put,0.275,781.5291158914522,-0.005003133021348687,-0.10305460277426418,0.23277748307640367,0.22290816162109373
2026-10-23,0.04657534246575343,710.0,put,0.305,781.5291158914522,-0.005003133021348687,-0.09598743555117184,0.22262610832208954,0.21289849609375
2026-10-23,0.04657534246575343,715.0,put,0.345,781.5291158914522,-0.005003133021348687,-0.08896986289252529,0.21294693240682935,0.20325503784179685
2026-10-23,0.04657534246575343,720.0,put,0.385,781.5291158914522,-0.005003133021348687,-0.08200119357643193,0.20254909415137695,0.19300123413085937
2026-10-23,0.04657534246575343,721.0,put,0.395,781.5291158914522,-0.005003133021348687,-0.08061326830158377,0.2005662777682983,0.19104812866210938
2026-10-23,0.04657534246575343,722.0,put,0.405,781.5291158914522,-0.005003133021348687,-0.07922726669370667,0.19854982860938913,0.18909502319335939
2026-10-23,0.04657534246575343,723.0,put,0.415,781.5291158914522,-0.005003133021348687,-0.07784318342776814,0.19650059242003895,0.1870198486328125
2026-10-23,0.04657534246575343,724.0,put,0.43,781.5291158914522,-0.005003133021348687,-0.07646101320081651,0.19482499940780384,0.18579915771484373
2026-10-23,0.04657534246575343,725.0,put,0.445,781.5291158914522,-0.005003133021348687,-0.07508075073185815,0.1930957316219875,0.18360191406249998
2026-10-23,0.04657534246575343,726.0,put,0.45,781.5291158914522,-0.005003133021348687,-0.07370239076173676,0.1905498478333683,0.1815267395019531
2026-10-23,0.04657534246575343,727.0,put,0.46499999999999997,781.5291158914522,-0.005003133021348687,-0.07232592805301352,0.18874202789982394,0.17932949584960936
2026-10-23,0.04657534246575343,728.0,put,0.48,781.5291158914522,-0.005003133021348687,-0.07095135738984697,0.18688515910290454,0.17786466674804688
2026-10-23,0.04657534246575343,729.0,put,0.495,781.5291158914522,-0.005003133021348687,-0.06957867357787471,0.18498089019898606,0.17566742309570313
2026-10-23,0.04657534246575343,730.0,put,0.515,781.5291158914522,-0.005003133021348687,-0.0682078714440961,0.1833719149386427,0.1739584558105469
2026-10-23,0.04657534246575343,731.0,put,0.525,781.5291158914522,-0.005003133021348687,-0.06683894583675433,0.181035972492224,0.17176121215820314
2026-10-23,0.04657534246575343,732.0,put,0.54,781.5291158914522,-0.005003133021348687,-0.06547189162522132,0.17899789205455127,0.1700522448730469
2026-10-23,0.04657534246575343,733.0,put,0.56,781.5291158914522,-0.005003133021348687,-0.06410670369988145,0.17723156848725624,0.1682212084960938
2026-10-23,0.04657534246575343,734.0,put,0.585,781.5291158914522,-0.005003133021348687,-0.06274337697201728,0.17570858402069855,0.16639017211914067
2026-10-23,0.04657534246575343,735.0,put,0.61,781.5291158914522,-0.005003133021348687,-0.06138190637369623,0.17410858997569623,0.165047412109375
2026-10-23,0.04657534246575343,736.0,put,0.625,781.5291158914522,-0.005003133021348687,-0.06002228685765659,0.17186921410874903,0.1626060302734375
2026-10-23,0.04657534246575343,737.0,put,0.655,781.5291158914522,-0.005003133021348687,-0.05866451339719628,0.17041826720050626,0.161141201171875
2026-10-23,0.04657534246575343,738.0,put,0.6799999999999999,781.5291158914522,-0.005003133021348687,-0.057308580986060426,0.16861566522025612,0.1595543029785156
2026-10-23,0.04657534246575343,739.0,put,0.7,781.5291158914522,-0.005003133021348687,-0.05595448463833108,0.16649051394842623,0.15747912841796874
2026-10-23,0.04657534246575343,740.0,put,0.73,781.5291158914522,-0.005003133021348687,-0.05460221938831746,0.16481592261799377,0.1557701611328125
2026-10-23,0.04657534246575343,741.0,put,0.76,781.5291158914522,-0.005003133021348687,-0.05325178029044594,0.16306364359094572,0.1540001593017578
2026-10-23,0.04657534246575343,742.0,put,0.795,781.5291158914522,-0.005003133021348687,-0.051903162419152424,0.1614687804704838,0.15210808837890627
2026-10-23,0.04657534246575343,743.0,put,0.83,781.5291158914522,-0.005003133021348687,-0.05055636086877375,0.1597865045712056,0.1506432592773438
2026-10-23,0.04657534246575343,744.0,put,0.87,781.5291158914522,-0.005003133021348687,-0.04921137075344098,0.15823632932275014,0.14905636108398437
2026-10-23,0.04657534246575343,745.0,put,0.905,781.5291158914522,-0.005003133021348687,-0.047868187206973375,0.15638268524460103,0.14704222106933595
2026-10-23,0.04657534246575343,746.0,put,0.95,781.5291158914522,-0.005003133021348687,-0.04652680538277208,0.15485438571893353,0.14563842651367187
2026-10-23,0.04657534246575343,747.0,put,0.995,781.5291158914522,-0.005003133021348687,-0.04518722045371556,0.15322422570141744,0.14380739013671873
2026-10-23,0.04657534246575343,748.0,put,1.04,781.5291158914522,-0.005003133021348687,-0.043849427612055666,0.15149660098959244,0.14222049194335937
2026-10-23,0.04657534246575343,749.0,put,1.09,781.5291158914522,-0.005003133021348687,-0.04251342206931336,0.1498559336595687,0.14057255920410155
2026-10-23,0.04657534246575343,750.0,put,1.145,781.5291158914522,-0.005003133021348687,-0.04117919905617676,0.1482868627291879,0.1388025573730469
2026-10-23,0.04657534246575343,751.0,put,1.205,781.5291158914522,-0.005003133021348687,-0.03984675382239818,0.1467749690007977,0.13721565917968753
2026-10-23,0.04657534246575343,752.0,put,1.2650000000000001,781.5291158914522,-0.005003133021348687,-0.03851608163669303,0.1451453200371453,0.13556772644042972
2026-10-23,0.04657534246575343,753.0,put,1.335,781.5291158914522,-0.005003133021348687,-0.037187177786639325,0.14371452259361045,0.1341028973388672
2026-10-23,0.04657534246575343,754.0,put,1.41,781.5291158914522,-0.005003133021348687,-0.03586003757857676,0.1423034224589676,0.13276013732910158
2026-10-23,0.04657534246575343,755.0,put,1.49,781.5291158914522,-0.005003133021348687,-0.03453465633750817,0.14090152556651367,0.13129530822753904
2026-10-23,0.04657534246575343,756.0,put,1.56,781.5291158914522,-0.005003133021348687,-0.03321102940699992,0.13908110973171695,0.12943375457763673
2026-10-23,0.04657534246575343,757.0,put,1.6549999999999998,781.5291158914522,-0.005003133021348687,-0.031889152149084075,0.13781912658972487,0.1279689254760742
2026-10-23,0.04657534246575343,758.0,put,1.75,781.5291158914522,-0.005003133021348687,-0.030569019944161238,0.13639971658122896,0.12659564819335936
2026-10-23,0.04657534246575343,759.0,put,1.86,781.5291158914522,-0.005003133021348687,-0.029250628190903013,0.13520488757936952,0.1253139227294922
2026-10-23,0.04657534246575343,760.0,put,1.9649999999999999,781.5291158914522,-0.005003133021348687,-0.02793397230615611,0.13371917268312922,0.12360495544433595
2026-10-23,0.04657534246575343,761.0,put,2.075,781.5291158914522,-0.005003133021348687,-0.026619047724847078,0.13219500120661618,0.12201805725097657
2026-10-23,0.04657534246575343,762.0,put,2.205,781.5291158914522,-0.005003133021348687,-0.02530584989988657,0.13096423939798704,0.12067529724121094
2026-10-23,0.04657534246575343,763.0,put,2.335,781.5291158914522,-0.005003133021348687,-0.023994374302075884,0.12955198958109146,0.11936305450439452
2026-10-23,0.04657534246575343,764.0,put,2.4800000000000004,781.5291158914522,-0.005003133021348687,-0.02268461642001244,0.1282811383068468,0.1178677081298828
2026-10-23,0.04657534246575343,765.0,put,2.63,781.5291158914522,-0.005003133021348687,-0.021376571759997024,0.1269233495357322,0.1163723617553711
2026-10-23,0.04657534246575343,766.0,put,2.8,781.5291158914522,-0.005003133021348687,-0.020070235845941607,0.12577211680407338,0.11506011901855469
2026-10-23,0.04657534246575343,767.0,put,2.9699999999999998,781.5291158914522,-0.005003133021348687,-0.01876560421927665,0.12441387865278186,0.11356477264404297
2026-10-23,0.04657534246575343,768.0,put,3.16,781.5291158914522,-0.005003133021348687,-0.017462672438860714,0.12322769236739879,0.11219149536132811
2026-10-23,0.04657534246575343,769.0,put,3.365,781.5291158914522,-0.005003133021348687,-0.01616143608088895,0.12209691721229211,0.11078770080566405
2026-10-23,0.04657534246575343,770.0,put,3.585,781.5291158914522,-0.005003133021348687,-0.014861890738803323,0.1210054432896532,0.10968907897949219
2026-10-23,0.04657534246575343,771.0,put,3.815,781.5291158914522,-0.005003133021348687,-0.01356403202320341,0.11985264436915025,0.10831580169677735
2026-10-23,0.04657534246575343,772.0,put,4.0600000000000005,781.5291158914522,-0.005003133021348687,-0.012267855561756661,0.1187151993664623,0.10685097259521485
2026-10-23,0.04657534246575343,773.0,put,4.32,781.5291158914522,-0.005003133021348687,-0.010973356999110914,0.11758030274290822,0.1054776953125
2026-10-23,0.04657534246575343,774.0,put,4.609999999999999,781.5291158914522,-0.005003133021348687,-0.009680531996805804,0.11667774428275456,0.10428752166748045
2026-10-23,0.04657534246575343,775.0,put,4.904999999999999,781.5291158914522,-0.005003133021348687,-0.008389376233185855,0.11558774180412545,0.10297527893066405
2026-10-23,0.04657534246575343,776.0,put,5.225,781.5291158914522,-0.005003133021348687,-0.007099885403314143,0.11462025609433446,0.10167829483032226
2026-10-23,0.04657534246575343,777.0,put,5.58,781.5291158914522,-0.005003133021348687,-0.005812055218885496,0.1139126266221423,0.10053389709472656
2026-10-23,0.04657534246575343,778.0,put,5.945,781.5291158914522,-0.005003133021348687,-0.004525881408141266,0.11306618401441462,0.09937424072265624
2026-10-23,0.04657534246575343,779.0,put,6.3149999999999995,781.5291158914522,-0.005003133021348687,-0.0032413597157846478,0.1120013228308832,0.09787889434814454
2026-10-23,0.04657534246575343,780.0,put,6.734999999999999,781.5291158914522,-0.005003133021348687,-0.0019584859028954228,0.1113865785266385,0.09678027252197266
2026-10-23,0.04657534246575343,781.0,put,7.145,781.5291158914522,-0.005003133021348687,-0.0006772557468469213,0.11031326105094222,0.09534596069335938
2026-10-23,0.04657534246575343,782.0,call,7.15,781.5291158914522,-0.005003133021348687,0.0006023349587782617,0.10989368946670391,0.11835598449707031
2026-10-23,0.04657534246575343,783.0,call,6.609999999999999,781.5291158914522,-0.005003133021348687,0.0018802904042702394,0.10890149562836014,0.11695218994140624
2026-10-23,0.04657534246575343,784.0,call,6.105,781.5291158914522,-0.005003133021348687,0.003156614763874943,0.10810375710844665,0.11570098175048829
2026-10-23,0.04657534246575343,785.0,call,5.625,781.5291158914522,-0.005003133021348687,0.004431312195875484,0.10734752878974589,0.1145718426513672
2026-10-23,0.04657534246575343,786.0,call,5.18,781.5291158914522,-0.005003133021348687,0.005704386842673555,0.10678354104403087,0.11356477264404297
2026-10-23,0.04657534246575343,787.0,call,4.755,781.5291158914522,-0.005003133021348687,0.0069758428308704145,0.10618499407968929,0.11271028900146485
2026-10-23,0.04657534246575343,788.0,call,4.335,781.5291158914522,-0.005003133021348687,0.00824568427134627,0.10531297776207069,0.11133701171874999
2026-10-23,0.04657534246575343,789.0,call,3.95,781.5291158914522,-0.005003133021348687,0.009513915259341345,0.10463623887482087,0.11045201080322264
2026-10-23,0.04657534246575343,790.0,call,3.5949999999999998,781.5291158914522,-0.005003133021348687,0.010780539874534237,0.1040871935015404,0.10968907897949219
2026-10-23,0.04657534246575343,791.0,call,3.255,781.5291158914522,-0.005003133021348687,0.01204556218112089,0.10342400254227214,0.1087430435180664
2026-10-23,0.04657534246575343,792.0,call,2.9400000000000004,781.5291158914522,-0.005003133021348687,0.013308986227893048,0.10281811918162828,0.10779700805664064
2026-10-23,0.04657534246575343,793.0,call,2.665,781.5291158914522,-0.005003133021348687,0.014570816048315135,0.10255837592569488,0.10718666259765625
2026-10-23,0.04657534246575343,794.0,call,2.3899999999999997,781.5291158914522,-0.005003133021348687,0.01583105566060283,0.10193172062094501,0.106454248046875
2026-10-23,0.04657534246575343,795.0,call,2.145,781.5291158914522,-0.005003133021348687,0.017089709067798966,0.10150109353335314,0.10569131622314451
2026-10-23,0.04657534246575343,796.0,call,1.9249999999999998,781.5291158914522,-0.005003133021348687,0.018346780257850036,0.1012033638533971,0.10517252258300781
2026-10-23,0.04657534246575343,797.0,call,1.72,781.5291158914522,-0.005003133021348687,0.019602273203682238,0.10085419663190331,0.10474528076171874
2026-10-23,0.04657534246575343,798.0,call,1.5350000000000001,781.5291158914522,-0.005003133021348687,0.020856191863275923,0.10057958012209038,0.10416545257568358
2026-10-23,0.04657534246575343,799.0,call,1.36,781.5291158914522,-0.005003133021348687,0.022108540179741783,0.10016458910420992,0.1037076934814453
2026-10-23,0.04657534246575343,800.0,call,1.21,781.5291158914522,-0.005003133021348687,0.02335932208139437,0.10000002371903219,0.10337200347900388
2026-10-23,0.04657534246575343,801.0,call,1.07,781.5291158914522,-0.005003133021348687,0.024608541481826254,0.0997373030251341,0.10297527893066405
2026-10-23,0.04657534246575343,802.0,call,0.95,781.5291158914522,-0.005003133021348687,0.0258562022799817,0.09968315251953587,0.10279217529296875
2026-10-23,0.04657534246575343,803.0,call,0.84,781.5291158914522,-0.005003133021348687,0.02710230836022884,0.09958627878288029,0.10254803710937499
2026-10-23,0.04657534246575343,804.0,call,0.745,781.5291158914522,-0.005003133021348687,0.02834686359243349,0.09963958924067552,0.10230389892578123
2026-10-23,0.04657534246575343,805.0,call,0.655,781.5291158914522,-0.005003133021348687,0.02958987183203045,0.0995303272183668,0.10205976074218749
2026-10-23,0.04657534246575343,806.0,call,0.58,781.5291158914522,-0.005003133021348687,0.03083133692009533,0.09965724826089979,0.10230389892578123
2026-10-23,0.04657534246575343,807.0,call,0.505,781.5291158914522,-0.005003133021348687,0.03207126268341601,0.09944542476054222,0.10175458801269531
2026-10-23,0.04657534246575343,808.0,call,0.455,781.5291158914522,-0.005003133021348687,0.03330965293456255,0.10004812378753097,0.10230389892578123
2026-10-23,0.04657534246575343,809.0,call,0.39,781.5291158914522,-0.005003133021348687,0.034546511471958814,0.09961012788608095,0.10199872619628905
2026-10-23,0.04657534246575343,810.0,call,0.355,781.5291158914522,-0.005003133021348687,0.03578184207995154,0.10046261791803857,0.10254803710937499
2026-10-23,0.04657534246575343,811.0,call,0.32,781.5291158914522,-0.005003133021348687,0.037015648528879966,0.10111450836918531,0.10340252075195311
2026-10-23,0.04657534246575343,812.0,call,0.28500000000000003,781.5291158914522,-0.005003133021348687,0.038247934575145165,0.10153777233126766,0.10340252075195311
2026-10-23,0.04657534246575343,813.0,call,0.245,781.5291158914522,-0.005003133021348687,0.03947870396127777,0.10132415209382857,0.10315838256835935
2026-10-23,0.04657534246575343,814.0,call,0.235,781.5291158914522,-0.005003133021348687,0.04070796041600743,0.10312669137973646,0.10486734985351562
2026-10-23,0.04657534246575343,815.0,call,0.195,781.5291158914522,-0.005003133021348687,0.0419357076543298,0.10232877650946115,0.10401286621093749
2026-10-23,0.04657534246575343,816.0,call,0.185,781.5291158914522,-0.005003133021348687,0.04316194937757406,0.10388663800210723,0.1054776953125
2026-10-23,0.04657534246575343,817.0,call,0.165,781.5291158914522,-0.005003133021348687,0.04438668927346989,0.10437331799920817,0.10596597167968749
2026-10-23,0.04657534246575343,818.0,call,0.14500000000000002,781.5291158914522,-0.005003133021348687,0.04560993101621424,0.10462553691672956,0.10621010986328125
2026-10-23,0.04657534246575343,819.0,call,0.135,781.5291158914522,-0.005003133021348687,0.046831678266536565,0.10581550837704988,0.10743080078125
2026-10-23,0.04657534246575343,820.0,call,0.125,781.5291158914522,-0.005003133021348687,0.0480519346717659,0.10689959238101,0.108407353515625
2026-10-23,0.04657534246575343,821.0,call,0.11499999999999999,781.5291158914522,-0.005003133021348687,0.04927070386589528,0.10786693851354144,0.10938390625
2026-10-23,0.04657534246575343,822.0,call,0.11499999999999999,781.5291158914522,-0.005003133021348687,0.050487989469646936,0.1101314904923421,0.11158114990234375
2026-10-23,0.04657534246575343,823.0,call,0.10500000000000001,781.5291158914522,-0.005003133021348687,0.051703795090537,0.11093725173237406,0.11231356445312499
2026-10-23,0.04657534246575343,824.0,call,0.095,781.5291158914522,-0.005003133021348687,0.052918124322938846,0.11159430784439828,0.11304597900390626
2026-10-23,0.04657534246575343,825.0,call,0.095,781.5291158914522,-0.005003133021348687,0.054130980748148094,0.11378691067018537,0.11524322265625
2026-10-23,0.04657534246575343,830.0,call,0.07500000000000001,781.5291158914522,-0.005003133021348687,0.06017329520411072,0.12081521806987375,0.12207909179687501
2026-10-23,0.04657534246575343,835.0,call,0.055,781.5291158914522,-0.005003133021348687,0.0661793192643226,0.12631754061678832,0.1274501318359375
2026-10-23,0.04657534246575343,840.0,call,0.045,781.5291158914522,-0.005003133021348687,0.07214948625082643,0.13313873701929635,0.13428600097656251
2026-10-23,0.04657534246575343,845.0,call,0.035,781.5291158914522,-0.005003133021348687,0.07808422177064098,0.138881168834554,0.1401453173828125
2026-10-23,0.04657534246575343,850.0,call,0.035,781.5291158914522,-0.005003133021348687,0.08398394389782927,0.1481706494429205,0.149422568359375
2026-10-23,0.04657534246575343,855.0,call,0.025,781.5291158914522,-0.005003133021348687,0.08984906335022735,0.15202637128967472,0.15332877929687502
2026-10-23,0.04657534246575343,860.0,call,0.025,781.5291158914522,-0.005003133021348687,0.09567998366102057,0.16084128119074487,0.16211775390625
2026-10-30,0.06575342465753424,470.0,put,0.025,782.1604250677285,-0.004055273356448091,-0.5093271719468414,0.6377455818639844,0.6210975390625001
2026-10-30,0.06575342465753424,475.0,put,0.025,782.1604250677285,-0.004055273356448091,-0.4987450626163046,0.6252872094503611,0.6093789062500001
2026-10-30,0.06575342465753424,480.0,put,0.025,782.1604250677285,-0.004055273356448091,-0.48827376274900924,0.6129510066632449,0.5976602734375001
2026-10-30,0.06575342465753424,485.0,put,0.025,782.1604250677285,-0.004055273356448091,-0.4779109757134625,0.6007341178426975,0.585941640625
2026-10-30,0.06575342465753424,490.0,put,0.025,782.1604250677285,-0.004055273356448091,-0.4676544755462735,0.5886337672427329,0.5742230078125
2026-10-30,0.06575342465753424,495.0,put,0.035,782.1604250677285,-0.004055273356448091,-0.45750210408225556,0.593172264584347,0.57812921875
2026-10-30,0.06575342465753424,500.0,put,0.035,782.1604250677285,-0.004055273356448091,-0.447451768228754,0.5809943039160533,0.5664105859375
2026-10-30,0.06575342465753424,505.0,put,0.035,782.1604250677285,-0.004055273356448091,-0.437501437375586,0.568927419933414,0.5546919531250001
2026-10-30,0.06575342465753424,510.0,put,0.045,782.1604250677285,-0.004055273356448091,-0.4276491409325742,0.5694318337807512,0.5546919531250001
2026-10-30,0.06575342465753424,515.0,put,0.045,782.1604250677285,-0.004055273356448091,-0.4178929659872096,0.5573454197906511,0.5429733203125001
2026-10-30,0.06575342465753424,520.0,put,0.045,782.1604250677285,-0.004055273356448091,-0.4082310550754728,0.5453643140327238,0.5312546875
2026-10-30,0.06575342465753424,525.0,put,0.045,782.1604250677285,-0.004055273356448091,-0.398661604059322,0.5334860789396503,0.5195360546875
2026-10-30,0.06575342465753424,530.0,put,0.045,782.1604250677285,-0.004055273356448091,-0.38918286010477826,0.5217083297316307,0.507817421875
2026-10-30,0.06575342465753424,535.0,put,0.055,782.1604250677285,-0.004055273356448091,-0.3797931197549393,0.5195489462753216,0.50586431640625
2026-10-30,0.06575342465753424,540.0,put,0.055,782.1604250677285,-0.004055273356448091,-0.37049072709262565,0.5077762813350862,0.49805189453125004
2026-10-30,0.06575342465753424,545.0,put,0.065,782.1604250677285,-0.004055273356448091,-0.36127407198770173,0.5040554407287806,0.49414568359375005
2026-10-30,0.06575342465753424,550.0,put,0.065,782.1604250677285,-0.004055273356448091,-0.3521415884244291,0.49230883295892286,0.48242705078125003
2026-10-30,0.06575342465753424,555.0,put,0.065,782.1604250677285,-0.004055273356448091,-0.34309175290451127,0.4806536156796021,0.47070841796875
2026-10-30,0.06575342465753424,560.0,put,0.07500000000000001,782.1604250677285,-0.004055273356448091,-0.3341230829217509,0.4757430417598379,0.46484910156250003
2026-10-30,0.06575342465753424,565.0,put,0.07500000000000001,782.1604250677285,-0.004055273356448091,-0.32523413550450475,0.4641235744071008,0.454107021484375
2026-10-30,0.06575342465753424,570.0,put,0.08499999999999999,782.1604250677285,-0.004055273356448091,-0.31642350582234996,0.45835988674221734,0.44824770507812495
2026-10-30,0.06575342465753424,575.0,put,0.08499999999999999,782.1604250677285,-0.004055273356448091,-0.3076898258535954,0.4467843898439614,0.436529072265625
2026-10-30,0.06575342465753424,580.0,put,0.095,782.1604250677285,-0.004055273356448091,-0.2990317631104807,0.4403502414715274,0.42969320312500003
2026-10-30,0.06575342465753424,585.0,put,0.10500000000000001,782.1604250677285,-0.004055273356448091,-0.2904480194190893,0.4334010574220659,0.422857333984375
2026-10-30,0.06575342465753424,590.0,put,0.10500000000000001,782.1604250677285,-0.004055273356448091,-0.2819373297511807,0.42184882032958776,0.411138701171875
2026-10-30,0.06575342465753424,595.0,put,0.11499999999999999,782.1604250677285,-0.004055273356448091,-0.273498461105316,0.41445008550127654,0.40430283203125
2026-10-30,0.06575342465753424,600.0,put,0.125,782.1604250677285,-0.004055273356448091,-0.2651302114347994,0.4066912116998955,0.39649041015625003
2026-10-30,0.06575342465753424,605.0,put,0.135,782.1604250677285,-0.004055273356448091,-0.25683140862010423,0.3986223279737805,0.3881897119140625
2026-10-30,0.06575342465753424,610.0,put,0.14500000000000002,782.1604250677285,-0.004055273356448091,-0.24860090948358882,0.390283466743235,0.379889013671875
2026-10-30,0.06575342465753424,615.0,put,0.14500000000000002,782.1604250677285,-0.004055273356448091,-0.24043759884442795,0.37874740672617124,0.36865865722656255
2026-10-30,0.06575342465753424,620.0,put,0.155,782.1604250677285,-0.004055273356448091,-0.23234038861180847,0.3701632954731706,0.35986968261718744
2026-10-30,0.06575342465753424,625.0,put,0.175,782.1604250677285,-0.004055273356448091,-0.22430821691454428,0.3639433983652201,0.35352208984374994
2026-10-30,0.06575342465753424,630.0,put,0.185,782.1604250677285,-0.004055273356448091,-0.21634004726536746,0.3547964625005951,0.344733115234375
2026-10-30,0.06575342465753424,635.0,put,0.195,782.1604250677285,-0.004055273356448091,-0.2084348677582541,0.34549425484776286,0.3354558642578125
2026-10-30,0.06575342465753424,640.0,put,0.20500000000000002,782.1604250677285,-0.004055273356448091,-0.20059169029722826,0.33604966312702034,0.32617861328125
2026-10-30,0.06575342465753424,641.0,put,0.215,782.1604250677285,-0.004055273356448091,-0.1990304097302758,0.33576902214458243,0.32569033691406246
2026-10-30,0.06575342465753424,642.0,put,0.215,782.1604250677285,-0.004055273356448091,-0.19747156296098456,0.33344190757162945,0.3232489550781249
2026-10-30,0.06575342465753424,643.0,put,0.215,782.1604250677285,-0.004055273356448091,-0.1959151424133264,0.3311169644331042,0.32129584960937496
2026-10-30,0.06575342465753424,644.0,put,0.215,782.1604250677285,-0.004055273356448091,-0.1943611405465922,0.32879417370659897,0.3188544677734374
2026-10-30,0.06575342465753424,645.0,put,0.225,782.1604250677285,-0.004055273356448091,-0.1928095498551732,0.328402405883532,0.31836619140624994
2026-10-30,0.06575342465753424,646.0,put,0.225,782.1604250677285,-0.004055273356448091,-0.19126036286834389,0.32607277299800397,0.31592480957031244
2026-10-30,0.06575342465753424,647.0,put,0.225,782.1604250677285,-0.004055273356448091,-0.18971357215004522,0.3237452273384012,0.3139717041015625
2026-10-30,0.06575342465753424,648.0,put,0.235,782.1604250677285,-0.004055273356448091,-0.1881691702986711,0.32325886551263167,0.31323928955078123
2026-10-30,0.06575342465753424,649.0,put,0.235,782.1604250677285,-0.004055273356448091,-0.18662714994685572,0.32092470331170375,0.3110420458984374
2026-10-30,0.06575342465753424,650.0,put,0.235,782.1604250677285,-0.004055273356448091,-0.18508750376126296,0.3185925613727279,0.3086006640625
2026-10-30,0.06575342465753424,651.0,put,0.245,782.1604250677285,-0.004055273356448091,-0.18355022444237656,0.31801800161499977,0.30811238769531246
2026-10-30,0.06575342465753424,652.0,put,0.245,782.1604250677285,-0.004055273356448091,-0.18201530472429286,0.31567944039212165,0.305671005859375
2026-10-30,0.06575342465753424,653.0,put,0.245,782.1604250677285,-0.004055273356448091,-0.18048273737451467,0.31334282722059886,0.3034737622070312
2026-10-30,0.06575342465753424,654.0,put,0.255,782.1604250677285,-0.004055273356448091,-0.17895251519374708,0.31268573046185666,0.30274134765625
2026-10-30,0.06575342465753424,655.0,put,0.255,782.1604250677285,-0.004055273356448091,-0.1774246310156939,0.3103428615963619,0.30054410400390624
2026-10-30,0.06575342465753424,656.0,put,0.255,782.1604250677285,-0.004055273356448091,-0.17589907770685667,0.3080018673924563,0.2981027221679687
2026-10-30,0.06575342465753424,657.0,put,0.265,782.1604250677285,-0.004055273356448091,-0.17437584816633522,0.30726727280353167,0.2973703076171874
2026-10-30,0.06575342465753424,658.0,put,0.265,782.1604250677285,-0.004055273356448091,-0.17285493532562857,0.304920156581149,0.2951730639648437
2026-10-30,0.06575342465753424,659.0,put,0.265,782.1604250677285,-0.004055273356448091,-0.1713363321484386,0.3025748383440504,0.29273168212890616
2026-10-30,0.06575342465753424,660.0,put,0.275,782.1604250677285,-0.004055273356448091,-0.1698200316304745,0.3017672400704157,0.2919992675781249
2026-10-30,0.06575342465753424,661.0,put,0.275,782.1604250677285,-0.004055273356448091,-0.16830602679925946,0.2994159061265379,0.28955788574218744
2026-10-30,0.06575342465753424,662.0,put,0.28500000000000003,782.1604250677285,-0.004055273356448091,-0.16679431071393758,0.2985469227403554,0.28882547119140617
2026-10-30,0.06575342465753424,663.0,put,0.28500000000000003,782.1604250677285,-0.004055273356448091,-0.16528487646508333,0.29618970986519244,0.2863840893554687
2026-10-30,0.06575342465753424,664.0,put,0.28500000000000003,782.1604250677285,-0.004055273356448091,-0.1637777171745119,0.2938341585754064,0.2841868457031249
2026-10-30,0.06575342465753424,665.0,put,0.295,782.1604250677285,-0.004055273356448091,-0.16227282599509163,0.29289965837075044,0.28321029296874994
2026-10-30,0.06575342465753424,666.0,put,0.295,782.1604250677285,-0.004055273356448091,-0.16077019611055668,0.29053828654640745,0.28076891113281244
2026-10-30,0.06575342465753424,667.0,put,0.305,782.1604250677285,-0.004055273356448091,-0.159269820735322,0.2895488316127792,0.2797923583984374
2026-10-30,0.06575342465753424,668.0,put,0.305,782.1604250677285,-0.004055273356448091,-0.15777169311430003,0.2871817343834549,0.2775951147460937
2026-10-30,0.06575342465753424,669.0,put,0.315,782.1604250677285,-0.004055273356448091,-0.15627580652271733,0.28614001299937336,0.27637442382812494
2026-10-30,0.06575342465753424,670.0,put,0.325,782.1604250677285,-0.004055273356448091,-0.15478215426593409,0.2850554754216102,0.27539787109374997
2026-10-30,0.06575342465753424,671.0,put,0.325,782.1604250677285,-0.004055273356448091,-0.15329072967926394,0.2826757319747427,0.27295648925781246
2026-10-30,0.06575342465753424,672.0,put,0.335,782.1604250677285,-0.004055273356448091,-0.1518015261277962,0.28154349729998907,0.2718578674316406
2026-10-30,0.06575342465753424,673.0,put,0.335,782.1604250677285,-0.004055273356448091,-0.150314537006218,0.27915828123230646,0.2695385546875
2026-10-30,0.06575342465753424,674.0,put,0.345,782.1604250677285,-0.004055273356448091,-0.1488297557386388,0.277980401207902,0.2683178637695312
2026-10-30,0.06575342465753424,675.0,put,0.345,782.1604250677285,-0.004055273356448091,-0.1473471757784159,0.2755897447937281,0.26587648193359376
2026-10-30,0.06575342465753424,676.0,put,0.345,782.1604250677285,-0.004055273356448091,-0.1458667906079817,0.2732003666293035,0.26367923828125
2026-10-30,0.06575342465753424,677.0,put,0.355,782.1604250677285,-0.004055273356448091,-0.1443885937386708,0.2719720174684649,0.2624585473632813
2026-10-30,0.06575342465753424,678.0,put,0.355,782.1604250677285,-0.004055273356448091,-0.14291257871055013,0.2695771442197867,0.2600171655273438
2026-10-30,0.06575342465753424,679.0,put,0.365,782.1604250677285,-0.004055273356448091,-0.14143873909224963,0.2683068222657473,0.25879647460937505
2026-10-30,0.06575342465753424,680.0,put,0.375,782.1604250677285,-0.004055273356448091,-0.1399670684807934,0.26700265519378774,0.2574537145996094
2026-10-30,0.06575342465753424,681.0,put,0.385,782.1604250677285,-0.004055273356448091,-0.13849756050143344,0.2656659288177365,0.2561109545898438
2026-10-30,0.06575342465753424,682.0,put,0.385,782.1604250677285,-0.004055273356448091,-0.13703020880748362,0.2632525343330798,0.2536695727539063
2026-10-30,0.06575342465753424,683.0,put,0.385,782.1604250677285,-0.004055273356448091,-0.1355650070801557,0.2608401478983328,0.25135026000976557
2026-10-30,0.06575342465753424,684.0,put,0.395,782.1604250677285,-0.004055273356448091,-0.13410194902839534,0.2594592623083373,0.2500075
2026-10-30,0.06575342465753424,685.0,put,0.405,782.1604250677285,-0.004055273356448091,-0.13264102838872055,0.25804828662693,0.2485426708984375
2026-10-30,0.06575342465753424,686.0,put,0.405,782.1604250677285,-0.004055273356448091,-0.1311822389250605,0.25562401971793197,0.2461012890625
2026-10-30,0.06575342465753424,687.0,put,0.415,782.1604250677285,-0.004055273356448091,-0.12972557442859645,0.25417766369059125,0.24463645996093752
2026-10-30,0.06575342465753424,688.0,put,0.425,782.1604250677285,-0.004055273356448091,-0.12827102871760215,0.25270326000261795,0.243171630859375
2026-10-30,0.06575342465753424,689.0,put,0.425,782.1604250677285,-0.004055273356448091,-0.12681859563728715,0.25026717294888773,0.24085231811523436
2026-10-30,0.06575342465753424,690.0,put,0.445,782.1604250677285,-0.004055273356448091,-0.12536826905964069,0.24967378582940467,0.24024197265624997
2026-10-30,0.06575342465753424,691.0,put,0.445,782.1604250677285,-0.004055273356448091,-0.12392004288327589,0.24722527836554498,0.23780059082031246
2026-10-30,0.06575342465753424,692.0,put,0.455,782.1604250677285,-0.004055273356448091,-0.12247391103327625,0.24566567284564228,0.23633576171874998
2026-10-30,0.06575342465753424,693.0,put,0.46499999999999997,782.1604250677285,-0.004055273356448091,-0.1210298674610425,0.24408127061178767,0.23462679443359374
2026-10-30,0.06575342465753424,694.0,put,0.46499999999999997,782.1604250677285,-0.004055273356448091,-0.11958790614414126,0.2416210085454533,0.23218541259765624
2026-10-30,0.06575342465753424,695.0,put,0.485,782.1604250677285,-0.004055273356448091,-0.11814802108615366,0.24084073180717472,0.231452998046875
2026-10-30,0.06575342465753424,696.0,put,0.49,782.1604250677285,-0.004055273356448091,-0.11671020631652619,0.2387783141971041,0.22974403076171873
2026-10-30,0.06575342465753424,697.0,put,0.495,782.1604250677285,-0.004055273356448091,-0.11527445589042186,0.23670729095245946,0.22730264892578123
2026-10-30,0.06575342465753424,698.0,put,0.505,782.1604250677285,-0.004055273356448091,-0.1138407638885733,0.23502399805318272,0.22571575073242187
2026-10-30,0.06575342465753424,699.0,put,0.515,782.1604250677285,-0.004055273356448091,-0.11240912441713555,0.2333189049429536,0.22400678344726557
2026-10-30,0.06575342465753424,700.0,put,0.525,782.1604250677285,-0.004055273356448091,-0.11097953160754105,0.23159249943004143,0.22229781616210934
2026-10-30,0.06575342465753424,701.0,put,0.535,782.1604250677285,-0.004055273356448091,-0.10955197961635567,0.22984523819302663,0.22046677978515622
2026-10-30,0.06575342465753424,702.0,put,0.545,782.1604250677285,-0.004055273356448091,-0.10812646262513467,0.22807755215679779,0.21875781249999998
2026-10-30,0.06575342465753424,703.0,put,0.555,782.1604250677285,-0.004055273356448091,-0.10670297484028092,0.22628984504305372,0.21704884521484374
2026-10-30,0.06575342465753424,704.0,put,0.5700000000000001,782.1604250677285,-0.004055273356448091,-0.10528151049290332,0.22483346063069112,0.215828154296875
2026-10-30,0.06575342465753424,705.0,put,0.585,782.1604250677285,-0.004055273356448091,-0.10386206383867712,0.22334308050935356,0.21399711791992188
2026-10-30,0.06575342465753424,706.0,put,0.595,782.1604250677285,-0.004055273356448091,-0.10244462915770372,0.22148493514030498,0.21216608154296873
2026-10-30,0.06575342465753424,707.0,put,0.605,782.1604250677285,-0.004055273356448091,-0.10102920075437308,0.21960846913821608,0.21033504516601562
2026-10-30,0.06575342465753424,708.0,put,0.615,782.1604250677285,-0.004055273356448091,-0.09961577295722598,0.21771396037580712,0.20850400878906244
2026-10-30,0.06575342465753424,709.0,put,0.63,782.1604250677285,-0.004055273356448091,-0.09820434011881828,0.21611887092521917,0.20716124877929684
2026-10-30,0.06575342465753424,710.0,put,0.645,782.1604250677285,-0.004055273356448091,-0.0967948966155847,0.2144936401451245,0.20520814331054685
2026-10-30,0.06575342465753424,711.0,put,0.665,782.1604250677285,-0.004055273356448091,-0.09538743684770484,0.21314118667863236,0.20386538330078124
2026-10-30,0.06575342465753424,712.0,put,0.675,782.1604250677285,-0.004055273356448091,-0.09398195523896999,0.2111558360532574,0.20191227783203125
2026-10-30,0.06575342465753424,713.0,put,0.695,782.1604250677285,-0.004055273356448091,-0.09257844623664985,0.2097341083691031,0.2004474487304687
2026-10-30,0.06575342465753424,714.0,put,0.705,782.1604250677285,-0.004055273356448091,-0.09117690431136144,0.2077061755906401,0.19849434326171872
2026-10-30,0.06575342465753424,715.0,put,0.725,782.1604250677285,-0.004055273356448091,-0.08977732395693808,0.20621850658992127,0.19690744506835936
2026-10-30,0.06575342465753424,716.0,put,0.74,782.1604250677285,-0.004055273356448091,-0.08837969969030016,0.20442141524073268,0.19544261596679688
2026-10-30,0.06575342465753424,717.0,put,0.765,782.1604250677285,-0.004055273356448091,-0.08698402605132544,0.2031286905094358,0.19385571777343752
2026-10-30,0.06575342465753424,718.0,put,0.78,782.1604250677285,-0.004055273356448091,-0.08559029760272165,0.20127047478312968,0.19226881958007813
2026-10-30,0.06575342465753424,719.0,put,0.8,782.1604250677285,-0.004055273356448091,-0.08419850892989905,0.19964115718657247,0.19062088684082032
2026-10-30,0.06575342465753424,720.0,put,0.825,782.1604250677285,-0.004055273356448091,-0.08280865464084478,0.19822387912958417,0.1889729541015625
2026-10-30,0.06575342465753424,721.0,put,0.845,782.1604250677285,-0.004055273356448091,-0.08142072936599673,0.19652063866927846,0.18726398681640627
2026-10-30,0.06575342465753424,722.0,put,0.86,782.1604250677285,-0.004055273356448091,-0.0800347277581195,0.1945487027613496,0.18549398498535152
2026-10-30,0.06575342465753424,723.0,put,0.89,782.1604250677285,-0.004055273356448091,-0.07865064449218107,0.19324649915005246,0.18415122497558595
2026-10-30,0.06575342465753424,724.0,put,0.91,782.1604250677285,-0.004055273356448091,-0.07726847426522943,0.1914419743041198,0.18238122314453126
2026-10-30,0.06575342465753424,725.0,put,0.94,782.1604250677285,-0.004055273356448091,-0.07588821179627105,0.19004568348502116,0.18091639404296872
2026-10-30,0.06575342465753424,726.0,put,0.97,782.1604250677285,-0.004055273356448091,-0.07450985182614965,0.18859864717901004,0.17945156494140624
2026-10-30,0.06575342465753424,727.0,put,0.995,782.1604250677285,-0.004055273356448091,-0.0731333891174264,0.18689453977457984,0.1775594940185547
2026-10-30,0.06575342465753424,728.0,put,1.03,782.1604250677285,-0.004055273356448091,-0.07175881845425983,0.18555890975198244,0.1763998376464844
2026-10-30,0.06575342465753424,729.0,put,1.065,782.1604250677285,-0.004055273356448091,-0.07038613464228768,0.18416648166987173,0.174812939453125
2026-10-30,0.06575342465753424,730.0,put,1.0950000000000002,782.1604250677285,-0.004055273356448091,-0.06901533250850893,0.18252706304428698,0.17310397216796874
2026-10-30,0.06575342465753424,731.0,put,1.12,782.1604250677285,-0.004055273356448091,-0.06764640690116727,0.18065601408923115,0.1713950048828125
2026-10-30,0.06575342465753424,732.0,put,1.165,782.1604250677285,-0.004055273356448091,-0.06627935268963425,0.17948479948218385,0.1700522448730469
2026-10-30,0.06575342465753424,733.0,put,1.1949999999999998,782.1604250677285,-0.004055273356448091,-0.06491416476429424,0.1777093230369017,0.16828224304199224
2026-10-30,0.06575342465753424,734.0,put,1.2349999999999999,782.1604250677285,-0.004055273356448091,-0.06355083803643018,0.17624182373668387,0.1667563793945313
2026-10-30,0.06575342465753424,735.0,put,1.28,782.1604250677285,-0.004055273356448091,-0.062189367438109114,0.17488717594716072,0.16553568847656253
2026-10-30,0.06575342465753424,736.0,put,1.32,782.1604250677285,-0.004055273356448091,-0.060829747922069584,0.17330424944716522,0.16394879028320314
2026-10-30,0.06575342465753424,737.0,put,1.37,782.1604250677285,-0.004055273356448091,-0.05947197446160913,0.17198930775620766,0.16254499572753905
2026-10-30,0.06575342465753424,738.0,put,1.42,782.1604250677285,-0.004055273356448091,-0.05811604205047327,0.1706061020967053,0.161141201171875
2026-10-30,0.06575342465753424,739.0,put,1.4649999999999999,782.1604250677285,-0.004055273356448091,-0.056761945702744024,0.1690050386049418,0.1593711993408203
2026-10-30,0.06575342465753424,740.0,put,1.52,782.1604250677285,-0.004055273356448091,-0.05540968045273028,0.16764388720063828,0.15808947387695313
2026-10-30,0.06575342465753424,741.0,put,1.58,782.1604250677285,-0.004055273356448091,-0.05405924135485886,0.1663566073573434,0.15677723114013675
2026-10-30,0.06575342465753424,742.0,put,1.63,782.1604250677285,-0.004055273356448091,-0.05271062348356533,0.1647139165769812,0.1550987811279297
2026-10-30,0.06575342465753424,743.0,put,1.6949999999999998,782.1604250677285,-0.004055273356448091,-0.05136382193318664,0.1634221293618346,0.1536339520263672
2026-10-30,0.06575342465753424,744.0,put,1.76,782.1604250677285,-0.004055273356448091,-0.05001883181785386,0.16205206286595483,0.15235222656250003
2026-10-30,0.06575342465753424,745.0,put,1.835,782.1604250677285,-0.004055273356448091,-0.04867564827138624,0.16086418894572724,0.150948432006836
2026-10-30,0.06575342465753424,746.0,put,1.9,782.1604250677285,-0.004055273356448091,-0.04733426644718494,0.15933827137646828,0.1495141201782227
2026-10-30,0.06575342465753424,747.0,put,1.975,782.1604250677285,-0.004055273356448091,-0.045994681518128515,0.15798567529622842,0.14795773925781253
2026-10-30,0.06575342465753424,748.0,put,2.0599999999999996,782.1604250677285,-0.004055273356448091,-0.0446568886764685,0.156788880153714,0.14682860015869142
2026-10-30,0.06575342465753424,749.0,put,2.135,782.1604250677285,-0.004055273356448091,-0.04332088313372629,0.15526872944520406,0.1453637710571289
2026-10-30,0.06575342465753424,750.0,put,2.225,782.1604250677285,-0.004055273356448091,-0.04198666012058968,0.15400955956429777,0.14380739013671873
2026-10-30,0.06575342465753424,751.0,put,2.3200000000000003,782.1604250677285,-0.004055273356448091,-0.04065421488681097,0.1527674073426973,0.14258669921875
2026-10-30,0.06575342465753424,752.0,put,2.41,782.1604250677285,-0.004055273356448091,-0.039323542701105926,0.15132296426398636,0.1410913528442383
2026-10-30,0.06575342465753424,753.0,put,2.5149999999999997,782.1604250677285,-0.004055273356448091,-0.037994638851052205,0.15010331524986056,0.1398706619262695
2026-10-30,0.06575342465753424,754.0,put,2.625,782.1604250677285,-0.004055273356448091,-0.03666749864298974,0.14888395829756176,0.1383753155517578
2026-10-30,0.06575342465753424,755.0,put,2.7300000000000004,782.1604250677285,-0.004055273356448091,-0.035342117401921024,0.14746270981030957,0.13697152099609378
2026-10-30,0.06575342465753424,756.0,put,2.855,782.1604250677285,-0.004055273356448091,-0.03401849047141276,0.14633084748065592,0.13581186462402345
2026-10-30,0.06575342465753424,757.0,put,2.9800000000000004,782.1604250677285,-0.004055273356448091,-0.03269661321349702,0.14508670155992087,0.1343775527954102
2026-10-30,0.06575342465753424,758.0,put,3.115,782.1604250677285,-0.004055273356448091,-0.03137648100857417,0.14391623740330903,0.1330042755126953
2026-10-30,0.06575342465753424,759.0,put,3.26,782.1604250677285,-0.004055273356448091,-0.030058089255315813,0.1428087949856688,0.13187513641357423
2026-10-30,0.06575342465753424,760.0,put,3.4000000000000004,782.1604250677285,-0.004055273356448091,-0.028741433370569006,0.14149356166617696,0.13044082458496092
2026-10-30,0.06575342465753424,761.0,put,3.5549999999999997,782.1604250677285,-0.004055273356448091,-0.027426508789259965,0.14031948455727886,0.1292201336669922
2026-10-30,0.06575342465753424,762.0,put,3.7199999999999998,782.1604250677285,-0.004055273356448091,-0.026113310964299447,0.13918831894822511,0.12787737365722657
2026-10-30,0.06575342465753424,763.0,put,3.8899999999999997,782.1604250677285,-0.004055273356448091,-0.024801835366488743,0.13801043617975134,0.12653461364746094
2026-10-30,0.06575342465753424,764.0,put,4.07,782.1604250677285,-0.004055273356448091,-0.02349207748442529,0.1368625458343763,0.12525288818359376
2026-10-30,0.06575342465753424,765.0,put,4.265000000000001,782.1604250677285,-0.004055273356448091,-0.022184032824409974,0.13581456470247175,0.12409323181152344
2026-10-30,0.06575342465753424,766.0,put,4.470000000000001,782.1604250677285,-0.004055273356448091,-0.020877696910354432,0.13477841093107787,0.12281150634765625
2026-10-30,0.06575342465753424,767.0,put,4.68,782.1604250677285,-0.004055273356448091,-0.019573065283689576,0.13367307590762617,0.12152978088378906
2026-10-30,0.06575342465753424,768.0,put,4.904999999999999,782.1604250677285,-0.004055273356448091,-0.018270133503273625,0.13264280318976332,0.12037012451171875
2026-10-30,0.06575342465753424,769.0,put,5.135,782.1604250677285,-0.004055273356448091,-0.016968897145301847,0.1315340496500074,0.11905788177490234
2026-10-30,0.06575342465753424,770.0,put,5.385,782.1604250677285,-0.004055273356448091,-0.015669351803216207,0.13055642945552048,0.1178677081298828
2026-10-30,0.06575342465753424,771.0,put,5.65,782.1604250677285,-0.004055273356448091,-0.014371493087616283,0.12962807381823546,0.11661649993896485
2026-10-30,0.06575342465753424,772.0,put,5.91,782.1604250677285,-0.004055273356448091,-0.013075316626169632,0.12846795222533602,0.11521270538330078
2026-10-30,0.06575342465753424,773.0,put,6.2,782.1604250677285,-0.004055273356448091,-0.01178081806352376,0.12755118267416538,0.11402253173828125
2026-10-30,0.06575342465753424,774.0,put,6.505,782.1604250677285,-0.004055273356448091,-0.010487993061218637,0.1266627166173829,0.11292390991210938
2026-10-30,0.06575342465753424,775.0,put,6.824999999999999,782.1604250677285,-0.004055273356448091,-0.009196837297598787,0.12579597971800496,0.11174899490356444
2026-10-30,0.06575342465753424,776.0,put,7.145,782.1604250677285,-0.004055273356448091,-0.007907346467727063,0.12475030615933272,0.11039097625732422
2026-10-30,0.06575342465753424,777.0,put,7.515000000000001,782.1604250677285,-0.004055273356448091,-0.006619516283298291,0.12416802913714445,0.10944494079589843
2026-10-30,0.06575342465753424,778.0,put,7.885,782.1604250677285,-0.004055273356448091,-0.00533334247255416,0.12339485826055953,0.10828528442382812
2026-10-30,0.06575342465753424,779.0,put,8.26,782.1604250677285,-0.004055273356448091,-0.004048820780197529,0.12249409105476754,0.10703407623291016
2026-10-30,0.06575342465753424,780.0,put,8.665,782.1604250677285,-0.004055273356448091,-0.0027659469673084027,0.12177823153035794,0.10584390258789061
2026-10-30,0.06575342465753424,781.0,put,9.075,782.1604250677285,-0.004055273356448091,-0.0014847168112597773,0.12092667513461376,0.1045164012145996
2026-10-30,0.06575342465753424,782.0,put,9.515,782.1604250677285,-0.004055273356448091,-0.00020512610563469267,0.1202497747471943,0.10346355529785155
2026-10-30,0.06575342465753424,783.0,call,9.135,782.1604250677285,-0.004055273356448091,0.0010728293398574087,0.11958479227581388,0.1304103073120117
2026-10-30,0.06575342465753424,784.0,call,8.605,782.1604250677285,-0.004055273356448091,0.002349153699462014,0.11883649979224253,0.12928116821289062
2026-10-30,0.06575342465753424,785.0,call,8.09,782.1604250677285,-0.004055273356448091,0.003623851131462679,0.11806436397754237,0.12821306365966795
2026-10-30,0.06575342465753424,786.0,call,7.59,782.1604250677285,-0.004055273356448091,0.0048969257782608714,0.1172652030213247,0.12705340728759767
2026-10-30,0.06575342465753424,787.0,call,7.115,782.1604250677285,-0.004055273356448091,0.006168381766457414,0.1165634436788167,0.1259547854614258
2026-10-30,0.06575342465753424,788.0,call,6.665,782.1604250677285,-0.004055273356448091,0.007438223206933392,0.11595944560608525,0.12503926727294923
2026-10-30,0.06575342465753424,789.0,call,6.225,782.1604250677285,-0.004055273356448091,0.00870645419492837,0.1152596820198763,0.12401693862915039
2026-10-30,0.06575342465753424,790.0,call,5.805,782.1604250677285,-0.004055273356448091,0.009973078810121385,0.11459189553911775,0.12305564453125001
2026-10-30,0.06575342465753424,791.0,call,5.415,782.1604250677285,-0.004055273356448091,0.011238101116708159,0.11409124345719722,0.12226219543457033
2026-10-30,0.06575342465753424,792.0,call,5.04,782.1604250677285,-0.004055273356448091,0.012501525163480002,0.11356201479409236,0.12137719451904297
2026-10-30,0.06575342465753424,793.0,call,4.675000000000001,782.1604250677285,-0.004055273356448091,0.01376335498390221,0.11293445057410213,0.12055322814941406
2026-10-30,0.06575342465753424,794.0,call,4.345000000000001,782.1604250677285,-0.004055273356448091,0.015023594596190027,0.11256008218693257,0.11994288269042967
2026-10-30,0.06575342465753424,795.0,call,4.02,782.1604250677285,-0.004055273356448091,0.016282248003386065,0.11202184049301579,0.11908839904785155
2026-10-30,0.06575342465753424,796.0,call,3.7199999999999998,782.1604250677285,-0.004055273356448091,0.01753931919343726,0.11161022867995535,0.11843227767944337
2026-10-30,0.06575342465753424,797.0,call,3.4299999999999997,782.1604250677285,-0.004055273356448091,0.018794812139269364,0.11110872297800319,0.11771512176513671
2026-10-30,0.06575342465753424,798.0,call,3.17,782.1604250677285,-0.004055273356448091,0.020048730798862952,0.11083215687463795,0.11722684539794923
2026-10-30,0.06575342465753424,799.0,call,2.91,782.1604250677285,-0.004055273356448091,0.02130107911532893,0.11031502153748733,0.11649443084716798
2026-10-30,0.06575342465753424,800.0,call,2.6799999999999997,782.1604250677285,-0.004055273356448091,0.022551861016981423,0.1100495920897767,0.11603667175292968
2026-10-30,0.06575342465753424,801.0,call,2.465,782.1604250677285,-0.004055273356448091,0.023801080417413426,0.10980599327586696,0.11551787811279299
2026-10-30,0.06575342465753424,802.0,call,2.26,782.1604250677285,-0.004055273356448091,0.025048741215568777,0.10950290310144833,0.11512115356445313
2026-10-30,0.06575342465753424,803.0,call,2.065,782.1604250677285,-0.004055273356448091,0.02629484729581582,0.10914141370584025,0.11448029083251954
2026-10-30,0.06575342465753424,804.0,call,1.895,782.1604250677285,-0.004055273356448091,0.027539402528020594,0.10902438308603773,0.11420563537597657
2026-10-30,0.06575342465753424,805.0,call,1.725,782.1604250677285,-0.004055273356448091,0.028782410767617672,0.10867057558345601,0.11368684173583984
2026-10-30,0.06575342465753424,806.0,call,1.5750000000000002,782.1604250677285,-0.004055273356448091,0.030023875855682457,0.10849731026084318,0.11335115173339844
2026-10-30,0.06575342465753424,807.0,call,1.44,782.1604250677285,-0.004055273356448091,0.031263801619003044,0.10842805714639564,0.11325959991455078
2026-10-30,0.06575342465753424,808.0,call,1.31,782.1604250677285,-0.004055273356448091,0.0325021918701497,0.10824691905219284,0.11292390991210938
2026-10-30,0.06575342465753424,809.0,call,1.2,782.1604250677285,-0.004055273356448091,0.03373905040754587,0.10833488860535981,0.11292390991210938
2026-10-30,0.06575342465753424,810.0,call,1.085,782.1604250677285,-0.004055273356448091,0.034974381015538715,0.10806968629717674,0.11237459899902343
2026-10-30,0.06575342465753424,811.0,call,0.99,782.1604250677285,-0.004055273356448091,0.03620818746446705,0.1081237047050241,0.11243563354492186
2026-10-30,0.06575342465753424,812.0,call,0.9,782.1604250677285,-0.004055273356448091,0.03744047351073215,0.10811058174416943,0.11231356445312499
2026-10-30,0.06575342465753424,813.0,call,0.825,782.1604250677285,-0.004055273356448091,0.038671242896864876,0.10835643263632999,0.11231356445312499
2026-10-30,0.06575342465753424,814.0,call,0.745,782.1604250677285,-0.004055273356448091,0.03990049935159445,0.10823527387131719,0.11206942626953123
2026-10-30,0.06575342465753424,815.0,call,0.6799999999999999,782.1604250677285,-0.004055273356448091,0.041128246589916935,0.10842334068405206,0.11237459899902343
2026-10-30,0.06575342465753424,816.0,call,0.615,782.1604250677285,-0.004055273356448091,0.04235448831316131,0.10841144772317296,0.11206942626953123
2026-10-30,0.06575342465753424,817.0,call,0.5700000000000001,782.1604250677285,-0.004055273356448091,0.04357922820905705,0.10900638480047363,0.1128018408203125
2026-10-30,0.06575342465753424,818.0,call,0.515,782.1604250677285,-0.004055273356448091,0.044802469951801295,0.10901657370327407,0.1124966680908203
2026-10-30,0.06575342465753424,819.0,call,0.455,782.1604250677285,-0.004055273356448091,0.04602421720212374,0.10856451251613365,0.11194735717773435
2026-10-30,0.06575342465753424,820.0,call,0.43,782.1604250677285,-0.004055273356448091,0.04724447360735298,0.10960876982623978,0.11316804809570313
2026-10-30,0.06575342465753424,821.0,call,0.4,782.1604250677285,-0.004055273356448091,0.04846324280148248,0.1103010695738152,0.1137783935546875
2026-10-30,0.06575342465753424,822.0,call,0.36,782.1604250677285,-0.004055273356448091,0.04968052840523404,0.11030336260269702,0.1137783935546875
2026-10-30,0.06575342465753424,823.0,call,0.33999999999999997,782.1604250677285,-0.004055273356448091,0.050896334026124014,0.11130457695271835,0.1147549462890625
2026-10-30,0.06575342465753424,824.0,call,0.315,782.1604250677285,-0.004055273356448091,0.05211066325852598,0.11190621952209616,0.11499908447265625
2026-10-30,0.06575342465753424,825.0,call,0.275,782.1604250677285,-0.004055273356448091,0.05332351968373513,0.11135104466653342,0.11438873901367189
2026-10-30,0.06575342465753424,826.0,call,0.26,782.1604250677285,-0.004055273356448091,0.05453490687003229,0.11235120829597288,0.1157314990234375
2026-10-30,0.06575342465753424,827.0,call,0.24,782.1604250677285,-0.004055273356448091,0.055744828372745615,0.11288862422989561,0.116219775390625
2026-10-30,0.06575342465753424,828.0,call,0.235,782.1604250677285,-0.004055273356448091,0.05695328773431386,0.11452001401554479,0.11744046630859376
2026-10-30,0.06575342465753424,829.0,call,0.215,782.1604250677285,-0.004055273356448091,0.05816028848434922,0.11487230408096352,0.1176846044921875
2026-10-30,0.06575342465753424,830.0,call,0.195,782.1604250677285,-0.004055273356448091,0.059365834139697926,0.11507384349917654,0.11792874267578124
2026-10-30,0.06575342465753424,831.0,call,0.185,782.1604250677285,-0.004055273356448091,0.060569928204502375,0.11608278412577554,0.11890529541015624
2026-10-30,0.06575342465753424,832.0,call,0.175,782.1604250677285,-0.004055273356448091,0.06177257417026285,0.1170275215345188,0.11975977905273436
2026-10-30,0.06575342465753424,833.0,call,0.165,782.1604250677285,-0.004055273356448091,0.06297377551589682,0.11790355294750159,0.1206142626953125
2026-10-30,0.06575342465753424,834.0,call,0.155,782.1604250677285,-0.004055273356448091,0.06417353570780096,0.11870558473409884,0.12134667724609374
2026-10-30,0.06575342465753424,835.0,call,0.14500000000000002,782.1604250677285,-0.004055273356448091,0.06537185819990976,0.11942734178895797,0.12207909179687501
2026-10-30,0.06575342465753424,840.0,call,0.11499999999999999,782.1604250677285,-0.004055273356448091,0.07134202518641354,0.12461650925961919,0.12720599365234375
2026-10-30,0.06575342465753424,845.0,call,0.08499999999999999,782.1604250677285,-0.004055273356448091,0.07727676070622805,0.12838580643361863,0.13086806640624998
2026-10-30,0.06575342465753424,850.0,call,0.065,782.1604250677285,-0.004055273356448091,0.0831764828334163,0.13251047734455162,0.13501841552734378
2026-10-30,0.06575342465753424,855.0,call,0.055,782.1604250677285,-0.004055273356448091,0.08904160228581434,0.1380035052942804,0.14063359375
2026-10-30,0.06575342465753424,860.0,call,0.045,782.1604250677285,-0.004055273356448091,0.09487252259660771,0.14275680060795742,0.145516357421875
2026-10-30,0.06575342465753424,865.0,call,0.035,782.1604250677285,-0.004055273356448091,0.10066964028093357,0.14654735246805084,0.149422568359375
2026-10-30,0.06575342465753424,870.0,call,0.035,782.1604250677285,-0.004055273356448091,0.10643334499768362,0.15401093000072774,0.15674671386718753
2026-10-30,0.06575342465753424,875.0,call,0.025,782.1604250677285,-0.004055273356448091,0.11216401970666862,0.1561295206001395,0.159188095703125
2026-10-30,0.06575342465753424,880.0,call,0.025,782.1604250677285,-0.004055273356448091,0.1178620408213063,0.1632406810563456,0.16602396484375004
2026-11-06,0.08493150684931507,500.0,put,0.065,782.8294164129496,-0.004094583443561839,-0.448306714846602,0.5414404451484732,0.5293015820312501
2026-11-06,0.08493150684931507,510.0,put,0.07,782.8294164129496,-0.004094583443561839,-0.4285040875504222,0.5229061985417485,0.5107470800781251
2026-11-06,0.08493150684931507,525.0,put,0.08499999999999999,782.8294164129496,-0.004094583443561839,-0.39951655067716996,0.49951643353112446,0.49023947265625006
2026-11-06,0.08493150684931507,530.0,put,0.09,782.8294164129496,-0.004094583443561839,-0.39003780672262617,0.49139476277346983,0.48438015625
2026-11-06,0.08493150684931507,535.0,put,0.095,782.8294164129496,-0.004094583443561839,-0.38064806637278725,0.4831445173895612,0.47363807617187503
2026-11-06,0.08493150684931507,540.0,put,0.10500000000000001,782.8294164129496,-0.004094583443561839,-0.37134567371047367,0.47717599143578737,0.467778759765625
2026-11-06,0.08493150684931507,545.0,put,0.10500000000000001,782.8294164129496,-0.004094583443561839,-0.36212901860554964,0.4663190656295041,0.45703667968750006
2026-11-06,0.08493150684931507,550.0,put,0.11499999999999999,782.8294164129496,-0.004094583443561839,-0.35299653504227707,0.4599175433203341,0.450200810546875
2026-11-06,0.08493150684931507,555.0,put,0.125,782.8294164129496,-0.004094583443561839,-0.3439466995223591,0.4531587807490353,0.44336494140625
2026-11-06,0.08493150684931507,560.0,put,0.13,782.8294164129496,-0.004094583443561839,-0.3349780295395988,0.44426452784802517,0.436529072265625
2026-11-06,0.08493150684931507,565.0,put,0.14,782.8294164129496,-0.004094583443561839,-0.32608908212235277,0.4370674049636657,0.428716650390625
2026-11-06,0.08493150684931507,570.0,put,0.14500000000000002,782.8294164129496,-0.004094583443561839,-0.31727845244019787,0.4280017443133464,0.4184628466796875
2026-11-06,0.08493150684931507,575.0,put,0.16,782.8294164129496,-0.004094583443561839,-0.3085447724714432,0.421972065847024,0.41358008300781246
2026-11-06,0.08493150684931507,580.0,put,0.16999999999999998,782.8294164129496,-0.004094583443561839,-0.2998867097283287,0.4141296194075373,0.4057676611328125
2026-11-06,0.08493150684931507,585.0,put,0.18,782.8294164129496,-0.004094583443561839,-0.2913029660369372,0.40612016843109006,0.397466962890625
2026-11-06,0.08493150684931507,590.0,put,0.19,782.8294164129496,-0.004094583443561839,-0.28279227636902854,0.39796148479164006,0.3891662646484375
2026-11-06,0.08493150684931507,595.0,put,0.2,782.8294164129496,-0.004094583443561839,-0.27435340772316386,0.38966862898192517,0.38086556640624997
2026-11-06,0.08493150684931507,600.0,put,0.215,782.8294164129496,-0.004094583443561839,-0.2659851580526474,0.3823525162664638,0.37256486816406253
2026-11-06,0.08493150684931507,605.0,put,0.22999999999999998,782.8294164129496,-0.004094583443561839,-0.25768635523795225,0.3747918071198198,0.366217275390625
2026-11-06,0.08493150684931507,610.0,put,0.24,782.8294164129496,-0.004094583443561839,-0.24945585610143675,0.3660581812912389,0.35742830078125
2026-11-06,0.08493150684931507,615.0,put,0.26,782.8294164129496,-0.004094583443561839,-0.24129254546227577,0.35904184308350695,0.3501041552734374
2026-11-06,0.08493150684931507,620.0,put,0.275,782.8294164129496,-0.004094583443561839,-0.23319533522965652,0.3508943722848181,0.3413151806640625
2026-11-06,0.08493150684931507,625.0,put,0.295,782.8294164129496,-0.004094583443561839,-0.2251631635323922,0.34336862265485385,0.33374689697265625
2026-11-06,0.08493150684931507,630.0,put,0.31,782.8294164129496,-0.004094583443561839,-0.2171949938832153,0.3348709426010697,0.3259344750976562
2026-11-06,0.08493150684931507,635.0,put,0.335,782.8294164129496,-0.004094583443561839,-0.209289814376102,0.32761033734990924,0.3181220532226562
2026-11-06,0.08493150684931507,640.0,put,0.355,782.8294164129496,-0.004094583443561839,-0.20144663691507622,0.3194224743648663,0.3110420458984374
2026-11-06,0.08493150684931507,645.0,put,0.38,782.8294164129496,-0.004094583443561839,-0.19366449647302122,0.3116453514648537,0.30274134765625
2026-11-06,0.08493150684931507,650.0,put,0.405,782.8294164129496,-0.004094583443561839,-0.1859424503791109,0.3036245959997696,0.2941965112304687
2026-11-06,0.08493150684931507,655.0,put,0.43,782.8294164129496,-0.004094583443561839,-0.17827957763354174,0.29538166565838747,0.2863840893554687
2026-11-06,0.08493150684931507,660.0,put,0.46499999999999997,782.8294164129496,-0.004094583443561839,-0.17067497824832253,0.2878922793012568,0.2784495983886719
2026-11-06,0.08493150684931507,665.0,put,0.5,782.8294164129496,-0.004094583443561839,-0.1631277726129396,0.28008322788540396,0.2710033837890625
2026-11-06,0.08493150684931507,670.0,put,0.53,782.8294164129496,-0.004094583443561839,-0.15563710088378194,0.27157324850021325,0.26258061645507813
2026-11-06,0.08493150684931507,675.0,put,0.575,782.8294164129496,-0.004094583443561839,-0.14820212239626382,0.26400032749827257,0.2546461254882813
2026-11-06,0.08493150684931507,680.0,put,0.62,782.8294164129496,-0.004094583443561839,-0.14082201509864137,0.25606898554733976,0.247077841796875
2026-11-06,0.08493150684931507,685.0,put,0.675,782.8294164129496,-0.004094583443561839,-0.13349597500656843,0.24845877692704718,0.23902128173828124
2026-11-06,0.08493150684931507,690.0,put,0.74,782.8294164129496,-0.004094583443561839,-0.12622321567748862,0.24104251559216947,0.23194127441406248
2026-11-06,0.08493150684931507,695.0,put,0.8049999999999999,782.8294164129496,-0.004094583443561839,-0.11900296770400152,0.2331684951933249,0.22425092163085933
2026-11-06,0.08493150684931507,700.0,put,0.88,782.8294164129496,-0.004094583443561839,-0.11183447822538908,0.22537610864203597,0.2161943615722656
2026-11-06,0.08493150684931507,705.0,put,0.975,782.8294164129496,-0.004094583443561839,-0.10471701045652507,0.21802858318847695,0.2085650433349609
2026-11-06,0.08493150684931507,710.0,put,1.08,782.8294164129496,-0.004094583443561839,-0.09764984323343258,0.2105145484688491,0.20117986328124998
2026-11-06,0.08493150684931507,715.0,put,1.21,782.8294164129496,-0.004094583443561839,-0.09063227057478601,0.20333674186427408,0.19391675231933597
2026-11-06,0.08493150684931507,716.0,put,1.25,782.8294164129496,-0.004094583443561839,-0.08923464630814813,0.20232236752328184,0.1931843377685547
2026-11-06,0.08493150684931507,717.0,put,1.27,782.8294164129496,-0.004094583443561839,-0.08783897266917336,0.20054795759883468,0.1914143359375
2026-11-06,0.08493150684931507,718.0,put,1.3,782.8294164129496,-0.004094583443561839,-0.08644524422056951,0.1991040254833993,0.18994950683593753
2026-11-06,0.08493150684931507,719.0,put,1.34,782.8294164129496,-0.004094583443561839,-0.08505345554774697,0.19796987271297076,0.1887898504638672
2026-11-06,0.08493150684931507,720.0,put,1.365,782.8294164129496,-0.004094583443561839,-0.08366360125869275,0.19628851741184586,0.18689777954101564
2026-11-06,0.08493150684931507,721.0,put,1.415,782.8294164129496,-0.004094583443561839,-0.08227567598384465,0.19540233262100548,0.18598226135253904
2026-11-06,0.08493150684931507,722.0,put,1.435,782.8294164129496,-0.004094583443561839,-0.08088967437596746,0.19349795997072128,0.18402915588378904
2026-11-06,0.08493150684931507,723.0,put,1.47,782.8294164129496,-0.004094583443561839,-0.07950559111002897,0.19204875358155812,0.18244225769042968
2026-11-06,0.08493150684931507,724.0,put,1.51,782.8294164129496,-0.004094583443561839,-0.07812342088307739,0.1907187796194543,0.1810384631347656
2026-11-06,0.08493150684931507,725.0,put,1.56,782.8294164129496,-0.004094583443561839,-0.07674315841411894,0.189649315647451,0.17993984130859375
2026-11-06,0.08493150684931507,726.0,put,1.6,782.8294164129496,-0.004094583443561839,-0.0753647984439976,0.1882331469468983,0.17847501220703127
2026-11-06,0.08493150684931507,727.0,put,1.635,782.8294164129496,-0.004094583443561839,-0.0739883357352743,0.1866344180561612,0.17701018310546873
2026-11-06,0.08493150684931507,728.0,put,1.685,782.8294164129496,-0.004094583443561839,-0.07261376507210779,0.18542780652918628,0.17575897491455078
2026-11-06,0.08493150684931507,729.0,put,1.7349999999999999,782.8294164129496,-0.004094583443561839,-0.07124108126013558,0.18417241808312737,0.1744467321777344
2026-11-06,0.08493150684931507,730.0,put,1.775,782.8294164129496,-0.004094583443561839,-0.06987027912635688,0.18259954209905618,0.17285983398437502
2026-11-06,0.08493150684931507,731.0,put,1.83,782.8294164129496,-0.004094583443561839,-0.06850135351901517,0.1813886142918129,0.17170017761230472
2026-11-06,0.08493150684931507,732.0,put,1.885,782.8294164129496,-0.004094583443561839,-0.06713429930748219,0.18012668135239043,0.17029638305664066
2026-11-06,0.08493150684931507,733.0,put,1.935,782.8294164129496,-0.004094583443561839,-0.06576911138214223,0.17868869278910693,0.16880103668212892
2026-11-06,0.08493150684931507,734.0,put,2.005,782.8294164129496,-0.004094583443561839,-0.06440578465427811,0.17770231399032904,0.16773293212890628
2026-11-06,0.08493150684931507,735.0,put,2.0700000000000003,782.8294164129496,-0.004094583443561839,-0.06304431405595698,0.17653143518287595,0.16639017211914067
2026-11-06,0.08493150684931507,736.0,put,2.12,782.8294164129496,-0.004094583443561839,-0.06168469453991751,0.17495005121847046,0.1650168948364258
2026-11-06,0.08493150684931507,737.0,put,2.19,782.8294164129496,-0.004094583443561839,-0.06032692107945712,0.17379137473194398,0.16379620391845706
2026-11-06,0.08493150684931507,738.0,put,2.25,782.8294164129496,-0.004094583443561839,-0.0589709886683212,0.17234780548554515,0.16208723663330077
2026-11-06,0.08493150684931507,739.0,put,2.315,782.8294164129496,-0.004094583443561839,-0.05761689232059189,0.17096733609522155,0.1607749938964844
2026-11-06,0.08493150684931507,740.0,put,2.41,782.8294164129496,-0.004094583443561839,-0.05626462707057831,0.1701847222808623,0.15979844116210937
2026-11-06,0.08493150684931507,741.0,put,2.48,782.8294164129496,-0.004094583443561839,-0.054914187972706835,0.16879520689690714,0.15854723297119144
2026-11-06,0.08493150684931507,742.0,put,2.55,782.8294164129496,-0.004094583443561839,-0.053565570101413246,0.16735249985028702,0.1568382656860352
2026-11-06,0.08493150684931507,743.0,put,2.63,782.8294164129496,-0.004094583443561839,-0.0522187685510345,0.1660603461413951,0.15549550567626952
2026-11-06,0.08493150684931507,744.0,put,2.72,782.8294164129496,-0.004094583443561839,-0.050873778435701886,0.16490685378587386,0.1544579183959961
2026-11-06,0.08493150684931507,745.0,put,2.8049999999999997,782.8294164129496,-0.004094583443561839,-0.049530594889234204,0.16358973980052754,0.15296257202148442
2026-11-06,0.08493150684931507,746.0,put,2.92,782.8294164129496,-0.004094583443561839,-0.04818921306503284,0.1627803856626275,0.1523217092895508
2026-11-06,0.08493150684931507,747.0,put,2.995,782.8294164129496,-0.004094583443561839,-0.04684962813597636,0.1611454426198257,0.1505517074584961
2026-11-06,0.08493150684931507,748.0,put,3.105,782.8294164129496,-0.004094583443561839,-0.04551183529431651,0.16009583558886878,0.14939205108642578
2026-11-06,0.08493150684931507,749.0,put,3.2,782.8294164129496,-0.004094583443561839,-0.04417582975157425,0.15870335429742055,0.14783567016601565
2026-11-06,0.08493150684931507,750.0,put,3.3099999999999996,782.8294164129496,-0.004094583443561839,-0.042841606738437565,0.15750883092141052,0.1463708410644531
2026-11-06,0.08493150684931507,751.0,put,3.4299999999999997,782.8294164129496,-0.004094583443561839,-0.04150916150465892,0.15641193069330125,0.14518066741943358
2026-11-06,0.08493150684931507,752.0,put,3.5700000000000003,782.8294164129496,-0.004094583443561839,-0.040178489318953924,0.15557020572796035,0.1445398046875
2026-11-06,0.08493150684931507,753.0,put,3.675,782.8294164129496,-0.004094583443561839,-0.03884958546890015,0.15406652755158087,0.14286135467529298
2026-11-06,0.08493150684931507,754.0,put,3.815,782.8294164129496,-0.004094583443561839,-0.037522445260837624,0.15305822502276623,0.1415796292114258
2026-11-06,0.08493150684931507,755.0,put,3.96,782.8294164129496,-0.004094583443561839,-0.03619706401976896,0.15204188176331465,0.14054204193115233
2026-11-06,0.08493150684931507,756.0,put,4.085,782.8294164129496,-0.004094583443561839,-0.03487343708926075,0.1506304197089073,0.13907721282958985
2026-11-06,0.08493150684931507,757.0,put,4.24,782.8294164129496,-0.004094583443561839,-0.033551559831344946,0.1495974383862822,0.13785652191162112
2026-11-06,0.08493150684931507,758.0,put,4.395,782.8294164129496,-0.004094583443561839,-0.03223142762642204,0.14847420039145653,0.13666634826660157
2026-11-06,0.08493150684931507,759.0,put,4.5600000000000005,782.8294164129496,-0.004094583443561839,-0.030913035873163738,0.1474075319936628,0.13553720916748052
2026-11-06,0.08493150684931507,760.0,put,4.725,782.8294164129496,-0.004094583443561839,-0.02959637998841699,0.14624843275227556,0.13416393188476564
2026-11-06,0.08493150684931507,761.0,put,4.904999999999999,782.8294164129496,-0.004094583443561839,-0.028281455407107886,0.1452081940855804,0.1329584996032715
2026-11-06,0.08493150684931507,762.0,put,5.085,782.8294164129496,-0.004094583443561839,-0.02696825758214742,0.1440708961399506,0.1316615155029297
2026-11-06,0.08493150684931507,763.0,put,5.279999999999999,782.8294164129496,-0.004094583443561839,-0.02565678198433666,0.14304048684355705,0.13053237640380855
2026-11-06,0.08493150684931507,764.0,put,5.49,782.8294164129496,-0.004094583443561839,-0.02434702410227326,0.14210789070539603,0.1294032373046875
2026-11-06,0.08493150684931507,765.0,put,5.705,782.8294164129496,-0.004094583443561839,-0.023038979442257884,0.14113413468631794,0.1283046154785156
2026-11-06,0.08493150684931507,766.0,put,5.92,782.8294164129496,-0.004094583443561839,-0.021732643528202394,0.14005337001354626,0.12699237274169922
2026-11-06,0.08493150684931507,767.0,put,6.155,782.8294164129496,-0.004094583443561839,-0.02042801190153748,0.13911981406628623,0.12589375091552735
2026-11-06,0.08493150684931507,768.0,put,6.390000000000001,782.8294164129496,-0.004094583443561839,-0.019125080121121584,0.13807393711732857,0.12458150817871094
2026-11-06,0.08493150684931507,769.0,put,6.635,782.8294164129496,-0.004094583443561839,-0.017823843763149747,0.13703970272523222,0.12326926544189454
2026-11-06,0.08493150684931507,770.0,put,6.9,782.8294164129496,-0.004094583443561839,-0.016524298421064162,0.1361341053082962,0.12217064361572266
2026-11-06,0.08493150684931507,771.0,put,7.175,782.8294164129496,-0.004094583443561839,-0.015226439705464176,0.13522871469713516,0.12107202178955079
2026-11-06,0.08493150684931507,772.0,put,7.46,782.8294164129496,-0.004094583443561839,-0.01393026324401758,0.13431991210820168,0.119851330871582
2026-11-06,0.08493150684931507,773.0,put,7.76,782.8294164129496,-0.004094583443561839,-0.012635764681371762,0.13346270103640187,0.11870693313598632
2026-11-06,0.08493150684931507,774.0,put,8.065,782.8294164129496,-0.004094583443561839,-0.011342939679066579,0.1325361122817775,0.1175320181274414
2026-11-06,0.08493150684931507,775.0,put,8.39,782.8294164129496,-0.004094583443561839,-0.010051783915446671,0.131710682908142,0.11634184448242188
2026-11-06,0.08493150684931507,776.0,put,8.73,782.8294164129496,-0.004094583443561839,-0.008762293085575001,0.13092337379259159,0.11522796401977539
2026-11-06,0.08493150684931507,777.0,put,9.07,782.8294164129496,-0.004094583443561839,-0.007474462901146283,0.13000073179489138,0.11396149719238281
2026-11-06,0.08493150684931507,778.0,put,9.445,782.8294164129496,-0.004094583443561839,-0.006188289090402093,0.12933467611198665,0.11296968582153322
2026-11-06,0.08493150684931507,779.0,put,9.82,782.8294164129496,-0.004094583443561839,-0.004903767398045404,0.12852723592581242,0.11170321899414062
2026-11-06,0.08493150684931507,780.0,put,10.23,782.8294164129496,-0.004094583443561839,-0.0036208935851563305,0.12796614813207485,0.11072666625976563
2026-11-06,0.08493150684931507,781.0,put,10.620000000000001,782.8294164129496,-0.004094583443561839,-0.002339663429107758,0.1270375381594876,0.10956700988769531
2026-11-06,0.08493150684931507,782.0,put,11.055,782.8294164129496,-0.004094583443561839,-0.0010600727234826152,0.12645921024238102,0.10846838806152344
2026-11-06,0.08493150684931507,783.0,call,11.325,782.8294164129496,-0.004094583443561839,0.0002178827220094333,0.1257858181656745,0.1394281614685059
2026-11-06,0.08493150684931507,784.0,call,10.775,782.8294164129496,-0.004094583443561839,0.0014942070816140966,0.1250328650067746,0.1381922119140625
2026-11-06,0.08493150684931507,785.0,call,10.239999999999998,782.8294164129496,-0.004094583443561839,0.002768904513614819,0.12429094374777898,0.13715462463378908
2026-11-06,0.08493150684931507,786.0,call,9.715,782.8294164129496,-0.004094583443561839,0.004041979160412849,0.1235025491299319,0.13607126144409182
2026-11-06,0.08493150684931507,787.0,call,9.225,782.8294164129496,-0.004094583443561839,0.0053134351486094486,0.12294305799498403,0.135048932800293
2026-11-06,0.08493150684931507,788.0,call,8.735,782.8294164129496,-0.004094583443561839,0.006583276589085484,0.12222286031169614,0.13401134552001953
2026-11-06,0.08493150684931507,789.0,call,8.27,782.8294164129496,-0.004094583443561839,0.00785150757708052,0.12161911298673238,0.1330347927856445
2026-11-06,0.08493150684931507,790.0,call,7.82,782.8294164129496,-0.004094583443561839,0.009118132192273372,0.12101980261754908,0.132119274597168
2026-11-06,0.08493150684931507,791.0,call,7.385,782.8294164129496,-0.004094583443561839,0.010383154498860205,0.1204243398917205,0.13129530822753904
2026-11-06,0.08493150684931507,792.0,call,6.95,782.8294164129496,-0.004094583443561839,0.011646578545632103,0.11965852183101917,0.13018142776489255
2026-11-06,0.08493150684931507,793.0,call,6.5600000000000005,782.8294164129496,-0.004094583443561839,0.01290840836605437,0.11924382982658788,0.12949478912353518
2026-11-06,0.08493150684931507,794.0,call,6.17,782.8294164129496,-0.004094583443561839,0.014168647978342027,0.11865888477896276,0.128640305480957
2026-11-06,0.08493150684931507,795.0,call,5.795,782.8294164129496,-0.004094583443561839,0.015427301385538121,0.11807803964885027,0.1277247872924805
2026-11-06,0.08493150684931507,796.0,call,5.45,782.8294164129496,-0.004094583443561839,0.01668437257558937,0.11768679239478103,0.1271449591064453
2026-11-06,0.08493150684931507,797.0,call,5.105,782.8294164129496,-0.004094583443561839,0.017939865521421315,0.11712062158849115,0.12629047546386718
2026-11-06,0.08493150684931507,798.0,call,4.785,782.8294164129496,-0.004094583443561839,0.01919378418101496,0.11669075038276258,0.1256190954589844
2026-11-06,0.08493150684931507,799.0,call,4.484999999999999,782.8294164129496,-0.004094583443561839,0.020446132497480996,0.11634252401081376,0.12503926727294923
2026-11-06,0.08493150684931507,800.0,call,4.145,782.8294164129496,-0.004094583443561839,0.021696914399133543,0.11527919479487332,0.12375754180908202
2026-11-06,0.08493150684931507,801.0,call,3.91,782.8294164129496,-0.004094583443561839,0.022946133799565605,0.1154447513632495,0.12378805908203125
2026-11-06,0.08493150684931507,802.0,call,3.6550000000000002,782.8294164129496,-0.004094583443561839,0.024193794597720798,0.11517326665894174,0.12326926544189454
2026-11-06,0.08493150684931507,803.0,call,3.4,782.8294164129496,-0.004094583443561839,0.025439900677967895,0.11472328717744884,0.1225368508911133
2026-11-06,0.08493150684931507,804.0,call,3.175,782.8294164129496,-0.004094583443561839,0.026684455910172728,0.11453216324244767,0.12207909179687501
2026-11-06,0.08493150684931507,805.0,call,2.95,782.8294164129496,-0.004094583443561839,0.027927464149769647,0.11416520032016755,0.12162133270263673
2026-11-06,0.08493150684931507,806.0,call,2.74,782.8294164129496,-0.004094583443561839,0.029168929237834484,0.11384940906863786,0.12113305633544921
2026-11-06,0.08493150684931507,807.0,call,2.55,782.8294164129496,-0.004094583443561839,0.030408855001155127,0.11367818406450368,0.12079736633300782
2026-11-06,0.08493150684931507,808.0,call,2.365,782.8294164129496,-0.004094583443561839,0.03164724525230163,0.11341567065218941,0.1202785726928711
2026-11-06,0.08493150684931507,809.0,call,2.2,782.8294164129496,-0.004094583443561839,0.032884103789698076,0.1133246978694842,0.12012598632812499
2026-11-06,0.08493150684931507,810.0,call,2.035,782.8294164129496,-0.004094583443561839,0.03411943439769075,0.11306165624130271,0.11963770996093749
2026-11-06,0.08493150684931507,811.0,call,1.8900000000000001,782.8294164129496,-0.004094583443561839,0.035353240846619144,0.11299765113112772,0.11951564086914063
2026-11-06,0.08493150684931507,812.0,call,1.745,782.8294164129496,-0.004094583443561839,0.03658552689288431,0.11276311447860483,0.11905788177490234
2026-11-06,0.08493150684931507,813.0,call,1.615,782.8294164129496,-0.004094583443561839,0.037816296279016864,0.11265765944050705,0.11881374359130858
2026-11-06,0.08493150684931507,814.0,call,1.49,782.8294164129496,-0.004094583443561839,0.03904555273374649,0.11248713800320226,0.11863063995361328
2026-11-06,0.08493150684931507,815.0,call,1.375,782.8294164129496,-0.004094583443561839,0.040273299972069035,0.1123652682996534,0.11829494995117187
2026-11-06,0.08493150684931507,820.0,call,0.935,782.8294164129496,-0.004094583443561839,0.04638952698950515,0.11268438891346437,0.11780667358398436
2026-11-06,0.08493150684931507,825.0,call,0.63,782.8294164129496,-0.004094583443561839,0.05246857306588736,0.11327645988535126,0.11811184631347656
2026-11-06,0.08493150684931507,830.0,call,0.44,782.8294164129496,-0.004094583443561839,0.058510887521849804,0.11500490909577474,0.11951564086914063
2026-11-06,0.08493150684931507,835.0,call,0.305,782.8294164129496,-0.004094583443561839,0.0645169115820617,0.11668381884273403,0.12073633178710938
2026-11-06,0.08493150684931507,840.0,call,0.22999999999999998,782.8294164129496,-0.004094583443561839,0.07048707856856555,0.11999034365068068,0.12427633544921876
2026-11-06,0.08493150684931507,845.0,call,0.16999999999999998,782.8294164129496,-0.004094583443561839,0.07642181408838013,0.1227969505985525,0.12696185546875
2026-11-06,0.08493150684931507,850.0,call,0.135,782.8294164129496,-0.004094583443561839,0.08232153621556844,0.12672207027805527,0.13037979003906247
2026-11-06,0.08493150684931507,855.0,call,0.10500000000000001,782.8294164129496,-0.004094583443561839,0.08818665566796655,0.13011949315425167,0.13355358642578125
2026-11-06,0.08493150684931507,860.0,call,0.08499999999999999,782.8294164129496,-0.004094583443561839,0.09401757597875976,0.13401734400734566,0.1374597973632813
2026-11-06,0.08493150684931507,865.0,call,0.07,782.8294164129496,-0.004094583443561839,0.0998146936630857,0.13802411200159023,0.14258669921875
2026-11-06,0.08493150684931507,870.0,call,0.055,782.8294164129496,-0.004094583443561839,0.1055783983798356,0.14113741274914557,0.1445398046875
2026-11-06,0.08493150684931507,875.0,call,0.045,782.8294164129496,-0.004094583443561839,0.11130907308882065,0.14474918113255056,0.148446015625
2026-11-06,0.08493150684931507,885.0,call,0.035,782.8294164129496,-0.004094583443561839,0.12267283173913579,0.15384087214711428,0.1577232666015625
2026-11-06,0.08493150684931507,895.0,call,0.025,782.8294164129496,-0.004094583443561839,0.1339089050060617,0.1611118329143381,0.165047412109375
2026-11-13,0.10410958904109589,500.0,put,0.095,783.4067049113195,-0.0029881033691516526,-0.44904388150576957,0.5080957214965598,0.499028447265625
2026-11-13,0.10410958904109589,530.0,put,0.135,783.4067049113195,-0.0029881033691516526,-0.39077497338179373,0.4636931277537736,0.4545952978515625
2026-11-13,0.10410958904109589,535.0,put,0.14500000000000002,783.4067049113195,-0.0029881033691516526,-0.3813852330319548,0.4570144741266297,0.44824770507812495
2026-11-13,0.10410958904109589,545.0,put,0.165,783.4067049113195,-0.0029881033691516526,-0.36286618526471726,0.44302380591890783,0.4335994140625
2026-11-13,0.10410958904109589,550.0,put,0.175,783.4067049113195,-0.0029881033691516526,-0.35373370170144464,0.4357632093432001,0.42676354492187507
2026-11-13,0.10410958904109589,555.0,put,0.185,783.4067049113195,-0.0029881033691516526,-0.3446838661815268,0.42835318969016006,0.418951123046875
2026-11-13,0.10410958904109589,575.0,put,0.235,783.4067049113195,-0.0029881033691516526,-0.30928193913061086,0.3996170997178195,0.39014281738281253
2026-11-13,0.10410958904109589,580.0,put,0.245,783.4067049113195,-0.0029881033691516526,-0.3006238763874964,0.39156214993902716,0.38233039550781245
2026-11-13,0.10410958904109589,590.0,put,0.28500000000000003,783.4067049113195,-0.0029881033691516526,-0.2835294430281962,0.3787211313247272,0.36939107177734376
2026-11-13,0.10410958904109589,605.0,put,0.335,783.4067049113195,-0.0029881033691516526,-0.2584235218971198,0.35624906675887424,0.3469303588867187
2026-11-13,0.10410958904109589,610.0,put,0.355,783.4067049113195,-0.0029881033691516526,-0.2501930227606044,0.34892954346068183,0.33960621337890623
2026-11-13,0.10410958904109589,615.0,put,0.375,783.4067049113195,-0.0029881033691516526,-0.2420297121214434,0.3414417007016662,0.3320379296875
2026-11-13,0.10410958904109589,620.0,put,0.4,783.4067049113195,-0.0029881033691516526,-0.23393250188882408,0.3343908502681968,0.32569033691406246
2026-11-13,0.10410958904109589,625.0,put,0.435,783.4067049113195,-0.0029881033691516526,-0.22590033019155975,0.32822394216176615,0.3188544677734374
2026-11-13,0.10410958904109589,630.0,put,0.46499999999999997,783.4067049113195,-0.0029881033691516526,-0.21793216054238296,0.3212152364587351,0.3117744604492187
2026-11-13,0.10410958904109589,635.0,put,0.485,783.4067049113195,-0.0029881033691516526,-0.2100269810352696,0.31301963171690383,0.30371790039062496
2026-11-13,0.10410958904109589,640.0,put,0.515,783.4067049113195,-0.0029881033691516526,-0.2021838035742438,0.3056294743994114,0.2963937548828125
2026-11-13,0.10410958904109589,645.0,put,0.545,783.4067049113195,-0.0029881033691516526,-0.19440166313218876,0.298041610297219,0.28882547119140617
2026-11-13,0.10410958904109589,650.0,put,0.585,783.4067049113195,-0.0029881033691516526,-0.1866796170382785,0.29106474627949885,0.28174546386718746
2026-11-13,0.10410958904109589,655.0,put,0.625,783.4067049113195,-0.0029881033691516526,-0.1790167442927093,0.2838195104608654,0.2745433874511719
2026-11-13,0.10410958904109589,660.0,put,0.665,783.4067049113195,-0.0029881033691516526,-0.17141214490749007,0.2763291995865034,0.26697510375976563
2026-11-13,0.10410958904109589,665.0,put,0.715,783.4067049113195,-0.0029881033691516526,-0.1638649392721072,0.2692562870281908,0.25989509643554687
2026-11-13,0.10410958904109589,670.0,put,0.77,783.4067049113195,-0.0029881033691516526,-0.15637426754294956,0.2621878375617901,0.25312026184082037
2026-11-13,0.10410958904109589,675.0,put,0.83,783.4067049113195,-0.0029881033691516526,-0.14893928905543152,0.25508576002552824,0.24597921997070313
2026-11-13,0.10410958904109589,680.0,put,0.89,783.4067049113195,-0.0029881033691516526,-0.1415591817578089,0.24766046421692128,0.23853300537109373
2026-11-13,0.10410958904109589,685.0,put,0.96,783.4067049113195,-0.0029881033691516526,-0.13423314166573605,0.24041448970416612,0.23120885986328127
2026-11-13,0.10410958904109589,690.0,put,1.05,783.4067049113195,-0.0029881033691516526,-0.1269603823366562,0.2337057281997758,0.22443402526855466
2026-11-13,0.10410958904109589,695.0,put,1.145,783.4067049113195,-0.0029881033691516526,-0.1197401343631692,0.22675192864161361,0.21717091430664062
2026-11-13,0.10410958904109589,700.0,put,1.255,783.4067049113195,-0.0029881033691516526,-0.1125716448845566,0.21991702993774115,0.2102740106201172
2026-11-13,0.10410958904109589,705.0,put,1.38,783.4067049113195,-0.0029881033691516526,-0.10545417711569267,0.21310443433703513,0.20356021057128904
2026-11-13,0.10410958904109589,710.0,put,1.54,783.4067049113195,-0.0029881033691516526,-0.09838700989260016,0.2068535107457225,0.19715158325195312
2026-11-13,0.10410958904109589,715.0,put,1.71,783.4067049113195,-0.0029881033691516526,-0.09136943723395366,0.2002228210315058,0.1903767486572266
2026-11-13,0.10410958904109589,716.0,put,1.75,783.4067049113195,-0.0029881033691516526,-0.08997181296731564,0.19898383195344696,0.18912554046630858
2026-11-13,0.10410958904109589,717.0,put,1.78,783.4067049113195,-0.0029881033691516526,-0.08857613932834096,0.19743997649444872,0.18756915954589842
2026-11-13,0.10410958904109589,718.0,put,1.83,783.4067049113195,-0.0029881033691516526,-0.08718241087973708,0.19641221667748932,0.18647053771972655
2026-11-13,0.10410958904109589,719.0,put,1.87,783.4067049113195,-0.0029881033691516526,-0.08579062220691464,0.19508090462963554,0.18512777770996092
2026-11-13,0.10410958904109589,720.0,put,1.9049999999999998,783.4067049113195,-0.0029881033691516526,-0.08440076791786026,0.1935906694621907,0.1834798449707031
2026-11-13,0.10410958904109589,721.0,put,1.955,783.4067049113195,-0.0029881033691516526,-0.08301284264301224,0.19245716679056288,0.18256432678222656
2026-11-13,0.10410958904109589,722.0,put,2.005,783.4067049113195,-0.0029881033691516526,-0.08162684103513503,0.19128574791780442,0.18109949768066402
2026-11-13,0.10410958904109589,723.0,put,2.0549999999999997,783.4067049113195,-0.0029881033691516526,-0.08024275776919663,0.19007733858538775,0.17984828948974607
2026-11-13,0.10410958904109589,724.0,put,2.105,783.4067049113195,-0.0029881033691516526,-0.07886058754224488,0.1888327909547748,0.1785665640258789
2026-11-13,0.10410958904109589,725.0,put,2.1500000000000004,783.4067049113195,-0.0029881033691516526,-0.07748032507328653,0.1874353027637291,0.1772543212890625
2026-11-13,0.10410958904109589,726.0,put,2.205,783.4067049113195,-0.0029881033691516526,-0.07610196510316516,0.18623835318120685,0.17591156127929689
2026-11-13,0.10410958904109589,727.0,put,2.2699999999999996,783.4067049113195,-0.0029881033691516526,-0.07472550239444195,0.18522929085375014,0.1749350085449219
2026-11-13,0.10410958904109589,728.0,put,2.325,783.4067049113195,-0.0029881033691516526,-0.07335093173127528,0.18395236648867513,0.1735312139892578
2026-11-13,0.10410958904109589,729.0,put,2.375,783.4067049113195,-0.0029881033691516526,-0.07197824791930316,0.18252994221766616,0.17206638488769532
2026-11-13,0.10410958904109589,730.0,put,2.435,783.4067049113195,-0.0029881033691516526,-0.07060744578552444,0.18128946416858513,0.17078465942382814
2026-11-13,0.10410958904109589,731.0,put,2.51,783.4067049113195,-0.0029881033691516526,-0.0692385201781828,0.18032420923314724,0.16983862396240235
2026-11-13,0.10410958904109589,732.0,put,2.565,783.4067049113195,-0.0029881033691516526,-0.0678714659666497,0.17889752939004278,0.16846534667968754
2026-11-13,0.10410958904109589,733.0,put,2.635,783.4067049113195,-0.0029881033691516526,-0.06650627804130982,0.1777398489045163,0.16724465576171876
2026-11-13,0.10410958904109589,734.0,put,2.71,783.4067049113195,-0.0029881033691516526,-0.06514295131344566,0.17663669425439776,0.1659934475708008
2026-11-13,0.10410958904109589,735.0,put,2.7800000000000002,783.4067049113195,-0.0029881033691516526,-0.06378148071512463,0.17538930767249422,0.16468120483398438
2026-11-13,0.10410958904109589,736.0,put,2.855,783.4067049113195,-0.0029881033691516526,-0.06242186119908501,0.17419462144824352,0.16352154846191408
2026-11-13,0.10410958904109589,737.0,put,2.9299999999999997,783.4067049113195,-0.0029881033691516526,-0.0610640877386247,0.1729546709254369,0.16211775390625
2026-11-13,0.10410958904109589,738.0,put,3.0199999999999996,783.4067049113195,-0.0029881033691516526,-0.05970815532748875,0.1719453123584919,0.16104964935302735
2026-11-13,0.10410958904109589,739.0,put,3.0949999999999998,783.4067049113195,-0.0029881033691516526,-0.05835405897975953,0.1706124371681129,0.15973740661621094
2026-11-13,0.10410958904109589,740.0,put,3.1900000000000004,783.4067049113195,-0.0029881033691516526,-0.05700179372974581,0.16958989137593686,0.15854723297119144
2026-11-13,0.10410958904109589,741.0,put,3.2800000000000002,783.4067049113195,-0.0029881033691516526,-0.055651354631874414,0.16842581155619157,0.15732654205322266
2026-11-13,0.10410958904109589,742.0,put,3.365,783.4067049113195,-0.0029881033691516526,-0.0543027367605808,0.16712620444654705,0.15601429931640626
2026-11-13,0.10410958904109589,743.0,put,3.46,783.4067049113195,-0.0029881033691516526,-0.052955935210202136,0.16594686245889506,0.15470205657958985
2026-11-13,0.10410958904109589,744.0,put,3.5700000000000003,783.4067049113195,-0.0029881033691516526,-0.051610945094869375,0.16496118910342666,0.15360343475341798
2026-11-13,0.10410958904109589,745.0,put,3.67,783.4067049113195,-0.0029881033691516526,-0.05026776154840178,0.1637550022328118,0.1523217092895508
2026-11-13,0.10410958904109589,746.0,put,3.7800000000000002,783.4067049113195,-0.0029881033691516526,-0.048926379724200504,0.16265368328485422,0.1511315356445313
2026-11-13,0.10410958904109589,747.0,put,3.885,783.4067049113195,-0.0029881033691516526,-0.047586794795143994,0.16141734789243334,0.1498803274536133
2026-11-13,0.10410958904109589,748.0,put,4.01,783.4067049113195,-0.0029881033691516526,-0.04624900195348411,0.16043128026733908,0.14872067108154297
2026-11-13,0.10410958904109589,749.0,put,4.13,783.4067049113195,-0.0029881033691516526,-0.04491299641074182,0.159306783253024,0.14749998016357424
2026-11-13,0.10410958904109589,750.0,put,4.255,783.4067049113195,-0.0029881033691516526,-0.04357877339760523,0.15819566520074113,0.146218254699707
2026-11-13,0.10410958904109589,751.0,put,4.38,783.4067049113195,-0.0029881033691516526,-0.04224632816382655,0.1570230484941811,0.1450280810546875
2026-11-13,0.10410958904109589,752.0,put,4.52,783.4067049113195,-0.0029881033691516526,-0.04091565597812153,0.15600219583439506,0.1438836833190918
2026-11-13,0.10410958904109589,753.0,put,4.66,783.4067049113195,-0.0029881033691516526,-0.03958675212806772,0.15491443550553838,0.14267825103759768
2026-11-13,0.10410958904109589,754.0,put,4.805,783.4067049113195,-0.0029881033691516526,-0.03825961192000528,0.15382922334038135,0.14154911193847658
2026-11-13,0.10410958904109589,755.0,put,4.95,783.4067049113195,-0.0029881033691516526,-0.036934230678936586,0.15267691019458396,0.14020635192871095
2026-11-13,0.10410958904109589,756.0,put,5.109999999999999,783.4067049113195,-0.0029881033691516526,-0.03561060374842835,0.15165669565931403,0.13904669555664065
2026-11-13,0.10410958904109589,757.0,put,5.27,783.4067049113195,-0.0029881033691516526,-0.03428872649051252,0.15056471046289183,0.1378260046386719
2026-11-13,0.10410958904109589,758.0,put,5.4399999999999995,783.4067049113195,-0.0029881033691516526,-0.03296859428558969,0.14952987267460685,0.13665108963012695
2026-11-13,0.10410958904109589,759.0,put,5.615,783.4067049113195,-0.0029881033691516526,-0.03165020253233136,0.14848404977725066,0.1355219505310059
2026-11-13,0.10410958904109589,760.0,put,5.8100000000000005,783.4067049113195,-0.0029881033691516526,-0.030333546647584583,0.14761109236421557,0.1344385873413086
2026-11-13,0.10410958904109589,761.0,put,6.0,783.4067049113195,-0.0029881033691516526,-0.02901862206627545,0.14659553530445435,0.13337048278808594
2026-11-13,0.10410958904109589,762.0,put,6.195,783.4067049113195,-0.0029881033691516526,-0.02770542424131507,0.1455614141012667,0.132119274597168
2026-11-13,0.10410958904109589,763.0,put,6.395,783.4067049113195,-0.0029881033691516526,-0.02639394864350428,0.14450692887696434,0.1308833250427246
2026-11-13,0.10410958904109589,764.0,put,6.609999999999999,783.4067049113195,-0.0029881033691516526,-0.02508419076144085,0.1435471000019139,0.12979996185302733
2026-11-13,0.10410958904109589,765.0,put,6.83,783.4067049113195,-0.0029881033691516526,-0.02377614610142545,0.14256015997844249,0.12860978820800778
2026-11-13,0.10410958904109589,766.0,put,7.074999999999999,783.4067049113195,-0.0029881033691516526,-0.022469810187370043,0.14177187650637763,0.12757220092773439
2026-11-13,0.10410958904109589,767.0,put,7.3149999999999995,783.4067049113195,-0.0029881033691516526,-0.021165178560705097,0.1408353044541985,0.12641254455566403
2026-11-13,0.10410958904109589,768.0,put,7.555,783.4067049113195,-0.0029881033691516526,-0.019862246780289174,0.13980880851551258,0.1251765950012207
2026-11-13,0.10410958904109589,769.0,put,7.824999999999999,783.4067049113195,-0.0029881033691516526,-0.01856101042231731,0.13902147630260817,0.12415426635742188
2026-11-13,0.10410958904109589,770.0,put,8.1,783.4067049113195,-0.0029881033691516526,-0.017261465080231804,0.13819170416389415,0.12313193771362305
2026-11-13,0.10410958904109589,771.0,put,8.375,783.4067049113195,-0.0029881033691516526,-0.015963606364631792,0.13726478630727376,0.1218959881591797
2026-11-13,0.10410958904109589,772.0,put,8.67,783.4067049113195,-0.0029881033691516526,-0.014667429903185166,0.1364532269143732,0.12087365951538087
2026-11-13,0.10410958904109589,773.0,put,8.975000000000001,783.4067049113195,-0.0029881033691516526,-0.013372931340539318,0.13564600551681427,0.11972926177978514
2026-11-13,0.10410958904109589,774.0,put,9.29,783.4067049113195,-0.0029881033691516526,-0.01208010633823422,0.13484050608146078,0.1186764158630371
2026-11-13,0.10410958904109589,775.0,put,9.615,783.4067049113195,-0.0029881033691516526,-0.010788950574614284,0.13403420858504125,0.1175015008544922
2026-11-13,0.10410958904109589,776.0,put,9.95,783.4067049113195,-0.0029881033691516526,-0.009499459744742584,0.13322467487129883,0.11643339630126953
2026-11-13,0.10410958904109589,778.0,put,10.67,783.4067049113195,-0.0029881033691516526,-0.006925455749569731,0.13178904260861113,0.11428192855834962
2026-11-13,0.10410958904109589,779.0,put,11.055,783.4067049113195,-0.0029881033691516526,-0.005640934057213012,0.13115631974008626,0.11321382400512695
2026-11-13,0.10410958904109589,780.0,put,11.440000000000001,783.4067049113195,-0.0029881033691516526,-0.0043580602443239105,0.1304092724644128,0.11209994354248046
2026-11-13,0.10410958904109589,782.0,put,12.265,783.4067049113195,-0.0029881033691516526,-0.0017972393826502495,0.12911759335680636,0.10997899307250975
2026-11-13,0.10410958904109589,783.0,put,12.7,783.4067049113195,-0.0029881033691516526,-0.0005192839371581724,0.12851841544355921,0.10895666442871094
2026-11-13,0.10410958904109589,784.0,call,12.515,783.4067049113195,-0.0029881033691516526,0.0007570404224466301,0.12750793336692426,0.14226626785278318
2026-11-13,0.10410958904109589,785.0,call,11.98,783.4067049113195,-0.0029881033691516526,0.0020317378544471593,0.12692291789634197,0.1412744564819336
2026-11-13,0.10410958904109589,786.0,call,11.445,783.4067049113195,-0.0029881033691516526,0.003304812501245218,0.12621385997360562,0.14028264511108396
2026-11-13,0.10410958904109589,787.0,call,10.935,783.4067049113195,-0.0029881033691516526,0.004576268489441845,0.1256286261121829,0.13935186828613283
2026-11-13,0.10410958904109589,788.0,call,10.435,783.4067049113195,-0.0029881033691516526,0.00584610992991791,0.12501644162840028,0.13842109146118164
2026-11-13,0.10410958904109589,789.0,call,9.940000000000001,783.4067049113195,-0.0029881033691516526,0.0071143409179129724,0.12432548578646765,0.1373682455444336
2026-11-13,0.10410958904109589,790.0,call,9.45,783.4067049113195,-0.0029881033691516526,0.008380965533105854,0.12355339453535433,0.13628488235473635
2026-11-13,0.10410958904109589,791.0,call,9.0,783.4067049113195,-0.0029881033691516526,0.009645987839692494,0.12305467689050113,0.13547617462158207
2026-11-13,0.10410958904109589,792.0,call,8.55,783.4067049113195,-0.0029881033691516526,0.010909411886464642,0.12242295883472418,0.1345606564331055
2026-11-13,0.10410958904109589,793.0,call,8.120000000000001,783.4067049113195,-0.0029881033691516526,0.012171241706886717,0.12186203468328798,0.13370617279052732
2026-11-13,0.10410958904109589,794.0,call,7.705,783.4067049113195,-0.0029881033691516526,0.0134314813191744,0.12132109439219402,0.1328516891479492
2026-11-13,0.10410958904109589,795.0,call,7.300000000000001,783.4067049113195,-0.0029881033691516526,0.014690134726370525,0.1207475977442757,0.13205824005126954
2026-11-13,0.10410958904109589,796.0,call,6.925000000000001,783.4067049113195,-0.0029881033691516526,0.015947205916421802,0.12035538676138477,0.1313563427734375
2026-11-13,0.10410958904109589,797.0,call,6.550000000000001,783.4067049113195,-0.0029881033691516526,0.017202698862253774,0.11982518150310167,0.13062392822265623
2026-11-13,0.10410958904109589,798.0,call,6.195,783.4067049113195,-0.0029881033691516526,0.01845661752184745,0.11937291089928902,0.1298609963989258
2026-11-13,0.10410958904109589,799.0,call,5.845000000000001,783.4067049113195,-0.0029881033691516526,0.019708965838313296,0.1188342962397043,0.1290980645751953
2026-11-13,0.10410958904109589,800.0,call,5.515000000000001,783.4067049113195,-0.0029881033691516526,0.02095974773996609,0.1183776017344076,0.12839616729736325
2026-11-13,0.10410958904109589,801.0,call,5.215,783.4067049113195,-0.0029881033691516526,0.02220896714039796,0.11812532979859999,0.127938408203125
2026-11-13,0.10410958904109589,802.0,call,4.91,783.4067049113195,-0.0029881033691516526,0.02345662793855318,0.11767451783700557,0.12720599365234375
2026-11-13,0.10410958904109589,803.0,call,4.625,783.4067049113195,-0.0029881033691516526,0.024702734018800302,0.11731873378313473,0.126687200012207
2026-11-13,0.10410958904109589,804.0,call,4.35,783.4067049113195,-0.0029881033691516526,0.025947289251005163,0.11694194456935783,0.12604633728027342
2026-11-13,0.10410958904109589,805.0,call,4.085,783.4067049113195,-0.0029881033691516526,0.02719029749060211,0.11654497171300247,0.12552754364013674
2026-11-13,0.10410958904109589,806.0,call,3.835,783.4067049113195,-0.0029881033691516526,0.028431762578666978,0.11619423737360661,0.12497823272705078
2026-11-13,0.10410958904109589,807.0,call,3.5949999999999998,783.4067049113195,-0.0029881033691516526,0.02967168834198743,0.11582901097681263,0.12442892181396485
2026-11-13,0.10410958904109589,808.0,call,3.37,783.4067049113195,-0.0029881033691516526,0.030910078593134174,0.11552026679497535,0.1238796109008789
2026-11-13,0.10410958904109589,809.0,call,3.17,783.4067049113195,-0.0029881033691516526,0.032146937130530434,0.11541865365284527,0.12360495544433595
2026-11-13,0.10410958904109589,810.0,call,2.965,783.4067049113195,-0.0029881033691516526,0.03338226773852314,0.1151067790981241,0.12320823089599611
2026-11-13,0.10410958904109589,811.0,call,2.7699999999999996,783.4067049113195,-0.0029881033691516526,0.03461607418745156,0.11479551496119705,0.12262840270996095
2026-11-13,0.10410958904109589,812.0,call,2.5949999999999998,783.4067049113195,-0.0029881033691516526,0.03584836023371675,0.1146455332934898,0.12241478179931642
2026-11-13,0.10410958904109589,813.0,call,2.42,783.4067049113195,-0.0029881033691516526,0.037079129619849334,0.11435406171533469,0.1218959881591797
2026-11-13,0.10410958904109589,814.0,call,2.2649999999999997,783.4067049113195,-0.0029881033691516526,0.03830838607457899,0.11424594163092873,0.12171288452148438
2026-11-13,0.10410958904109589,815.0,call,2.12,783.4067049113195,-0.0029881033691516526,0.039536133312901345,0.11417233825540807,0.1214382290649414
2026-11-13,0.10410958904109589,820.0,call,1.5,783.4067049113195,-0.0029881033691516526,0.0456523603303376,0.11373209166192345,0.12037012451171875
2026-11-13,0.10410958904109589,825.0,call,1.0550000000000002,783.4067049113195,-0.0029881033691516526,0.051731406406719735,0.11375002616443401,0.11969874450683593
2026-11-13,0.10410958904109589,830.0,call,0.755,783.4067049113195,-0.0029881033691516526,0.05777372086268231,0.11464893527894177,0.12018702087402343
2026-11-13,0.10410958904109589,835.0,call,0.535,783.4067049113195,-0.0029881033691516526,0.06377974492289414,0.11555198628967023,0.12073633178710938
2026-11-13,0.10410958904109589,840.0,call,0.4,783.4067049113195,-0.0029881033691516526,0.0697499119093979,0.11774635046657757,0.12287254089355469
2026-11-13,0.10410958904109589,845.0,call,0.295,783.4067049113195,-0.0029881033691516526,0.0756846474292126,0.11964600935369828,0.12427633544921876
2026-11-13,0.10410958904109589,850.0,call,0.225,783.4067049113195,-0.0029881033691516526,0.08158436955640086,0.12215449169496007,0.12659564819335936
2026-11-13,0.10410958904109589,855.0,call,0.175,783.4067049113195,-0.0029881033691516526,0.08744948900879888,0.12492582773395386,0.12915909912109375
2026-11-13,0.10410958904109589,860.0,call,0.14500000000000002,783.4067049113195,-0.0029881033691516526,0.09328040931959204,0.1286701278963014,0.132821171875
2026-11-13,0.10410958904109589,865.0,call,0.11499999999999999,783.4067049113195,-0.0029881033691516526,0.0990775270039181,0.13152381535899424,0.13575083007812502
2026-11-13,0.10410958904109589,885.0,call,0.055,783.4067049113195,-0.0029881033691516526,0.1219356650799683,0.14481614100859344,0.1489342919921875
2026-11-13,0.10410958904109589,890.0,call,0.045,783.4067049113195,-0.0029881033691516526,0.12756948279822425,0.1476008920036545,0.1518639501953125
2026-11-13,0.10410958904109589,895.0,call,0.035,783.4067049113195,-0.0029881033691516526,0.13317173834689405,0.14954479774932405,0.15430533203125002
2026-11-13,0.10410958904109589,910.0,call,0.025,783.4067049113195,-0.0029881033691516526,0.14979261958293447,0.16098052343516023,0.16602396484375004
2026-11-20,0.1232876712328767,345.0,put,0.025,784.0,-0.0023870598422634226,-0.8208646033190482,0.7319197016960046,0.7187528125
2026-11-20,0.1232876712328767,350.0,put,0.025,784.0,-0.0023870598422634226,-0.8064758658669484,0.719665018087545,0.7070341796875
2026-11-20,0.1232876712328767,355.0,put,0.025,784.0,-0.0023870598422634226,-0.792291230874992,0.7075826937362283,0.6953155468750001
2026-11-20,0.1232876712328767,360.0,put,0.025,784.0,-0.0023870598422634226,-0.7783049889002521,0.6956676631607329,0.6835969140625001
2026-11-20,0.1232876712328767,365.0,put,0.025,784.0,-0.0023870598422634226,-0.7645116667679164,0.6839150671502081,0.6718782812500002
2026-11-20,0.1232876712328767,370.0,put,0.025,784.0,-0.0023870598422634226,-0.7509060147121377,0.6723202515128224,0.6601596484375001
2026-11-20,0.1232876712328767,375.0,put,0.035,784.0,-0.0023870598422634226,-0.7374829943799971,0.6789966491589192,0.6679720703125002
2026-11-20,0.1232876712328767,380.0,put,0.035,784.0,-0.0023870598422634226,-0.7242377676299764,0.6674206189826654,0.6562534375000001
2026-11-20,0.1232876712328767,385.0,put,0.035,784.0,-0.0023870598422634226,-0.7111656860626236,0.6559930715971972,0.6445348046875
2026-11-20,0.1232876712328767,390.0,put,0.035,784.0,-0.0023870598422634226,-0.6982622812267156,0.6447099354990633,0.632816171875
2026-11-20,0.1232876712328767,395.0,put,0.035,784.0,-0.0023870598422634226,-0.6855232554492859,0.633567290881466,0.6210975390625001
2026-11-20,0.1232876712328767,400.0,put,0.045,784.0,-0.0023870598422634226,-0.6729444732424258,0.6358776306461795,0.6250037500000001
2026-11-20,0.1232876712328767,405.0,put,0.045,784.0,-0.0023870598422634226,-0.6605219532438688,0.6247937619743733,0.6132851171875001
2026-11-20,0.1232876712328767,410.0,put,0.045,784.0,-0.0023870598422634226,-0.6482518606520543,0.6138419258298657,0.6015664843750002
2026-11-20,0.1232876712328767,415.0,put,0.055,784.0,-0.0023870598422634226,-0.6361305001197096,0.6136761314493248,0.6015664843750002
2026-11-20,0.1232876712328767,420.0,put,0.055,784.0,-0.0023870598422634226,-0.6241543090729939,0.6028076745672937,0.5918009570312501
2026-11-20,0.1232876712328767,425.0,put,0.055,784.0,-0.0023870598422634226,-0.6123198514259911,0.5920631404651311,0.5800823242187501
2026-11-20,0.1232876712328767,430.0,put,0.055,784.0,-0.0023870598422634226,-0.6006238116627998,0.5814393754475494,0.570316796875
2026-11-20,0.1232876712328767,435.0,put,0.065,784.0,-0.0023870598422634226,-0.5890629892617238,0.5796067189246763,0.56836369140625
2026-11-20,0.1232876712328767,440.0,put,0.065,784.0,-0.0023870598422634226,-0.5776342934381011,0.5690742037396678,0.5585981640625001
2026-11-20,0.1232876712328767,445.0,put,0.07500000000000001,784.0,-0.0023870598422634226,-0.5663347381841677,0.5661122154353374,0.5546919531250001
2026-11-20,0.1232876712328767,450.0,put,0.07500000000000001,784.0,-0.0023870598422634226,-0.5551614375860423,0.5556810921895139,0.5449264257812501
2026-11-20,0.1232876712328767,455.0,put,0.08499999999999999,784.0,-0.0023870598422634226,-0.5441116013994574,0.5518757985740511,0.5410202148437502
2026-11-20,0.1232876712328767,460.0,put,0.08499999999999999,784.0,-0.0023870598422634226,-0.5331825308672671,0.5415519235074162,0.5312546875
2026-11-20,0.1232876712328767,465.0,put,0.095,784.0,-0.0023870598422634226,-0.5223716147630515,0.5370980335229197,0.526371923828125
2026-11-20,0.1232876712328767,470.0,put,0.095,784.0,-0.0023870598422634226,-0.5116763256463035,0.5268844360841564,0.516606396484375
2026-11-20,0.1232876712328767,475.0,put,0.10500000000000001,784.0,-0.0023870598422634226,-0.5010942163157666,0.5219204214377505,0.5107470800781251
2026-11-20,0.1232876712328767,480.0,put,0.10500000000000001,784.0,-0.0023870598422634226,-0.4906229164484712,0.5118181977224524,0.5009815527343751
2026-11-20,0.1232876712328767,485.0,put,0.11499999999999999,784.0,-0.0023870598422634226,-0.4802601294129246,0.5064458731934761,0.49805189453125004
2026-11-20,0.1232876712328767,490.0,put,0.125,784.0,-0.0023870598422634226,-0.4700036292457356,0.5007234211423833,0.49219257812500006
2026-11-20,0.1232876712328767,495.0,put,0.135,784.0,-0.0023870598422634226,-0.45985125778171754,0.4947048618985062,0.48633326171875
2026-11-20,0.1232876712328767,500.0,put,0.135,784.0,-0.0023870598422634226,-0.44980092192821614,0.48475443312408417,0.4760794580078125
2026-11-20,0.1232876712328767,505.0,put,0.14500000000000002,784.0,-0.0023870598422634226,-0.43985059107504804,0.47850771275628506,0.46973186523437505
2026-11-20,0.1232876712328767,510.0,put,0.155,784.0,-0.0023870598422634226,-0.4299982946320364,0.47204532994386345,0.4633842724609375
2026-11-20,0.1232876712328767,515.0,put,0.165,784.0,-0.0023870598422634226,-0.42024211968667174,0.465395708433093,0.45654840332031255
2026-11-20,0.1232876712328767,520.0,put,0.175,784.0,-0.0023870598422634226,-0.4105802087749349,0.45858251946783696,0.4497125341796875
2026-11-20,0.1232876712328767,525.0,put,0.195,784.0,-0.0023870598422634226,-0.4010107577587842,0.4543191014434961,0.445318046875
2026-11-20,0.1232876712328767,530.0,put,0.20500000000000002,784.0,-0.0023870598422634226,-0.3915320138042404,0.447090627488875,0.4379939013671875
2026-11-20,0.1232876712328767,535.0,put,0.215,784.0,-0.0023870598422634226,-0.3821422734544012,0.43976176446718895,0.43066975585937506
2026-11-20,0.1232876712328767,540.0,put,0.225,784.0,-0.0023870598422634226,-0.37283988079208774,0.43234336601241863,0.4233456103515625
2026-11-20,0.1232876712328767,545.0,put,0.235,784.0,-0.0023870598422634226,-0.3636232256871637,0.4248448471866055,0.4157773266601562
2026-11-20,0.1232876712328767,550.0,put,0.255,784.0,-0.0023870598422634226,-0.3544907421238912,0.41929117323009985,0.4101621484375
2026-11-20,0.1232876712328767,555.0,put,0.265,784.0,-0.0023870598422634226,-0.3454409066039733,0.4115633926949812,0.4023497265625
2026-11-20,0.1232876712328767,560.0,put,0.28500000000000003,784.0,-0.0023870598422634226,-0.3364722366212129,0.40557465147977656,0.39649041015625003
2026-11-20,0.1232876712328767,565.0,put,0.295,784.0,-0.0023870598422634226,-0.3275832892039669,0.3976689259540596,0.38843385009765624
2026-11-20,0.1232876712328767,570.0,put,0.315,784.0,-0.0023870598422634226,-0.318772659521812,0.3913283895536897,0.3820862573242187
2026-11-20,0.1232876712328767,575.0,put,0.335,784.0,-0.0023870598422634226,-0.3100389795530574,0.38478740323644306,0.3754945263671875
2026-11-20,0.1232876712328767,580.0,put,0.355,784.0,-0.0023870598422634226,-0.30138091680994283,0.3780676884025591,0.36890279541015625
2026-11-20,0.1232876712328767,585.0,put,0.375,784.0,-0.0023870598422634226,-0.29279717311855136,0.3711875354719637,0.3618227880859375
2026-11-20,0.1232876712328767,590.0,put,0.395,784.0,-0.0023870598422634226,-0.2842864834506427,0.3641624701384427,0.3549869189453124
2026-11-20,0.1232876712328767,595.0,put,0.415,784.0,-0.0023870598422634226,-0.27584761480477815,0.35700573859369594,0.34766277343749996
2026-11-20,0.1232876712328767,600.0,put,0.435,784.0,-0.0023870598422634226,-0.2674793651342615,0.34972869710397775,0.34058276611328125
2026-11-20,0.1232876712328767,605.0,put,0.46499999999999997,784.0,-0.0023870598422634226,-0.25918056231956643,0.34340026401844975,0.33411310424804685
2026-11-20,0.1232876712328767,610.0,put,0.495,784.0,-0.0023870598422634226,-0.25095006318305096,0.33685176987812526,0.3276434423828125
2026-11-20,0.1232876712328767,615.0,put,0.525,784.0,-0.0023870598422634226,-0.2427867525438899,0.33010490025429995,0.32080757324218745
2026-11-20,0.1232876712328767,620.0,put,0.555,784.0,-0.0023870598422634226,-0.23468954231127054,0.3231778140335149,0.3138496350097656
2026-11-20,0.1232876712328767,625.0,put,0.585,784.0,-0.0023870598422634226,-0.22665737061400631,0.31608580485819576,0.30676962768554683
2026-11-20,0.1232876712328767,630.0,put,0.625,784.0,-0.0023870598422634226,-0.21868920096482944,0.30961894224113895,0.3002999658203125
2026-11-20,0.1232876712328767,635.0,put,0.665,784.0,-0.0023870598422634226,-0.21078402145771616,0.3029217325580933,0.29358616577148433
2026-11-20,0.1232876712328767,640.0,put,0.705,784.0,-0.0023870598422634226,-0.2029408439966903,0.29601448372304723,0.2866282275390625
2026-11-20,0.1232876712328767,645.0,put,0.745,784.0,-0.0023870598422634226,-0.19515870355463535,0.28891408334630303,0.2795482202148437
2026-11-20,0.1232876712328767,650.0,put,0.795,784.0,-0.0023870598422634226,-0.18743665746072505,0.28223880273481605,0.27283442016601556
2026-11-20,0.1232876712328767,655.0,put,0.845,784.0,-0.0023870598422634226,-0.17977378471515593,0.27532563487751616,0.26587648193359376
2026-11-20,0.1232876712328767,660.0,put,0.905,784.0,-0.0023870598422634226,-0.17216918532993664,0.26872226770939395,0.25928475097656256
2026-11-20,0.1232876712328767,665.0,put,0.97,784.0,-0.0023870598422634226,-0.16462197969455372,0.26209656624864835,0.2528150891113281
2026-11-20,0.1232876712328767,670.0,put,1.04,784.0,-0.0023870598422634226,-0.15713130796539612,0.2554216369963959,0.2461012890625
2026-11-20,0.1232876712328767,675.0,put,1.1150000000000002,784.0,-0.0023870598422634226,-0.14969632947787806,0.24867380467471997,0.23902128173828124
2026-11-20,0.1232876712328767,680.0,put,1.2149999999999999,784.0,-0.0023870598422634226,-0.1423162221802555,0.24262966681018303,0.2329178271484375
2026-11-20,0.1232876712328767,685.0,put,1.3050000000000002,784.0,-0.0023870598422634226,-0.13499018208818261,0.23580788084666715,0.2260819580078125
2026-11-20,0.1232876712328767,690.0,put,1.415,784.0,-0.0023870598422634226,-0.12771742275910283,0.2293518476929646,0.21949022705078125
2026-11-20,0.1232876712328767,695.0,put,1.5550000000000002,784.0,-0.0023870598422634226,-0.12049717478561565,0.22345469081464867,0.2135088415527344
2026-11-20,0.1232876712328767,700.0,put,1.685,784.0,-0.0023870598422634226,-0.11332868530700312,0.21676275134557083,0.20673400695800775
2026-11-20,0.1232876712328767,701.0,put,1.725,784.0,-0.0023870598422634226,-0.11190113331581777,0.21577766096483358,0.20569641967773436
2026-11-20,0.1232876712328767,702.0,put,1.75,784.0,-0.0023870598422634226,-0.11047561632459671,0.21433755509681263,0.2043536596679687
2026-11-20,0.1232876712328767,703.0,put,1.78,784.0,-0.0023870598422634226,-0.109052128539743,0.21302217696462072,0.2030108996582031
2026-11-20,0.1232876712328767,704.0,put,1.81,784.0,-0.0023870598422634226,-0.10763066419236544,0.21168760784788826,0.2016681396484375
2026-11-20,0.1232876712328767,705.0,put,1.85,784.0,-0.0023870598422634226,-0.10621121753813915,0.21060539128273306,0.2005695178222656
2026-11-20,0.1232876712328767,706.0,put,1.875,784.0,-0.0023870598422634226,-0.1047937828571658,0.20909576774760608,0.19889106781005855
2026-11-20,0.1232876712328767,707.0,put,1.915,784.0,-0.0023870598422634226,-0.10337835445383507,0.20796637856090955,0.19773141143798828
2026-11-20,0.1232876712328767,708.0,put,1.96,784.0,-0.0023870598422634226,-0.10196492665668815,0.20693971571356964,0.19678537597656248
2026-11-20,0.1232876712328767,709.0,put,2.0,784.0,-0.0023870598422634226,-0.10055349381828035,0.20575609236744122,0.19556468505859376
2026-11-20,0.1232876712328767,710.0,put,2.035,784.0,-0.0023870598422634226,-0.09914405031504671,0.2044224559822292,0.19409985595703128
2026-11-20,0.1232876712328767,711.0,put,2.075,784.0,-0.0023870598422634226,-0.097736590547167,0.2031909531412974,0.19281813049316404
2026-11-20,0.1232876712328767,712.0,put,2.125,784.0,-0.0023870598422634226,-0.09633110893843207,0.20217667810155432,0.19178054321289065
2026-11-20,0.1232876712328767,713.0,put,2.17,784.0,-0.0023870598422634226,-0.09492759993611186,0.20101182159369374,0.19068192138671874
2026-11-20,0.1232876712328767,714.0,put,2.21,784.0,-0.0023870598422634226,-0.09352605801082348,0.19970303847527793,0.18933916137695314
2026-11-20,0.1232876712328767,715.0,put,2.255,784.0,-0.0023870598422634226,-0.09212647765640017,0.19848617620843256,0.18799640136718748
2026-11-20,0.1232876712328767,716.0,put,2.3049999999999997,784.0,-0.0023870598422634226,-0.09072885338976228,0.19735599042927782,0.1870198486328125
2026-11-20,0.1232876712328767,717.0,put,2.355,784.0,-0.0023870598422634226,-0.08933317975078749,0.19619628288814933,0.18561605407714843
2026-11-20,0.1232876712328767,718.0,put,2.4000000000000004,784.0,-0.0023870598422634226,-0.08793945130218361,0.19489845212608436,0.18439536315917968
2026-11-20,0.1232876712328767,719.0,put,2.45,784.0,-0.0023870598422634226,-0.08654766262936119,0.1936832097335987,0.18311363769531247
2026-11-20,0.1232876712328767,720.0,put,2.505,784.0,-0.0023870598422634226,-0.08515780834030683,0.19254568358254462,0.1818319122314453
2026-11-20,0.1232876712328767,721.0,put,2.565,784.0,-0.0023870598422634226,-0.08376988306545882,0.1914810137373032,0.18091639404296872
2026-11-20,0.1232876712328767,722.0,put,2.62,784.0,-0.0023870598422634226,-0.08238388145758162,0.19028048868695913,0.17957363403320312
2026-11-20,0.1232876712328767,723.0,put,2.67,784.0,-0.0023870598422634226,-0.08099979819164312,0.18894980460998376,0.1782003567504883
2026-11-20,0.1232876712328767,724.0,put,2.7350000000000003,784.0,-0.0023870598422634226,-0.07961762796469152,0.18788940918302968,0.17701018310546873
2026-11-20,0.1232876712328767,725.0,put,2.8099999999999996,784.0,-0.0023870598422634226,-0.07823736549573305,0.18698742574728067,0.17612518218994144
2026-11-20,0.1232876712328767,726.0,put,2.865,784.0,-0.0023870598422634226,-0.07685900552561181,0.1856631726813353,0.17469087036132813
2026-11-20,0.1232876712328767,727.0,put,2.935,784.0,-0.0023870598422634226,-0.0754825428168885,0.1845924314125601,0.1735312139892578
2026-11-20,0.1232876712328767,728.0,put,3.0,784.0,-0.0023870598422634226,-0.07410797215372185,0.1833930800824937,0.17237155761718753
2026-11-20,0.1232876712328767,729.0,put,3.0599999999999996,784.0,-0.0023870598422634226,-0.07273528834174973,0.18207031288800776,0.17099828033447267
2026-11-20,0.1232876712328767,730.0,put,3.1399999999999997,784.0,-0.0023870598422634226,-0.07136448620797103,0.18107487614943285,0.16996069305419925
2026-11-20,0.1232876712328767,731.0,put,3.21,784.0,-0.0023870598422634226,-0.0699955606006293,0.17986359528693066,0.16867896759033207
2026-11-20,0.1232876712328767,732.0,put,3.295,784.0,-0.0023870598422634226,-0.0686285063890963,0.17887669727643635,0.16754982849121097
2026-11-20,0.1232876712328767,733.0,put,3.375,784.0,-0.0023870598422634226,-0.06726331846375633,0.17776309374678426,0.16635965484619147
2026-11-20,0.1232876712328767,734.0,put,3.45,784.0,-0.0023870598422634226,-0.06589999173589231,0.17652786325273206,0.1651389639282227
2026-11-20,0.1232876712328767,735.0,put,3.535,784.0,-0.0023870598422634226,-0.06453852113757118,0.17542136503861358,0.16407085937500002
2026-11-20,0.1232876712328767,736.0,put,3.625,784.0,-0.0023870598422634226,-0.06317890162153156,0.17435550341156866,0.16275861663818358
2026-11-20,0.1232876712328767,737.0,put,3.715,784.0,-0.0023870598422634226,-0.06182112816107127,0.17324781095254646,0.16156844299316403
2026-11-20,0.1232876712328767,738.0,put,3.8049999999999997,784.0,-0.0023870598422634226,-0.060465195749935335,0.17209902119350357,0.16050033843994144
2026-11-20,0.1232876712328767,739.0,put,3.91,784.0,-0.0023870598422634226,-0.05911109940220613,0.1711394105692774,0.1594017166137695
2026-11-20,0.1232876712328767,740.0,put,4.01,784.0,-0.0023870598422634226,-0.05775883415219242,0.17005723524102248,0.15824206024169923
2026-11-20,0.1232876712328767,741.0,put,4.109999999999999,784.0,-0.0023870598422634226,-0.05640839505432092,0.1689310903634137,0.1570213693237305
2026-11-20,0.1232876712328767,742.0,put,4.215,784.0,-0.0023870598422634226,-0.05505977718302743,0.167834485033594,0.15592274749755858
2026-11-20,0.1232876712328767,743.0,put,4.33,784.0,-0.0023870598422634226,-0.05371297563264867,0.16683615506030186,0.1547630911254883
2026-11-20,0.1232876712328767,744.0,put,4.4399999999999995,784.0,-0.0023870598422634226,-0.052367985517315925,0.16571851878597746,0.15354240020751952
2026-11-20,0.1232876712328767,745.0,put,4.555,784.0,-0.0023870598422634226,-0.05102480197084835,0.16462439862635417,0.15229119201660157
2026-11-20,0.1232876712328767,746.0,put,4.675000000000001,784.0,-0.0023870598422634226,-0.049683420146646964,0.16355115788292468,0.15125360473632815
2026-11-20,0.1232876712328767,747.0,put,4.8,784.0,-0.0023870598422634226,-0.04834383521759058,0.16249625078189373,0.1500329138183594
2026-11-20,0.1232876712328767,748.0,put,4.93,784.0,-0.0023870598422634226,-0.0470060423759306,0.16145722143377864,0.14888851608276366
2026-11-20,0.1232876712328767,749.0,put,5.055,784.0,-0.0023870598422634226,-0.04567003683318832,0.1603015621434413,0.14768308380126954
2026-11-20,0.1232876712328767,750.0,put,5.2,784.0,-0.0023870598422634226,-0.044335813820051743,0.1593533589289139,0.14656920333862306
2026-11-20,0.1232876712328767,751.0,put,5.34,784.0,-0.0023870598422634226,-0.04300336858627308,0.15828599720941755,0.14539428833007811
2026-11-20,0.1232876712328767,752.0,put,5.484999999999999,784.0,-0.0023870598422634226,-0.041672696400568074,0.1572274201223471,0.144265149230957
2026-11-20,0.1232876712328767,753.0,put,5.640000000000001,784.0,-0.0023870598422634226,-0.04034379255051427,0.1562367177394731,0.14309023422241213
2026-11-20,0.1232876712328767,754.0,put,5.8,784.0,-0.0023870598422634226,-0.03901665234245173,0.15524881483737943,0.1419763537597656
2026-11-20,0.1232876712328767,755.0,put,5.960000000000001,784.0,-0.0023870598422634226,-0.03769127110138317,0.1542023719190367,0.140908249206543
2026-11-20,0.1232876712328767,756.0,put,6.125,784.0,-0.0023870598422634226,-0.03636764417087483,0.1531566579093687,0.1396722996520996
2026-11-20,0.1232876712328767,757.0,put,6.3149999999999995,784.0,-0.0023870598422634226,-0.035045766912959124,0.1523408001219353,0.13871100555419924
2026-11-20,0.1232876712328767,758.0,put,6.495,784.0,-0.0023870598422634226,-0.0337256347080362,0.15134473559834893,0.1375513491821289
2026-11-20,0.1232876712328767,759.0,put,6.6850000000000005,784.0,-0.0023870598422634226,-0.032407242954777885,0.15039863757798794,0.13645272735595704
2026-11-20,0.1232876712328767,760.0,put,6.875,784.0,-0.0023870598422634226,-0.03109058707003112,0.14938777117590163,0.13527781234741215
2026-11-20,0.1232876712328767,761.0,put,7.08,784.0,-0.0023870598422634226,-0.029775662488722,0.14847681864745596,0.13414867324829105
2026-11-20,0.1232876712328767,762.0,put,7.275,784.0,-0.0023870598422634226,-0.02846246466376152,0.1473900103437242,0.13294324096679688
2026-11-20,0.1232876712328767,763.0,put,7.5,784.0,-0.0023870598422634226,-0.02715098906595086,0.146558581667861,0.13196668823242189
2026-11-20,0.1232876712328767,764.0,put,7.725,784.0,-0.0023870598422634226,-0.025841231183887328,0.14565509855891995,0.13082229049682614
2026-11-20,0.1232876712328767,765.0,put,7.955,784.0,-0.0023870598422634226,-0.024533186523872052,0.14473223897327064,0.12970841003417968
2026-11-20,0.1232876712328767,766.0,put,8.2,784.0,-0.0023870598422634226,-0.023226850609816545,0.14389161102511505,0.12870134002685546
2026-11-20,0.1232876712328767,767.0,put,8.45,784.0,-0.0023870598422634226,-0.021922218983151616,0.14302668102729796,0.1276179768371582
2026-11-20,0.1232876712328767,768.0,put,8.705,784.0,-0.0023870598422634226,-0.020619287202735703,0.14213625980738298,0.12645832046508787
2026-11-20,0.1232876712328767,769.0,put,8.969999999999999,784.0,-0.0023870598422634226,-0.019318050844763852,0.14126898466221433,0.12540547454833983
2026-11-20,0.1232876712328767,770.0,put,9.25,784.0,-0.0023870598422634226,-0.018018505502678365,0.14047153150050443,0.1243526286315918
2026-11-20,0.1232876712328767,771.0,put,9.535,784.0,-0.0023870598422634226,-0.016720646787078363,0.13964213110967344,0.12322348953247073
2026-11-20,0.1232876712328767,772.0,put,9.83,784.0,-0.0023870598422634226,-0.015424470325631639,0.13882818352924314,0.12218590225219728
2026-11-20,0.1232876712328767,773.0,put,10.135,784.0,-0.0023870598422634226,-0.014129971762985916,0.13802734520014617,0.12105676315307617
2026-11-20,0.1232876712328767,774.0,put,10.455,784.0,-0.0023870598422634226,-0.012837146760680719,0.13728510199024516,0.12000391723632811
2026-11-20,0.1232876712328767,775.0,put,10.79,784.0,-0.0023870598422634226,-0.011545990997060909,0.1365982922124988,0.11905788177490234
2026-11-20,0.1232876712328767,776.0,put,11.120000000000001,784.0,-0.0023870598422634226,-0.01025650016718911,0.13577570369535807,0.11791348403930663
2026-11-20,0.1232876712328767,777.0,put,11.469999999999999,784.0,-0.0023870598422634226,-0.008968669982760375,0.13505204877484403,0.11684537948608398
2026-11-20,0.1232876712328767,778.0,put,11.84,784.0,-0.0023870598422634226,-0.007682496172016282,0.13442384947386396,0.11585356811523437
2026-11-20,0.1232876712328767,779.0,put,12.21,784.0,-0.0023870598422634226,-0.0063979744796595775,0.13370269416340397,0.1147549462890625
2026-11-20,0.1232876712328767,780.0,put,12.6,784.0,-0.0023870598422634226,-0.005115100666770377,0.1330728154677811,0.11373261764526366
2026-11-20,0.1232876712328767,781.0,put,13.0,784.0,-0.0023870598422634226,-0.0038338705107219006,0.13243964536061653,0.11267977172851562
2026-11-20,0.1232876712328767,782.0,put,13.415,784.0,-0.0023870598422634226,-0.0025542798050967423,0.13184767071655928,0.11170321899414062
2026-11-20,0.1232876712328767,783.0,put,13.86,784.0,-0.0023870598422634226,-0.0012763243596047896,0.13143271736182774,0.1108792526245117
2026-11-20,0.1232876712328767,784.0,call,14.27,784.0,-0.0023870598422634226,0.0,0.1305980029153148,0.14688963470458982
2026-11-20,0.1232876712328767,785.0,call,13.7,784.0,-0.0023870598422634226,0.0012746974320005163,0.12980095306170863,0.1457452369689941
2026-11-20,0.1232876712328767,786.0,call,13.17,784.0,-0.0023870598422634226,0.002547772078798783,0.1292684637021175,0.14487549468994143
2026-11-20,0.1232876712328767,787.0,call,12.629999999999999,784.0,-0.0023870598422634226,0.003819228066995397,0.1285415846282649,0.14382264877319334
2026-11-20,0.1232876712328767,788.0,call,12.09,784.0,-0.0023870598422634226,0.005089069507471228,0.12771003206463855,0.14266299240112307
2026-11-20,0.1232876712328767,789.0,call,11.6,784.0,-0.0023870598422634226,0.006357300495466498,0.12723239293379646,0.14186954330444335
2026-11-20,0.1232876712328767,790.0,call,11.105,784.0,-0.0023870598422634226,0.007623925110659366,0.12660238368716628,0.14098454238891606
2026-11-20,0.1232876712328767,791.0,call,10.615,784.0,-0.0023870598422634226,0.008888947417245994,0.1259102454950426,0.13990117919921874
2026-11-20,0.1232876712328767,792.0,call,10.16,784.0,-0.0023870598422634226,0.010152371464017908,0.12543462326041452,0.13916876464843753
2026-11-20,0.1232876712328767,793.0,call,9.690000000000001,784.0,-0.0023870598422634226,0.01141420128444019,0.12470818010473872,0.13816169464111328
2026-11-20,0.1232876712328767,794.0,call,9.26,784.0,-0.0023870598422634226,0.01267444089672786,0.1242466990327288,0.13742928009033206
2026-11-20,0.1232876712328767,795.0,call,8.835,784.0,-0.0023870598422634226,0.013933094303923971,0.12372126315845201,0.13657479644775394
2026-11-20,0.1232876712328767,796.0,call,8.405000000000001,784.0,-0.0023870598422634226,0.015190165493975238,0.12303336827188911,0.13561350234985353
2026-11-20,0.1232876712328767,797.0,call,8.02,784.0,-0.0023870598422634226,0.016445658439807196,0.12266599750304179,0.135048932800293
2026-11-20,0.1232876712328767,798.0,call,7.630000000000001,784.0,-0.0023870598422634226,0.017699577099400857,0.12213597757706406,0.1342554837036133
2026-11-20,0.1232876712328767,799.0,call,7.26,784.0,-0.0023870598422634226,0.01895192541586691,0.1216877800041194,0.13346203460693357
2026-11-20,0.1232876712328767,800.0,call,6.904999999999999,784.0,-0.0023870598422634226,0.02020270731751947,0.12127430336335183,0.13286694778442382
2026-11-20,0.1232876712328767,805.0,call,5.29,784.0,-0.0023870598422634226,0.02643325706815543,0.11910075657671432,0.12952530639648438
2026-11-20,0.1232876712328767,810.0,call,3.995,784.0,-0.0023870598422634226,0.03262522731607661,0.1174840014030882,0.12702289001464845
2026-11-20,0.1232876712328767,815.0,call,2.9699999999999998,784.0,-0.0023870598422634226,0.03877909289045475,0.11622452964186644,0.1248561636352539
2026-11-20,0.1232876712328767,820.0,call,2.1550000000000002,784.0,-0.0023870598422634226,0.044895319907890946,0.1149329004084236,0.12275047180175781
2026-11-20,0.1232876712328767,825.0,call,1.585,784.0,-0.0023870598422634226,0.05097436598427323,0.11485027416179873,0.12207909179687501
2026-11-20,0.1232876712328767,830.0,call,1.16,784.0,-0.0023870598422634226,0.057016680440235744,0.11506871858047625,0.1218959881591797
2026-11-20,0.1232876712328767,835.0,call,0.845,784.0,-0.0023870598422634226,0.06302270450044771,0.11550230513405849,0.12177391906738282
2026-11-20,0.1232876712328767,840.0,call,0.625,784.0,-0.0023870598422634226,0.06899287148695142,0.11653896386591227,0.12244529907226565
2026-11-20,0.1232876712328767,845.0,call,0.46499999999999997,784.0,-0.0023870598422634226,0.07492760700676607,0.11782361413604288,0.12342185180664064
2026-11-20,0.1232876712328767,850.0,call,0.355,784.0,-0.0023870598422634226,0.08082732913395425,0.1196852053394016,0.12500875
2026-11-20,0.1232876712328767,855.0,call,0.275,784.0,-0.0023870598422634226,0.08669244858635243,0.12180173826138037,0.12696185546875
2026-11-20,0.1232876712328767,860.0,call,0.215,784.0,-0.0023870598422634226,0.09252336889714552,0.12403160973821813,0.12903703002929687
2026-11-20,0.1232876712328767,865.0,call,0.175,784.0,-0.0023870598422634226,0.09832048658147151,0.1268924213101099,0.131844619140625
2026-11-20,0.1232876712328767,870.0,call,0.14500000000000002,784.0,-0.0023870598422634226,0.1040841912982215,0.12994418636333627,0.13477427734375003
2026-11-20,0.1232876712328767,875.0,call,0.11499999999999999,784.0,-0.0023870598422634226,0.10981486600720661,0.13215705451961993,0.13672738281250002
2026-11-20,0.1232876712328767,880.0,call,0.095,784.0,-0.0023870598422634226,0.11551288712184424,0.13495152195668614,0.139657041015625
2026-11-20,0.1232876712328767,885.0,call,0.07500000000000001,784.0,-0.0023870598422634226,0.12117862465752169,0.13694154175783396,0.141610146484375
2026-11-20,0.1232876712328767,890.0,call,0.065,784.0,-0.0023870598422634226,0.12681244237577757,0.14029193104818088,0.1450280810546875
2026-11-20,0.1232876712328767,895.0,call,0.055,784.0,-0.0023870598422634226,0.13241469792444752,0.1431719930939717,0.14795773925781253
2026-11-20,0.1232876712328767,900.0,call,0.045,784.0,-0.0023870598422634226,0.137985742973903,0.14546069333803271,0.15039912109375003
2026-11-20,0.1232876712328767,905.0,call,0.035,784.0,-0.0023870598422634226,0.14352592334951828,0.14695330090181213,0.15235222656250003
2026-11-20,0.1232876712328767,910.0,call,0.035,784.0,-0.0023870598422634226,0.14903557916048796,0.15199856565479933,0.157234990234375
2026-11-20,0.1232876712328767,915.0,call,0.025,784.0,-0.0023870598422634226,0.15451504492511345,0.15212902263129066,0.157234990234375
2026-11-20,0.1232876712328767,920.0,call,0.025,784.0,-0.0023870598422634226,0.1599646496926782,0.15695916067187718,0.16211775390625
2026-11-20,0.1232876712328767,925.0,call,0.025,784.0,-0.0023870598422634226,0.1653847171620173,0.16174858176116885,0.16700051757812504
2026-11-30,0.1506849315068493,475.0,put,0.14500000000000002,784.6428349763012,-5.58930561414539e-05,-0.5019138229183066,0.48870858961376107,0.4804739453125
2026-11-30,0.1506849315068493,480.0,put,0.155,784.6428349763012,-5.58930561414539e-05,-0.4914425230510112,0.48269860120445035,0.47461462890625
2026-11-30,0.1506849315068493,485.0,put,0.165,784.6428349763012,-5.58930561414539e-05,-0.4810797360154646,0.4765096839881885,0.4682670361328125
2026-11-30,0.1506849315068493,490.0,put,0.175,784.6428349763012,-5.58930561414539e-05,-0.4708232358482755,0.4701653118396039,0.46191944335937507
2026-11-30,0.1506849315068493,495.0,put,0.185,784.6428349763012,-5.58930561414539e-05,-0.46067086438425753,0.4636852176794862,0.45508357421875
2026-11-30,0.1506849315068493,500.0,put,0.195,784.6428349763012,-5.58930561414539e-05,-0.4506205285307561,0.457086124672095,0.44873598144531246
2026-11-30,0.1506849315068493,505.0,put,0.20500000000000002,784.6428349763012,-5.58930561414539e-05,-0.440670197677588,0.4503823039225095,0.4419001123046875
2026-11-30,0.1506849315068493,510.0,put,0.215,784.6428349763012,-5.58930561414539e-05,-0.4308179012345764,0.44358602759055216,0.43506424316406256
2026-11-30,0.1506849315068493,515.0,put,0.235,784.6428349763012,-5.58930561414539e-05,-0.42106172628921174,0.43891552207676043,0.43018147949218755
2026-11-30,0.1506849315068493,520.0,put,0.245,784.6428349763012,-5.58930561414539e-05,-0.41139981537747483,0.43186093140593185,0.4233456103515625
2026-11-30,0.1506849315068493,525.0,put,0.255,784.6428349763012,-5.58930561414539e-05,-0.40183036436132413,0.42474892529592784,0.41602146484374997
2026-11-30,0.1506849315068493,530.0,put,0.275,784.6428349763012,-5.58930561414539e-05,-0.3923516204067804,0.4194527487056376,0.4106504248046875
2026-11-30,0.1506849315068493,535.0,put,0.28500000000000003,784.6428349763012,-5.58930561414539e-05,-0.3829618800569412,0.41216364291249896,0.40332627929687503
2026-11-30,0.1506849315068493,540.0,put,0.305,784.6428349763012,-5.58930561414539e-05,-0.3736594873946277,0.4065099189035984,0.39771110107421875
2026-11-30,0.1506849315068493,545.0,put,0.325,784.6428349763012,-5.58930561414539e-05,-0.3644428322897037,0.4006529764987699,0.3918517846679687
2026-11-30,0.1506849315068493,550.0,put,0.345,784.6428349763012,-5.58930561414539e-05,-0.3553103487264312,0.3946164534831803,0.3857483300781249
2026-11-30,0.1506849315068493,555.0,put,0.355,784.6428349763012,-5.58930561414539e-05,-0.3462605132065133,0.3870277859293556,0.3781800463867187
2026-11-30,0.1506849315068493,560.0,put,0.375,784.6428349763012,-5.58930561414539e-05,-0.3372918432237529,0.38076479089577303,0.37183245361328127
2026-11-30,0.1506849315068493,565.0,put,0.395,784.6428349763012,-5.58930561414539e-05,-0.3284028958065069,0.37436676513251493,0.3654848608398438
2026-11-30,0.1506849315068493,570.0,put,0.425,784.6428349763012,-5.58930561414539e-05,-0.319592266124352,0.36902945365813616,0.3601138208007812
2026-11-30,0.1506849315068493,575.0,put,0.445,784.6428349763012,-5.58930561414539e-05,-0.3108585861555974,0.3623399337911314,0.35352208984374994
2026-11-30,0.1506849315068493,580.0,put,0.46499999999999997,784.6428349763012,-5.58930561414539e-05,-0.3022005234124828,0.35555401170120093,0.34668622070312494
2026-11-30,0.1506849315068493,581.0,put,0.475,784.6428349763012,-5.58930561414539e-05,-0.30047787010103666,0.3548137170899213,0.3459538061523437
2026-11-30,0.1506849315068493,582.0,put,0.475,784.6428349763012,-5.58930561414539e-05,-0.2987581792215101,0.3530222785180428,0.34400070068359373
2026-11-30,0.1506849315068493,584.0,put,0.485,784.6428349763012,-5.58930561414539e-05,-0.29532764412472073,0.35046835639905005,0.3415593188476562
2026-11-30,0.1506849315068493,585.0,put,0.495,784.6428349763012,-5.58930561414539e-05,-0.29361677972109135,0.34968361158390787,0.3407048352050781
2026-11-30,0.1506849315068493,586.0,put,0.495,784.6428349763012,-5.58930561414539e-05,-0.29190883737593526,0.3478930735773795,0.33887379882812496
2026-11-30,0.1506849315068493,587.0,put,0.505,784.6428349763012,-5.58930561414539e-05,-0.29020380712485133,0.34708726938839657,0.33814138427734375
2026-11-30,0.1506849315068493,588.0,put,0.515,784.6428349763012,-5.58930561414539e-05,-0.2885016790543209,0.34626289100728574,0.33728690063476563
2026-11-30,0.1506849315068493,589.0,put,0.515,784.6428349763012,-5.58930561414539e-05,-0.2868024433013611,0.3444710634555563,0.3354558642578125
2026-11-30,0.1506849315068493,590.0,put,0.515,784.6428349763012,-5.58930561414539e-05,-0.2851060900531827,0.34268149464140674,0.33374689697265625
2026-11-30,0.1506849315068493,591.0,put,0.525,784.6428349763012,-5.58930561414539e-05,-0.2834126095468497,0.3418356868310701,0.3327703442382813
2026-11-30,0.1506849315068493,593.0,put,0.535,784.6428349763012,-5.58930561414539e-05,-0.28003422795522237,0.3391817922570959,0.33020689331054687
2026-11-30,0.1506849315068493,595.0,put,0.545,784.6428349763012,-5.58930561414539e-05,-0.2766672214073181,0.33650999449035085,0.3275213732910156
2026-11-30,0.1506849315068493,596.0,put,0.555,784.6428349763012,-5.58930561414539e-05,-0.2749879598875981,0.3356105419474869,0.3266668896484375
2026-11-30,0.1506849315068493,598.0,put,0.565,784.6428349763012,-5.58930561414539e-05,-0.27163787300231607,0.3329040957010191,0.3238593005371093
2026-11-30,0.1506849315068493,599.0,put,0.575,784.6428349763012,-5.58930561414539e-05,-0.2699670288374985,0.33197207679048263,0.32300481689453114
2026-11-30,0.1506849315068493,600.0,put,0.585,784.6428349763012,-5.58930561414539e-05,-0.2682989717368015,0.33102524717105136,0.3220282641601562
2026-11-30,0.1506849315068493,601.0,put,0.585,784.6428349763012,-5.58930561414539e-05,-0.2666336924177402,0.3292330293025431,0.32019722778320303
2026-11-30,0.1506849315068493,602.0,put,0.595,784.6428349763012,-5.58930561414539e-05,-0.26497118164412675,0.3282703025642663,0.319220675048828
2026-11-30,0.1506849315068493,603.0,put,0.605,784.6428349763012,-5.58930561414539e-05,-0.26331143022576237,0.32729360018069037,0.3182441223144531
2026-11-30,0.1506849315068493,604.0,put,0.605,784.6428349763012,-5.58930561414539e-05,-0.2616544290181329,0.3255004993345536,0.31641308593749995
2026-11-30,0.1506849315068493,605.0,put,0.615,784.6428349763012,-5.58930561414539e-05,-0.2600001689221064,0.32450874849780237,0.3154365332031249
2026-11-30,0.1506849315068493,606.0,put,0.625,784.6428349763012,-5.58930561414539e-05,-0.2583486408836333,0.32350378064416163,0.31445998046874996
2026-11-30,0.1506849315068493,607.0,put,0.625,784.6428349763012,-5.58930561414539e-05,-0.2566998358934495,0.3217098561608545,0.31262894409179687
2026-11-30,0.1506849315068493,608.0,put,0.635,784.6428349763012,-5.58930561414539e-05,-0.25505374498678085,0.3206906101444696,0.31165239135742184
2026-11-30,0.1506849315068493,609.0,put,0.64,784.6428349763012,-5.58930561414539e-05,-0.25341035924305083,0.3192790147561613,0.31055376953124997
2026-11-30,0.1506849315068493,610.0,put,0.645,784.6428349763012,-5.58930561414539e-05,-0.25176966978559095,0.3178641359161203,0.30884480224609373
2026-11-30,0.1506849315068493,611.0,put,0.655,784.6428349763012,-5.58930561414539e-05,-0.25013166778135243,0.3168187859306864,0.30774618041992186
2026-11-30,0.1506849315068493,612.0,put,0.665,784.6428349763012,-5.58930561414539e-05,-0.2484963444406217,0.31576154027042674,0.30664755859375
2026-11-30,0.1506849315068493,614.0,put,0.675,784.6428349763012,-5.58930561414539e-05,-0.2452336988058054,0.31289590844134935,0.30383996948242187
2026-11-30,0.1506849315068493,615.0,put,0.685,784.6428349763012,-5.58930561414539e-05,-0.24360635914643003,0.31181440347253353,0.30274134765625
2026-11-30,0.1506849315068493,616.0,put,0.695,784.6428349763012,-5.58930561414539e-05,-0.241981663419428,0.31072183877275245,0.3016427258300781
2026-11-30,0.1506849315068493,617.0,put,0.695,784.6428349763012,-5.58930561414539e-05,-0.24035960304756002,0.3089243713117742,0.299811689453125
2026-11-30,0.1506849315068493,618.0,put,0.71,784.6428349763012,-5.58930561414539e-05,-0.2387401694952571,0.30816287387504465,0.29932341308593746
2026-11-30,0.1506849315068493,619.0,put,0.715,784.6428349763012,-5.58930561414539e-05,-0.23712335426835177,0.3067045084862349,0.29761444580078117
2026-11-30,0.1506849315068493,620.0,put,0.725,784.6428349763012,-5.58930561414539e-05,-0.23550914891381053,0.30557897613514057,0.2963937548828125
2026-11-30,0.1506849315068493,621.0,put,0.735,784.6428349763012,-5.58930561414539e-05,-0.23389754501946902,0.3044433395909496,0.29529513305664057
2026-11-30,0.1506849315068493,622.0,put,0.745,784.6428349763012,-5.58930561414539e-05,-0.23228853421376838,0.3032978102998223,0.29407444213867184
2026-11-30,0.1506849315068493,623.0,put,0.755,784.6428349763012,-5.58930561414539e-05,-0.23068210816549473,0.30214259166507246,0.2929758203124999
2026-11-30,0.1506849315068493,624.0,put,0.755,784.6428349763012,-5.58930561414539e-05,-0.2290782585835202,0.3003394966306419,0.29114478393554677
2026-11-30,0.1506849315068493,625.0,put,0.765,784.6428349763012,-5.58930561414539e-05,-0.22747697721654628,0.2991735858323826,0.29004616210937495
2026-11-30,0.1506849315068493,626.0,put,0.78,784.6428349763012,-5.58930561414539e-05,-0.2258782558528493,0.29831016859295684,0.28943581665039053
2026-11-30,0.1506849315068493,627.0,put,0.785,784.6428349763012,-5.58930561414539e-05,-0.22428208632002714,0.29681406734709037,0.2876047802734374
2026-11-30,0.1506849315068493,628.0,put,0.795,784.6428349763012,-5.58930561414539e-05,-0.2226884604847492,0.29562081412818975,0.2863840893554687
2026-11-30,0.1506849315068493,630.0,put,0.815,784.6428349763012,-5.58930561414539e-05,-0.2195088075673694,0.2932081576598468,0.28394270751953116
2026-11-30,0.1506849315068493,631.0,put,0.825,784.6428349763012,-5.58930561414539e-05,-0.21792276441173467,0.29198907143249286,0.2827220166015625
2026-11-30,0.1506849315068493,632.0,put,0.835,784.6428349763012,-5.58930561414539e-05,-0.2163392328060904,0.29076168173424555,0.2815013256835937
2026-11-30,0.1506849315068493,633.0,put,0.845,784.6428349763012,-5.58930561414539e-05,-0.2147582048087717,0.28952613319216836,0.2802806347656249
2026-11-30,0.1506849315068493,634.0,put,0.855,784.6428349763012,-5.58930561414539e-05,-0.21317967251572184,0.2882825652827385,0.2790599438476562
2026-11-30,0.1506849315068493,635.0,put,0.865,784.6428349763012,-5.58930561414539e-05,-0.21160362806025615,0.2870311125363144,0.277778218383789
2026-11-30,0.1506849315068493,636.0,put,0.875,784.6428349763012,-5.58930561414539e-05,-0.21003006361282567,0.2857719052249804,0.27649649291992184
2026-11-30,0.1506849315068493,637.0,put,0.885,784.6428349763012,-5.58930561414539e-05,-0.2084589713807845,0.2845050672865462,0.2752758020019531
2026-11-30,0.1506849315068493,638.0,put,0.895,784.6428349763012,-5.58930561414539e-05,-0.206890343608158,0.28323072045882186,0.2739330419921875
2026-11-30,0.1506849315068493,639.0,put,0.91,784.6428349763012,-5.58930561414539e-05,-0.20532417257541297,0.28221550581306587,0.2732006274414062
2026-11-30,0.1506849315068493,640.0,put,0.92,784.6428349763012,-5.58930561414539e-05,-0.20376045059923026,0.2809234339028932,0.2718578674316406
2026-11-30,0.1506849315068493,641.0,put,0.9299999999999999,784.6428349763012,-5.58930561414539e-05,-0.2021991700322778,0.27962424279021864,0.27057614196777346
2026-11-30,0.1506849315068493,642.0,put,0.94,784.6428349763012,-5.58930561414539e-05,-0.2006403232629867,0.2783180357038941,0.26929441650390623
2026-11-30,0.1506849315068493,643.0,put,0.955,784.6428349763012,-5.58930561414539e-05,-0.1990839027153285,0.27725873395110356,0.2679516564941406
2026-11-30,0.1506849315068493,644.0,put,0.965,784.6428349763012,-5.58930561414539e-05,-0.19752990084859418,0.27593595627780493,0.266608896484375
2026-11-30,0.1506849315068493,645.0,put,0.975,784.6428349763012,-5.58930561414539e-05,-0.19597831015717532,0.27460649705986295,0.2652661364746094
2026-11-30,0.1506849315068493,646.0,put,0.985,784.6428349763012,-5.58930561414539e-05,-0.194429123170346,0.27327044453414007,0.26392337646484376
2026-11-30,0.1506849315068493,647.0,put,1.0,784.6428349763012,-5.58930561414539e-05,-0.1928823324520473,0.2721699186450801,0.26306889282226564
2026-11-30,0.1506849315068493,648.0,put,1.0150000000000001,784.6428349763012,-5.58930561414539e-05,-0.1913379306006732,0.2710569851676219,0.2617261328125
2026-11-30,0.1506849315068493,649.0,put,1.025,784.6428349763012,-5.58930561414539e-05,-0.1897959102488578,0.26969646529560115,0.26032233825683593
2026-11-30,0.1506849315068493,650.0,put,1.045,784.6428349763012,-5.58930561414539e-05,-0.188256264063265,0.2687949007354034,0.2594068200683594
2026-11-30,0.1506849315068493,651.0,put,1.0550000000000002,784.6428349763012,-5.58930561414539e-05,-0.1867189847443786,0.26741709597723823,0.2580030255126954
2026-11-30,0.1506849315068493,652.0,put,1.065,784.6428349763012,-5.58930561414539e-05,-0.18518406502629492,0.2660333123569541,0.25659923095703124
2026-11-30,0.1506849315068493,653.0,put,1.08,784.6428349763012,-5.58930561414539e-05,-0.1836514976765167,0.2648679221803425,0.2556226782226563
2026-11-30,0.1506849315068493,654.0,put,1.09,784.6428349763012,-5.58930561414539e-05,-0.1821212754957491,0.2634700123575035,0.25427991821289064
2026-11-30,0.1506849315068493,655.0,put,1.105,784.6428349763012,-5.58930561414539e-05,-0.18059339131769592,0.2622853859709488,0.2528150891113281
2026-11-30,0.1506849315068493,656.0,put,1.1150000000000002,784.6428349763012,-5.58930561414539e-05,-0.1790678380088588,0.26087373170888534,0.251411294555664
2026-11-30,0.1506849315068493,657.0,put,1.1349999999999998,784.6428349763012,-5.58930561414539e-05,-0.17754460846833736,0.25988383739187854,0.250434741821289
2026-11-30,0.1506849315068493,658.0,put,1.145,784.6428349763012,-5.58930561414539e-05,-0.17602369562763057,0.2584565943995469,0.24896991271972657
2026-11-30,0.1506849315068493,659.0,put,1.165,784.6428349763012,-5.58930561414539e-05,-0.17450509245044057,0.25744044324864984,0.24793232543945312
2026-11-30,0.1506849315068493,660.0,put,1.18,784.6428349763012,-5.58930561414539e-05,-0.1729887919324766,0.25620348259294584,0.2468947381591797
2026-11-30,0.1506849315068493,661.0,put,1.2,784.6428349763012,-5.58930561414539e-05,-0.17147478710126157,0.25515891020160464,0.24585715087890625
2026-11-30,0.1506849315068493,662.0,put,1.21,784.6428349763012,-5.58930561414539e-05,-0.1699630710159397,0.25369983154995207,0.24439232177734377
2026-11-30,0.1506849315068493,663.0,put,1.23,784.6428349763012,-5.58930561414539e-05,-0.16845363676708527,0.2526308294794081,0.24329369995117187
2026-11-30,0.1506849315068493,664.0,put,1.245,784.6428349763012,-5.58930561414539e-05,-0.16694647747651398,0.251352508168962,0.24182887084960938
2026-11-30,0.1506849315068493,665.0,put,1.26,784.6428349763012,-5.58930561414539e-05,-0.1654415862970937,0.25006484639004967,0.24066921447753903
2026-11-30,0.1506849315068493,666.0,put,1.28,784.6428349763012,-5.58930561414539e-05,-0.16393895641255873,0.24895784261440776,0.23957059265136715
2026-11-30,0.1506849315068493,667.0,put,1.3,784.6428349763012,-5.58930561414539e-05,-0.16243858103732406,0.24783680410696177,0.23841093627929685
2026-11-30,0.1506849315068493,668.0,put,1.315,784.6428349763012,-5.58930561414539e-05,-0.16094045341630206,0.24651741930972354,0.23688507263183595
2026-11-30,0.1506849315068493,669.0,put,1.335,784.6428349763012,-5.58930561414539e-05,-0.15944456682471939,0.24537166569667987,0.2357254162597656
2026-11-30,0.1506849315068493,670.0,put,1.355,784.6428349763012,-5.58930561414539e-05,-0.1579509145679361,0.24421259864280792,0.2345657598876953
2026-11-30,0.1506849315068493,671.0,put,1.37,784.6428349763012,-5.58930561414539e-05,-0.15645948998126608,0.24286299627740546,0.233406103515625
2026-11-30,0.1506849315068493,672.0,put,1.39,784.6428349763012,-5.58930561414539e-05,-0.15497028642979824,0.24168040181998604,0.23218541259765624
2026-11-30,0.1506849315068493,673.0,put,1.41,784.6428349763012,-5.58930561414539e-05,-0.15348329730822,0.24048512740543562,0.2309647216796875
2026-11-30,0.1506849315068493,674.0,put,1.43,784.6428349763012,-5.58930561414539e-05,-0.1519985160406408,0.23927738374645813,0.22974403076171873
2026-11-30,0.1506849315068493,675.0,put,1.45,784.6428349763012,-5.58930561414539e-05,-0.15051593608041802,0.23805737128000123,0.22852333984375
2026-11-30,0.1506849315068493,676.0,put,1.475,784.6428349763012,-5.58930561414539e-05,-0.1490355509099838,0.23699128542388195,0.22724161437988277
2026-11-30,0.1506849315068493,677.0,put,1.495,784.6428349763012,-5.58930561414539e-05,-0.1475573540406728,0.2357451541814415,0.22602092346191405
2026-11-30,0.1506849315068493,678.0,put,1.52,784.6428349763012,-5.58930561414539e-05,-0.14608133901255224,0.23464880938685032,0.22504437072753902
2026-11-30,0.1506849315068493,679.0,put,1.54,784.6428349763012,-5.58930561414539e-05,-0.14460749939425172,0.2333774390141449,0.22376264526367184
2026-11-30,0.1506849315068493,680.0,put,1.565,784.6428349763012,-5.58930561414539e-05,-0.1431358287827955,0.23225187867317623,0.2224198852539062
2026-11-30,0.1506849315068493,681.0,put,1.5950000000000002,784.6428349763012,-5.58930561414539e-05,-0.14166632080343552,0.23126559243821695,0.22144333251953124
2026-11-30,0.1506849315068493,682.0,put,1.605,784.6428349763012,-5.58930561414539e-05,-0.1401989691094857,0.22964927351529574,0.2197953997802734
2026-11-30,0.1506849315068493,683.0,put,1.63,784.6428349763012,-5.58930561414539e-05,-0.13873376738215776,0.22848271056230177,0.21875781249999998
2026-11-30,0.1506849315068493,684.0,put,1.66,784.6428349763012,-5.58930561414539e-05,-0.1372707093303974,0.22745023167949807,0.21772022521972656
2026-11-30,0.1506849315068493,685.0,put,1.685,784.6428349763012,-5.58930561414539e-05,-0.13580978869072258,0.226252542838603,0.2163469479370117
2026-11-30,0.1506849315068493,686.0,put,1.71,784.6428349763012,-5.58930561414539e-05,-0.13435099922706256,0.22504070673945462,0.21527884338378905
2026-11-30,0.1506849315068493,687.0,put,1.7349999999999999,784.6428349763012,-5.58930561414539e-05,-0.13289433473059847,0.2238149409750293,0.213875048828125
2026-11-30,0.1506849315068493,688.0,put,1.77,784.6428349763012,-5.58930561414539e-05,-0.13143978901960415,0.22285657263033673,0.21302056518554688
2026-11-30,0.1506849315068493,689.0,put,1.795,784.6428349763012,-5.58930561414539e-05,-0.12998735593928928,0.22159984599304344,0.21161677062988277
2026-11-30,0.1506849315068493,690.0,put,1.8250000000000002,784.6428349763012,-5.58930561414539e-05,-0.12853702936164282,0.22046645569532136,0.2104571142578125
2026-11-30,0.1506849315068493,691.0,put,1.86,784.6428349763012,-5.58930561414539e-05,-0.12708880318527788,0.2194507078321437,0.20954159606933592
2026-11-30,0.1506849315068493,692.0,put,1.88,784.6428349763012,-5.58930561414539e-05,-0.12564267133527823,0.21801678062583757,0.20807676696777339
2026-11-30,0.1506849315068493,693.0,put,1.91,784.6428349763012,-5.58930561414539e-05,-0.1241986277630446,0.21683565589551868,0.20685607604980466
2026-11-30,0.1506849315068493,694.0,put,1.94,784.6428349763012,-5.58930561414539e-05,-0.12275666644614336,0.2156384930895092,0.20563538513183593
2026-11-30,0.1506849315068493,695.0,put,1.98,784.6428349763012,-5.58930561414539e-05,-0.12131678138815576,0.21467992142731293,0.2046588323974609
2026-11-30,0.1506849315068493,696.0,put,2.005,784.6428349763012,-5.58930561414539e-05,-0.11987896661852815,0.21332256155804705,0.20313296874999998
2026-11-30,0.1506849315068493,697.0,put,2.045,784.6428349763012,-5.58930561414539e-05,-0.11844321619242393,0.21232423112166682,0.20233951965332028
2026-11-30,0.1506849315068493,698.0,put,2.08,784.6428349763012,-5.58930561414539e-05,-0.11700952419057536,0.21118201959081245,0.2010577941894531
2026-11-30,0.1506849315068493,699.0,put,2.115,784.6428349763012,-5.58930561414539e-05,-0.11557788471913762,0.2100216187207925,0.19998968963623048
2026-11-30,0.1506849315068493,700.0,put,2.1550000000000002,784.6428349763012,-5.58930561414539e-05,-0.11414829190954309,0.20896146677357863,0.19867744689941402
2026-11-30,0.1506849315068493,701.0,put,2.1950000000000003,784.6428349763012,-5.58930561414539e-05,-0.11272073991835771,0.20788024695112048,0.1975788250732422
2026-11-30,0.1506849315068493,702.0,put,2.2300000000000004,784.6428349763012,-5.58930561414539e-05,-0.1112952229271367,0.20666374632649187,0.19641916870117188
2026-11-30,0.1506849315068493,703.0,put,2.2649999999999997,784.6428349763012,-5.58930561414539e-05,-0.10987173514228295,0.2054302198943622,0.19504589141845702
2026-11-30,0.1506849315068493,704.0,put,2.3049999999999997,784.6428349763012,-5.58930561414539e-05,-0.10845027079490548,0.20429138403270372,0.19409985595703128
2026-11-30,0.1506849315068493,705.0,put,2.355,784.6428349763012,-5.58930561414539e-05,-0.10703082414067913,0.20335224693860993,0.1928791650390625
2026-11-30,0.1506849315068493,706.0,put,2.3899999999999997,784.6428349763012,-5.58930561414539e-05,-0.10561338945970573,0.20206308908618809,0.191688991394043
2026-11-30,0.1506849315068493,707.0,put,2.4299999999999997,784.6428349763012,-5.58930561414539e-05,-0.10419796105637508,0.2008645192566455,0.19043778320312502
2026-11-30,0.1506849315068493,708.0,put,2.4800000000000004,784.6428349763012,-5.58930561414539e-05,-0.1027845332592281,0.19985716625682354,0.18940019592285157
2026-11-30,0.1506849315068493,709.0,put,2.525,784.6428349763012,-5.58930561414539e-05,-0.10137310042082039,0.19872176766055982,0.18833209136962892
2026-11-30,0.1506849315068493,710.0,put,2.58,784.6428349763012,-5.58930561414539e-05,-0.09996365691758669,0.19776873706996936,0.18723346954345704
2026-11-30,0.1506849315068493,711.0,put,2.625,784.6428349763012,-5.58930561414539e-05,-0.09855619714970694,0.19658843318406483,0.1859212268066406
2026-11-30,0.1506849315068493,712.0,put,2.675,784.6428349763012,-5.58930561414539e-05,-0.09715071554097207,0.1954864266281005,0.18476157043457028
2026-11-30,0.1506849315068493,713.0,put,2.7199999999999998,784.6428349763012,-5.58930561414539e-05,-0.09574720653865193,0.19426412978121996,0.18360191406249998
2026-11-30,0.1506849315068493,714.0,put,2.7800000000000002,784.6428349763012,-5.58930561414539e-05,-0.09434566461336351,0.19330949650200102,0.1825948440551758
2026-11-30,0.1506849315068493,715.0,put,2.83,784.6428349763012,-5.58930561414539e-05,-0.09294608425894015,0.1921381368212621,0.18140467041015623
2026-11-30,0.1506849315068493,716.0,put,2.885,784.6428349763012,-5.58930561414539e-05,-0.09154845999230221,0.1910377924145308,0.18015346221923828
2026-11-30,0.1506849315068493,717.0,put,2.95,784.6428349763012,-5.58930561414539e-05,-0.09015278635332749,0.19009605246218966,0.17926846130371094
2026-11-30,0.1506849315068493,718.0,put,3.005,784.6428349763012,-5.58930561414539e-05,-0.08875905790472369,0.1889447256029172,0.17798673583984376
2026-11-30,0.1506849315068493,719.0,put,3.065,784.6428349763012,-5.58930561414539e-05,-0.08736726923190109,0.18785860060298387,0.17682707946777343
2026-11-30,0.1506849315068493,720.0,put,3.125,784.6428349763012,-5.58930561414539e-05,-0.0859774149428468,0.18674667425361094,0.17566742309570313
2026-11-30,0.1506849315068493,721.0,put,3.185,784.6428349763012,-5.58930561414539e-05,-0.08458948966799876,0.18560935142072338,0.1746603530883789
2026-11-30,0.1506849315068493,722.0,put,3.255,784.6428349763012,-5.58930561414539e-05,-0.08320348806012162,0.18461657385036284,0.17359224853515626
2026-11-30,0.1506849315068493,723.0,put,3.315,784.6428349763012,-5.58930561414539e-05,-0.08181940479418319,0.18342711757368113,0.17237155761718753
2026-11-30,0.1506849315068493,724.0,put,3.385,784.6428349763012,-5.58930561414539e-05,-0.08043723456723142,0.18237793243847522,0.17127293579101563
2026-11-30,0.1506849315068493,725.0,put,3.455,784.6428349763012,-5.58930561414539e-05,-0.07905697209827303,0.18129994956706402,0.16996069305419925
2026-11-30,0.1506849315068493,726.0,put,3.5300000000000002,784.6428349763012,-5.58930561414539e-05,-0.07767861212815175,0.18027339232120454,0.16895362304687503
2026-11-30,0.1506849315068493,727.0,put,3.605,784.6428349763012,-5.58930561414539e-05,-0.07630214941942849,0.17921653650076821,0.16791603576660158
2026-11-30,0.1506849315068493,728.0,put,3.6799999999999997,784.6428349763012,-5.58930561414539e-05,-0.07492757875626192,0.17812987341648734,0.16669534484863285
2026-11-30,0.1506849315068493,729.0,put,3.7649999999999997,784.6428349763012,-5.58930561414539e-05,-0.07355489494428964,0.1771662112292082,0.16574930938720706
2026-11-30,0.1506849315068493,730.0,put,3.8449999999999998,784.6428349763012,-5.58930561414539e-05,-0.07218409281051101,0.1760940553571576,0.16446758392333982
2026-11-30,0.1506849315068493,731.0,put,3.925,784.6428349763012,-5.58930561414539e-05,-0.07081516720316934,0.17499121461518582,0.16342999664306646
2026-11-30,0.1506849315068493,732.0,put,4.015,784.6428349763012,-5.58930561414539e-05,-0.06944811299163631,0.17400369891216014,0.16223982299804687
2026-11-30,0.1506849315068493,733.0,put,4.095000000000001,784.6428349763012,-5.58930561414539e-05,-0.06808292506629628,0.1728386579175289,0.161141201171875
2026-11-30,0.1506849315068493,734.0,put,4.1850000000000005,784.6428349763012,-5.58930561414539e-05,-0.06671959833843222,0.17178552036209307,0.16001206207275392
2026-11-30,0.1506849315068493,735.0,put,4.285,784.6428349763012,-5.58930561414539e-05,-0.06535812774011115,0.17083837551793998,0.1589744747924805
2026-11-30,0.1506849315068493,736.0,put,4.375,784.6428349763012,-5.58930561414539e-05,-0.06399850822407162,0.16971732935675593,0.15778430114746095
2026-11-30,0.1506849315068493,737.0,put,4.48,784.6428349763012,-5.58930561414539e-05,-0.06264073476361127,0.16876666043560223,0.15668567932128907
2026-11-30,0.1506849315068493,738.0,put,4.574999999999999,784.6428349763012,-5.58930561414539e-05,-0.061284802352475284,0.16764518338777243,0.15555654022216797
2026-11-30,0.1506849315068493,739.0,put,4.6899999999999995,784.6428349763012,-5.58930561414539e-05,-0.05993070600474603,0.16675261191978857,0.15451895294189455
2026-11-30,0.1506849315068493,740.0,put,4.79,784.6428349763012,-5.58930561414539e-05,-0.0585784407547324,0.1656257663202704,0.15329826202392582
2026-11-30,0.1506849315068493,741.0,put,4.904999999999999,784.6428349763012,-5.58930561414539e-05,-0.05722800165686097,0.1646555644573871,0.15229119201660157
2026-11-30,0.1506849315068493,742.0,put,5.025,784.6428349763012,-5.58930561414539e-05,-0.055879383785567435,0.16370866088953145,0.1511315356445313
2026-11-30,0.1506849315068493,743.0,put,5.140000000000001,784.6428349763012,-5.58930561414539e-05,-0.05453258223518862,0.16265929396570006,0.1500634310913086
2026-11-30,0.1506849315068493,744.0,put,5.26,784.6428349763012,-5.58930561414539e-05,-0.05318759211985595,0.16163250504212054,0.1489342919921875
2026-11-30,0.1506849315068493,745.0,put,5.385,784.6428349763012,-5.58930561414539e-05,-0.051844408573388324,0.1606261620228831,0.14789670471191407
2026-11-30,0.1506849315068493,746.0,put,5.515000000000001,784.6428349763012,-5.58930561414539e-05,-0.05050302674918701,0.1596381981565984,0.1467980828857422
2026-11-30,0.1506849315068493,747.0,put,5.645,784.6428349763012,-5.58930561414539e-05,-0.049163441820130584,0.15860822944204625,0.1456689437866211
2026-11-30,0.1506849315068493,748.0,put,5.785,784.6428349763012,-5.58930561414539e-05,-0.04782564897847055,0.15765190163488738,0.14460083923339845
2026-11-30,0.1506849315068493,749.0,put,5.93,784.6428349763012,-5.58930561414539e-05,-0.04648964343572834,0.15670812276719157,0.1435937692260742
2026-11-30,0.1506849315068493,750.0,put,6.08,784.6428349763012,-5.58930561414539e-05,-0.04515542042259172,0.15577507941032886,0.14243411285400392
2026-11-30,0.1506849315068493,751.0,put,6.225,784.6428349763012,-5.58930561414539e-05,-0.043822975188813125,0.15474055098783485,0.14132023239135744
2026-11-30,0.1506849315068493,752.0,put,6.385,784.6428349763012,-5.58930561414539e-05,-0.042492303003107953,0.15382526581822908,0.14028264511108396
2026-11-30,0.1506849315068493,753.0,put,6.555,784.6428349763012,-5.58930561414539e-05,-0.041163399153054225,0.15296935071280604,0.1392908337402344
2026-11-30,0.1506849315068493,754.0,put,6.705,784.6428349763012,-5.58930561414539e-05,-0.03983625894499176,0.15185068397970966,0.13803962554931642
2026-11-30,0.1506849315068493,755.0,put,6.88,784.6428349763012,-5.58930561414539e-05,-0.03851087770392315,0.15094954555832987,0.13694100372314455
2026-11-30,0.1506849315068493,756.0,put,7.055,784.6428349763012,-5.58930561414539e-05,-0.03718725077341488,0.14999757955142978,0.13590341644287113
2026-11-30,0.1506849315068493,757.0,put,7.245,784.6428349763012,-5.58930561414539e-05,-0.03586537351549901,0.14914853723982333,0.1348963464355469
2026-11-30,0.1506849315068493,758.0,put,7.425000000000001,784.6428349763012,-5.58930561414539e-05,-0.03454524131057615,0.14814486180307151,0.13375194869995116
2026-11-30,0.1506849315068493,759.0,put,7.625,784.6428349763012,-5.58930561414539e-05,-0.03322684955731791,0.14728983247029576,0.13272962005615235
2026-11-30,0.1506849315068493,760.0,put,7.835,784.6428349763012,-5.58930561414539e-05,-0.0319101936725711,0.1464781329768004,0.13175306732177733
2026-11-30,0.1506849315068493,761.0,put,8.045,784.6428349763012,-5.58930561414539e-05,-0.030595269091262048,0.14560940126830074,0.1307002214050293
2026-11-30,0.1506849315068493,762.0,put,8.245000000000001,784.6428349763012,-5.58930561414539e-05,-0.02928207126630152,0.14458780339837132,0.1295100477600098
2026-11-30,0.1506849315068493,763.0,put,8.48,784.6428349763012,-5.58930561414539e-05,-0.027970595668490812,0.14384543279368087,0.12860978820800778
2026-11-30,0.1506849315068493,764.0,put,8.7,784.6428349763012,-5.58930561414539e-05,-0.02666083778642735,0.14290064108254405,0.12748064910888673
2026-11-30,0.1506849315068493,765.0,put,8.945,784.6428349763012,-5.58930561414539e-05,-0.02535279312641203,0.14213121808575174,0.12645832046508787
2026-11-30,0.1506849315068493,766.0,put,9.18,784.6428349763012,-5.58930561414539e-05,-0.024046457212356476,0.14120723565773327,0.12537495727539064
2026-11-30,0.1506849315068493,767.0,put,9.435,784.6428349763012,-5.58930561414539e-05,-0.022741825585691613,0.14040590504296221,0.12439840454101564
2026-11-30,0.1506849315068493,768.0,put,9.71,784.6428349763012,-5.58930561414539e-05,-0.02143889380527566,0.13972214561101576,0.12343711044311526
2026-11-30,0.1506849315068493,769.0,put,9.975000000000001,784.6428349763012,-5.58930561414539e-05,-0.020137657447303874,0.13888210799040296,0.12232322998046877
2026-11-30,0.1506849315068493,770.0,put,10.254999999999999,784.6428349763012,-5.58930561414539e-05,-0.018838112105218338,0.1381107608028479,0.12137719451904297
2026-11-30,0.1506849315068493,771.0,put,10.525,784.6428349763012,-5.58930561414539e-05,-0.017540253389618295,0.13718431329406827,0.12020227951049803
2026-11-30,0.1506849315068493,772.0,put,10.83,784.6428349763012,-5.58930561414539e-05,-0.016244076928171636,0.13649873833341974,0.11921046813964843
2026-11-30,0.1506849315068493,773.0,put,11.14,784.6428349763012,-5.58930561414539e-05,-0.01494957836552587,0.13578638963525894,0.11821865676879884
2026-11-30,0.1506849315068493,774.0,put,11.46,784.6428349763012,-5.58930561414539e-05,-0.01365675336322074,0.13508955405817685,0.11722684539794923
2026-11-30,0.1506849315068493,775.0,put,11.79,784.6428349763012,-5.58930561414539e-05,-0.012365597599600884,0.1344064992890129,0.11623503402709962
2026-11-30,0.1506849315068493,776.0,put,12.120000000000001,784.6428349763012,-5.58930561414539e-05,-0.01107610676972904,0.13365037098929475,0.11515167083740235
2026-11-30,0.1506849315068493,777.0,put,12.465,784.6428349763012,-5.58930561414539e-05,-0.009788276585300374,0.1329481012112683,0.11415985946655274
2026-11-30,0.1506849315068493,778.0,put,12.825,784.6428349763012,-5.58930561414539e-05,-0.008502102774556236,0.13229742731853972,0.11316804809570313
2026-11-30,0.1506849315068493,779.0,put,13.195,784.6428349763012,-5.58930561414539e-05,-0.0072175810821995985,0.13165431671388914,0.11216097808837888
2026-11-30,0.1506849315068493,780.0,put,13.585,784.6428349763012,-5.58930561414539e-05,-0.005934707269310465,0.13110104330884054,0.11121494262695311
2026-11-30,0.1506849315068493,781.0,put,13.98,784.6428349763012,-5.58930561414539e-05,-0.004653477113261833,0.13051043973013982,0.11017735534667968
2026-11-30,0.1506849315068493,782.0,put,14.39,784.6428349763012,-5.58930561414539e-05,-0.003373886407636741,0.12996488629132244,0.10921606124877928
2026-11-30,0.1506849315068493,783.0,put,14.805,784.6428349763012,-5.58930561414539e-05,-0.002095930962144744,0.12938002750418057,0.10823950851440428
2026-11-30,0.1506849315068493,784.0,put,15.235,784.6428349763012,-5.58930561414539e-05,-0.000819606602540021,0.12883790951371793,0.10730873168945312
2026-11-30,0.1506849315068493,785.0,call,15.315,784.6428349763012,-5.58930561414539e-05,0.00045509082946065067,0.12825460312028042,0.14544006423950195
2026-11-30,0.1506849315068493,786.0,call,14.76,784.6428349763012,-5.58930561414539e-05,0.0017281654762586291,0.12762041914485123,0.1444329942321777
2026-11-30,0.1506849315068493,787.0,call,14.21,784.6428349763012,-5.58930561414539e-05,0.0029996214644553987,0.12694311082195128,0.14344118286132812
2026-11-30,0.1506849315068493,788.0,call,13.675,784.6428349763012,-5.58930561414539e-05,0.004269462904931384,0.12630445305996388,0.14252566467285155
2026-11-30,0.1506849315068493,789.0,call,13.145,784.6428349763012,-5.58930561414539e-05,0.005537693892926367,0.12562047959898776,0.14153385330200197
2026-11-30,0.1506849315068493,790.0,call,12.645,784.6428349763012,-5.58930561414539e-05,0.00680431850811939,0.1250982600727071,0.14063359375
2026-11-30,0.1506849315068493,791.0,call,12.125,784.6428349763012,-5.58930561414539e-05,0.008069340814705952,0.12432024318344154,0.13964178237915043
2026-11-30,0.1506849315068493,792.0,call,11.635,784.6428349763012,-5.58930561414539e-05,0.00933276486147802,0.12370258684438347,0.1386499710083008
2026-11-30,0.1506849315068493,793.0,call,11.165,784.6428349763012,-5.58930561414539e-05,0.010594594681900237,0.12316216745379349,0.1378260046386719
2026-11-30,0.1506849315068493,794.0,call,10.719999999999999,784.6428349763012,-5.58930561414539e-05,0.01185483429418784,0.12274209426931058,0.1371698832702637
2026-11-30,0.1506849315068493,795.0,call,10.265,784.6428349763012,-5.58930561414539e-05,0.013113487701384105,0.12214509391583528,0.13625436508178712
2026-11-30,0.1506849315068493,796.0,call,9.825,784.6428349763012,-5.58930561414539e-05,0.014370558891435086,0.12158239229346571,0.13543039871215823
2026-11-30,0.1506849315068493,797.0,call,9.4,784.6428349763012,-5.58930561414539e-05,0.0156260518372672,0.12105437951472177,0.13468272552490235
2026-11-30,0.1506849315068493,798.0,call,9.0,784.6428349763012,-5.58930561414539e-05,0.016879970496861012,0.12064933639399285,0.13402660415649414
2026-11-30,0.1506849315068493,799.0,call,8.594999999999999,784.6428349763012,-5.58930561414539e-05,0.01813231881332678,0.12010524517456504,0.1331873791503906
2026-11-30,0.1506849315068493,800.0,call,8.21,784.6428349763012,-5.58930561414539e-05,0.019383100714979493,0.11964147123433735,0.13253125778198244
2026-11-30,0.1506849315068493,801.0,call,7.845000000000001,784.6428349763012,-5.58930561414539e-05,0.020632320115411287,0.11926081831022183,0.13187513641357423
2026-11-30,0.1506849315068493,802.0,call,7.495,784.6428349763012,-5.58930561414539e-05,0.021879980913566646,0.11892082343652387,0.13129530822753904
2026-11-30,0.1506849315068493,803.0,call,7.135,784.6428349763012,-5.58930561414539e-05,0.02312608699381391,0.11839138458259651,0.13054763504028316
2026-11-30,0.1506849315068493,804.0,call,6.805,784.6428349763012,-5.58930561414539e-05,0.024370642226018476,0.11804197667622511,0.12998306549072264
2026-11-30,0.1506849315068493,805.0,call,6.475,784.6428349763012,-5.58930561414539e-05,0.02561365046561556,0.11759416905160007,0.12931168548583982
2026-11-30,0.1506849315068493,806.0,call,6.165,784.6428349763012,-5.58930561414539e-05,0.02685511555368057,0.11723852072002347,0.1287623745727539
2026-11-30,0.1506849315068493,807.0,call,5.87,784.6428349763012,-5.58930561414539e-05,0.028095041317000944,0.11693106026727716,0.12819780502319333
2026-11-30,0.1506849315068493,808.0,call,5.574999999999999,784.6428349763012,-5.58930561414539e-05,0.02933343156814761,0.11652437744514711,0.1276332354736328
2026-11-30,0.1506849315068493,809.0,call,5.3,784.6428349763012,-5.58930561414539e-05,0.03057029010554379,0.11621926896016292,0.12708392456054687
2026-11-30,0.1506849315068493,810.0,call,5.029999999999999,784.6428349763012,-5.58930561414539e-05,0.03180562071353663,0.11586596403488028,0.12654987228393555
2026-11-30,0.1506849315068493,811.0,call,4.775,784.6428349763012,-5.58930561414539e-05,0.03303942716246519,0.1155697197421326,0.1261226304626465
2026-11-30,0.1506849315068493,812.0,call,4.525,784.6428349763012,-5.58930561414539e-05,0.03427171320873009,0.11522655269909904,0.1256038368225098
2026-11-30,0.1506849315068493,813.0,call,4.295,784.6428349763012,-5.58930561414539e-05,0.035502482594862814,0.11500239670484615,0.12520711227416992
2026-11-30,0.1506849315068493,814.0,call,4.0649999999999995,784.6428349763012,-5.58930561414539e-05,0.03673173904959239,0.11467882792397918,0.1247035772705078
2026-11-30,0.1506849315068493,815.0,call,3.8499999999999996,784.6428349763012,-5.58930561414539e-05,0.03795948628791489,0.11442610384717657,0.12424581817626953
2026-11-30,0.1506849315068493,816.0,call,3.645,784.6428349763012,-5.58930561414539e-05,0.03918572801115927,0.11419156749091613,0.12391012817382813
2026-11-30,0.1506849315068493,817.0,call,3.455,784.6428349763012,-5.58930561414539e-05,0.04041046790705501,0.1140403645984744,0.12360495544433595
2026-11-30,0.1506849315068493,818.0,call,3.2649999999999997,784.6428349763012,-5.58930561414539e-05,0.041633709649799275,0.11379181696105213,0.12320823089599611
2026-11-30,0.1506849315068493,819.0,call,3.085,784.6428349763012,-5.58930561414539e-05,0.04285545690012151,0.11357017917183199,0.12284202362060548
2026-11-30,0.1506849315068493,820.0,call,2.915,784.6428349763012,-5.58930561414539e-05,0.04407571330535097,0.1133802698036584,0.12250633361816407
2026-11-30,0.1506849315068493,825.0,call,2.1950000000000003,784.6428349763012,-5.58930561414539e-05,0.05015475938173315,0.11280991848936255,0.1212856427001953
2026-11-30,0.1506849315068493,830.0,call,1.6349999999999998,784.6428349763012,-5.58930561414539e-05,0.05619707383769577,0.11241450682430644,0.12015650360107422
2026-11-30,0.1506849315068493,835.0,call,1.225,784.6428349763012,-5.58930561414539e-05,0.062203097897907636,0.11260018329115853,0.119851330871582
2026-11-30,0.1506849315068493,840.0,call,0.92,784.6428349763012,-5.58930561414539e-05,0.06817326488441144,0.11311760604415098,0.12006495178222655
2026-11-30,0.1506849315068493,845.0,call,0.685,784.6428349763012,-5.58930561414539e-05,0.074108000404226,0.11362858331827637,0.12006495178222655
2026-11-30,0.1506849315068493,850.0,call,0.535,784.6428349763012,-5.58930561414539e-05,0.08000772253141428,0.1153016663543658,0.12146874633789062
2026-11-30,0.1506849315068493,855.0,call,0.41000000000000003,784.6428349763012,-5.58930561414539e-05,0.08587284198381234,0.11659151932226132,0.12275047180175781
2026-11-30,0.1506849315068493,860.0,call,0.325,784.6428349763012,-5.58930561414539e-05,0.09170376229460554,0.11853750674035211,0.12427633544921876
2026-11-30,0.1506849315068493,865.0,call,0.265,784.6428349763012,-5.58930561414539e-05,0.09750087997893143,0.12094258472123762,0.12647357910156248
2026-11-30,0.1506849315068493,870.0,call,0.20500000000000002,784.6428349763012,-5.58930561414539e-05,0.10326458469568152,0.12235151513797586,0.12769427001953126
2026-11-30,0.1506849315068493,875.0,call,0.165,784.6428349763012,-5.58930561414539e-05,0.10899525940466653,0.12440537502550712,0.12964737548828126
2026-11-30,0.1506849315068493,880.0,call,0.14,784.6428349763012,-5.58930561414539e-05,0.11469328051930426,0.12724602546062314,0.13306531005859373
2026-11-30,0.1506849315068493,885.0,call,0.11499999999999999,784.6428349763012,-5.58930561414539e-05,0.12035901805498161,0.129471385670388,0.13453013916015627
2026-11-30,0.1506849315068493,890.0,call,0.095,784.6428349763012,-5.58930561414539e-05,0.1259928357732376,0.1317120018941296,0.13672738281250002
2026-11-30,0.1506849315068493,895.0,call,0.07500000000000001,784.6428349763012,-5.58930561414539e-05,0.13159509132190744,0.13320478530757648,0.1381922119140625
2026-11-30,0.1506849315068493,900.0,call,0.065,784.6428349763012,-5.58930561414539e-05,0.13716613637136282,0.1360223013657627,0.14112187011718752
2026-11-30,0.1506849315068493,905.0,call,0.055,784.6428349763012,-5.58930561414539e-05,0.1427063167469784,0.13840676116934672,0.143563251953125
2026-11-30,0.1506849315068493,910.0,call,0.045,784.6428349763012,-5.58930561414539e-05,0.148215972557948,0.14024360464194746,0.145516357421875
2026-11-30,0.1506849315068493,915.0,call,0.045,784.6428349763012,-5.58930561414539e-05,0.15369543832257357,0.14486124148326243,0.15039912109375003
2026-11-30,0.1506849315068493,920.0,call,0.035,784.6428349763012,-5.58930561414539e-05,0.15914504309013824,0.14582519677548025,0.15137567382812503
2026-12-18,0.2,245.0,put,0.025,785.6048615899474,0.0037806112535518563,-1.1651957348546238,0.8050828518271386,0.79687703125
2026-12-18,0.2,250.0,put,0.025,785.6048615899474,0.0037806112535518563,-1.1449930275371043,0.7915414520778911,0.7812521875
2026-12-18,0.2,255.0,put,0.025,785.6048615899474,0.0037806112535518563,-1.1251904002409248,0.7782729161787681,0.7695335546875001
2026-12-18,0.2,260.0,put,0.025,785.6048615899474,0.0037806112535518563,-1.1057723143838232,0.7652662694189087,0.7539087109375
2026-12-18,0.2,265.0,put,0.025,785.6048615899474,0.0037806112535518563,-1.0867241194131285,0.7525111761914643,0.7421900781249999
2026-12-18,0.2,270.0,put,0.035,785.6048615899474,0.0037806112535518563,-1.0680319864009762,0.759785558774204,0.7500025
2026-12-18,0.2,275.0,put,0.035,785.6048615899474,0.0037806112535518563,-1.0496828477327795,0.7471948702036244,0.7382838671874999
2026-12-18,0.2,280.0,put,0.035,785.6048615899474,0.0037806112535518563,-1.0316643422301013,0.7348339495554953,0.7246121289062499
2026-12-18,0.2,285.0,put,0.035,785.6048615899474,0.0037806112535518563,-1.0139647651307004,0.722694344714609,0.7128934960937501
2026-12-18,0.2,290.0,put,0.035,785.6048615899474,0.0037806112535518563,-0.9965730224188312,0.7107680432361606,0.70117486328125
2026-12-18,0.2,295.0,put,0.045,785.6048615899474,0.0037806112535518563,-0.979478589059531,0.713583124296703,0.70312796875
2026-12-18,0.2,300.0,put,0.045,785.6048615899474,0.0037806112535518563,-0.9626714707431497,0.7018370428185651,0.6914093359375001
2026-12-18,0.2,305.0,put,0.045,785.6048615899474,0.0037806112535518563,-0.9461421687919392,0.6902864699941377,0.6796907031250001
2026-12-18,0.2,310.0,put,0.055,785.6048615899474,0.0037806112535518563,-0.9298816479201588,0.6905624134885056,0.6796907031250001
2026-12-18,0.2,315.0,put,0.055,785.6048615899474,0.0037806112535518563,-0.9138813065737177,0.6792052069747817,0.6699251757812501
2026-12-18,0.2,320.0,put,0.055,785.6048615899474,0.0037806112535518563,-0.8981329496055787,0.6680274225648554,0.65820654296875
2026-12-18,0.2,325.0,put,0.055,785.6048615899474,0.0037806112535518563,-0.8826287630696134,0.6570232243113425,0.64648791015625
2026-12-18,0.2,330.0,put,0.065,785.6048615899474,0.0037806112535518563,-0.8673612909388249,0.655679434039496,0.64648791015625
2026-12-18,0.2,335.0,put,0.065,785.6048615899474,0.0037806112535518563,-0.8523234135742844,0.6448614059908203,0.6347692773437501
2026-12-18,0.2,340.0,put,0.07500000000000001,785.6048615899474,0.0037806112535518563,-0.8375083277891437,0.6423741634780441,0.632816171875
2026-12-18,0.2,345.0,put,0.07500000000000001,785.6048615899474,0.0037806112535518563,-0.822909528367991,0.6317466395698141,0.622074091796875
2026-12-18,0.2,350.0,put,0.07500000000000001,785.6048615899474,0.0037806112535518563,-0.8085207909158915,0.6212711112987767,0.6113320117187502
2026-12-18,0.2,355.0,put,0.08499999999999999,785.6048615899474,0.0037806112535518563,-0.794336155923935,0.6179864230767637,0.6084023535156251
2026-12-18,0.2,360.0,put,0.08499999999999999,785.6048615899474,0.0037806112535518563,-0.7803499139491951,0.6076942584034732,0.5976602734375001
2026-12-18,0.2,365.0,put,0.095,785.6048615899474,0.0037806112535518563,-0.7665565918168593,0.6037861115274484,0.5937540625000001
2026-12-18,0.2,370.0,put,0.095,785.6048615899474,0.0037806112535518563,-0.7529509397610807,0.5936755159247795,0.5839885351562499
2026-12-18,0.2,375.0,put,0.10500000000000001,785.6048615899474,0.0037806112535518563,-0.7395279194289399,0.5892883701248616,0.5800823242187501
2026-12-18,0.2,380.0,put,0.10500000000000001,785.6048615899474,0.0037806112535518563,-0.7262826926789194,0.5793559940017909,0.570316796875
2026-12-18,0.2,385.0,put,0.11499999999999999,785.6048615899474,0.0037806112535518563,-0.7132106111115666,0.5745952303246261,0.5654340332031251
2026-12-18,0.2,390.0,put,0.125,785.6048615899474,0.0037806112535518563,-0.7003072062756587,0.5694897026785692,0.5600629931640625
2026-12-18,0.2,395.0,put,0.125,785.6048615899474,0.0037806112535518563,-0.6875681804982289,0.5597812660188924,0.5507857421875001
2026-12-18,0.2,400.0,put,0.135,785.6048615899474,0.0037806112535518563,-0.6749893982913688,0.554441072694003,0.5449264257812501
2026-12-18,0.2,405.0,put,0.14500000000000002,785.6048615899474,0.0037806112535518563,-0.6625668782928118,0.5488612741134187,0.5395553857421876
2026-12-18,0.2,410.0,put,0.155,785.6048615899474,0.0037806112535518563,-0.6502967857009972,0.543078387676243,0.5336960693359375
2026-12-18,0.2,415.0,put,0.155,785.6048615899474,0.0037806112535518563,-0.6381754251686526,0.5336452775224092,0.524418818359375
2026-12-18,0.2,420.0,put,0.165,785.6048615899474,0.0037806112535518563,-0.6261992341219369,0.5277441907058711,0.5185595019531251
2026-12-18,0.2,425.0,put,0.175,785.6048615899474,0.0037806112535518563,-0.6143647764749339,0.5216956162691657,0.5127001855468749
2026-12-18,0.2,430.0,put,0.185,785.6048615899474,0.0037806112535518563,-0.6026687367117427,0.5155201207676063,0.5063525927734375
2026-12-18,0.2,435.0,put,0.195,785.6048615899474,0.0037806112535518563,-0.5911079143106668,0.5092350956543469,0.500005
2026-12-18,0.2,440.0,put,0.20500000000000002,785.6048615899474,0.0037806112535518563,-0.579679218487044,0.5028553492678202,0.495122236328125
2026-12-18,0.2,445.0,put,0.215,785.6048615899474,0.0037806112535518563,-0.5683796632331106,0.49639357937883527,0.48828636718750007
2026-12-18,0.2,450.0,put,0.235,785.6048615899474,0.0037806112535518563,-0.5572063626349855,0.49225096309394106,0.48413601806640627
2026-12-18,0.2,455.0,put,0.245,785.6048615899474,0.0037806112535518563,-0.5461565264484004,0.48554767079713285,0.477544287109375
2026-12-18,0.2,460.0,put,0.255,785.6048615899474,0.0037806112535518563,-0.5352274559162101,0.47879874146854146,0.47070841796875
2026-12-18,0.2,465.0,put,0.265,785.6048615899474,0.0037806112535518563,-0.5244165398119945,0.47201055085596516,0.463872548828125
2026-12-18,0.2,470.0,put,0.28500000000000003,785.6048615899474,0.0037806112535518563,-0.5137212506952465,0.4671356741082394,0.45898978515625005
2026-12-18,0.2,475.0,put,0.295,785.6048615899474,0.0037806112535518563,-0.5031391413647096,0.46020650668994223,0.4519097778320313
2026-12-18,0.2,480.0,put,0.315,785.6048615899474,0.0037806112535518563,-0.49266784149741427,0.4550110537949763,0.4467828759765625
2026-12-18,0.2,485.0,put,0.335,785.6048615899474,0.0037806112535518563,-0.48230505446186756,0.44962969177720596,0.44116769775390624
2026-12-18,0.2,490.0,put,0.345,785.6048615899474,0.0037806112535518563,-0.4720485542946785,0.4425271633435598,0.43408769042968753
2026-12-18,0.2,495.0,put,0.365,785.6048615899474,0.0037806112535518563,-0.4618961828306606,0.43692288707649507,0.42847251220703125
2026-12-18,0.2,500.0,put,0.385,785.6048615899474,0.0037806112535518563,-0.451845846977159,0.43118383376391717,0.4226131958007812
2026-12-18,0.2,505.0,put,0.405,785.6048615899474,0.0037806112535518563,-0.44189551612399103,0.4253250833150838,0.4167538793945312
2026-12-18,0.2,510.0,put,0.425,785.6048615899474,0.0037806112535518563,-0.4320432196809794,0.41935960223663193,0.4106504248046875
2026-12-18,0.2,515.0,put,0.445,785.6048615899474,0.0037806112535518563,-0.4222870447356146,0.4132986038612617,0.40479110839843746
2026-12-18,0.2,520.0,put,0.475,785.6048615899474,0.0037806112535518563,-0.4126251338238778,0.40830068189031066,0.3996642065429688
2026-12-18,0.2,525.0,put,0.495,785.6048615899474,0.0037806112535518563,-0.40305568280772713,0.40202538666995524,0.39331661376953125
2026-12-18,0.2,530.0,put,0.515,785.6048615899474,0.0037806112535518563,-0.3935769388531833,0.39568371375472194,0.3869690209960937
2026-12-18,0.2,535.0,put,0.545,785.6048615899474,0.0037806112535518563,-0.3841871985033443,0.3902744157643002,0.3815979809570312
2026-12-18,0.2,540.0,put,0.575,785.6048615899474,0.0037806112535518563,-0.37488480584103084,0.38471733033146244,0.375982802734375
2026-12-18,0.2,545.0,put,0.605,785.6048615899474,0.0037806112535518563,-0.3656681507361067,0.3790273458346572,0.370123486328125
2026-12-18,0.2,550.0,put,0.635,785.6048615899474,0.0037806112535518563,-0.35653566717283425,0.37321726534314603,0.36438623901367195
2026-12-18,0.2,555.0,put,0.665,785.6048615899474,0.0037806112535518563,-0.3474858316529164,0.3672981579012466,0.358404853515625
2026-12-18,0.2,560.0,put,0.695,785.6048615899474,0.0037806112535518563,-0.3385171616701559,0.36127963666222224,0.3523013989257812
2026-12-18,0.2,565.0,put,0.735,785.6048615899474,0.0037806112535518563,-0.3296282142529099,0.35589970449630887,0.3469303588867187
2026-12-18,0.2,570.0,put,0.765,785.6048615899474,0.0037806112535518563,-0.32081758457075504,0.349674439008231,0.3407048352050781
2026-12-18,0.2,575.0,put,0.805,785.6048615899474,0.0037806112535518563,-0.31208390460200036,0.3440362309213428,0.334967587890625
2026-12-18,0.2,580.0,put,0.855,785.6048615899474,0.0037806112535518563,-0.3034258418588858,0.3388930928337711,0.3298406860351562
2026-12-18,0.2,585.0,put,0.895,785.6048615899474,0.0037806112535518563,-0.2948420981674944,0.33297588679240125,0.3238593005371093
2026-12-18,0.2,590.0,put,0.945,785.6048615899474,0.0037806112535518563,-0.28633140849958566,0.3275150712231331,0.31836619140624994
2026-12-18,0.2,595.0,put,0.995,785.6048615899474,0.0037806112535518563,-0.2778925398537211,0.32190024220520375,0.3127510131835937
2026-12-18,0.2,600.0,put,1.045,785.6048615899474,0.0037806112535518563,-0.2695242901832044,0.3161440160675804,0.30689169677734374
2026-12-18,0.2,605.0,put,1.105,785.6048615899474,0.0037806112535518563,-0.2612254873685093,0.3107393306659709,0.30145962219238287
2026-12-18,0.2,610.0,put,1.165,785.6048615899474,0.0037806112535518563,-0.2529949882319939,0.3051661546701818,0.29584444396972653
2026-12-18,0.2,615.0,put,1.23,785.6048615899474,0.0037806112535518563,-0.2448316775928329,0.29965417304013314,0.29053443847656246
2026-12-18,0.2,620.0,put,1.295,785.6048615899474,0.0037806112535518563,-0.23673446736021356,0.2939768493312352,0.2845530529785155
2026-12-18,0.2,625.0,put,1.3650000000000002,785.6048615899474,0.0037806112535518563,-0.22870229566294936,0.2883411957298149,0.27887684020996095
2026-12-18,0.2,630.0,put,1.45,785.6048615899474,0.0037806112535518563,-0.22073412601377237,0.2830970270226359,0.27374993835449213
2026-12-18,0.2,635.0,put,1.53,785.6048615899474,0.0037806112535518563,-0.21282894650665915,0.27747090911592764,0.26807372558593745
2026-12-18,0.2,640.0,put,1.625,785.6048615899474,0.0037806112535518563,-0.20498576904563331,0.27216634714567545,0.2625195819091797
2026-12-18,0.2,645.0,put,1.72,785.6048615899474,0.0037806112535518563,-0.19720362860357826,0.2666479913929247,0.2570569900512696
2026-12-18,0.2,650.0,put,1.82,785.6048615899474,0.0037806112535518563,-0.189481582509668,0.26107888499784154,0.251411294555664
2026-12-18,0.2,655.0,put,1.94,785.6048615899474,0.0037806112535518563,-0.18181870976409892,0.255867895290742,0.2461012890625
2026-12-18,0.2,660.0,put,2.065,785.6048615899474,0.0037806112535518563,-0.17421411037887954,0.2505411833368021,0.24054714538574218
2026-12-18,0.2,665.0,put,2.2,785.6048615899474,0.0037806112535518563,-0.16666690474349666,0.24521873993066703,0.2352371398925781
2026-12-18,0.2,670.0,put,2.3449999999999998,785.6048615899474,0.0037806112535518563,-0.1591762330143391,0.23987573713322707,0.2296829962158203
2026-12-18,0.2,675.0,put,2.505,785.6048615899474,0.0037806112535518563,-0.15174125452682094,0.23460048990360846,0.22428143890380853
2026-12-18,0.2,680.0,put,2.685,785.6048615899474,0.0037806112535518563,-0.14436114722919843,0.22945820530964567,0.21900195068359374
2026-12-18,0.2,685.0,put,2.8899999999999997,785.6048615899474,0.0037806112535518563,-0.13703510713712555,0.22449359116577391,0.21399711791992188
2026-12-18,0.2,690.0,put,3.0999999999999996,785.6048615899474,0.0037806112535518563,-0.1297623478080457,0.21927311410644673,0.20862607788085932
2026-12-18,0.2,695.0,put,3.34,785.6048615899474,0.0037806112535518563,-0.12254209983455867,0.2142379769659385,0.20340762420654296
2026-12-18,0.2,700.0,put,3.5999999999999996,785.6048615899474,0.0037806112535518563,-0.11537361035594618,0.20915443249582752,0.1981281359863281
2026-12-18,0.2,701.0,put,3.66,785.6048615899474,0.0037806112535518563,-0.11394605836476072,0.20821914104894257,0.19715158325195312
2026-12-18,0.2,702.0,put,3.705,785.6048615899474,0.0037806112535518563,-0.11252054137353965,0.20702643231910495,0.19586985778808597
2026-12-18,0.2,703.0,put,3.7800000000000002,785.6048615899474,0.0037806112535518563,-0.11109705358868595,0.20629329724078363,0.1951374432373047
2026-12-18,0.2,704.0,put,3.825,785.6048615899474,0.0037806112535518563,-0.10967558924130841,0.2050702385832693,0.1938252005004883
2026-12-18,0.2,705.0,put,3.895,785.6048615899474,0.0037806112535518563,-0.10825614258708212,0.2042188485200141,0.19290968231201172
2026-12-18,0.2,706.0,put,3.955,785.6048615899474,0.0037806112535518563,-0.10683870790610878,0.20319453884514319,0.19184157775878907
2026-12-18,0.2,707.0,put,4.02,785.6048615899474,0.0037806112535518563,-0.10542327950277805,0.20222781406720253,0.1909260595703125
2026-12-18,0.2,708.0,put,4.085,785.6048615899474,0.0037806112535518563,-0.10400985170563101,0.20124220514737495,0.18979692047119145
2026-12-18,0.2,709.0,put,4.145,785.6048615899474,0.0037806112535518563,-0.10259841886722336,0.20016490098207806,0.18882036773681643
2026-12-18,0.2,710.0,put,4.215,785.6048615899474,0.0037806112535518563,-0.10118897536398971,0.1992153348825662,0.1876912286376953
2026-12-18,0.2,711.0,put,4.29,785.6048615899474,0.0037806112535518563,-0.0997815155961099,0.19831710423976395,0.18680622772216798
2026-12-18,0.2,712.0,put,4.359999999999999,785.6048615899474,0.0037806112535518563,-0.09837603398737509,0.19732707674758745,0.1857686404418945
2026-12-18,0.2,713.0,put,4.43,785.6048615899474,0.0037806112535518563,-0.09697252498505488,0.19631765986242736,0.18470053588867186
2026-12-18,0.2,714.0,put,4.5,785.6048615899474,0.0037806112535518563,-0.09557098305976638,0.19528908945206905,0.1836324313354492
2026-12-18,0.2,715.0,put,4.575,785.6048615899474,0.0037806112535518563,-0.0941714027053432,0.1943094770260307,0.18253380950927733
2026-12-18,0.2,716.0,put,4.66,785.6048615899474,0.0037806112535518563,-0.0927737784387052,0.19344359873499517,0.18167932586669922
2026-12-18,0.2,717.0,put,4.734999999999999,785.6048615899474,0.0037806112535518563,-0.09137810479973041,0.1924219692140033,0.180672255859375
2026-12-18,0.2,718.0,put,4.8149999999999995,785.6048615899474,0.0037806112535518563,-0.08998437635112667,0.1914459366974151,0.17963466857910154
2026-12-18,0.2,719.0,put,4.895,785.6048615899474,0.0037806112535518563,-0.08859258767830412,0.19044874577766274,0.1785818226623535
2026-12-18,0.2,720.0,put,4.975,785.6048615899474,0.0037806112535518563,-0.08720273338924978,0.1894306433763353,0.17749845947265624
2026-12-18,0.2,721.0,put,5.0600000000000005,785.6048615899474,0.0037806112535518563,-0.08581480811440177,0.18845496447425739,0.1763998376464844
2026-12-18,0.2,722.0,put,5.154999999999999,785.6048615899474,0.0037806112535518563,-0.08442880650652458,0.18758198330031634,0.17554535400390625
2026-12-18,0.2,723.0,put,5.245,785.6048615899474,0.0037806112535518563,-0.0830447232405861,0.1866227489723625,0.17450776672363283
2026-12-18,0.2,724.0,put,5.335,785.6048615899474,0.0037806112535518563,-0.0816625530136345,0.18564062509168203,0.17347017944335938
2026-12-18,0.2,725.0,put,5.425000000000001,785.6048615899474,0.0037806112535518563,-0.08028229054467603,0.1846358697035357,0.17240207489013676
2026-12-18,0.2,726.0,put,5.52,785.6048615899474,0.0037806112535518563,-0.07890393057455468,0.18366812078698128,0.17130345306396483
2026-12-18,0.2,727.0,put,5.625,785.6048615899474,0.0037806112535518563,-0.07752746786583149,0.1827941726343646,0.17041845214843754
2026-12-18,0.2,728.0,put,5.725,785.6048615899474,0.0037806112535518563,-0.07615289720266484,0.18183617714751776,0.16938086486816406
2026-12-18,0.2,729.0,put,5.824999999999999,785.6048615899474,0.0037806112535518563,-0.07478021339069263,0.18085379301290852,0.16834327758789067
2026-12-18,0.2,730.0,put,5.93,785.6048615899474,0.0037806112535518563,-0.07340941125691404,0.17990389295064385,0.16725991439819338
2026-12-18,0.2,731.0,put,6.035,785.6048615899474,0.0037806112535518563,-0.07204048564957231,0.17892878359286166,0.1662681030273438
2026-12-18,0.2,732.0,put,6.145,785.6048615899474,0.0037806112535518563,-0.07067343143803921,0.17798402715473496,0.16524577438354493
2026-12-18,0.2,733.0,put,6.26,785.6048615899474,0.0037806112535518563,-0.06930824351269936,0.17706794032258436,0.1641929284667969
2026-12-18,0.2,734.0,put,6.37,785.6048615899474,0.0037806112535518563,-0.06794491678483523,0.1760708459955415,0.16312482391357425
2026-12-18,0.2,735.0,put,6.495,785.6048615899474,0.0037806112535518563,-0.0665834461865141,0.17520848107672957,0.1622245643615723
2026-12-18,0.2,736.0,put,6.615,785.6048615899474,0.0037806112535518563,-0.06522382667047462,0.1742644256346716,0.16120223571777342
2026-12-18,0.2,737.0,put,6.745,785.6048615899474,0.0037806112535518563,-0.0638660532100142,0.17339731308081124,0.16024094161987307
2026-12-18,0.2,738.0,put,6.875,785.6048615899474,0.0037806112535518563,-0.06251012079887829,0.17250068936137208,0.15924913024902343
2026-12-18,0.2,739.0,put,7.005,785.6048615899474,0.0037806112535518563,-0.06115602445114908,0.17157486458359597,0.15824206024169923
2026-12-18,0.2,740.0,put,7.135,785.6048615899474,0.0037806112535518563,-0.05980375920113538,0.17062011630466017,0.1570824038696289
2026-12-18,0.2,741.0,put,7.27,785.6048615899474,0.0037806112535518563,-0.05845332010326389,0.16968654780713494,0.15610585113525394
2026-12-18,0.2,742.0,put,7.41,785.6048615899474,0.0037806112535518563,-0.05710470223197041,0.16877274192030267,0.1550987811279297
2026-12-18,0.2,743.0,put,7.555,785.6048615899474,0.0037806112535518563,-0.05575790068159165,0.16787731709261766,0.15415274566650394
2026-12-18,0.2,744.0,put,7.705,785.6048615899474,0.0037806112535518563,-0.05441291056625891,0.16699892769741131,0.15306938247680668
2026-12-18,0.2,745.0,put,7.855,785.6048615899474,0.0037806112535518563,-0.05306972701979134,0.16608856743039407,0.1521538642883301
2026-12-18,0.2,746.0,put,8.01,785.6048615899474,0.0037806112535518563,-0.05172834519558996,0.16519368854661062,0.15110101837158207
2026-12-18,0.2,747.0,put,8.18,785.6048615899474,0.0037806112535518563,-0.050388760266533474,0.16440638400019716,0.15029231063842774
2026-12-18,0.2,748.0,put,8.344999999999999,785.6048615899474,0.0037806112535518563,-0.04905096742487361,0.16353771624722208,0.14925472335815432
2026-12-18,0.2,749.0,put,8.504999999999999,785.6048615899474,0.0037806112535518563,-0.04771496188213134,0.16258944279110207,0.1481103256225586
2026-12-18,0.2,750.0,put,8.68,785.6048615899474,0.0037806112535518563,-0.04638073886899465,0.1617441567790904,0.14717954879760742
2026-12-18,0.2,751.0,put,8.85,785.6048615899474,0.0037806112535518563,-0.04504829363521611,0.1608187941765226,0.14612670288085935
2026-12-18,0.2,752.0,put,9.045,785.6048615899474,0.0037806112535518563,-0.04371762144951099,0.16008091068397606,0.1453027365112305
2026-12-18,0.2,753.0,put,9.23,785.6048615899474,0.0037806112535518563,-0.0423887175994572,0.1592168879825489,0.144265149230957
2026-12-18,0.2,754.0,put,9.415,785.6048615899474,0.0037806112535518563,-0.04106157739139478,0.15831651298339217,0.1431817860412598
2026-12-18,0.2,755.0,put,9.620000000000001,785.6048615899474,0.0037806112535518563,-0.039736196150326114,0.15755213492638873,0.14231204376220702
2026-12-18,0.2,756.0,put,9.815000000000001,785.6048615899474,0.0037806112535518563,-0.03841256921981778,0.15666324934593268,0.14132023239135744
2026-12-18,0.2,757.0,put,10.024999999999999,785.6048615899474,0.0037806112535518563,-0.03709069196190208,0.15586364636893374,0.14037419692993164
2026-12-18,0.2,758.0,put,10.235,785.6048615899474,0.0037806112535518563,-0.03577055975697916,0.1550244534949587,0.13938238555908206
2026-12-18,0.2,759.0,put,10.445,785.6048615899474,0.0037806112535518563,-0.034452168003720855,0.154145859169906,0.13834479827880858
2026-12-18,0.2,760.0,put,10.675,785.6048615899474,0.0037806112535518563,-0.03313551211897409,0.15339246165250597,0.13742928009033206
2026-12-18,0.2,761.0,put,10.9,785.6048615899474,0.0037806112535518563,-0.03182058753766498,0.1525563265816132,0.13637643417358397
2026-12-18,0.2,762.0,put,11.14,785.6048615899474,0.0037806112535518563,-0.030507389712704506,0.15180033241482835,0.13544565734863284
2026-12-18,0.2,763.0,put,11.370000000000001,785.6048615899474,0.0037806112535518563,-0.02919591411489385,0.1509211542808279,0.1343928114318848
2026-12-18,0.2,764.0,put,11.620000000000001,785.6048615899474,0.0037806112535518563,-0.027886156232830327,0.15015947147006842,0.13344677597045895
2026-12-18,0.2,765.0,put,11.875,785.6048615899474,0.0037806112535518563,-0.026578111572814943,0.14939321489689572,0.13251599914550782
2026-12-18,0.2,766.0,put,12.14,785.6048615899474,0.0037806112535518563,-0.025271775658759557,0.1486607569979986,0.13161573959350586
2026-12-18,0.2,767.0,put,12.415,785.6048615899474,0.0037806112535518563,-0.023967144032094632,0.14796045406447547,0.13066970413208007
2026-12-18,0.2,768.0,put,12.68,785.6048615899474,0.0037806112535518563,-0.022664212251678615,0.14713628503731688,0.12967789276123048
2026-12-18,0.2,769.0,put,12.965,785.6048615899474,0.0037806112535518563,-0.021362975893706882,0.14642000151571208,0.12870134002685546
2026-12-18,0.2,770.0,put,13.26,785.6048615899474,0.0037806112535518563,-0.020063430551621287,0.1457323411244488,0.12781633911132811
2026-12-18,0.2,771.0,put,13.56,785.6048615899474,0.0037806112535518563,-0.018765571836021292,0.14503401270197896,0.12680926910400392
2026-12-18,0.2,772.0,put,13.865,785.6048615899474,0.0037806112535518563,-0.017469395374574686,0.14432433640709225,0.12589375091552735
2026-12-18,0.2,773.0,put,14.165,785.6048615899474,0.0037806112535518563,-0.01617489681192886,0.14352774038871854,0.12484090499877928
2026-12-18,0.2,774.0,put,14.495000000000001,785.6048615899474,0.0037806112535518563,-0.014882071809623665,0.14290542800564776,0.12395590408325197
2026-12-18,0.2,775.0,put,14.835,785.6048615899474,0.0037806112535518563,-0.013590916046003862,0.1423056103419488,0.12307090316772462
2026-12-18,0.2,776.0,put,15.155000000000001,785.6048615899474,0.0037806112535518563,-0.012301425216132068,0.14150582421180682,0.12198753997802736
2026-12-18,0.2,777.0,put,15.52,785.6048615899474,0.0037806112535518563,-0.01101359503170334,0.1409853981864939,0.12120934951782225
2026-12-18,0.2,778.0,put,15.875,785.6048615899474,0.0037806112535518563,-0.009727421220959254,0.1403375829352402,0.12021753814697264
2026-12-18,0.2,779.0,put,16.245,785.6048615899474,0.0037806112535518563,-0.008442899528602556,0.13974536208832228,0.1193020199584961
2026-12-18,0.2,780.0,put,16.605,785.6048615899474,0.0037806112535518563,-0.007160025715713361,0.13902566087070953,0.11824917404174803
2026-12-18,0.2,781.0,put,17.005000000000003,785.6048615899474,0.0037806112535518563,-0.005878795559664892,0.13854127979375344,0.1174938715362549
2026-12-18,0.2,782.0,put,17.395,785.6048615899474,0.0037806112535518563,-0.004599204854039739,0.13792804696125538,0.11644865493774414
2026-12-18,0.2,783.0,put,17.81,785.6048615899474,0.0037806112535518563,-0.0033212494085476814,0.13743877191480328,0.11562468856811525
2026-12-18,0.2,784.0,put,18.22,785.6048615899474,0.0037806112535518563,-0.0020449250489430093,0.13685593269050192,0.11464813583374026
2026-12-18,0.2,785.0,put,18.645000000000003,785.6048615899474,0.0037806112535518563,-0.0007702276169423882,0.13632326129584296,0.11374787628173827
2026-12-18,0.2,786.0,call,18.67,785.6048615899474,0.0037806112535518563,0.0005028470298556507,0.13567424969034506,0.15374076248168944
2026-12-18,0.2,787.0,call,18.104999999999997,785.6048615899474,0.0037806112535518563,0.0017743030180524806,0.1350381281906764,0.1527947270202637
2026-12-18,0.2,788.0,call,17.545,785.6048615899474,0.0037806112535518563,0.003044144458528305,0.1343782058040078,0.1518639501953125
2026-12-18,0.2,789.0,call,17.0,785.6048615899474,0.0037806112535518563,0.004312375446523348,0.13376572403128698,0.150948432006836
2026-12-18,0.2,790.0,call,16.44,785.6048615899474,0.0037806112535518563,0.005579000061716431,0.13298391449648359,0.1498955860900879
2026-12-18,0.2,791.0,call,15.92,785.6048615899474,0.0037806112535518563,0.006844022368303053,0.13242835432137773,0.14908687835693357
2026-12-18,0.2,792.0,call,15.405000000000001,785.6048615899474,0.0037806112535518563,0.008107446415074961,0.13184642299932411,0.14820187744140628
2026-12-18,0.2,793.0,call,14.905000000000001,785.6048615899474,0.0037806112535518563,0.009369276235497237,0.13130993522085624,0.14742368698120117
2026-12-18,0.2,794.0,call,14.425,785.6048615899474,0.0037806112535518563,0.010629515847784902,0.1308551737655279,0.1467980828857422
2026-12-18,0.2,795.0,call,13.934999999999999,785.6048615899474,0.0037806112535518563,0.011888169254981006,0.13026350618921198,0.1458825646972656
2026-12-18,0.2,796.0,call,13.455,785.6048615899474,0.0037806112535518563,0.013145240445032265,0.12967959613657096,0.1451348915100098
2026-12-18,0.2,797.0,call,12.98,785.6048615899474,0.0037806112535518563,0.014400733390864218,0.1290662342187394,0.1442498905944824
2026-12-18,0.2,798.0,call,12.535,785.6048615899474,0.0037806112535518563,0.015654652050457872,0.12860773758587377,0.1435174760437012
2026-12-18,0.2,799.0,call,12.094999999999999,785.6048615899474,0.0037806112535518563,0.016907000366923917,0.12812008222699459,0.1428766133117676
2026-12-18,0.2,800.0,call,11.67,785.6048615899474,0.0037806112535518563,0.018157782268576474,0.12767753576980226,0.14217471603393556
2026-12-18,0.2,801.0,call,11.245000000000001,785.6048615899474,0.0037806112535518563,0.019407001669008328,0.1271675700581317,0.14141178421020512
2026-12-18,0.2,802.0,call,10.825,785.6048615899474,0.0037806112535518563,0.020654662467163746,0.12662661503638564,0.14064885238647462
2026-12-18,0.2,803.0,call,10.43,785.6048615899474,0.0037806112535518563,0.02190076854741085,0.12620722739360762,0.14005376556396482
2026-12-18,0.2,804.0,call,10.04,785.6048615899474,0.0037806112535518563,0.023145323779615475,0.12575763851207544,0.1393213510131836
2026-12-18,0.2,805.0,call,9.665,785.6048615899474,0.0037806112535518563,0.02438833201921262,0.12535520509418757,0.13875678146362308
2026-12-18,0.2,806.0,call,9.309999999999999,785.6048615899474,0.0037806112535518563,0.02562979710727747,0.12504085571623033,0.13828376373291018
2026-12-18,0.2,807.0,call,8.945,785.6048615899474,0.0037806112535518563,0.026869722870597905,0.12457833601613284,0.13758186645507814
2026-12-18,0.2,808.0,call,8.605,785.6048615899474,0.0037806112535518563,0.02810811312174463,0.12424524967441221,0.13706307281494146
2026-12-18,0.2,809.0,call,8.27,785.6048615899474,0.0037806112535518563,0.029344971659140868,0.12388318384235994,0.13655953781127933
2026-12-18,0.2,810.0,call,7.945,785.6048615899474,0.0037806112535518563,0.030580302267133555,0.1235327711298372,0.13597970962524414
2026-12-18,0.2,811.0,call,7.619999999999999,785.6048615899474,0.0037806112535518563,0.03181410871606217,0.12311120976353258,0.13543039871215823
2026-12-18,0.2,812.0,call,7.3100000000000005,785.6048615899474,0.0037806112535518563,0.03304639476232713,0.12274328641874034,0.13478953598022464
2026-12-18,0.2,813.0,call,7.025,785.6048615899474,0.0037806112535518563,0.034277164148459695,0.12251777301351317,0.1344385873413086
2026-12-18,0.2,814.0,call,6.73,785.6048615899474,0.0037806112535518563,0.035506420603189544,0.12213600150663809,0.13393505233764647
2026-12-18,0.2,815.0,call,6.45,785.6048615899474,0.0037806112535518563,0.036734167841511886,0.12181313271553708,0.13335522415161133
2026-12-18,0.2,816.0,call,6.175000000000001,785.6048615899474,0.0037806112535518563,0.03796040956475612,0.12146256422173592,0.13288220642089843
2026-12-18,0.2,817.0,call,5.915,785.6048615899474,0.0037806112535518563,0.03918514946065213,0.12117529703018914,0.1324397059631348
2026-12-18,0.2,818.0,call,5.67,785.6048615899474,0.0037806112535518563,0.04040839120339623,0.12095542572868602,0.1320277227783203
2026-12-18,0.2,819.0,call,5.4350000000000005,785.6048615899474,0.0037806112535518563,0.04163013845371853,0.12076002993236949,0.13172255004882813
2026-12-18,0.2,820.0,call,5.2,785.6048615899474,0.0037806112535518563,0.042850394858948045,0.12049488650648593,0.13126479095458982
2026-12-18,0.2,821.0,call,4.970000000000001,785.6048615899474,0.0037806112535518563,0.0440691640530774,0.1202063064779212,0.13082229049682614
2026-12-18,0.2,822.0,call,4.765000000000001,785.6048615899474,0.0037806112535518563,0.04528644965682902,0.12009481084939932,0.13062392822265623
2026-12-18,0.2,823.0,call,4.54,785.6048615899474,0.0037806112535518563,0.04650225527771906,0.11971130861926366,0.1300441000366211
2026-12-18,0.2,824.0,call,4.35,785.6048615899474,0.0037806112535518563,0.047716584510120875,0.11961530942409446,0.12983047912597656
2026-12-18,0.2,825.0,call,4.15,785.6048615899474,0.0037806112535518563,0.04892944093533009,0.11934570259042135,0.12941849594116211
2026-12-18,0.2,830.0,call,3.295,785.6048615899474,0.0037806112535518563,0.05497175539129278,0.11853889983344729,0.12806047729492187
2026-12-18,0.2,835.0,call,2.5999999999999996,785.6048615899474,0.0037806112535518563,0.060977779451504725,0.11795485276419534,0.12687030364990232
2026-12-18,0.2,840.0,call,2.045,785.6048615899474,0.0037806112535518563,0.0669479464380084,0.11763761227868796,0.125985302734375
2026-12-18,0.2,845.0,call,1.585,785.6048615899474,0.0037806112535518563,0.07288268195782302,0.11718925804000369,0.12506978454589845
2026-12-18,0.2,850.0,call,1.245,785.6048615899474,0.0037806112535518563,0.07878240408501139,0.11739077371506425,0.12488668090820312
2026-12-18,0.2,855.0,call,0.985,785.6048615899474,0.0037806112535518563,0.08464752353740933,0.11794014468080405,0.12510030181884768
2026-12-18,0.2,860.0,call,0.775,785.6048615899474,0.0037806112535518563,0.0904784438482026,0.11846930780440783,0.1253139227294922
2026-12-18,0.2,865.0,call,0.63,785.6048615899474,0.0037806112535518563,0.09627556153252856,0.11979967020821346,0.12659564819335936
2026-12-18,0.2,870.0,call,0.505,785.6048615899474,0.0037806112535518563,0.1020392662492785,0.12083900035813848,0.12720599365234375
2026-12-18,0.2,875.0,call,0.415,785.6048615899474,0.0037806112535518563,0.1077699409582636,0.12238638646264197,0.12854875366210936
2026-12-18,0.2,880.0,call,0.345,785.6048615899474,0.0037806112535518563,0.1134679620729014,0.12412245123293561,0.13013565185546871
2026-12-18,0.2,885.0,call,0.28500000000000003,785.6048615899474,0.0037806112535518563,0.11913369960857863,0.1256974948266448,0.13160048095703125
2026-12-18,0.2,890.0,call,0.235,785.6048615899474,0.0037806112535518563,0.12476751732683469,0.1272044742592001,0.13306531005859373
2026-12-18,0.2,895.0,call,0.20500000000000002,785.6048615899474,0.0037806112535518563,0.1303697728755046,0.12964566906711011,0.13538462280273442
2026-12-18,0.2,900.0,call,0.175,785.6048615899474,0.0037806112535518563,0.13594081792495985,0.13164078179548078,0.13721565917968753
2026-12-18,0.2,905.0,call,0.14500000000000002,785.6048615899474,0.0037806112535518563,0.14148099830057528,0.1330848249618311,0.13868048828125001
2026-12-18,0.2,910.0,call,0.125,785.6048615899474,0.0037806112535518563,0.14699065411154497,0.1351320145649485,0.14063359375
2026-12-18,0.2,915.0,call,0.11499999999999999,785.6048615899474,0.0037806112535518563,0.15247011987617043,0.13815737537462566,0.143563251953125
2026-12-18,0.2,920.0,call,0.095,785.6048615899474,0.0037806112535518563,0.15791972464373516,0.1393998764252325,0.1450280810546875
2026-12-18,0.2,925.0,call,0.08499999999999999,785.6048615899474,0.0037806112535518563,0.16333979211307442,0.14184601205827083,0.147469462890625
2026-12-18,0.2,930.0,call,0.07500000000000001,785.6048615899474,0.0037806112535518563,0.16873064074795072,0.14401369799906535,0.149422568359375
2026-12-18,0.2,935.0,call,0.065,785.6048615899474,0.0037806112535518563,0.17409258388933616,0.1458525815422796,0.15137567382812503
2026-12-18,0.2,940.0,call,0.055,785.6048615899474,0.0037806112535518563,0.1794259298646988,0.14728893718259217,0.15284050292968754
2026-12-18,0.2,945.0,call,0.055,785.6048615899474,0.0037806112535518563,0.18473098209439187,0.15116235096732575,0.15674671386718753
2026-12-18,0.2,950.0,call,0.045,785.6048615899474,0.0037806112535518563,0.19000803919523568,0.15198937996761935,0.1577232666015625
2026-12-18,0.2,955.0,call,0.045,785.6048615899474,0.0037806112535518563,0.1952573950813795,0.15574057841925723,0.16162947753906248
2026-12-18,0.2,960.0,call,0.035,785.6048615899474,0.0037806112535518563,0.20047933906253101,0.15574716862411297,0.16162947753906248
2026-12-18,0.2,965.0,call,0.035,785.6048615899474,0.0037806112535518563,0.2056741559396351,0.15937001751131755,0.165047412109375
2026-12-18,0.2,970.0,call,0.035,785.6048615899474,0.0037806112535518563,0.21084212609807773,0.16296566224088327,0.16895362304687503
2026-12-18,0.2,975.0,call,0.025,785.6048615899474,0.0037806112535518563,0.2159835255984963,0.161628738368559,0.16797707031250003
2026-12-18,0.2,980.0,call,0.025,785.6048615899474,0.0037806112535518563,0.22109862626526677,0.1650851945408216,0.17188328125000002
2026-12-18,0.2,985.0,call,0.025,785.6048615899474,0.0037806112535518563,0.22618769577273812,0.16851692185639935,0.174812939453125
2026-12-18,0.2,990.0,call,0.025,785.6048615899474,0.0037806112535518563,0.23125099772928473,0.17192436961799323,0.178719150390625
2026-12-18,0.2,995.0,call,0.025,785.6048615899474,0.0037806112535518563,0.23628879175924195,0.1753079714433435,0.18164880859375
2026-12-18,0.2,1000.0,call,0.025,785.6048615899474,0.0037806112535518563,0.24130133358278627,0.17866814505113152,0.18555501953124998
2026-12-31,0.2356164383561644,460.0,put,0.355,785.7773553935685,0.008376756106263705,-0.5354469999615095,0.4589056604339716,0.45117736328125
2026-12-31,0.2356164383561644,465.0,put,0.37,785.7773553935685,0.008376756106263705,-0.5246360838572938,0.4527305947583217,0.44556218505859374
2026-12-31,0.2356164383561644,470.0,put,0.385,785.7773553935685,0.008376756106263705,-0.5139407947405459,0.446503979230045,0.4387263159179688
2026-12-31,0.2356164383561644,475.0,put,0.405,785.7773553935685,0.008376756106263705,-0.5033586854100089,0.44091688296026443,0.4331111376953125
2026-12-31,0.2356164383561644,480.0,put,0.425,785.7773553935685,0.008376756106263705,-0.4928873855427135,0.43522895521175614,0.4272518212890626
2026-12-31,0.2356164383561644,485.0,put,0.445,785.7773553935685,0.008376756106263705,-0.4825245985071669,0.42945144294755394,0.42139250488281255
2026-12-31,0.2356164383561644,490.0,put,0.46499999999999997,785.7773553935685,0.008376756106263705,-0.4722680983399778,0.4235941190497097,0.4155331884765625
2026-12-31,0.2356164383561644,495.0,put,0.485,785.7773553935685,0.008376756106263705,-0.4621157268759598,0.4176655133279311,0.4096738720703125
2026-12-31,0.2356164383561644,500.0,put,0.515,785.7773553935685,0.008376756106263705,-0.45206539102245835,0.41274610148675817,0.4046690393066406
2026-12-31,0.2356164383561644,505.0,put,0.535,785.7773553935685,0.008376756106263705,-0.44211506016929025,0.40665159536649315,0.398443515625
2026-12-31,0.2356164383561644,510.0,put,0.565,785.7773553935685,0.008376756106263705,-0.43226276372627864,0.4014827131078026,0.39331661376953125
2026-12-31,0.2356164383561644,515.0,put,0.585,785.7773553935685,0.008376756106263705,-0.42250658878091396,0.3952571629091354,0.38709109008789055
2026-12-31,0.2356164383561644,520.0,put,0.615,785.7773553935685,0.008376756106263705,-0.41284467786917706,0.3898837689563624,0.3815979809570312
2026-12-31,0.2356164383561644,525.0,put,0.645,785.7773553935685,0.008376756106263705,-0.40327522685302636,0.38440048704764607,0.37622694091796877
2026-12-31,0.2356164383561644,530.0,put,0.675,785.7773553935685,0.008376756106263705,-0.39379648289848257,0.3788179120894597,0.3706117626953125
2026-12-31,0.2356164383561644,535.0,put,0.71,785.7773553935685,0.008376756106263705,-0.38440674254864354,0.37352820406407816,0.3656069299316406
2026-12-31,0.2356164383561644,540.0,put,0.745,785.7773553935685,0.008376756106263705,-0.37510434988633,0.36812145599368423,0.3597476135253906
2026-12-31,0.2356164383561644,545.0,put,0.775,785.7773553935685,0.008376756106263705,-0.365887694781406,0.3622607972339637,0.35388829711914055
2026-12-31,0.2356164383561644,550.0,put,0.815,785.7773553935685,0.008376756106263705,-0.3567552112181335,0.3569986575735742,0.348639326171875
2026-12-31,0.2356164383561644,555.0,put,0.855,785.7773553935685,0.008376756106263705,-0.3477053756982156,0.35161636587572304,0.34314621704101556
2026-12-31,0.2356164383561644,560.0,put,0.895,785.7773553935685,0.008376756106263705,-0.33873670571545517,0.34612445363803584,0.33765310791015624
2026-12-31,0.2356164383561644,565.0,put,0.935,785.7773553935685,0.008376756106263705,-0.3298477582982091,0.3405320718290095,0.3320379296875
2026-12-31,0.2356164383561644,570.0,put,0.985,785.7773553935685,0.008376756106263705,-0.3210371286160544,0.3353951588481303,0.32684999328613284
2026-12-31,0.2356164383561644,575.0,put,1.0350000000000001,785.7773553935685,0.008376756106263705,-0.31230344864729975,0.33012271680551436,0.3215399877929687
2026-12-31,0.2356164383561644,580.0,put,1.085,785.7773553935685,0.008376756106263705,-0.30364538590418516,0.32472606980972085,0.3161079132080078
2026-12-31,0.2356164383561644,585.0,put,1.14,785.7773553935685,0.008376756106263705,-0.2950616422127937,0.31945106859982897,0.3110420458984374
2026-12-31,0.2356164383561644,586.0,put,1.145,785.7773553935685,0.008376756106263705,-0.29335369986763754,0.31809985007744584,0.3094551477050781
2026-12-31,0.2356164383561644,588.0,put,1.17,785.7773553935685,0.008376756106263705,-0.28994654154602323,0.31608671575003366,0.30762411132812495
2026-12-31,0.2356164383561644,589.0,put,1.18,785.7773553935685,0.008376756106263705,-0.2882473057930634,0.31495714437161,0.30652548950195313
2026-12-31,0.2356164383561644,590.0,put,1.1949999999999998,785.7773553935685,0.008376756106263705,-0.28655095254488505,0.31404857099719957,0.30536583312988286
2026-12-31,0.2356164383561644,592.0,put,1.2149999999999999,785.7773553935685,0.008376756106263705,-0.2831668545606444,0.3117658393556918,0.3030465203857422
2026-12-31,0.2356164383561644,595.0,put,1.255,785.7773553935685,0.008376756106263705,-0.2781120838990204,0.3087423672494761,0.29999479309082033
2026-12-31,0.2356164383561644,599.0,put,1.3050000000000002,785.7773553935685,0.008376756106263705,-0.27141189132920074,0.30448632615161375,0.29572237487792963
2026-12-31,0.2356164383561644,600.0,put,1.315,785.7773553935685,0.008376756106263705,-0.26974383422850384,0.30330710445670406,0.2945016839599609
2026-12-31,0.2356164383561644,601.0,put,1.33,785.7773553935685,0.008376756106263705,-0.26807855490944255,0.30232652896114626,0.2937082348632812
2026-12-31,0.2356164383561644,604.0,put,1.375,785.7773553935685,0.008376756106263705,-0.26309929150983513,0.29934248888133663,0.29053443847656246
2026-12-31,0.2356164383561644,605.0,put,1.3849999999999998,785.7773553935685,0.008376756106263705,-0.2614450314138087,0.2981404854910238,0.2893137475585937
2026-12-31,0.2356164383561644,606.0,put,1.4,785.7773553935685,0.008376756106263705,-0.2597935033753357,0.29712743511576134,0.2884592639160155
2026-12-31,0.2356164383561644,608.0,put,1.4249999999999998,785.7773553935685,0.008376756106263705,-0.25649860747848313,0.29489356992694776,0.28601788208007806
2026-12-31,0.2356164383561644,609.0,put,1.44,785.7773553935685,0.008376756106263705,-0.25485522173475306,0.29386297805374684,0.28516339843749994
2026-12-31,0.2356164383561644,610.0,put,1.455,785.7773553935685,0.008376756106263705,-0.25321453227729324,0.29282607518744097,0.28394270751953116
2026-12-31,0.2356164383561644,612.0,put,1.4849999999999999,785.7773553935685,0.008376756106263705,-0.249941206932324,0.29073372305497497,0.2818064984130859
2026-12-31,0.2356164383561644,613.0,put,1.505,785.7773553935685,0.008376756106263705,-0.24830855350843875,0.28985732870807623,0.2809520147705078
2026-12-31,0.2356164383561644,614.0,put,1.52,785.7773553935685,0.008376756106263705,-0.24667856129750762,0.28879436628465943,0.28003649658203117
2026-12-31,0.2356164383561644,615.0,put,1.53,785.7773553935685,0.008376756106263705,-0.2450512216381323,0.28755020177737883,0.2788158056640625
2026-12-31,0.2356164383561644,616.0,put,1.55,785.7773553935685,0.008376756106263705,-0.24342652591113034,0.28665104680033243,0.2778392529296875
2026-12-31,0.2356164383561644,617.0,put,1.565,785.7773553935685,0.008376756106263705,-0.24180446553926238,0.285570852465923,0.2766185620117187
2026-12-31,0.2356164383561644,618.0,put,1.58,785.7773553935685,0.008376756106263705,-0.24018503198695937,0.28448507277259516,0.2757030438232422
2026-12-31,0.2356164383561644,619.0,put,1.6,785.7773553935685,0.008376756106263705,-0.238568216760054,0.2835621866021204,0.27472649108886715
2026-12-31,0.2356164383561644,620.0,put,1.6150000000000002,785.7773553935685,0.008376756106263705,-0.23695401140551292,0.28246385964715975,0.273444765625
2026-12-31,0.2356164383561644,621.0,put,1.63,785.7773553935685,0.008376756106263705,-0.23534240751117136,0.2813601896387741,0.2725292474365234
2026-12-31,0.2356164383561644,622.0,put,1.65,785.7773553935685,0.008376756106263705,-0.23373339670547075,0.2804146354131797,0.2715526947021484
2026-12-31,0.2356164383561644,623.0,put,1.67,785.7773553935685,0.008376756106263705,-0.232126970657197,0.2794605449161591,0.27057614196777346
2026-12-31,0.2356164383561644,624.0,put,1.68,785.7773553935685,0.008376756106263705,-0.2305231210752224,0.27817815062050444,0.26929441650390623
2026-12-31,0.2356164383561644,625.0,put,1.705,785.7773553935685,0.008376756106263705,-0.22892183970824867,0.2773692453167972,0.2683178637695312
2026-12-31,0.2356164383561644,626.0,put,1.72,785.7773553935685,0.008376756106263705,-0.2273231183445516,0.2762354641663838,0.26734131103515624
2026-12-31,0.2356164383561644,627.0,put,1.7349999999999999,785.7773553935685,0.008376756106263705,-0.2257269488117295,0.2750967776236234,0.2659985510253906
2026-12-31,0.2356164383561644,628.0,put,1.76,785.7773553935685,0.008376756106263705,-0.22413332297645147,0.27426060077487757,0.26532717102050785
2026-12-31,0.2356164383561644,629.0,put,1.78,785.7773553935685,0.008376756106263705,-0.22254223274420956,0.273261422473466,0.26428958374023437
2026-12-31,0.2356164383561644,630.0,put,1.8,785.7773553935685,0.008376756106263705,-0.2209536700590718,0.2722545752458506,0.263251996459961
2026-12-31,0.2356164383561644,631.0,put,1.82,785.7773553935685,0.008376756106263705,-0.21936762690343695,0.27124017480851037,0.2622144091796875
2026-12-31,0.2356164383561644,632.0,put,1.84,785.7773553935685,0.008376756106263705,-0.21778409529779277,0.270218333968393,0.2612073391723633
2026-12-31,0.2356164383561644,633.0,put,1.86,785.7773553935685,0.008376756106263705,-0.21620306730047395,0.2691891613405269,0.2601392346191406
2026-12-31,0.2356164383561644,634.0,put,1.88,785.7773553935685,0.008376756106263705,-0.21462453500742415,0.2681527619138921,0.2591016473388672
2026-12-31,0.2356164383561644,635.0,put,1.895,785.7773553935685,0.008376756106263705,-0.2130484905519585,0.2669664840156836,0.25775888732910157
2026-12-31,0.2356164383561644,636.0,put,1.92,785.7773553935685,0.008376756106263705,-0.21147492610452795,0.26605868522331716,0.2569654382324219
2026-12-31,0.2356164383561644,637.0,put,1.94,785.7773553935685,0.008376756106263705,-0.20990383387248684,0.26500120088916934,0.25592785095214843
2026-12-31,0.2356164383561644,638.0,put,1.96,785.7773553935685,0.008376756106263705,-0.20833520609986025,0.26393687583612135,0.2548292291259766
2026-12-31,0.2356164383561644,639.0,put,1.9849999999999999,785.7773553935685,0.008376756106263705,-0.20676903506711528,0.2630027307406081,0.25403578002929694
2026-12-31,0.2356164383561644,640.0,put,2.005,785.7773553935685,0.008376756106263705,-0.20520531309093262,0.2619236375466079,0.25263198547363286
2026-12-31,0.2356164383561644,641.0,put,2.0300000000000002,785.7773553935685,0.008376756106263705,-0.20364403252398006,0.2609720565409909,0.2518385363769531
2026-12-31,0.2356164383561644,642.0,put,2.05,785.7773553935685,0.008376756106263705,-0.202085185754689,0.259878611527724,0.25070939727783204
2026-12-31,0.2356164383561644,643.0,put,2.08,785.7773553935685,0.008376756106263705,-0.20052876520703075,0.25904123981594857,0.24985491363525392
2026-12-31,0.2356164383561644,644.0,put,2.105,785.7773553935685,0.008376756106263705,-0.19897476334029646,0.2580622928615268,0.24872577453613282
2026-12-31,0.2356164383561644,645.0,put,2.13,785.7773553935685,0.008376756106263705,-0.19742317264887765,0.2570745039843333,0.2478712908935547
2026-12-31,0.2356164383561644,646.0,put,2.145,785.7773553935685,0.008376756106263705,-0.19587398566204825,0.25582394671919856,0.2467116345214844
2026-12-31,0.2356164383561644,647.0,put,2.175,785.7773553935685,0.008376756106263705,-0.19432719494374961,0.2549473199811889,0.2457961163330078
2026-12-31,0.2356164383561644,648.0,put,2.2,785.7773553935685,0.008376756106263705,-0.19278279309237542,0.25393510123107793,0.24463645996093752
2026-12-31,0.2356164383561644,649.0,put,2.225,785.7773553935685,0.008376756106263705,-0.1912407727405601,0.25291451635604567,0.2434768035888672
2026-12-31,0.2356164383561644,650.0,put,2.255,785.7773553935685,0.008376756106263705,-0.18970112655496735,0.2520073750651379,0.2425612854003906
2026-12-31,0.2356164383561644,651.0,put,2.285,785.7773553935685,0.008376756106263705,-0.18816384723608084,0.25108943806181455,0.24164576721191405
2026-12-31,0.2356164383561644,652.0,put,2.3049999999999997,785.7773553935685,0.008376756106263705,-0.18662892751799723,0.24992288746049626,0.24066921447753903
2026-12-31,0.2356164383561644,653.0,put,2.335,785.7773553935685,0.008376756106263705,-0.18509636016821907,0.24898657535302013,0.23972317901611323
2026-12-31,0.2356164383561644,654.0,put,2.365,785.7773553935685,0.008376756106263705,-0.18356613798745136,0.24803993272586908,0.2387771435546875
2026-12-31,0.2356164383561644,655.0,put,2.395,785.7773553935685,0.008376756106263705,-0.18203825380939823,0.24708312072345648,0.2375564526367187
2026-12-31,0.2356164383561644,656.0,put,2.42,785.7773553935685,0.008376756106263705,-0.18051270050056106,0.24600233171404504,0.23657989990234374
2026-12-31,0.2356164383561644,657.0,put,2.4450000000000003,785.7773553935685,0.008376756106263705,-0.17898947096003967,0.24491405506729796,0.2355728298950195
2026-12-31,0.2356164383561644,658.0,put,2.475,785.7773553935685,0.008376756106263705,-0.17746855811933293,0.24393009277251024,0.2345657598876953
2026-12-31,0.2356164383561644,659.0,put,2.505,785.7773553935685,0.008376756106263705,-0.17594995494214286,0.24293650114018633,0.2335586898803711
2026-12-31,0.2356164383561644,660.0,put,2.54,785.7773553935685,0.008376756106263705,-0.1744336544241789,0.2420426303397371,0.23252110260009767
2026-12-31,0.2356164383561644,661.0,put,2.5700000000000003,785.7773553935685,0.008376756106263705,-0.1729196495929638,0.24102901398901108,0.2314835153198242
2026-12-31,0.2356164383561644,662.0,put,2.5999999999999996,785.7773553935685,0.008376756106263705,-0.17140793350764197,0.24000617483175277,0.23044592803955077
2026-12-31,0.2356164383561644,663.0,put,2.6399999999999997,785.7773553935685,0.008376756106263705,-0.1698984992587876,0.23918551051389017,0.22959144439697265
2026-12-31,0.2356164383561644,664.0,put,2.6799999999999997,785.7773553935685,0.008376756106263705,-0.16839133996821634,0.23835107006895442,0.22873696075439454
2026-12-31,0.2356164383561644,665.0,put,2.71,785.7773553935685,0.008376756106263705,-0.166886448788796,0.23729694019795602,0.22766885620117186
2026-12-31,0.2356164383561644,666.0,put,2.74,785.7773553935685,0.008376756106263705,-0.16538381890426096,0.23623410470683714,0.22657023437499998
2026-12-31,0.2356164383561644,667.0,put,2.775,785.7773553935685,0.008376756106263705,-0.16388344352902645,0.23526369922409968,0.22568523345947267
2026-12-31,0.2356164383561644,668.0,put,2.8099999999999996,785.7773553935685,0.008376756106263705,-0.1623853159080044,0.234282652518321,0.22458661163330074
2026-12-31,0.2356164383561644,669.0,put,2.84,785.7773553935685,0.008376756106263705,-0.16088942931642175,0.2331922685121656,0.22345747253417966
2026-12-31,0.2356164383561644,670.0,put,2.885,785.7773553935685,0.008376756106263705,-0.1593957770596384,0.232386905295997,0.22272505798339842
2026-12-31,0.2356164383561644,671.0,put,2.92,785.7773553935685,0.008376756106263705,-0.1579043524729683,0.23137374034788455,0.22159591888427732
2026-12-31,0.2356164383561644,672.0,put,2.965,785.7773553935685,0.008376756106263705,-0.15641514892150063,0.23054150799849252,0.22083298706054685
2026-12-31,0.2356164383561644,673.0,put,2.99,785.7773553935685,0.008376756106263705,-0.1549281597999223,0.22931730992683416,0.21949022705078125
2026-12-31,0.2356164383561644,674.0,put,3.035,785.7773553935685,0.008376756106263705,-0.15344337853234316,0.22846130180855312,0.21869677795410153
2026-12-31,0.2356164383561644,675.0,put,3.075,785.7773553935685,0.008376756106263705,-0.1519607985721203,0.2274990405445502,0.21753712158203126
2026-12-31,0.2356164383561644,676.0,put,3.1100000000000003,785.7773553935685,0.008376756106263705,-0.150480413401686,0.22643381472792,0.216530051574707
2026-12-31,0.2356164383561644,677.0,put,3.1500000000000004,785.7773553935685,0.008376756106263705,-0.14900221653237516,0.2254495975708588,0.2155229815673828
2026-12-31,0.2356164383561644,678.0,put,3.2,785.7773553935685,0.008376756106263705,-0.14752620150425455,0.22463288638516377,0.2146684979248047
2026-12-31,0.2356164383561644,679.0,put,3.245,785.7773553935685,0.008376756106263705,-0.14605236188595405,0.22371266658789501,0.21381401428222657
2026-12-31,0.2356164383561644,680.0,put,3.2800000000000002,785.7773553935685,0.008376756106263705,-0.14458069127449774,0.22260482681321217,0.2125933233642578
2026-12-31,0.2356164383561644,681.0,put,3.33,785.7773553935685,0.008376756106263705,-0.14311118329513772,0.22174734238392313,0.21170832244873045
2026-12-31,0.2356164383561644,682.0,put,3.37,785.7773553935685,0.008376756106263705,-0.14164383160118807,0.2207044719483517,0.2106402178955078
2026-12-31,0.2356164383561644,683.0,put,3.42,785.7773553935685,0.008376756106263705,-0.14017862987386004,0.21982006354972347,0.20972469970703123
2026-12-31,0.2356164383561644,684.0,put,3.475,785.7773553935685,0.008376756106263705,-0.13871557182209973,0.2190049278146257,0.2089312506103515
2026-12-31,0.2356164383561644,685.0,put,3.5149999999999997,785.7773553935685,0.008376756106263705,-0.13725465118242483,0.21792640775967057,0.20783262878417966
2026-12-31,0.2356164383561644,686.0,put,3.5599999999999996,785.7773553935685,0.008376756106263705,-0.13579586171876484,0.21691940994583886,0.20673400695800775
2026-12-31,0.2356164383561644,687.0,put,3.615,785.7773553935685,0.008376756106263705,-0.1343391972223008,0.21606211510551798,0.20591004058837886
2026-12-31,0.2356164383561644,688.0,put,3.66,785.7773553935685,0.008376756106263705,-0.13288465151130643,0.21502996472994376,0.20478090148925776
2026-12-31,0.2356164383561644,689.0,put,3.715,785.7773553935685,0.008376756106263705,-0.13143221843099162,0.21414421432893982,0.20392641784667967
2026-12-31,0.2356164383561644,690.0,put,3.7800000000000002,785.7773553935685,0.008376756106263705,-0.12998189185334508,0.21339948496928057,0.20307193420410152
2026-12-31,0.2356164383561644,691.0,put,3.82,785.7773553935685,0.008376756106263705,-0.12853366567698019,0.21225123221156703,0.2020343469238281
2026-12-31,0.2356164383561644,692.0,put,3.875,785.7773553935685,0.008376756106263705,-0.1270875338269806,0.21132240780033354,0.20099675964355468
2026-12-31,0.2356164383561644,693.0,put,3.93,785.7773553935685,0.008376756106263705,-0.12564349025474686,0.21037931555555042,0.2000812414550781
2026-12-31,0.2356164383561644,694.0,put,3.99,785.7773553935685,0.008376756106263705,-0.12420152893784568,0.209496675110668,0.19901313690185546
2026-12-31,0.2356164383561644,695.0,put,4.045,785.7773553935685,0.008376756106263705,-0.122761643879858,0.20852476697766048,0.1980976187133789
2026-12-31,0.2356164383561644,696.0,put,4.1,785.7773553935685,0.008376756106263705,-0.12132382911023043,0.20753913314632036,0.19713632461547853
2026-12-31,0.2356164383561644,697.0,put,4.17,785.7773553935685,0.008376756106263705,-0.11988807868412626,0.20675604554497432,0.19617503051757812
2026-12-31,0.2356164383561644,698.0,put,4.225,785.7773553935685,0.008376756106263705,-0.11845438668227763,0.20574109738348667,0.19519847778320312
2026-12-31,0.2356164383561644,699.0,put,4.29,785.7773553935685,0.008376756106263705,-0.11702274721083991,0.20485375055688046,0.1941914077758789
2026-12-31,0.2356164383561644,700.0,put,4.359999999999999,785.7773553935685,0.008376756106263705,-0.11559315440124546,0.2040197546182288,0.19330640686035155
2026-12-31,0.2356164383561644,701.0,put,4.41,785.7773553935685,0.008376756106263705,-0.11416560241005998,0.2028930047765192,0.19214675048828128
2026-12-31,0.2356164383561644,702.0,put,4.475,785.7773553935685,0.008376756106263705,-0.11274008541883902,0.2019592134335586,0.19124649093627932
2026-12-31,0.2356164383561644,703.0,put,4.545,785.7773553935685,0.008376756106263705,-0.11131659763398519,0.20107709539126653,0.19031571411132814
2026-12-31,0.2356164383561644,704.0,put,4.609999999999999,785.7773553935685,0.008376756106263705,-0.10989513328660777,0.20011148975603543,0.18936967864990234
2026-12-31,0.2356164383561644,705.0,put,4.68,785.7773553935685,0.008376756106263705,-0.10847568663238147,0.19919643214392968,0.18842364318847654
2026-12-31,0.2356164383561644,706.0,put,4.75,785.7773553935685,0.008376756106263705,-0.107058251951408,0.1982648311888526,0.18744709045410157
2026-12-31,0.2356164383561644,707.0,put,4.824999999999999,785.7773553935685,0.008376756106263705,-0.10564282354807739,0.1973812004534779,0.18644002044677732
2026-12-31,0.2356164383561644,708.0,put,4.9,785.7773553935685,0.008376756106263705,-0.10422939575093033,0.1964799713794374,0.1854329504394531
2026-12-31,0.2356164383561644,709.0,put,4.970000000000001,785.7773553935685,0.008376756106263705,-0.10281796291252267,0.1954984955292217,0.18453269088745117
2026-12-31,0.2356164383561644,710.0,put,5.05,785.7773553935685,0.008376756106263705,-0.10140851940928901,0.1946255879980995,0.1834798449707031
2026-12-31,0.2356164383561644,711.0,put,5.13,785.7773553935685,0.008376756106263705,-0.10000105964140932,0.19373429879066367,0.18254906814575195
2026-12-31,0.2356164383561644,712.0,put,5.205,785.7773553935685,0.008376756106263705,-0.09859557803267438,0.19276408457085137,0.18158777404785154
2026-12-31,0.2356164383561644,713.0,put,5.285,785.7773553935685,0.008376756106263705,-0.09719206903035416,0.19183737922582642,0.18061122131347657
2026-12-31,0.2356164383561644,714.0,put,5.369999999999999,785.7773553935685,0.008376756106263705,-0.09579052710506578,0.19095235720798956,0.17972622039794922
2026-12-31,0.2356164383561644,715.0,put,5.465,785.7773553935685,0.008376756106263705,-0.09439094675064247,0.1901659423607495,0.17884121948242188
2026-12-31,0.2356164383561644,716.0,put,5.545,785.7773553935685,0.008376756106263705,-0.09299332248400458,0.1891840032769686,0.17780363220214845
2026-12-31,0.2356164383561644,717.0,put,5.630000000000001,785.7773553935685,0.008376756106263705,-0.09159764884502979,0.18824235629330588,0.17685759674072266
2026-12-31,0.2356164383561644,718.0,put,5.725,785.7773553935685,0.008376756106263705,-0.09020392039642591,0.18739609569107665,0.1758963026428223
2026-12-31,0.2356164383561644,719.0,put,5.8149999999999995,785.7773553935685,0.008376756106263705,-0.08881213172360347,0.18647309347463598,0.17491974990844728
2026-12-31,0.2356164383561644,720.0,put,5.91,785.7773553935685,0.008376756106263705,-0.08742227743454913,0.1855865613432292,0.1739279385375977
2026-12-31,0.2356164383561644,721.0,put,6.005,785.7773553935685,0.008376756106263705,-0.08603435215970111,0.18467991832376918,0.17301242034912112
2026-12-31,0.2356164383561644,722.0,put,6.1,785.7773553935685,0.008376756106263705,-0.0846483505518239,0.18375337723877938,0.1719748330688477
2026-12-31,0.2356164383561644,723.0,put,6.195,785.7773553935685,0.008376756106263705,-0.0832642672858854,0.1828071349314792,0.1710135389709473
2026-12-31,0.2356164383561644,724.0,put,6.300000000000001,785.7773553935685,0.008376756106263705,-0.08188209705893379,0.1819477335990034,0.17014379669189456
2026-12-31,0.2356164383561644,725.0,put,6.404999999999999,785.7773553935685,0.008376756106263705,-0.08050183458997534,0.18106669835391515,0.16913672668457033
2026-12-31,0.2356164383561644,726.0,put,6.51,785.7773553935685,0.008376756106263705,-0.0791234746198541,0.18016425823570753,0.1682212084960938
2026-12-31,0.2356164383561644,727.0,put,6.615,785.7773553935685,0.008376756106263705,-0.07774701191113077,0.17924062401979463,0.16718362121582034
2026-12-31,0.2356164383561644,728.0,put,6.725,785.7773553935685,0.008376756106263705,-0.07637244124796412,0.17834690164326494,0.16622232711791995
2026-12-31,0.2356164383561644,729.0,put,6.845000000000001,785.7773553935685,0.008376756106263705,-0.074999757435992,0.17753199508548906,0.1653373262023926
2026-12-31,0.2356164383561644,730.0,put,6.955,785.7773553935685,0.008376756106263705,-0.07362895530221329,0.17659362209027482,0.16433025619506836
2026-12-31,0.2356164383561644,731.0,put,7.08,785.7773553935685,0.008376756106263705,-0.07226002969487168,0.175781615813264,0.16339947937011723
2026-12-31,0.2356164383561644,732.0,put,7.210000000000001,785.7773553935685,0.008376756106263705,-0.07089297548333857,0.17499390761108619,0.16262128890991212
2026-12-31,0.2356164383561644,733.0,put,7.32,785.7773553935685,0.008376756106263705,-0.06952778755799859,0.17398806606065784,0.1615379257202148
2026-12-31,0.2356164383561644,734.0,put,7.449999999999999,785.7773553935685,0.008376756106263705,-0.06816446083013457,0.17315221991269406,0.1606224075317383
2026-12-31,0.2356164383561644,735.0,put,7.574999999999999,785.7773553935685,0.008376756106263705,-0.06680299023181344,0.17224437358722883,0.15960007888793942
2026-12-31,0.2356164383561644,736.0,put,7.71,785.7773553935685,0.008376756106263705,-0.06544337071577394,0.17140645643502095,0.15863878479003907
2026-12-31,0.2356164383561644,737.0,put,7.845000000000001,785.7773553935685,0.008376756106263705,-0.06408559725531353,0.1705432304920556,0.1577232666015625
2026-12-31,0.2356164383561644,738.0,put,7.984999999999999,785.7773553935685,0.008376756106263705,-0.06272966484417758,0.16970069886663286,0.15680774841308598
2026-12-31,0.2356164383561644,739.0,put,8.115,785.7773553935685,0.008376756106263705,-0.06137556849644838,0.168741693929818,0.15584645431518557
2026-12-31,0.2356164383561644,740.0,put,8.265,785.7773553935685,0.008376756106263705,-0.060023303246434664,0.1679383708053983,0.1549461947631836
2026-12-31,0.2356164383561644,741.0,put,8.41,785.7773553935685,0.008376756106263705,-0.058672864148563285,0.1670633800976774,0.15393912475585939
2026-12-31,0.2356164383561644,742.0,put,8.565000000000001,785.7773553935685,0.008376756106263705,-0.057324246277269675,0.1662501935669183,0.15299308929443362
2026-12-31,0.2356164383561644,743.0,put,8.725,785.7773553935685,0.008376756106263705,-0.05597744472689092,0.16545283723493143,0.15216912292480472
2026-12-31,0.2356164383561644,744.0,put,8.879999999999999,785.7773553935685,0.008376756106263705,-0.05463245461155829,0.16458403167928168,0.15108575973510746
2026-12-31,0.2356164383561644,745.0,put,9.04,785.7773553935685,0.008376756106263705,-0.053289271065090585,0.16373061720824447,0.15012446563720705
2026-12-31,0.2356164383561644,746.0,put,9.205,785.7773553935685,0.008376756106263705,-0.05194788924088932,0.16289153093059133,0.1492242060852051
2026-12-31,0.2356164383561644,747.0,put,9.375,785.7773553935685,0.008376756106263705,-0.050608304311832816,0.16206573573554228,0.14836972244262697
2026-12-31,0.2356164383561644,748.0,put,9.555,785.7773553935685,0.008376756106263705,-0.049270511470172834,0.16129370001454002,0.14740842834472656
2026-12-31,0.2356164383561644,749.0,put,9.73,785.7773553935685,0.008376756106263705,-0.04793450592743067,0.16044999756058448,0.14649291015625
2026-12-31,0.2356164383561644,750.0,put,9.91,785.7773553935685,0.008376756106263705,-0.046600282914293974,0.15961739060873809,0.1455468746948242
2026-12-31,0.2356164383561644,751.0,put,10.1,785.7773553935685,0.008376756106263705,-0.04526783768051543,0.15883526589321695,0.14463135650634767
2026-12-31,0.2356164383561644,752.0,put,10.295,785.7773553935685,0.008376756106263705,-0.0439371654948103,0.15806161312985978,0.1437005796813965
2026-12-31,0.2356164383561644,753.0,put,10.485,785.7773553935685,0.008376756106263705,-0.04260826164475661,0.157216282904082,0.14273928558349608
2026-12-31,0.2356164383561644,754.0,put,10.68,785.7773553935685,0.008376756106263705,-0.041281121436694074,0.15637904155950916,0.1418085087585449
2026-12-31,0.2356164383561644,755.0,put,10.879999999999999,785.7773553935685,0.008376756106263705,-0.039955740195625394,0.15554899105751752,0.14084721466064454
2026-12-31,0.2356164383561644,756.0,put,11.09,785.7773553935685,0.008376756106263705,-0.03863211326511717,0.15476388212348022,0.13991643783569335
2026-12-31,0.2356164383561644,757.0,put,11.315000000000001,785.7773553935685,0.008376756106263705,-0.03731023600720134,0.15406020004825602,0.13903143692016606
2026-12-31,0.2356164383561644,758.0,put,11.535,785.7773553935685,0.008376756106263705,-0.03599010380227853,0.15328327938459263,0.13811591873168944
2026-12-31,0.2356164383561644,759.0,put,11.754999999999999,785.7773553935685,0.008376756106263705,-0.03467171204902021,0.1524718781686979,0.13723091781616215
2026-12-31,0.2356164383561644,760.0,put,11.995000000000001,785.7773553935685,0.008376756106263705,-0.03335505616427333,0.15177568675102077,0.13630014099121096
2026-12-31,0.2356164383561644,761.0,put,12.219999999999999,785.7773553935685,0.008376756106263705,-0.03204013158296433,0.15093154685359125,0.1353388468933106
2026-12-31,0.2356164383561644,762.0,put,12.46,785.7773553935685,0.008376756106263705,-0.03072693375800384,0.15016309290212695,0.1344080700683594
2026-12-31,0.2356164383561644,763.0,put,12.71,785.7773553935685,0.008376756106263705,-0.02941545816019318,0.1494313560578399,0.1335078105163574
2026-12-31,0.2356164383561644,764.0,put,12.96,785.7773553935685,0.008376756106263705,-0.02810570027812965,0.14866219488703258,0.13256177505493166
2026-12-31,0.2356164383561644,765.0,put,13.23,785.7773553935685,0.008376756106263705,-0.026797655618114254,0.1479999281399609,0.1316462568664551
2026-12-31,0.2356164383561644,766.0,put,13.495000000000001,785.7773553935685,0.008376756106263705,-0.02549131970405886,0.1472625437367878,0.1307612559509277
2026-12-31,0.2356164383561644,767.0,put,13.76,785.7773553935685,0.008376756106263705,-0.02418668807739393,0.1464863921641986,0.12983047912597656
2026-12-31,0.2356164383561644,768.0,put,14.04,785.7773553935685,0.008376756106263705,-0.022883756296978017,0.14577759146205158,0.1289302195739746
2026-12-31,0.2356164383561644,769.0,put,14.33,785.7773553935685,0.008376756106263705,-0.021582519939006162,0.14509900743849996,0.12804521865844726
2026-12-31,0.2356164383561644,770.0,put,14.620000000000001,785.7773553935685,0.008376756106263705,-0.020282974596920557,0.1443794628280968,0.12711444183349607
2026-12-31,0.2356164383561644,771.0,put,14.93,785.7773553935685,0.008376756106263705,-0.01898511588132067,0.14375801726446244,0.12627521682739257
2026-12-31,0.2356164383561644,772.0,put,15.235,785.7773553935685,0.008376756106263705,-0.017688939419873942,0.14305943355710718,0.12538258659362794
2026-12-31,0.2356164383561644,773.0,put,15.545,785.7773553935685,0.008376756106263705,-0.01639444085722822,0.14235302844553263,0.12444418045043945
2026-12-31,0.2356164383561644,774.0,put,15.875,785.7773553935685,0.008376756106263705,-0.015101615854923018,0.14174096511329043,0.12358969680786133
2026-12-31,0.2356164383561644,775.0,put,16.21,785.7773553935685,0.008376756106263705,-0.013810460091303094,0.14111893543012025,0.12268943725585937
2026-12-31,0.2356164383561644,776.0,put,16.54,785.7773553935685,0.008376756106263705,-0.012520969261431404,0.1404184658359367,0.12178917770385742
2026-12-31,0.2356164383561644,777.0,put,16.9,785.7773553935685,0.008376756106263705,-0.01123313907700267,0.13987666496612,0.1209194354248047
2026-12-31,0.2356164383561644,778.0,put,17.245,785.7773553935685,0.008376756106263705,-0.009946965266258575,0.13918764652869728,0.12004969314575195
2026-12-31,0.2356164383561644,779.0,put,17.615000000000002,785.7773553935685,0.008376756106263705,-0.008662443573901868,0.13862113980858365,0.11913417495727538
2026-12-31,0.2356164383561644,780.0,put,17.990000000000002,785.7773553935685,0.008376756106263705,-0.007379569761012665,0.1380413060216439,0.11829494995117187
2026-12-31,0.2356164383561644,781.0,put,18.369999999999997,785.7773553935685,0.008376756106263705,-0.006098339604964188,0.13744764965247708,0.11739469039916992
2026-12-31,0.2356164383561644,782.0,put,18.755000000000003,785.7773553935685,0.008376756106263705,-0.004818748899339027,0.13683965792509267,0.11643339630126953
2026-12-31,0.2356164383561644,785.0,put,19.98,785.7773553935685,0.008376756106263705,-0.0009897716622416519,0.1351899317978555,0.11384705741882323
2026-12-31,0.2356164383561644,786.0,call,20.15,785.7773553935685,0.008376756106263705,0.00028330298455639483,0.13442286589800842,0.15155114814758303
2026-12-31,0.2356164383561644,787.0,call,19.58,785.7773553935685,0.008376756106263705,0.0015547589727531218,0.13380460853071088,0.15068903518676763
2026-12-31,0.2356164383561644,788.0,call,19.025,785.7773553935685,0.008376756106263705,0.002824600413229065,0.13323487193770456,0.14984981018066407
2026-12-31,0.2356164383561644,789.0,call,18.490000000000002,785.7773553935685,0.008376756106263705,0.004092831401224005,0.13274631558325523,0.14916317153930664
2026-12-31,0.2356164383561644,790.0,call,17.935000000000002,785.7773553935685,0.008376756106263705,0.005359456016416986,0.13207288259959943,0.1482171360778809
2026-12-31,0.2356164383561644,791.0,call,17.395000000000003,785.7773553935685,0.008376756106263705,0.006624478323003726,0.13144627936483308,0.14736265243530272
2026-12-31,0.2356164383561644,792.0,call,16.884999999999998,785.7773553935685,0.008376756106263705,0.007887902369775752,0.13096605707159442,0.14666075515747068
2026-12-31,0.2356164383561644,793.0,call,16.384999999999998,785.7773553935685,0.008376756106263705,0.009149732190197926,0.13049904382406852,0.14597411651611325
2026-12-31,0.2356164383561644,794.0,call,15.885,785.7773553935685,0.008376756106263705,0.010409971802485488,0.1299780472141748,0.14524170196533204
2026-12-31,0.2356164383561644,795.0,call,15.375,785.7773553935685,0.008376756106263705,0.011668625209681711,0.1293351207859049,0.1443795890045166
2026-12-31,0.2356164383561644,796.0,call,14.91,785.7773553935685,0.008376756106263705,0.012925696399732869,0.12893918269913268,0.14380739013671873
2026-12-31,0.2356164383561644,797.0,call,14.445,785.7773553935685,0.008376756106263705,0.014181189345564938,0.12848824770609504,0.14312075149536135
2026-12-31,0.2356164383561644,798.0,call,13.975,785.7773553935685,0.008376756106263705,0.01543510800515871,0.12794746287228395,0.14237307830810547
2026-12-31,0.2356164383561644,799.0,call,13.525,785.7773553935685,0.008376756106263705,0.016687456321624435,0.1274859575263195,0.14170169830322266
2026-12-31,0.2356164383561644,800.0,call,13.08,785.7773553935685,0.008376756106263705,0.01793823822327711,0.12700174075804826,0.14098454238891606
2026-12-31,0.2356164383561644,801.0,call,12.649999999999999,785.7773553935685,0.008376756106263705,0.01918745762370908,0.1265632573529112,0.14041997283935548
2026-12-31,0.2356164383561644,802.0,call,12.215,785.7773553935685,0.008376756106263705,0.020435118421864396,0.1260322439511199,0.1396722996520996
2026-12-31,0.2356164383561644,803.0,call,11.815,785.7773553935685,0.008376756106263705,0.02168122450211162,0.1256864739178239,0.1391382473754883
2026-12-31,0.2356164383561644,804.0,call,11.42,785.7773553935685,0.008376756106263705,0.022925779734316143,0.1253184420940542,0.13854316055297855
2026-12-31,0.2356164383561644,805.0,call,11.01,785.7773553935685,0.008376756106263705,0.024168787973913187,0.12478568892709284,0.1378260046386719
2026-12-31,0.2356164383561644,806.0,call,10.635,785.7773553935685,0.008376756106263705,0.025410253061978152,0.12444216217059903,0.13734535758972172
2026-12-31,0.2356164383561644,807.0,call,10.27,785.7773553935685,0.008376756106263705,0.0266501788252987,0.12411218060870308,0.1368036759948731
2026-12-31,0.2356164383561644,808.0,call,9.91,785.7773553935685,0.008376756106263705,0.027888569076445328,0.12375983418580618,0.13628488235473635
2026-12-31,0.2356164383561644,809.0,call,9.55,785.7773553935685,0.008376756106263705,0.029125427613841466,0.12334785679595967,0.1357050541687012
2026-12-31,0.2356164383561644,810.0,call,9.195,785.7773553935685,0.008376756106263705,0.030360758221834268,0.12291178293083052,0.13514048461914066
2026-12-31,0.2356164383561644,811.0,call,8.870000000000001,785.7773553935685,0.008376756106263705,0.031594564670762784,0.12263905227317798,0.13466746688842773
2026-12-31,0.2356164383561644,812.0,call,8.545,785.7773553935685,0.008376756106263705,0.03282685071702786,0.1223072103268734,0.13413341461181644
2026-12-31,0.2356164383561644,813.0,call,8.24,785.7773553935685,0.008376756106263705,0.03405762010316054,0.12206851820546122,0.1337824659729004
2026-12-31,0.2356164383561644,814.0,call,7.93,785.7773553935685,0.008376756106263705,0.035286876557890076,0.12173197902238497,0.13329418960571288
2026-12-31,0.2356164383561644,815.0,call,7.630000000000001,785.7773553935685,0.008376756106263705,0.03651462379621253,0.12141271719275773,0.132821171875
2026-12-31,0.2356164383561644,816.0,call,7.355,785.7773553935685,0.008376756106263705,0.03774086551945687,0.12123191109558532,0.13253125778198244
2026-12-31,0.2356164383561644,817.0,call,7.0649999999999995,785.7773553935685,0.008376756106263705,0.038965605415352794,0.12087131282375467,0.1320277227783203
2026-12-31,0.2356164383561644,818.0,call,6.800000000000001,785.7773553935685,0.008376756106263705,0.04018884715809701,0.12065303715878127,0.13163099822998048
2026-12-31,0.2356164383561644,819.0,call,6.535,785.7773553935685,0.008376756106263705,0.0414105944084192,0.12037513505300296,0.1312495323181152
2026-12-31,0.2356164383561644,820.0,call,6.275,785.7773553935685,0.008376756106263705,0.04263085081364862,0.12007794472670114,0.13073073867797852
2026-12-31,0.2356164383561644,821.0,call,6.029999999999999,785.7773553935685,0.008376756106263705,0.04384962000777809,0.1198474834211214,0.1304103073120117
2026-12-31,0.2356164383561644,822.0,call,5.800000000000001,785.7773553935685,0.008376756106263705,0.045066905611529824,0.11968779142822679,0.13013565185546871
2026-12-31,0.2356164383561644,823.0,call,5.57,785.7773553935685,0.008376756106263705,0.04628271123241977,0.11946951956028314,0.12978470321655272
2026-12-31,0.2356164383561644,824.0,call,5.34,785.7773553935685,0.008376756106263705,0.047497040464821484,0.11919044361617452,0.12937272003173828
2026-12-31,0.2356164383561644,825.0,call,5.125,785.7773553935685,0.008376756106263705,0.04870989689003081,0.11898676126436329,0.12900651275634767
2026-12-31,0.2356164383561644,826.0,call,4.915,785.7773553935685,0.008376756106263705,0.04992128407632793,0.11876943177353019,0.12867082275390623
2026-12-31,0.2356164383561644,827.0,call,4.715,785.7773553935685,0.008376756106263705,0.051131205579041224,0.11858662733678708,0.12836565002441402
2026-12-31,0.2356164383561644,828.0,call,4.529999999999999,785.7773553935685,0.008376756106263705,0.05233966494060965,0.1184903053539387,0.12821306365966795
2026-12-31,0.2356164383561644,829.0,call,4.34,785.7773553935685,0.008376756106263705,0.053546665690644764,0.11828709903481273,0.12789263229370118
2026-12-31,0.2356164383561644,830.0,call,4.154999999999999,785.7773553935685,0.008376756106263705,0.05475221134599344,0.11807335784338505,0.12751116638183596
2026-12-31,0.2356164383561644,831.0,call,3.9850000000000003,785.7773553935685,0.008376756106263705,0.05595630541079806,0.11795360373054065,0.12729754547119143
2026-12-31,0.2356164383561644,832.0,call,3.82,785.7773553935685,0.008376756106263705,0.057158951376558506,0.11782877287742305,0.12711444183349607
2026-12-31,0.2356164383561644,833.0,call,3.66,785.7773553935685,0.008376756106263705,0.058360152722192644,0.1176997325651411,0.12688556228637693
2026-12-31,0.2356164383561644,834.0,call,3.505,785.7773553935685,0.008376756106263705,0.05955991291409655,0.11756743094543065,0.12659564819335936
2026-12-31,0.2356164383561644,835.0,call,3.3449999999999998,785.7773553935685,0.008376756106263705,0.06075823540620531,0.11731921087194665,0.12624469955444334
2026-12-31,0.2356164383561644,836.0,call,3.21,785.7773553935685,0.008376756106263705,0.0619551236400515,0.11729729903714264,0.12607685455322265
2026-12-31,0.2356164383561644,837.0,call,3.065,785.7773553935685,0.008376756106263705,0.06315058104482524,0.11710227524325222,0.1258327163696289
2026-12-31,0.2356164383561644,838.0,call,2.925,785.7773553935685,0.008376756106263705,0.064344611037433,0.11690580961243287,0.12555806091308597
2026-12-31,0.2356164383561644,839.0,call,2.8049999999999997,785.7773553935685,0.008376756106263705,0.06553721702255597,0.11689713369020674,0.12545125045776367
2026-12-31,0.2356164383561644,840.0,call,2.675,785.7773553935685,0.008376756106263705,0.06672840239270914,0.1167068211391371,0.12516133636474608
2026-12-31,0.2356164383561644,841.0,call,2.565,785.7773553935685,0.008376756106263705,0.06791817052829793,0.11671732508826116,0.12510030181884768
2026-12-31,0.2356164383561644,842.0,call,2.46,785.7773553935685,0.008376756106263705,0.06910652479767665,0.11674310880581674,0.12497823272705078
2026-12-31,0.2356164383561644,843.0,call,2.3449999999999998,785.7773553935685,0.008376756106263705,0.07029346855720542,0.11657913219778732,0.12479512908935547
2026-12-31,0.2356164383561644,844.0,call,2.2350000000000003,785.7773553935685,0.008376756106263705,0.07147900515130691,0.11642479488361733,0.12455099090576172
2026-12-31,0.2356164383561644,845.0,call,2.1399999999999997,785.7773553935685,0.008376756106263705,0.07266313791252368,0.11642897490217843,0.12439840454101564
2026-12-31,0.2356164383561644,846.0,call,2.045,785.7773553935685,0.008376756106263705,0.07384587016157315,0.11638093641221586,0.12436788726806641
2026-12-31,0.2356164383561644,847.0,call,1.9649999999999999,785.7773553935685,0.008376756106263705,0.07502720520740432,0.11650940492738875,0.12442892181396485
2026-12-31,0.2356164383561644,849.0,call,1.7850000000000001,785.7773553935685,0.008376756106263705,0.0773856968666971,0.11630260056915943,0.12406271453857423
2026-12-31,0.2356164383561644,850.0,call,1.71,785.7773553935685,0.008376756106263705,0.07856286003971198,0.11636317079120928,0.12397116271972657
2026-12-31,0.2356164383561644,851.0,call,1.625,785.7773553935685,0.008376756106263705,0.07973863912872402,0.11620231734957635,0.12381857635498048
2026-12-31,0.2356164383561644,852.0,call,1.56,785.7773553935685,0.008376756106263705,0.08091303738466565,0.11633628627182248,0.12381857635498048
2026-12-31,0.2356164383561644,853.0,call,1.495,785.7773553935685,0.008376756106263705,0.08208605804702908,0.11642631454675674,0.12394064544677735
2026-12-31,0.2356164383561644,855.0,call,1.36,785.7773553935685,0.008376756106263705,0.08442797949211006,0.11636796992812122,0.12366598999023437
2026-12-31,0.2356164383561644,857.0,call,1.245,785.7773553935685,0.008376756106263705,0.08676442915312971,0.11650314375503157,0.12378805908203125
2026-12-31,0.2356164383561644,858.0,call,1.185,785.7773553935685,0.008376756106263705,0.08793061004331225,0.1164463372163763,0.12366598999023437
2026-12-31,0.2356164383561644,860.0,call,1.09,785.7773553935685,0.008376756106263705,0.09025889980290326,0.11673146637132592,0.12372702453613281
2026-12-31,0.2356164383561644,862.0,call,1.0,785.7773553935685,0.008376756106263705,0.09258178121904302,0.1169645858686034,0.12384909362792969
2026-12-31,0.2356164383561644,863.0,call,0.945,785.7773553935685,0.008376756106263705,0.09374120163877792,0.11676820551084086,0.12348288635253907
2026-12-31,0.2356164383561644,864.0,call,0.905,785.7773553935685,0.008376756106263705,0.09489927935940543,0.11689286795805288,0.1235439208984375
2026-12-31,0.2356164383561644,865.0,call,0.87,785.7773553935685,0.008376756106263705,0.09605601748722917,0.11710767579111407,0.12384909362792969
2026-12-31,0.2356164383561644,866.0,call,0.84,785.7773553935685,0.008376756106263705,0.09721141911778504,0.117421995717016,0.12415426635742188
2026-12-31,0.2356164383561644,869.0,call,0.735,785.7773553935685,0.008376756106263705,0.10066963582074184,0.11773482730972605,0.12415426635742188
2026-12-31,0.2356164383561644,870.0,call,0.705,785.7773553935685,0.008376756106263705,0.10181972220397925,0.11790652004585767,0.12427633544921876
2026-12-31,0.2356164383561644,875.0,call,0.575,785.7773553935685,0.008376756106263705,0.10755039691296428,0.11887684122939399,0.12506978454589845
2026-12-31,0.2356164383561644,880.0,call,0.46499999999999997,785.7773553935685,0.008376756106263705,0.11324841802760201,0.11969683876073543,0.12568013000488282
2026-12-31,0.2356164383561644,885.0,call,0.395,785.7773553935685,0.008376756106263705,0.11891415556327938,0.12146267734854939,0.12732806274414063
2026-12-31,0.2356164383561644,890.0,call,0.335,785.7773553935685,0.008376756106263705,0.12454797328153538,0.12314776493580286,0.1289149609375
2026-12-31,0.2356164383561644,895.0,call,0.28500000000000003,785.7773553935685,0.008376756106263705,0.13015022883020522,0.12484151058982573,0.13050185913085935
2026-12-31,0.2356164383561644,900.0,call,0.235,785.7773553935685,0.008376756106263705,0.13572127387966063,0.12594965473859596,0.13147841186523437
2026-12-31,0.2356164383561644,905.0,call,0.20500000000000002,785.7773553935685,0.008376756106263705,0.14126145425527598,0.1279854256703406,0.13343151733398437
2026-12-31,0.2356164383561644,910.0,call,0.175,785.7773553935685,0.008376756106263705,0.1467711100662456,0.12960355465477233,0.13501841552734378
2026-12-31,0.2356164383561644,915.0,call,0.155,785.7773553935685,0.008376756106263705,0.15225057583087118,0.13177264756328727,0.13709359008789065
2026-12-31,0.2356164383561644,920.0,call,0.135,785.7773553935685,0.008376756106263705,0.15770018059843585,0.13361188366718202,0.13892462646484377
2026-12-31,0.2356164383561644,925.0,call,0.11499999999999999,785.7773553935685,0.008376756106263705,0.16312024806777506,0.13505416366985426,0.14038945556640625
2026-12-31,0.2356164383561644,930.0,call,0.10500000000000001,785.7773553935685,0.008376756106263705,0.1685110967026515,0.13752676614142148,0.14283083740234376
2026-12-31,0.2356164383561644,935.0,call,0.095,785.7773553935685,0.008376756106263705,0.17387303984403688,0.1397985859986387,0.1450280810546875
2026-12-31,0.2356164383561644,940.0,call,0.08499999999999999,785.7773553935685,0.008376756106263705,0.17920638581939946,0.14184383794246525,0.1469811865234375
2027-01-15,0.27671232876712326,175.0,put,0.025,787.2651505119301,0.006289222297303415,-1.503779130727226,0.8782818769768126,0.867188828125
2027-01-15,0.27671232876712326,180.0,put,0.025,787.2651505119301,0.006289222297303415,-1.4756082537605295,0.8620871773043712,0.851563984375
2027-01-15,0.27671232876712326,185.0,put,0.025,787.2651505119301,0.006289222297303415,-1.448209279572415,0.8463503533635891,0.8359391406249999
2027-01-15,0.27671232876712326,190.0,put,0.025,787.2651505119301,0.006289222297303415,-1.4215410324902538,0.8310461874932843,0.8203142968749999
2027-01-15,0.27671232876712326,195.0,put,0.025,787.2651505119301,0.006289222297303415,-1.3955655460869931,0.8161514668034364,0.804689453125
2027-01-15,0.27671232876712326,200.0,put,0.035,787.2651505119301,0.006289222297303415,-1.3702477381027034,0.8228589122222334,0.8125018749999999
2027-01-15,0.27671232876712326,205.0,put,0.035,787.2651505119301,0.006289222297303415,-1.3455551255123317,0.8083579743147842,0.79883013671875
2027-01-15,0.27671232876712326,210.0,put,0.035,787.2651505119301,0.006289222297303415,-1.3214575739332712,0.7942164520642904,0.7851583984375
2027-01-15,0.27671232876712326,220.0,put,0.045,787.2651505119301,0.006289222297303415,-1.2749375582983784,0.7826808253709937,0.773439765625
2027-01-15,0.27671232876712326,225.0,put,0.055,787.2651505119301,0.006289222297303415,-1.2524647024463198,0.7822327326511693,0.773439765625
2027-01-15,0.27671232876712326,230.0,put,0.055,787.2651505119301,0.006289222297303415,-1.2304857957275446,0.768900424016589,0.7597680273437502
2027-01-15,0.27671232876712326,235.0,put,0.055,787.2651505119301,0.006289222297303415,-1.208979590506581,0.7558620873932748,0.7460962890625
2027-01-15,0.27671232876712326,240.0,put,0.055,787.2651505119301,0.006289222297303415,-1.1879261813087485,0.7431048688701268,0.73437765625
2027-01-15,0.27671232876712326,245.0,put,0.065,787.2651505119301,0.006289222297303415,-1.167306894106013,0.7411555638338964,0.7324245507812499
2027-01-15,0.27671232876712326,250.0,put,0.065,787.2651505119301,0.006289222297303415,-1.1471041867884935,0.7287576800957202,0.7187528125
2027-01-15,0.27671232876712326,255.0,put,0.065,787.2651505119301,0.006289222297303415,-1.1273015594923137,0.7166105296022822,0.7070341796875
2027-01-15,0.27671232876712326,260.0,put,0.07500000000000001,787.2651505119301,0.006289222297303415,-1.1078834736352123,0.7136171893107741,0.7041045214843751
2027-01-15,0.27671232876712326,265.0,put,0.07500000000000001,787.2651505119301,0.006289222297303415,-1.0888352786645177,0.7018023662562103,0.692385888671875
2027-01-15,0.27671232876712326,270.0,put,0.08499999999999999,787.2651505119301,0.006289222297303415,-1.0701431456523651,0.6980042013202519,0.6884796777343751
2027-01-15,0.27671232876712326,275.0,put,0.08499999999999999,787.2651505119301,0.006289222297303415,-1.0517940069841687,0.6865098455927153,0.6777375976562501
2027-01-15,0.27671232876712326,280.0,put,0.095,787.2651505119301,0.006289222297303415,-1.0337755014814902,0.6821264295658162,0.6728548339843752
2027-01-15,0.27671232876712326,285.0,put,0.095,787.2651505119301,0.006289222297303415,-1.0160759243820894,0.6709392120341496,0.6621127539062501
2027-01-15,0.27671232876712326,290.0,put,0.10500000000000001,787.2651505119301,0.006289222297303415,-0.9986841816702202,0.6661231382507442,0.6562534375000001
2027-01-15,0.27671232876712326,295.0,put,0.10500000000000001,787.2651505119301,0.006289222297303415,-0.98158974831092,0.6552292020556537,0.64648791015625
2027-01-15,0.27671232876712326,300.0,put,0.11499999999999999,787.2651505119301,0.006289222297303415,-0.9647826299945388,0.6500899514756099,0.64062859375
2027-01-15,0.27671232876712326,305.0,put,0.125,787.2651505119301,0.006289222297303415,-0.9482533280433283,0.6446115666791485,0.6357458300781251
2027-01-15,0.27671232876712326,310.0,put,0.125,787.2651505119301,0.006289222297303415,-0.931992807171548,0.6340935736105977,0.6250037500000001
2027-01-15,0.27671232876712326,315.0,put,0.135,787.2651505119301,0.006289222297303415,-0.9159924658251068,0.6284361240125956,0.6191444335937502
2027-01-15,0.27671232876712326,320.0,put,0.14500000000000002,787.2651505119301,0.006289222297303415,-0.9002441088569677,0.6225518097861619,0.6132851171875001
2027-01-15,0.27671232876712326,325.0,put,0.155,787.2651505119301,0.006289222297303415,-0.8847399223210024,0.6164797884707812,0.6074258007812501
2027-01-15,0.27671232876712326,330.0,put,0.155,787.2651505119301,0.006289222297303415,-0.8694724501902139,0.6064129239535194,0.5971719970703125
2027-01-15,0.27671232876712326,335.0,put,0.165,787.2651505119301,0.006289222297303415,-0.8544345728256735,0.6002792531220238,0.5908244042968751
2027-01-15,0.27671232876712326,340.0,put,0.175,787.2651505119301,0.006289222297303415,-0.8396194870405328,0.5940156259036027,0.584965087890625
2027-01-15,0.27671232876712326,345.0,put,0.185,787.2651505119301,0.006289222297303415,-0.8250206876193801,0.587643675125263,0.57812921875
2027-01-15,0.27671232876712326,350.0,put,0.195,787.2651505119301,0.006289222297303415,-0.8106319501672806,0.5811815489672372,0.5717816259765626
2027-01-15,0.27671232876712326,355.0,put,0.20500000000000002,787.2651505119301,0.006289222297303415,-0.7964473151753241,0.574644584306915,0.5654340332031251
2027-01-15,0.27671232876712326,360.0,put,0.21000000000000002,787.2651505119301,0.006289222297303415,-0.7824610732005842,0.5666227865612985,0.5576216113281252
2027-01-15,0.27671232876712326,365.0,put,0.225,787.2651505119301,0.006289222297303415,-0.7686677510682485,0.5613964089566894,0.5522505712890625
2027-01-15,0.27671232876712326,370.0,put,0.235,787.2651505119301,0.006289222297303415,-0.7550620990124698,0.554705911058211,0.5454147021484376
2027-01-15,0.27671232876712326,375.0,put,0.245,787.2651505119301,0.006289222297303415,-0.7416390786803291,0.5479825786195,0.5385788330078126
2027-01-15,0.27671232876712326,380.0,put,0.255,787.2651505119301,0.006289222297303415,-0.7283938519303085,0.5412335478492809,0.532231240234375
2027-01-15,0.27671232876712326,385.0,put,0.265,787.2651505119301,0.006289222297303415,-0.7153217703629556,0.5344650095181391,0.52539537109375
2027-01-15,0.27671232876712326,390.0,put,0.275,787.2651505119301,0.006289222297303415,-0.7024183655270477,0.5276823456782344,0.5185595019531251
2027-01-15,0.27671232876712326,395.0,put,0.295,787.2651505119301,0.006289222297303415,-0.689679339749618,0.5229365820964975,0.5136767382812499
2027-01-15,0.27671232876712326,400.0,put,0.305,787.2651505119301,0.006289222297303415,-0.677100557542758,0.516060267651556,0.506840869140625
2027-01-15,0.27671232876712326,405.0,put,0.325,787.2651505119301,0.006289222297303415,-0.6646780375442007,0.5110377043753539,0.5019581054687501
2027-01-15,0.27671232876712326,410.0,put,0.335,787.2651505119301,0.006289222297303415,-0.6524079449523864,0.5041026048938667,0.49561051269531253
2027-01-15,0.27671232876712326,415.0,put,0.355,787.2651505119301,0.006289222297303415,-0.6402865844200417,0.4988643189724639,0.4904836108398438
2027-01-15,0.27671232876712326,420.0,put,0.365,787.2651505119301,0.006289222297303415,-0.6283103933733258,0.4918959835229214,0.48340360351562506
2027-01-15,0.27671232876712326,425.0,put,0.385,787.2651505119301,0.006289222297303415,-0.6164759357263231,0.4864882610758686,0.47803256347656253
2027-01-15,0.27671232876712326,430.0,put,0.395,787.2651505119301,0.006289222297303415,-0.6047798959631319,0.47950566656702903,0.47095255615234377
2027-01-15,0.27671232876712326,435.0,put,0.415,787.2651505119301,0.006289222297303415,-0.5932190735620558,0.47396419626146685,0.46533737792968755
2027-01-15,0.27671232876712326,440.0,put,0.435,787.2651505119301,0.006289222297303415,-0.5817903777384331,0.46833342747413864,0.45972219970703126
2027-01-15,0.27671232876712326,445.0,put,0.455,787.2651505119301,0.006289222297303415,-0.5704908224844998,0.46262416528032363,0.45386288330078123
2027-01-15,0.27671232876712326,450.0,put,0.475,787.2651505119301,0.006289222297303415,-0.5593175218863744,0.45684580667370467,0.44824770507812495
2027-01-15,0.27671232876712326,455.0,put,0.495,787.2651505119301,0.006289222297303415,-0.5482676856997896,0.4510065583258364,0.4422663195800781
2027-01-15,0.27671232876712326,460.0,put,0.525,787.2651505119301,0.006289222297303415,-0.5373386151675993,0.4462284848096651,0.437505625
2027-01-15,0.27671232876712326,465.0,put,0.545,787.2651505119301,0.006289222297303415,-0.5265276990633836,0.44024300974468666,0.43140217041015627
2027-01-15,0.27671232876712326,470.0,put,0.565,787.2651505119301,0.006289222297303415,-0.5158324099466357,0.4342185525384654,0.42529871582031253
2027-01-15,0.27671232876712326,475.0,put,0.59,787.2651505119301,0.006289222297303415,-0.5052503006160988,0.4286492881326179,0.42017181396484377
2027-01-15,0.27671232876712326,480.0,put,0.615,787.2651505119301,0.006289222297303415,-0.49477900074880327,0.4230103748893519,0.414068359375
2027-01-15,0.27671232876712326,485.0,put,0.645,787.2651505119301,0.006289222297303415,-0.4844162137132567,0.4177556766869083,0.40881938842773435
2027-01-15,0.27671232876712326,490.0,put,0.67,787.2651505119301,0.006289222297303415,-0.4741597135460677,0.4119803956791323,0.40344834838867194
2027-01-15,0.27671232876712326,495.0,put,0.705,787.2651505119301,0.006289222297303415,-0.4640073420820496,0.40697298787060526,0.3979552392578125
2027-01-15,0.27671232876712326,500.0,put,0.725,787.2651505119301,0.006289222297303415,-0.4539570062285482,0.40068110863040124,0.39160764648437496
2027-01-15,0.27671232876712326,505.0,put,0.76,787.2651505119301,0.006289222297303415,-0.4440066753753802,0.3955102424848561,0.38672488281249995
2027-01-15,0.27671232876712326,510.0,put,0.795,787.2651505119301,0.006289222297303415,-0.4341543789323684,0.39024257556347747,0.3811097045898437
2027-01-15,0.27671232876712326,515.0,put,0.825,787.2651505119301,0.006289222297303415,-0.4243982039870038,0.384544431465419,0.3753724572753906
2027-01-15,0.27671232876712326,520.0,put,0.865,787.2651505119301,0.006289222297303415,-0.41473629307526694,0.37945247791011116,0.3702455554199219
2027-01-15,0.27671232876712326,525.0,put,0.895,787.2651505119301,0.006289222297303415,-0.40516684205911613,0.3736305031137817,0.36438623901367195
2027-01-15,0.27671232876712326,530.0,put,0.94,787.2651505119301,0.006289222297303415,-0.3956880981045724,0.3686725940450956,0.3596865789794922
2027-01-15,0.27671232876712326,535.0,put,0.98,787.2651505119301,0.006289222297303415,-0.3862983577547334,0.36331457577596415,0.35425450439453116
2027-01-15,0.27671232876712326,540.0,put,1.025,787.2651505119301,0.006289222297303415,-0.3769959650924198,0.35815356397094356,0.3487613952636719
2027-01-15,0.27671232876712326,545.0,put,1.065,787.2651505119301,0.006289222297303415,-0.36777930998749586,0.3526342539261876,0.34326828613281246
2027-01-15,0.27671232876712326,550.0,put,1.1150000000000002,787.2651505119301,0.006289222297303415,-0.35864682642422335,0.34755436978016435,0.33814138427734375
2027-01-15,0.27671232876712326,555.0,put,1.165,787.2651505119301,0.006289222297303415,-0.34959699090430535,0.34237196889361954,0.33289241333007813
2027-01-15,0.27671232876712326,560.0,put,1.2149999999999999,787.2651505119301,0.006289222297303415,-0.340628320921545,0.3370952590521498,0.32758240783691406
2027-01-15,0.27671232876712326,565.0,put,1.27,787.2651505119301,0.006289222297303415,-0.33173937350429905,0.3319520938203688,0.32257757507324214
2027-01-15,0.27671232876712326,570.0,put,1.3250000000000002,787.2651505119301,0.006289222297303415,-0.32292874382214404,0.3267096885018168,0.3170844659423828
2027-01-15,0.27671232876712326,575.0,put,1.3849999999999998,787.2651505119301,0.006289222297303415,-0.31419506385338947,0.3215772444078745,0.31189652954101554
2027-01-15,0.27671232876712326,580.0,put,1.45,787.2651505119301,0.006289222297303415,-0.30553700111027493,0.31653519273390984,0.3070137658691406
2027-01-15,0.27671232876712326,585.0,put,1.52,787.2651505119301,0.006289222297303415,-0.2969532574188834,0.3115654733495944,0.3019478985595704
2027-01-15,0.27671232876712326,590.0,put,1.59,787.2651505119301,0.006289222297303415,-0.28844256775097477,0.30647592457250933,0.29682099670410156
2027-01-15,0.27671232876712326,595.0,put,1.665,787.2651505119301,0.006289222297303415,-0.2800036991051102,0.3014430458285488,0.2915109912109374
2027-01-15,0.27671232876712326,600.0,put,1.745,787.2651505119301,0.006289222297303415,-0.2716354494345935,0.2964521823565896,0.28650615844726557
2027-01-15,0.27671232876712326,605.0,put,1.8250000000000002,787.2651505119301,0.006289222297303415,-0.2633366466198985,0.29133680307928317,0.2813182220458984
2027-01-15,0.27671232876712326,610.0,put,1.92,787.2651505119301,0.006289222297303415,-0.25510614748338306,0.28654404381555304,0.2765575274658203
2027-01-15,0.27671232876712326,615.0,put,2.0149999999999997,787.2651505119301,0.006289222297303415,-0.246942836844222,0.2816033814157803,0.2714306256103516
2027-01-15,0.27671232876712326,620.0,put,2.12,787.2651505119301,0.006289222297303415,-0.2388456266116027,0.27679063666464915,0.2666699310302735
2027-01-15,0.27671232876712326,625.0,put,2.2300000000000004,787.2651505119301,0.006289222297303415,-0.23081345491433847,0.27195137156944227,0.2617261328125
2027-01-15,0.27671232876712326,630.0,put,2.3449999999999998,787.2651505119301,0.006289222297303415,-0.2228452852651615,0.26707801911184437,0.25690440368652345
2027-01-15,0.27671232876712326,635.0,put,2.475,787.2651505119301,0.006289222297303415,-0.21494010575804828,0.2623935572021073,0.2518690536499023
2027-01-15,0.27671232876712326,640.0,put,2.605,787.2651505119301,0.006289222297303415,-0.20709692829702242,0.25753074449041363,0.24713887634277343
2027-01-15,0.27671232876712326,645.0,put,2.75,787.2651505119301,0.006289222297303415,-0.1993147878549674,0.25281363876033963,0.242195078125
2027-01-15,0.27671232876712326,650.0,put,2.9050000000000002,787.2651505119301,0.006289222297303415,-0.19159274176105712,0.24810858688453913,0.23728179718017578
2027-01-15,0.27671232876712326,655.0,put,3.075,787.2651505119301,0.006289222297303415,-0.18392986901548805,0.24349282817796203,0.2327347235107422
2027-01-15,0.27671232876712326,660.0,put,3.255,787.2651505119301,0.006289222297303415,-0.17632526963026865,0.23884734013202263,0.22794351165771481
2027-01-15,0.27671232876712326,665.0,put,3.45,787.2651505119301,0.006289222297303415,-0.16877806399488576,0.23424391311931242,0.22312178253173826
2027-01-15,0.27671232876712326,670.0,put,3.665,787.2651505119301,0.006289222297303415,-0.16128739226572822,0.22973869003810352,0.21854419158935545
2027-01-15,0.27671232876712326,675.0,put,3.9000000000000004,787.2651505119301,0.006289222297303415,-0.15385241377821005,0.22529693249873015,0.2138445315551758
2027-01-15,0.27671232876712326,680.0,put,4.15,787.2651505119301,0.006289222297303415,-0.14647230648058754,0.22081410423308018,0.2092059060668945
2027-01-15,0.27671232876712326,685.0,put,4.42,787.2651505119301,0.006289222297303415,-0.13914626638851466,0.2163420458120095,0.20467409103393552
2027-01-15,0.27671232876712326,690.0,put,4.715,787.2651505119301,0.006289222297303415,-0.13187350705943482,0.21192021702607622,0.19998968963623048
2027-01-15,0.27671232876712326,695.0,put,5.029999999999999,787.2651505119301,0.006289222297303415,-0.12465325908594778,0.2074519984865772,0.19535106414794923
2027-01-15,0.27671232876712326,700.0,put,5.385,787.2651505119301,0.006289222297303415,-0.11748476960733528,0.2031538252178292,0.1907582145690918
2027-01-15,0.27671232876712326,705.0,put,5.755,787.2651505119301,0.006289222297303415,-0.11036730183847122,0.19868765513980416,0.1860432958984375
2027-01-15,0.27671232876712326,710.0,put,6.175000000000001,787.2651505119301,0.006289222297303415,-0.1033001346153788,0.19442150579969703,0.1814962222290039
2027-01-15,0.27671232876712326,715.0,put,6.635,787.2651505119301,0.006289222297303415,-0.0962825619567323,0.19018952255491728,0.17707121765136719
2027-01-15,0.27671232876712326,720.0,put,7.140000000000001,787.2651505119301,0.006289222297303415,-0.08931389264063888,0.1859976713574486,0.1724936267089844
2027-01-15,0.27671232876712326,725.0,put,7.6850000000000005,787.2651505119301,0.006289222297303415,-0.08239344979606514,0.1817536205322672,0.16783974258422857
2027-01-15,0.27671232876712326,730.0,put,8.285,787.2651505119301,0.006289222297303415,-0.07552057050830314,0.17755391362626127,0.1632468930053711
2027-01-15,0.27671232876712326,735.0,put,8.955,787.2651505119301,0.006289222297303415,-0.06869460543790319,0.1734729324313398,0.15871507797241213
2027-01-15,0.27671232876712326,740.0,put,9.7,787.2651505119301,0.006289222297303415,-0.061914918452524476,0.16948600664648422,0.1542748147583008
2027-01-15,0.27671232876712326,745.0,put,10.525,787.2651505119301,0.006289222297303415,-0.05518088627118044,0.165567079711507,0.14983455154418945
2027-01-15,0.27671232876712326,750.0,put,11.445,787.2651505119301,0.006289222297303415,-0.04849189812038375,0.16176282543648415,0.1453332537841797
2027-01-15,0.27671232876712326,755.0,put,12.465,787.2651505119301,0.006289222297303415,-0.041847355401715206,0.15803657126622941,0.14097691307067875
2027-01-15,0.27671232876712326,760.0,put,13.61,787.2651505119301,0.006289222297303415,-0.035246671370363185,0.15448939413708193,0.13665108963012695
2027-01-15,0.27671232876712326,765.0,put,14.89,787.2651505119301,0.006289222297303415,-0.028689270824204034,0.15110593627983787,0.13228711959838868
2027-01-15,0.27671232876712326,770.0,put,16.299999999999997,787.2651505119301,0.006289222297303415,-0.02217458980301038,0.14777444861332642,0.12795366683959958
2027-01-15,0.27671232876712326,775.0,put,17.875,787.2651505119301,0.006289222297303415,-0.015702075297392953,0.14464571819458047,0.1235591795349121
2027-01-15,0.27671232876712326,780.0,put,19.645,787.2651505119301,0.006289222297303415,-0.009271184967102452,0.14182832674450607,0.11935542518615722
2027-01-15,0.27671232876712326,785.0,put,21.615,787.2651505119301,0.006289222297303415,-0.0028813868683314776,0.13927894904346103,0.11509826560974121
2027-01-15,0.27671232876712326,790.0,call,20.97,787.2651505119301,0.006289222297303415,0.0034678408103272318,0.1362614880170266,0.155457359085083
2027-01-15,0.27671232876712326,795.0,call,18.3,787.2651505119301,0.006289222297303415,0.009777010003592027,0.13349258353948604,0.15151300155639652
2027-01-15,0.27671232876712326,800.0,call,15.86,787.2651505119301,0.006289222297303415,0.01604662301718728,0.1310203394684236,0.14800351516723637
2027-01-15,0.27671232876712326,805.0,call,13.635,787.2651505119301,0.006289222297303415,0.022277172767823424,0.12872631391381498,0.14458558059692384
2027-01-15,0.27671232876712326,810.0,call,11.65,787.2651505119301,0.006289222297303415,0.028469143015744578,0.12676717202180862,0.14170169830322266
2027-01-15,0.27671232876712326,815.0,call,9.885,787.2651505119301,0.006289222297303415,0.03462300859012269,0.12503964909074614,0.1391382473754883
2027-01-15,0.27671232876712326,820.0,call,8.34,787.2651505119301,0.006289222297303415,0.040739235607558856,0.12359592467149003,0.1368494519042969
2027-01-15,0.27671232876712326,825.0,call,6.984999999999999,787.2651505119301,0.006289222297303415,0.046818281683941115,0.1222950600361791,0.13477427734375003
2027-01-15,0.27671232876712326,830.0,call,5.8100000000000005,787.2651505119301,0.006289222297303415,0.05286059613990359,0.12114637234777689,0.1330042755126953
2027-01-15,0.27671232876712326,835.0,call,4.82,787.2651505119301,0.006289222297303415,0.05886662020011554,0.1203181940324463,0.13156996368408203
2027-01-15,0.27671232876712326,840.0,call,3.965,787.2651505119301,0.006289222297303415,0.06483678718661942,0.11950637265948832,0.13013565185546871
2027-01-15,0.27671232876712326,845.0,call,3.255,787.2651505119301,0.006289222297303415,0.07077152270643383,0.11895297200835037,0.1290980645751953
2027-01-15,0.27671232876712326,850.0,call,2.66,787.2651505119301,0.006289222297303415,0.0766712448336222,0.1185188471498839,0.1281215118408203
2027-01-15,0.27671232876712326,855.0,call,2.16,787.2651505119301,0.006289222297303415,0.08253636428602035,0.11812603953019775,0.12732806274414063
2027-01-15,0.27671232876712326,860.0,call,1.76,787.2651505119301,0.006289222297303415,0.08836728459681341,0.11804601180221277,0.12687030364990232
2027-01-15,0.27671232876712326,865.0,call,1.43,787.2651505119301,0.006289222297303415,0.09416440228113938,0.11804855167224468,0.12653461364746094
2027-01-15,0.27671232876712326,870.0,call,1.16,787.2651505119301,0.006289222297303415,0.09992810699788952,0.11814701508548466,0.1263209927368164
2027-01-15,0.27671232876712326,875.0,call,0.94,787.2651505119301,0.006289222297303415,0.10565878170687443,0.11833531624405802,0.12622944091796873
2027-01-15,0.27671232876712326,880.0,call,0.775,787.2651505119301,0.006289222297303415,0.11135680282151222,0.11899432575145093,0.12653461364746094
2027-01-15,0.27671232876712326,885.0,call,0.64,787.2651505119301,0.006289222297303415,0.11702254035718965,0.11972379667068676,0.12720599365234375
2027-01-15,0.27671232876712326,890.0,call,0.535,787.2651505119301,0.006289222297303415,0.12265635807544552,0.1207206373220225,0.12781633911132811
2027-01-15,0.27671232876712326,895.0,call,0.455,787.2651505119301,0.006289222297303415,0.12825861362411542,0.12204627306639851,0.12903703002929687
2027-01-15,0.27671232876712326,900.0,call,0.375,787.2651505119301,0.006289222297303415,0.13382965867357088,0.12276387646238754,0.12952530639648438
2027-01-15,0.27671232876712326,905.0,call,0.325,787.2651505119301,0.006289222297303415,0.13936983904918612,0.12439106036980768,0.13111220458984374
2027-01-15,0.27671232876712326,910.0,call,0.275,787.2651505119301,0.006289222297303415,0.14487949486015578,0.1255552965975481,0.13208875732421876
2027-01-15,0.27671232876712326,915.0,call,0.245,787.2651505119301,0.006289222297303415,0.15035896062478143,0.12757446189560886,0.13404186279296876
2027-01-15,0.27671232876712326,920.0,call,0.20500000000000002,787.2651505119301,0.006289222297303415,0.155808565392346,0.12848662556408363,0.1348963464355469
2027-01-15,0.27671232876712326,925.0,call,0.185,787.2651505119301,0.006289222297303415,0.16122863286168526,0.13061744921950344,0.13697152099609378
2027-01-15,0.27671232876712326,930.0,call,0.155,787.2651505119301,0.006289222297303415,0.16661948149656175,0.1314976119823306,0.13770393554687502
2027-01-15,0.27671232876712326,935.0,call,0.14,787.2651505119301,0.006289222297303415,0.171981424637947,0.13354146872812847,0.14038945556640625
2027-01-15,0.27671232876712326,940.0,call,0.125,787.2651505119301,0.006289222297303415,0.17731477061330964,0.1353531476088409,0.141610146484375
2027-01-15,0.27671232876712326,945.0,call,0.11,787.2651505119301,0.006289222297303415,0.18261982284300288,0.13689602482702676,0.14380739013671873
2027-01-15,0.27671232876712326,950.0,call,0.1,787.2651505119301,0.006289222297303415,0.18789687994384652,0.13889376398117492,0.14576049560546872
2027-01-15,0.27671232876712326,955.0,call,0.09,787.2651505119301,0.006289222297303415,0.19314623582999033,0.14069273661845313,0.14771360107421877
2027-01-15,0.27671232876712326,960.0,call,0.08,787.2651505119301,0.006289222297303415,0.19836817981114205,0.14226379314351628,0.149422568359375
2027-01-15,0.27671232876712326,965.0,call,0.07500000000000001,787.2651505119301,0.006289222297303415,0.20356299668824593,0.14458636575878425,0.15088739746093754
2027-01-15,0.27671232876712326,970.0,call,0.065,787.2651505119301,0.006289222297303415,0.20873096684668857,0.14570393321293,0.1518639501953125
2027-01-15,0.27671232876712326,975.0,call,0.065,787.2651505119301,0.006289222297303415,0.2138723663471073,0.14889145537939752,0.15528188476562502
2027-01-15,0.27671232876712326,980.0,call,0.055,787.2651505119301,0.006289222297303415,0.2189874670138776,0.1495780273705289,0.1557701611328125
2027-01-15,0.27671232876712326,985.0,call,0.055,787.2651505119301,0.006289222297303415,0.22407653652134896,0.15267661507846708,0.15869981933593752
2027-01-15,0.27671232876712326,990.0,call,0.05,787.2651505119301,0.006289222297303415,0.22913983847789574,0.15433906926883229,0.16211775390625
2027-01-15,0.27671232876712326,995.0,call,0.045,787.2651505119301,0.006289222297303415,0.23417763250785278,0.15582101470121018,0.16211775390625
2027-01-15,0.27671232876712326,1000.0,call,0.045,787.2651505119301,0.006289222297303415,0.2391901743313971,0.1588065461309968,0.165047412109375
2027-01-15,0.27671232876712326,1010.0,call,0.035,787.2651505119301,0.006289222297303415,0.24914050518456515,0.16100742422317682,0.16797707031250003
2027-01-15,0.27671232876712326,1020.0,call,0.035,787.2651505119301,0.006289222297303415,0.2589928016275769,0.16672768332808396,0.1733481103515625
2027-01-15,0.27671232876712326,1040.0,call,0.025,787.2651505119301,0.006289222297303415,0.27841088748467835,0.1728998181993955,0.179695703125
2027-01-15,0.27671232876712326,1050.0,call,0.025,787.2651505119301,0.006289222297303415,0.28798033850082916,0.17826990241368376,0.18555501953124998
2027-01-15,0.27671232876712326,1060.0,call,0.025,787.2651505119301,0.006289222297303415,0.2974590824553729,0.1835729580639485,0.19043778320312502
2027-01-29,0.3150684931506849,485.0,put,0.8,788.3440815367763,0.006088945626522291,-0.4857857553122029,0.4045585639784304,0.39539178833007815
2027-01-29,0.3150684931506849,490.0,put,0.835,788.3440815367763,0.006088945626522291,-0.4755292551450138,0.39939337969183825,0.3898986791992188
2027-01-29,0.3150684931506849,495.0,put,0.87,788.3440815367763,0.006088945626522291,-0.4653768836809958,0.39415435236926605,0.3848938464355468
2027-01-29,0.3150684931506849,500.0,put,0.905,788.3440815367763,0.006088945626522291,-0.4553265478274943,0.38884850278847344,0.3792786682128906
2027-01-29,0.3150684931506849,505.0,put,0.945,788.3440815367763,0.006088945626522291,-0.4453762169743262,0.38378807352812244,0.37415176635742187
2027-01-29,0.3150684931506849,510.0,put,0.985,788.3440815367763,0.006088945626522291,-0.43552392053131456,0.37864781945665005,0.36890279541015625
2027-01-29,0.3150684931506849,515.0,put,1.025,788.3440815367763,0.006088945626522291,-0.42576774558595,0.37343490684795594,0.36365382446289063
2027-01-29,0.3150684931506849,520.0,put,1.065,788.3440815367763,0.006088945626522291,-0.4161058346742131,0.3681556685009794,0.358404853515625
2027-01-29,0.3150684931506849,525.0,put,1.1150000000000002,788.3440815367763,0.006088945626522291,-0.40653638365806233,0.36333249239553256,0.35352208984374994
2027-01-29,0.3150684931506849,530.0,put,1.16,788.3440815367763,0.006088945626522291,-0.39705763970351854,0.3581646605179007,0.3485172570800781
2027-01-29,0.3150684931506849,535.0,put,1.21,788.3440815367763,0.006088945626522291,-0.3876678993536795,0.35316469072697265,0.3435124243164062
2027-01-29,0.3150684931506849,540.0,put,1.26,788.3440815367763,0.006088945626522291,-0.3783655066913659,0.34808197817966663,0.33838552246093745
2027-01-29,0.3150684931506849,545.0,put,1.315,788.3440815367763,0.006088945626522291,-0.36914885158644206,0.34314083007570173,0.33313655151367194
2027-01-29,0.3150684931506849,550.0,put,1.37,788.3440815367763,0.006088945626522291,-0.36001636802316955,0.33811175052989345,0.3282537878417968
2027-01-29,0.3150684931506849,555.0,put,1.43,788.3440815367763,0.006088945626522291,-0.3509665325032516,0.33320139045390856,0.3232489550781249
2027-01-29,0.3150684931506849,560.0,put,1.49,788.3440815367763,0.006088945626522291,-0.34199786252049114,0.3281996173414234,0.3182441223144531
2027-01-29,0.3150684931506849,565.0,put,1.5550000000000002,788.3440815367763,0.006088945626522291,-0.33310891510324514,0.323296738462389,0.3130561859130859
2027-01-29,0.3150684931506849,570.0,put,1.62,788.3440815367763,0.006088945626522291,-0.3242982854210902,0.31830027767417723,0.3081734222412109
2027-01-29,0.3150684931506849,575.0,put,1.6949999999999998,788.3440815367763,0.006088945626522291,-0.31556460545233556,0.3135538561423782,0.30322962402343745
2027-01-29,0.3150684931506849,580.0,put,1.77,788.3440815367763,0.006088945626522291,-0.30690654270922113,0.3086986414201682,0.29846892944335934
2027-01-29,0.3150684931506849,585.0,put,1.85,788.3440815367763,0.006088945626522291,-0.2983227990178296,0.3038966049873872,0.29358616577148433
2027-01-29,0.3150684931506849,590.0,put,1.93,788.3440815367763,0.006088945626522291,-0.28981210934992097,0.29898739348401826,0.2885813330078124
2027-01-29,0.3150684931506849,595.0,put,2.0199999999999996,788.3440815367763,0.006088945626522291,-0.28137324070405634,0.29426118714034183,0.28375960388183585
2027-01-29,0.3150684931506849,600.0,put,2.12,788.3440815367763,0.006088945626522291,-0.2730049910335397,0.28968813621206835,0.27912097839355465
2027-01-29,0.3150684931506849,605.0,put,2.2199999999999998,788.3440815367763,0.006088945626522291,-0.26470618821884456,0.2849823581886429,0.27436028381347655
2027-01-29,0.3150684931506849,610.0,put,2.325,788.3440815367763,0.006088945626522291,-0.2564756890823292,0.2802762546094693,0.2696606237792969
2027-01-29,0.3150684931506849,615.0,put,2.4400000000000004,788.3440815367763,0.006088945626522291,-0.24831237844316825,0.2756798034532369,0.26483889465332033
2027-01-29,0.3150684931506849,620.0,put,2.565,788.3440815367763,0.006088945626522291,-0.24021516821054886,0.27116984380954084,0.2601392346191406
2027-01-29,0.3150684931506849,625.0,put,2.6950000000000003,788.3440815367763,0.006088945626522291,-0.23218299651328458,0.2666174811461889,0.2556837127685547
2027-01-29,0.3150684931506849,630.0,put,2.83,788.3440815367763,0.006088945626522291,-0.22421482686410768,0.26201786153625223,0.25086198364257806
2027-01-29,0.3150684931506849,635.0,put,2.9800000000000004,788.3440815367763,0.006088945626522291,-0.2163096473569944,0.25756294129946616,0.24631490997314454
2027-01-29,0.3150684931506849,640.0,put,3.1399999999999997,788.3440815367763,0.006088945626522291,-0.20846646989596848,0.25312826397663873,0.24176783630371096
2027-01-29,0.3150684931506849,645.0,put,3.3049999999999997,788.3440815367763,0.006088945626522291,-0.20068432945391365,0.2486091663253315,0.2371902453613281
2027-01-29,0.3150684931506849,650.0,put,3.495,788.3440815367763,0.006088945626522291,-0.19296228336000332,0.2443450677035132,0.23279575805664063
2027-01-29,0.3150684931506849,655.0,put,3.6950000000000003,788.3440815367763,0.006088945626522291,-0.18529941061443417,0.24004326806219434,0.2283402362060547
2027-01-29,0.3150684931506849,660.0,put,3.9050000000000002,788.3440815367763,0.006088945626522291,-0.17769481122921485,0.23569333499009182,0.22382367980957027
2027-01-29,0.3150684931506849,665.0,put,4.130000000000001,788.3440815367763,0.006088945626522291,-0.1701476055938319,0.23135952820786546,0.21939867523193357
2027-01-29,0.3150684931506849,668.0,put,4.27,788.3440815367763,0.006088945626522291,-0.16564647271304034,0.22872739217465743,0.2166826379394531
2027-01-29,0.3150684931506849,669.0,put,4.3149999999999995,788.3440815367763,0.006088945626522291,-0.16415058612145766,0.22780872223803603,0.2156450506591797
2027-01-29,0.3150684931506849,670.0,put,4.375,788.3440815367763,0.006088945626522291,-0.16265693386467428,0.2270931496105085,0.21491263610839845
2027-01-29,0.3150684931506849,671.0,put,4.415,788.3440815367763,0.006088945626522291,-0.1611655092780043,0.2260865002500945,0.213875048828125
2027-01-29,0.3150684931506849,673.0,put,4.525,788.3440815367763,0.006088945626522291,-0.15818931660495825,0.22446393795965972,0.21216608154296873
2027-01-29,0.3150684931506849,674.0,put,4.574999999999999,788.3440815367763,0.006088945626522291,-0.15670453533737908,0.2235692289913114,0.21123530471801755
2027-01-29,0.3150684931506849,675.0,put,4.640000000000001,788.3440815367763,0.006088945626522291,-0.15522195537715633,0.22286688415072078,0.21054866607666017
2027-01-29,0.3150684931506849,676.0,put,4.6850000000000005,788.3440815367763,0.006088945626522291,-0.15374157020672197,0.22188597382412772,0.20948056152343747
2027-01-29,0.3150684931506849,677.0,put,4.745,788.3440815367763,0.006088945626522291,-0.1522633733374111,0.22109508002411624,0.2086413365173339
2027-01-29,0.3150684931506849,678.0,put,4.800000000000001,788.3440815367763,0.006088945626522291,-0.15078735830929046,0.22022779696825232,0.20780211151123046
2027-01-29,0.3150684931506849,679.0,put,4.859999999999999,788.3440815367763,0.006088945626522291,-0.14931351869098994,0.21941530005747034,0.20694762786865228
2027-01-29,0.3150684931506849,680.0,put,4.92,788.3440815367763,0.006088945626522291,-0.14784184807953374,0.21859187871667857,0.20607788558959955
2027-01-29,0.3150684931506849,681.0,put,4.975,788.3440815367763,0.006088945626522291,-0.1463723401001737,0.21769431302458386,0.20508607421874997
2027-01-29,0.3150684931506849,682.0,put,5.039999999999999,788.3440815367763,0.006088945626522291,-0.14490498840622398,0.21691277910752824,0.20432314239501947
2027-01-29,0.3150684931506849,683.0,put,5.095000000000001,788.3440815367763,0.006088945626522291,-0.14343978667889606,0.21599519101171855,0.20340762420654296
2027-01-29,0.3150684931506849,684.0,put,5.165,788.3440815367763,0.006088945626522291,-0.1419767286271356,0.2152530229766041,0.20262943374633785
2027-01-29,0.3150684931506849,685.0,put,5.23,788.3440815367763,0.006088945626522291,-0.14051580798746083,0.2144372066945073,0.20169865692138672
2027-01-29,0.3150684931506849,686.0,put,5.289999999999999,788.3440815367763,0.006088945626522291,-0.1390570185238008,0.2135496648418631,0.20078313873291015
2027-01-29,0.3150684931506849,687.0,put,5.355,788.3440815367763,0.006088945626522291,-0.13760035402733672,0.21271183342444708,0.19995917236328126
2027-01-29,0.3150684931506849,688.0,put,5.42,788.3440815367763,0.006088945626522291,-0.13614580831634246,0.2118628845235263,0.19901313690185546
2027-01-29,0.3150684931506849,689.0,put,5.484999999999999,788.3440815367763,0.006088945626522291,-0.13469337523602748,0.2110029358805591,0.19815865325927734
2027-01-29,0.3150684931506849,690.0,put,5.5600000000000005,788.3440815367763,0.006088945626522291,-0.13324304865838102,0.21024833548326025,0.1972889109802246
2027-01-29,0.3150684931506849,691.0,put,5.625,788.3440815367763,0.006088945626522291,-0.13179482248201624,0.20936564800622284,0.19641916870117188
2027-01-29,0.3150684931506849,692.0,put,5.695,788.3440815367763,0.006088945626522291,-0.13034869063201648,0.20852932671304575,0.19553416778564453
2027-01-29,0.3150684931506849,693.0,put,5.765000000000001,788.3440815367763,0.006088945626522291,-0.12890464705978286,0.20768138814979292,0.19464916687011719
2027-01-29,0.3150684931506849,694.0,put,5.84,788.3440815367763,0.006088945626522291,-0.12746268574288153,0.20687789708161025,0.19373364868164064
2027-01-29,0.3150684931506849,695.0,put,5.91,788.3440815367763,0.006088945626522291,-0.12602280068489394,0.20600655605722898,0.19281813049316404
2027-01-29,0.3150684931506849,696.0,put,5.99,788.3440815367763,0.006088945626522291,-0.12458498591526647,0.20523373644360773,0.1919941641235352
2027-01-29,0.3150684931506849,697.0,put,6.0649999999999995,788.3440815367763,0.006088945626522291,-0.12314923548916215,0.20439332979962904,0.19113968048095703
2027-01-29,0.3150684931506849,698.0,put,6.140000000000001,788.3440815367763,0.006088945626522291,-0.12171554348731362,0.20354087001467738,0.1901936450195313
2027-01-29,0.3150684931506849,699.0,put,6.220000000000001,788.3440815367763,0.006088945626522291,-0.12028390401587587,0.20272982693530053,0.18932390274047856
2027-01-29,0.3150684931506849,700.0,put,6.300000000000001,788.3440815367763,0.006088945626522291,-0.11885431120628137,0.20190596487675258,0.18845416046142577
2027-01-29,0.3150684931506849,701.0,put,6.380000000000001,788.3440815367763,0.006088945626522291,-0.117426759215096,0.20106941378233725,0.1875539009094238
2027-01-29,0.3150684931506849,702.0,put,6.455,788.3440815367763,0.006088945626522291,-0.11600124222387502,0.20016842359946685,0.18665364135742188
2027-01-29,0.3150684931506849,703.0,put,6.550000000000001,788.3440815367763,0.006088945626522291,-0.11457775443902116,0.19946148238575648,0.18582967498779296
2027-01-29,0.3150684931506849,704.0,put,6.625,788.3440815367763,0.006088945626522291,-0.11315629009164371,0.19853573960439905,0.1849141567993164
2027-01-29,0.3150684931506849,705.0,put,6.725,788.3440815367763,0.006088945626522291,-0.11173684343741738,0.1978508349187503,0.18415122497558595
2027-01-29,0.3150684931506849,706.0,put,6.805,788.3440815367763,0.006088945626522291,-0.110319408756444,0.19695030171100034,0.18320518951416015
2027-01-29,0.3150684931506849,707.0,put,6.9,788.3440815367763,0.006088945626522291,-0.10890398035311337,0.1961862247717053,0.1823201885986328
2027-01-29,0.3150684931506849,708.0,put,6.99,788.3440815367763,0.006088945626522291,-0.10749055255596629,0.19535850553791853,0.18143518768310546
2027-01-29,0.3150684931506849,709.0,put,7.074999999999999,788.3440815367763,0.006088945626522291,-0.1060791197175586,0.19446864202217332,0.1805349281311035
2027-01-29,0.3150684931506849,710.0,put,7.175000000000001,788.3440815367763,0.006088945626522291,-0.10466967621432503,0.19371058014711873,0.1797109617614746
2027-01-29,0.3150684931506849,711.0,put,7.265000000000001,788.3440815367763,0.006088945626522291,-0.10326221644644518,0.19284205228822082,0.17878018493652342
2027-01-29,0.3150684931506849,712.0,put,7.37,788.3440815367763,0.006088945626522291,-0.10185673483771034,0.19210201187575993,0.17801725311279298
2027-01-29,0.3150684931506849,713.0,put,7.470000000000001,788.3440815367763,0.006088945626522291,-0.10045322583539008,0.19129946060729922,0.1771475108337402
2027-01-29,0.3150684931506849,714.0,put,7.57,788.3440815367763,0.006088945626522291,-0.09905168391010169,0.19048221020172676,0.1762625099182129
2027-01-29,0.3150684931506849,715.0,put,7.675000000000001,788.3440815367763,0.006088945626522291,-0.09765210355567847,0.18969632600713035,0.17536225036621095
2027-01-29,0.3150684931506849,716.0,put,7.785,788.3440815367763,0.006088945626522291,-0.09625447928904042,0.18894066662044445,0.17453828399658206
2027-01-29,0.3150684931506849,717.0,put,7.895,788.3440815367763,0.006088945626522291,-0.09485880565006573,0.18816902691081938,0.17368380035400394
2027-01-29,0.3150684931506849,718.0,put,7.99,788.3440815367763,0.006088945626522291,-0.09346507720146195,0.1872475052546426,0.17266147171020513
2027-01-29,0.3150684931506849,719.0,put,8.11,788.3440815367763,0.006088945626522291,-0.09207328852863937,0.18653412818395457,0.1718680226135254
2027-01-29,0.3150684931506849,720.0,put,8.215,788.3440815367763,0.006088945626522291,-0.09068343423958511,0.18567192505711802,0.17098302169799806
2027-01-29,0.3150684931506849,721.0,put,8.33,788.3440815367763,0.006088945626522291,-0.08929550896473706,0.1848820479517022,0.17015905532836917
2027-01-29,0.3150684931506849,722.0,put,8.455,788.3440815367763,0.006088945626522291,-0.08790950735685983,0.1841622594627779,0.16930457168579105
2027-01-29,0.3150684931506849,723.0,put,8.57,788.3440815367763,0.006088945626522291,-0.08652542409092143,0.18333953787901952,0.16837379486083986
2027-01-29,0.3150684931506849,724.0,put,8.685,788.3440815367763,0.006088945626522291,-0.08514325386396968,0.1825009694310227,0.16748879394531252
2027-01-29,0.3150684931506849,725.0,put,8.809999999999999,788.3440815367763,0.006088945626522291,-0.0837629913950113,0.18173059428032678,0.16668008621215824
2027-01-29,0.3150684931506849,726.0,put,8.935,788.3440815367763,0.006088945626522291,-0.08238463142489004,0.18094312083120812,0.16576456802368167
2027-01-29,0.3150684931506849,727.0,put,9.065,788.3440815367763,0.006088945626522291,-0.08100816871616669,0.18017990531176528,0.16492534301757814
2027-01-29,0.3150684931506849,728.0,put,9.190000000000001,788.3440815367763,0.006088945626522291,-0.07963359805300012,0.1793582648962791,0.16397930755615236
2027-01-29,0.3150684931506849,729.0,put,9.33,788.3440815367763,0.006088945626522291,-0.07826091424102799,0.17864142768171115,0.16317059982299809
2027-01-29,0.3150684931506849,730.0,put,9.465,788.3440815367763,0.006088945626522291,-0.07689011210724925,0.17786572227345152,0.16234663345336914
2027-01-29,0.3150684931506849,731.0,put,9.6,788.3440815367763,0.006088945626522291,-0.0755211864999076,0.17707214399948074,0.16141585662841795
2027-01-29,0.3150684931506849,732.0,put,9.74,788.3440815367763,0.006088945626522291,-0.07415413228837447,0.17630028158678807,0.1606224075317383
2027-01-29,0.3150684931506849,733.0,put,9.875,788.3440815367763,0.006088945626522291,-0.07278894436303458,0.1754709762610846,0.15966111343383788
2027-01-29,0.3150684931506849,734.0,put,10.025,788.3440815367763,0.006088945626522291,-0.07142561763517054,0.17474055410007655,0.15883714706420898
2027-01-29,0.3150684931506849,735.0,put,10.18,788.3440815367763,0.006088945626522291,-0.07006414703684936,0.17402921410858552,0.15798266342163086
2027-01-29,0.3150684931506849,736.0,put,10.32,788.3440815367763,0.006088945626522291,-0.06870452752080985,0.17318352579652327,0.1570442572784424
2027-01-29,0.3150684931506849,737.0,put,10.475,788.3440815367763,0.006088945626522291,-0.06734675406034953,0.1724334857808269,0.1562279202270508
2027-01-29,0.3150684931506849,738.0,put,10.629999999999999,788.3440815367763,0.006088945626522291,-0.06599082164921356,0.17166379922778316,0.15538869522094728
2027-01-29,0.3150684931506849,739.0,put,10.795,788.3440815367763,0.006088945626522291,-0.06463672530148433,0.17094902195301837,0.15453421157836916
2027-01-29,0.3150684931506849,740.0,put,10.96,788.3440815367763,0.006088945626522291,-0.06328446005147059,0.17021361546748187,0.15364921066284182
2027-01-29,0.3150684931506849,741.0,put,11.115,788.3440815367763,0.006088945626522291,-0.061934020953599185,0.16938447203461113,0.15274895111083986
2027-01-29,0.3150684931506849,742.0,put,11.3,788.3440815367763,0.006088945626522291,-0.060585403082305665,0.16875406526952672,0.1519555020141602
2027-01-29,0.3150684931506849,743.0,put,11.465,788.3440815367763,0.006088945626522291,-0.05923860153192687,0.16795692522216885,0.15108575973510746
2027-01-29,0.3150684931506849,744.0,put,11.64,788.3440815367763,0.006088945626522291,-0.057893611416594215,0.16721111386793966,0.1501855001831055
2027-01-29,0.3150684931506849,745.0,put,11.815,788.3440815367763,0.006088945626522291,-0.05655042787012661,0.1664440957058963,0.14933101654052733
2027-01-29,0.3150684931506849,746.0,put,12.004999999999999,788.3440815367763,0.006088945626522291,-0.0552090460459252,0.16576158422269416,0.14852230880737305
2027-01-29,0.3150684931506849,747.0,put,12.2,788.3440815367763,0.006088945626522291,-0.053869461116868786,0.1650913740357855,0.14768308380126954
2027-01-29,0.3150684931506849,748.0,put,12.385,788.3440815367763,0.006088945626522291,-0.052531668275208894,0.16432879013164176,0.14682860015869142
2027-01-29,0.3150684931506849,749.0,put,12.58,788.3440815367763,0.006088945626522291,-0.05119566273246658,0.16361314518056325,0.14600463378906248
2027-01-29,0.3150684931506849,750.0,put,12.780000000000001,788.3440815367763,0.006088945626522291,-0.049861439719329985,0.1629088380460405,0.14509674491882327
2027-01-29,0.3150684931506849,751.0,put,12.995000000000001,788.3440815367763,0.006088945626522291,-0.04852899448555129,0.162283032007065,0.1443567010498047
2027-01-29,0.3150684931506849,752.0,put,13.195,788.3440815367763,0.006088945626522291,-0.04719832229984625,0.16153163746042015,0.1435327346801758
2027-01-29,0.3150684931506849,753.0,put,13.41,788.3440815367763,0.006088945626522291,-0.045869418449792546,0.16085748189598886,0.14267825103759768
2027-01-29,0.3150684931506849,754.0,put,13.615,788.3440815367763,0.006088945626522291,-0.044542278241729974,0.1600925498163596,0.1417932501220703
2027-01-29,0.3150684931506849,755.0,put,13.83,788.3440815367763,0.006088945626522291,-0.043216897000661385,0.15937016870850498,0.14088536125183107
2027-01-29,0.3150684931506849,756.0,put,14.075,788.3440815367763,0.006088945626522291,-0.04189327007015314,0.15882004250925713,0.1401453173828125
2027-01-29,0.3150684931506849,757.0,put,14.3,788.3440815367763,0.006088945626522291,-0.04057139281223728,0.1581130075447506,0.139306092376709
2027-01-29,0.3150684931506849,758.0,put,14.525,788.3440815367763,0.006088945626522291,-0.039251260607314445,0.15738100554311762,0.13843635009765626
2027-01-29,0.3150684931506849,759.0,put,14.765,788.3440815367763,0.006088945626522291,-0.037932868854056105,0.15672042352221768,0.13760475440979006
2027-01-29,0.3150684931506849,760.0,put,15.004999999999999,788.3440815367763,0.006088945626522291,-0.03661621296930931,0.15603374049764257,0.13668160690307618
2027-01-29,0.3150684931506849,761.0,put,15.25,788.3440815367763,0.006088945626522291,-0.03530128838800028,0.1553527267354194,0.13585001121520998
2027-01-29,0.3150684931506849,762.0,put,15.52,788.3440815367763,0.006088945626522291,-0.033988090563039766,0.15480295747121653,0.13510996734619146
2027-01-29,0.3150684931506849,763.0,put,15.775,788.3440815367763,0.006088945626522291,-0.03267661496522908,0.15413094204451844,0.13428600097656251
2027-01-29,0.3150684931506849,764.0,put,16.03,788.3440815367763,0.006088945626522291,-0.03136685708316564,0.1534318669990898,0.13335522415161133
2027-01-29,0.3150684931506849,765.0,put,16.305,788.3440815367763,0.006088945626522291,-0.030058812423150217,0.15282971297663428,0.13258466300964358
2027-01-29,0.3150684931506849,766.0,put,16.57,788.3440815367763,0.006088945626522291,-0.028752476509094797,0.15213750617908867,0.1316615155029297
2027-01-29,0.3150684931506849,767.0,put,16.85,788.3440815367763,0.006088945626522291,-0.027447844882429955,0.15150956305370564,0.13082229049682614
2027-01-29,0.3150684931506849,768.0,put,17.14,788.3440815367763,0.006088945626522291,-0.0261449131020139,0.15091394025541255,0.13001358276367186
2027-01-29,0.3150684931506849,769.0,put,17.439999999999998,788.3440815367763,0.006088945626522291,-0.024843676744042135,0.15034972807506508,0.12928116821289062
2027-01-29,0.3150684931506849,770.0,put,17.735,788.3440815367763,0.006088945626522291,-0.023544131401956506,0.1497254202858602,0.12839616729736325
2027-01-29,0.3150684931506849,771.0,put,18.035,788.3440815367763,0.006088945626522291,-0.02224627268635659,0.1491015865501604,0.1275416836547852
2027-01-29,0.3150684931506849,772.0,put,18.365,788.3440815367763,0.006088945626522291,-0.02095009622490995,0.14862750272799527,0.12681689842224123
2027-01-29,0.3150684931506849,773.0,put,18.675,788.3440815367763,0.006088945626522291,-0.019655597662264088,0.14800267538357287,0.1259471561431885
2027-01-29,0.3150684931506849,774.0,put,18.990000000000002,788.3440815367763,0.006088945626522291,-0.018362772659958976,0.14737704783092015,0.12503926727294923
2027-01-29,0.3150684931506849,775.0,put,19.33,788.3440815367763,0.006088945626522291,-0.01707161689633914,0.1468685298394447,0.12426107681274415
2027-01-29,0.3150684931506849,776.0,put,19.675,788.3440815367763,0.006088945626522291,-0.01578212606646731,0.14635750458805824,0.12350577430725099
2027-01-29,0.3150684931506849,777.0,put,20.005,788.3440815367763,0.006088945626522291,-0.014494295882038663,0.14572612586399683,0.12259788543701172
2027-01-29,0.3150684931506849,778.0,put,20.36,788.3440815367763,0.006088945626522291,-0.013208122071294431,0.14520943412368595,0.12181969497680664
2027-01-29,0.3150684931506849,779.0,put,20.72,788.3440815367763,0.006088945626522291,-0.011923600378937811,0.14468918325620064,0.12100335792541506
2027-01-29,0.3150684931506849,780.0,put,21.085,788.3440815367763,0.006088945626522291,-0.010640726566048695,0.1441650343323249,0.12020227951049803
2027-01-29,0.3150684931506849,785.0,put,23.03,788.3440815367763,0.006088945626522291,-0.004250928467277667,0.14173323646478447,0.11611296493530274
2027-01-29,0.3150684931506849,790.0,call,23.555,788.3440815367763,0.006088945626522291,0.0020982992113810954,0.13966667257513177,0.1606224075317383
2027-01-29,0.3150684931506849,795.0,call,20.805,788.3440815367763,0.006088945626522291,0.008407468404645834,0.1368464845619097,0.15668567932128907
2027-01-29,0.3150684931506849,800.0,call,18.259999999999998,788.3440815367763,0.006088945626522291,0.014677081418241247,0.13425710317926606,0.152901537475586
2027-01-29,0.3150684931506849,805.0,call,15.945,788.3440815367763,0.006088945626522291,0.02090763116887734,0.1320175219013058,0.14965144790649415
2027-01-29,0.3150684931506849,810.0,call,13.82,788.3440815367763,0.006088945626522291,0.027099601416798434,0.12988204404575626,0.1465157981109619
2027-01-29,0.3150684931506849,815.0,call,11.915,788.3440815367763,0.006088945626522291,0.033253466991176706,0.12803517422150448,0.1437921315002441
2027-01-29,0.3150684931506849,820.0,call,10.215,788.3440815367763,0.006088945626522291,0.03936969400861281,0.12641377457323952,0.14133549102783205
2027-01-29,0.3150684931506849,825.0,call,8.71,788.3440815367763,0.006088945626522291,0.045448740084994804,0.12499953837766438,0.13910773010253907
2027-01-29,0.3150684931506849,830.0,call,7.385,788.3440815367763,0.006088945626522291,0.05149105454095744,0.12375300509773898,0.1371851419067383
2027-01-29,0.3150684931506849,835.0,call,6.23,788.3440815367763,0.006088945626522291,0.05749707860116933,0.12268054937503427,0.13541514007568362
2027-01-29,0.3150684931506849,840.0,call,5.234999999999999,788.3440815367763,0.006088945626522291,0.06346724558767317,0.12180490899077796,0.13388927642822268
2027-01-29,0.3150684931506849,845.0,call,4.37,788.3440815367763,0.006088945626522291,0.06940198110748773,0.12098137378780086,0.13247022323608398
2027-01-29,0.3150684931506849,850.0,call,3.6399999999999997,788.3440815367763,0.006088945626522291,0.07530170323467604,0.1203736543157915,0.1313563427734375
2027-01-29,0.3150684931506849,855.0,call,3.0149999999999997,788.3440815367763,0.006088945626522291,0.08116682268707413,0.11982100999370034,0.13037979003906247
2027-01-29,0.3150684931506849,860.0,call,2.49,788.3440815367763,0.006088945626522291,0.08699774299786735,0.11940174052713931,0.12946427185058595
2027-01-29,0.3150684931506849,865.0,call,2.0599999999999996,788.3440815367763,0.006088945626522291,0.09279486068219327,0.1192288909559845,0.1289149609375
2027-01-29,0.3150684931506849,870.0,call,1.7,788.3440815367763,0.006088945626522291,0.09855856539894337,0.1191375961103306,0.12848771911621093
2027-01-29,0.3150684931506849,875.0,call,1.385,788.3440815367763,0.006088945626522291,0.10428924010792841,0.11884676376103533,0.127938408203125
2027-01-29,0.3150684931506849,880.0,call,1.145,788.3440815367763,0.006088945626522291,0.10998726122256615,0.11905507282968475,0.12787737365722657
2027-01-29,0.3150684931506849,885.0,call,0.955,788.3440815367763,0.006088945626522291,0.11565299875824352,0.1195449995594796,0.12787737365722657
2027-01-29,0.3150684931506849,890.0,call,0.8,788.3440815367763,0.006088945626522291,0.12128681647649935,0.12017418893502863,0.12842668457031248
2027-01-29,0.3150684931506849,895.0,call,0.665,788.3440815367763,0.006088945626522291,0.12688907202516922,0.12067030583881092,0.12854875366210936
2027-01-29,0.3150684931506849,900.0,call,0.565,788.3440815367763,0.006088945626522291,0.1324601170746246,0.1216358269440358,0.12934220275878905
2027-01-29,0.3150684931506849,905.0,call,0.485,788.3440815367763,0.006088945626522291,0.13800029745023998,0.12279325693332521,0.13031875549316402
2027-01-29,0.3150684931506849,910.0,call,0.415,788.3440815367763,0.006088945626522291,0.1435099532612096,0.1238705402932467,0.13123427368164062
2027-01-29,0.3150684931506849,915.0,call,0.355,788.3440815367763,0.006088945626522291,0.1489894190258352,0.12492595542579722,0.13221082641601564
2027-01-29,0.3150684931506849,920.0,call,0.305,788.3440815367763,0.006088945626522291,0.1544390237933999,0.12604141418321105,0.1331873791503906
2027-01-29,0.3150684931506849,925.0,call,0.265,788.3440815367763,0.006088945626522291,0.15985909126273912,0.12732813399317872,0.13428600097656251
2027-01-29,0.3150684931506849,930.0,call,0.22999999999999998,788.3440815367763,0.006088945626522291,0.16524993989761555,0.12856709325819565,0.1358728991699219
2027-02-26,0.3917808219178082,540.0,put,1.775,790.878087923761,0.004606125470445727,-0.3815746923408227,0.33337641069926777,0.3218451605224609
2027-02-26,0.3917808219178082,550.0,put,1.92,790.878087923761,0.004606125470445727,-0.36322555367262616,0.32416490438881557,0.31262894409179687
2027-02-26,0.3917808219178082,560.0,put,2.08,790.878087923761,0.004606125470445727,-0.34520704816994785,0.31508743342169127,0.3034127276611328
2027-02-26,0.3917808219178082,570.0,put,2.2649999999999997,790.878087923761,0.004606125470445727,-0.32750747107054695,0.30634914007098824,0.29434909759521477
2027-02-26,0.3917808219178082,580.0,put,2.45,790.878087923761,0.004606125470445727,-0.3101157283586778,0.2972366051966477,0.28519391571044916
2027-02-26,0.3917808219178082,590.0,put,2.675,790.878087923761,0.004606125470445727,-0.2930212949993777,0.2886900400767012,0.2765575274658203
2027-02-26,0.3917808219178082,600.0,put,2.925,790.878087923761,0.004606125470445727,-0.27621417668299647,0.2802333535058801,0.2678906219482422
2027-02-26,0.3917808219178082,610.0,put,3.2,790.878087923761,0.004606125470445727,-0.2596848747317858,0.2717969572658763,0.2591016473388672
2027-02-26,0.3917808219178082,620.0,put,3.5149999999999997,790.878087923761,0.004606125470445727,-0.2434243538600055,0.26358224361138405,0.2507399145507812
2027-02-26,0.3917808219178082,630.0,put,3.865,790.878087923761,0.004606125470445727,-0.2274240125135644,0.25539740443112513,0.24225611267089842
2027-02-26,0.3917808219178082,640.0,put,4.265000000000001,790.878087923761,0.004606125470445727,-0.21167565554542522,0.24738640447153232,0.23395541442871093
2027-02-26,0.3917808219178082,650.0,put,4.720000000000001,790.878087923761,0.004606125470445727,-0.19617146900946,0.239499157420422,0.22565471618652344
2027-02-26,0.3917808219178082,660.0,put,5.225,790.878087923761,0.004606125470445727,-0.18090399687867156,0.23155897307746043,0.21741505249023438
2027-02-26,0.3917808219178082,670.0,put,5.82,790.878087923761,0.004606125470445727,-0.16586611951413108,0.22393529833844658,0.20941952697753902
2027-02-26,0.3917808219178082,680.0,put,6.49,790.878087923761,0.004606125470445727,-0.15105103372899045,0.21629159075598955,0.20130193237304686
2027-02-26,0.3917808219178082,685.0,put,6.855,790.878087923761,0.004606125470445727,-0.14372499363691754,0.21244423725498143,0.19724313507080077
2027-02-26,0.3917808219178082,690.0,put,7.255000000000001,790.878087923761,0.004606125470445727,-0.1364522343078378,0.20870329599347515,0.19321485504150393
2027-02-26,0.3917808219178082,693.0,put,7.515000000000001,790.878087923761,0.004606125470445727,-0.13211383270923957,0.20652655069753517,0.19086502502441405
2027-02-26,0.3917808219178082,694.0,put,7.6,790.878087923761,0.004606125470445727,-0.13067187139233832,0.20576445462639573,0.18999528274536137
2027-02-26,0.3917808219178082,695.0,put,7.6899999999999995,790.878087923761,0.004606125470445727,-0.1292319863343507,0.20503784699280286,0.18921709228515626
2027-02-26,0.3917808219178082,696.0,put,7.775,790.878087923761,0.004606125470445727,-0.1277941715647231,0.20425513541253587,0.18833209136962892
2027-02-26,0.3917808219178082,697.0,put,7.869999999999999,790.878087923761,0.004606125470445727,-0.1263584211386189,0.20355224250599938,0.18759967681884765
2027-02-26,0.3917808219178082,698.0,put,7.95,790.878087923761,0.004606125470445727,-0.12492472913677033,0.20270436948903042,0.18677571044921876
2027-02-26,0.3917808219178082,699.0,put,8.05,790.878087923761,0.004606125470445727,-0.12349308966533257,0.20202410156540332,0.1859517440795898
2027-02-26,0.3917808219178082,700.0,put,8.15,790.878087923761,0.004606125470445727,-0.12206349685573806,0.2013319072360066,0.18518881225585934
2027-02-26,0.3917808219178082,701.0,put,8.245000000000001,790.878087923761,0.004606125470445727,-0.12063594486455266,0.20058447705319993,0.18433432861328125
2027-02-26,0.3917808219178082,702.0,put,8.34,790.878087923761,0.004606125470445727,-0.11921042787333166,0.1998260671723517,0.18355613815307614
2027-02-26,0.3917808219178082,705.0,put,8.645,790.878087923761,0.004606125470445727,-0.11494602908687408,0.19765400973036049,0.18120630813598632
2027-02-26,0.3917808219178082,706.0,put,8.745000000000001,790.878087923761,0.004606125470445727,-0.11352859440590068,0.19689291195375197,0.18030604858398439
2027-02-26,0.3917808219178082,707.0,put,8.85,790.878087923761,0.004606125470445727,-0.11211316600257003,0.19616196073804562,0.17954311676025392
2027-02-26,0.3917808219178082,708.0,put,8.95,790.878087923761,0.004606125470445727,-0.11069973820542306,0.19537819987566704,0.1786886331176758
2027-02-26,0.3917808219178082,709.0,put,9.055,790.878087923761,0.004606125470445727,-0.10928830536701534,0.19462409816941229,0.17789518402099608
2027-02-26,0.3917808219178082,710.0,put,9.17,790.878087923761,0.004606125470445727,-0.10787886186378164,0.19393913292842271,0.1771017349243164
2027-02-26,0.3917808219178082,711.0,put,9.275,790.878087923761,0.004606125470445727,-0.10647140209590189,0.19316126550509477,0.17629302719116213
2027-02-26,0.3917808219178082,712.0,put,9.399999999999999,790.878087923761,0.004606125470445727,-0.10506592048716704,0.19253087105762134,0.1756063885498047
2027-02-26,0.3917808219178082,713.0,put,9.52,790.878087923761,0.004606125470445727,-0.10366241148484688,0.19184718683020052,0.1748434567260742
2027-02-26,0.3917808219178082,714.0,put,9.629999999999999,790.878087923761,0.004606125470445727,-0.10226086955955846,0.19107221396470322,0.17391267990112308
2027-02-26,0.3917808219178082,715.0,put,9.75,790.878087923761,0.004606125470445727,-0.1008612892051351,0.19036301009194104,0.17320315330505373
2027-02-26,0.3917808219178082,716.0,put,9.855,790.878087923761,0.004606125470445727,-0.09946366493849716,0.18952544721957965,0.17224948852539065
2027-02-26,0.3917808219178082,717.0,put,9.995000000000001,790.878087923761,0.004606125470445727,-0.09806799129952244,0.1889440955688637,0.1715781085205078
2027-02-26,0.3917808219178082,718.0,put,10.11,790.878087923761,0.004606125470445727,-0.09667426285091865,0.18815823849021868,0.1706778489685059
2027-02-26,0.3917808219178082,719.0,put,10.24,790.878087923761,0.004606125470445727,-0.09528247417809604,0.18747305900013278,0.16997595169067387
2027-02-26,0.3917808219178082,720.0,put,10.370000000000001,790.878087923761,0.004606125470445727,-0.09389261988904177,0.18677415021162605,0.16912146804809575
2027-02-26,0.3917808219178082,721.0,put,10.495000000000001,790.878087923761,0.004606125470445727,-0.09250469461419371,0.18602462073079637,0.16831276031494147
2027-02-26,0.3917808219178082,722.0,put,10.625,790.878087923761,0.004606125470445727,-0.09111869300631657,0.18529884126770824,0.16750405258178713
2027-02-26,0.3917808219178082,723.0,put,10.765,790.878087923761,0.004606125470445727,-0.08973460974037814,0.18463248142981603,0.16680978462219243
2027-02-26,0.3917808219178082,724.0,put,10.905000000000001,790.878087923761,0.004606125470445727,-0.08835243951342638,0.18395165230374658,0.16596293029785159
2027-02-26,0.3917808219178082,725.0,put,11.04,790.878087923761,0.004606125470445727,-0.08697217704446798,0.18322058925805607,0.16510844665527347
2027-02-26,0.3917808219178082,728.0,put,11.475,790.878087923761,0.004606125470445727,-0.08284278370245687,0.18115582029919863,0.1627738752746582
2027-02-26,0.3917808219178082,729.0,put,11.615,790.878087923761,0.004606125470445727,-0.08147009989048459,0.18040359584979154,0.16199568481445312
2027-02-26,0.3917808219178082,730.0,put,11.76,790.878087923761,0.004606125470445727,-0.08009929775670596,0.1796720028210179,0.1611259425354004
2027-02-26,0.3917808219178082,731.0,put,11.915,790.878087923761,0.004606125470445727,-0.07873037214936429,0.17899465810892748,0.16030960548400877
2027-02-26,0.3917808219178082,732.0,put,12.085,790.878087923761,0.004606125470445727,-0.07736331793783126,0.17840416788420194,0.15960007888793942
2027-02-26,0.3917808219178082,734.0,put,12.39,790.878087923761,0.004606125470445727,-0.07463480328462717,0.1769384139795461,0.15795214614868164
2027-02-26,0.3917808219178082,735.0,put,12.555,790.878087923761,0.004606125470445727,-0.0732733326863061,0.17626662141592406,0.15714343841552736
2027-02-26,0.3917808219178082,737.0,put,12.875,790.878087923761,0.004606125470445727,-0.07055593970980623,0.17480973941977446,0.15544972976684573
2027-02-26,0.3917808219178082,738.0,put,13.07,790.878087923761,0.004606125470445727,-0.06920000729867024,0.1742866658679827,0.1547707204437256
2027-02-26,0.3917808219178082,739.0,put,13.245000000000001,790.878087923761,0.004606125470445727,-0.06784591095094099,0.17361565132748905,0.15401541793823242
2027-02-26,0.3917808219178082,740.0,put,13.425,790.878087923761,0.004606125470445727,-0.06649364570092735,0.17296032735451108,0.15322959815979006
2027-02-26,0.3917808219178082,741.0,put,13.605,790.878087923761,0.004606125470445727,-0.06514320660305592,0.17228817445738145,0.1524285197448731
2027-02-26,0.3917808219178082,742.0,put,13.780000000000001,790.878087923761,0.004606125470445727,-0.06379458873176239,0.1715675495593085,0.15161218269348145
2027-02-26,0.3917808219178082,743.0,put,13.965,790.878087923761,0.004606125470445727,-0.06244778718138357,0.17089369651552963,0.15078058700561525
2027-02-26,0.3917808219178082,744.0,put,14.155,790.878087923761,0.004606125470445727,-0.0611027970660509,0.1702341138611292,0.15004817245483398
2027-02-26,0.3917808219178082,745.0,put,14.355,790.878087923761,0.004606125470445727,-0.059759613519583275,0.16961934640351492,0.1492242060852051
2027-02-26,0.3917808219178082,746.0,put,14.555,790.878087923761,0.004606125470445727,-0.05841823169538196,0.1689864613802427,0.14845364494323732
2027-02-26,0.3917808219178082,747.0,put,14.75,790.878087923761,0.004606125470445727,-0.057078646766325535,0.1683048517251804,0.14766019584655762
2027-02-26,0.3917808219178082,748.0,put,14.95,790.878087923761,0.004606125470445727,-0.055740853924665504,0.1676361700329965,0.14684385879516604
2027-02-26,0.3917808219178082,749.0,put,15.16,790.878087923761,0.004606125470445727,-0.05440484838192329,0.16701020098168723,0.14607329765319824
2027-02-26,0.3917808219178082,750.0,put,15.379999999999999,790.878087923761,0.004606125470445727,-0.05307062536878667,0.1664258646863308,0.1453332537841797
2027-02-26,0.3917808219178082,751.0,put,15.59,790.878087923761,0.004606125470445727,-0.051738180135008076,0.16576239824722822,0.14450928741455077
2027-02-26,0.3917808219178082,752.0,put,15.809999999999999,790.878087923761,0.004606125470445727,-0.05040750794930302,0.16513996250784202,0.14373109695434572
2027-02-26,0.3917808219178082,753.0,put,16.025,790.878087923761,0.004606125470445727,-0.049078604099249176,0.16446882428648887,0.1428766133117676
2027-02-26,0.3917808219178082,754.0,put,16.255,790.878087923761,0.004606125470445727,-0.04775146389118671,0.16386715165316598,0.14215945739746094
2027-02-26,0.3917808219178082,755.0,put,16.48,790.878087923761,0.004606125470445727,-0.0464260826501181,0.16321653828183308,0.14136600830078128
2027-02-26,0.3917808219178082,756.0,put,16.71,790.878087923761,0.004606125470445727,-0.04510245571960983,0.1625756608806701,0.14055730056762694
2027-02-26,0.3917808219178082,757.0,put,16.950000000000003,790.878087923761,0.004606125470445727,-0.04378057846169396,0.16197296191029276,0.13971807556152344
2027-02-26,0.3917808219178082,758.0,put,17.2,790.878087923761,0.004606125470445727,-0.0424604462567711,0.16140751540655335,0.13903143692016606
2027-02-26,0.3917808219178082,759.0,put,17.455,790.878087923761,0.004606125470445727,-0.04114205450351286,0.16084984646999007,0.13825324645996095
2027-02-26,0.3917808219178082,760.0,put,17.685000000000002,790.878087923761,0.004606125470445727,-0.03982539861876604,0.1601289877429774,0.13740639213562014
2027-02-26,0.3917808219178082,761.0,put,17.955,790.878087923761,0.004606125470445727,-0.038510474037457,0.15961485157267452,0.13663583099365234
2027-02-26,0.3917808219178082,762.0,put,18.205,790.878087923761,0.004606125470445727,-0.037197276212496466,0.1589663258058407,0.13585001121520998
2027-02-26,0.3917808219178082,763.0,put,18.475,790.878087923761,0.004606125470445727,-0.03588580061468576,0.15840911384276535,0.1350336741638184
2027-02-26,0.3917808219178082,764.0,put,18.755,790.878087923761,0.004606125470445727,-0.0345760427326223,0.1578858538110123,0.13430125961303713
2027-02-26,0.3917808219178082,765.0,put,19.025,790.878087923761,0.004606125470445727,-0.033267998072606976,0.15728488596267726,0.1334925518798828
2027-02-26,0.3917808219178082,766.0,put,19.3,790.878087923761,0.004606125470445727,-0.03196166215855154,0.1566898055715472,0.13270673210144043
2027-02-26,0.3917808219178082,767.0,put,19.585,790.878087923761,0.004606125470445727,-0.03065703053188656,0.1561277057499684,0.13189039505004885
2027-02-26,0.3917808219178082,768.0,put,19.880000000000003,790.878087923761,0.004606125470445727,-0.029354098751470607,0.1555978538929017,0.13115798049926758
2027-02-26,0.3917808219178082,769.0,put,20.185,790.878087923761,0.004606125470445727,-0.02805286239349882,0.1550995478168438,0.1304026779937744
2027-02-26,0.3917808219178082,770.0,put,20.47,790.878087923761,0.004606125470445727,-0.02675331705141329,0.15446942252401277,0.1295100477600098
2027-02-26,0.3917808219178082,771.0,put,20.784999999999997,790.878087923761,0.004606125470445727,-0.025455458335813357,0.15397887556605305,0.12885392639160154
2027-02-26,0.3917808219178082,772.0,put,21.095,790.878087923761,0.004606125470445727,-0.024159281874366584,0.15343765201336854,0.12799944274902342
2027-02-26,0.3917808219178082,773.0,put,21.42,790.878087923761,0.004606125470445727,-0.02286478331172082,0.1529532647860676,0.12728228683471682
2027-02-26,0.3917808219178082,774.0,put,21.735,790.878087923761,0.004606125470445727,-0.021571958309415686,0.15239129854008776,0.12643543251037595
2027-02-26,0.3917808219178082,775.0,put,22.060000000000002,790.878087923761,0.004606125470445727,-0.020280802545795833,0.15185874765989577,0.1256572420501709
2027-02-26,0.3917808219178082,776.0,put,22.395000000000003,790.878087923761,0.004606125470445727,-0.018991311715923987,0.1513550315748409,0.12490193954467774
2027-02-26,0.3917808219178082,777.0,put,22.759999999999998,790.878087923761,0.004606125470445727,-0.01770348153149532,0.1509853571430637,0.12421530090332032
2027-02-26,0.3917808219178082,778.0,put,23.095,790.878087923761,0.004606125470445727,-0.016417307720751183,0.15043193485921105,0.1233455586242676
2027-02-26,0.3917808219178082,779.0,put,23.45,790.878087923761,0.004606125470445727,-0.015132786028394544,0.14995897843635692,0.12264366134643556
2027-02-26,0.3917808219178082,780.0,put,23.815,790.878087923761,0.004606125470445727,-0.013849912215505411,0.14951312722647264,0.12181206565856934
2027-02-26,0.3917808219178082,781.0,put,24.174999999999997,790.878087923761,0.004606125470445727,-0.012568682059456777,0.14901548617832885,0.12104913383483887
2027-02-26,0.3917808219178082,782.0,put,24.534999999999997,790.878087923761,0.004606125470445727,-0.011289091353831687,0.14849227540296556,0.12020227951049803
2027-02-26,0.3917808219178082,783.0,put,24.935000000000002,790.878087923761,0.004606125470445727,-0.010011135908339689,0.1481516439978702,0.11952327018737793
2027-02-26,0.3917808219178082,784.0,put,25.32,790.878087923761,0.004606125470445727,-0.008734811548734967,0.147706473949561,0.11875270904541015
2027-02-26,0.3917808219178082,785.0,put,25.715000000000003,790.878087923761,0.004606125470445727,-0.007460114116734406,0.14728681686589942,0.11795925994873047
2027-02-26,0.3917808219178082,786.0,put,26.115000000000002,790.878087923761,0.004606125470445727,-0.006187039469936205,0.14686643619047848,0.11717344017028808
2027-02-26,0.3917808219178082,787.0,put,26.52,790.878087923761,0.004606125470445727,-0.004915583481739546,0.14644512780316807,0.11629606857299804
2027-02-26,0.3917808219178082,788.0,put,26.945,790.878087923761,0.004606125470445727,-0.0036457420412636713,0.1461001375175645,0.11563994720458985
2027-02-26,0.3917808219178082,789.0,put,27.345,790.878087923761,0.004606125470445727,-0.002377511053268578,0.14559892432201788,0.11474731697082521
2027-02-26,0.3917808219178082,790.0,put,27.79,790.878087923761,0.004606125470445727,-0.0011108864380756658,0.14530245404274927,0.11396149719238281
2027-02-26,0.3917808219178082,791.0,call,28.11,790.878087923761,0.004606125470445727,0.0001541358685111175,0.1449525882348031,0.16976996009826664
2027-02-26,0.3917808219178082,792.0,call,27.54,790.878087923761,0.004606125470445727,0.0014175599152829647,0.14444283742030672,0.1690756921386719
2027-02-26,0.3917808219178082,793.0,call,26.965,790.878087923761,0.004606125470445727,0.002679389735705182,0.14387962332919213,0.1682440964508057
2027-02-26,0.3917808219178082,794.0,call,26.405,790.878087923761,0.004606125470445727,0.003939629347993007,0.14336560974082316,0.16749642326354983
2027-02-26,0.3917808219178082,795.0,call,25.855,790.878087923761,0.004606125470445727,0.00519828275518905,0.1428748149055224,0.16677163803100592
2027-02-26,0.3917808219178082,796.0,call,25.295,790.878087923761,0.004606125470445727,0.006455353945240252,0.1423040953123346,0.16596293029785159
2027-02-26,0.3917808219178082,797.0,call,24.759999999999998,790.878087923761,0.004606125470445727,0.0077108468910721435,0.1418333187691382,0.16529155029296877
2027-02-26,0.3917808219178082,798.0,call,24.215,790.878087923761,0.004606125470445727,0.008964765550665957,0.1412820898631466,0.16448284255981444
2027-02-26,0.3917808219178082,799.0,call,23.675,790.878087923761,0.004606125470445727,0.010217113867131944,0.14072734003274,0.1637046520996094
2027-02-26,0.3917808219178082,800.0,call,23.16,790.878087923761,0.004606125470445727,0.011467895768784441,0.14027207736902944,0.16300275482177734
2027-02-26,0.3917808219178082,801.0,call,22.65,790.878087923761,0.004606125470445727,0.012717115169216453,0.1398130497415059,0.1623161161804199
2027-02-26,0.3917808219178082,802.0,call,22.130000000000003,790.878087923761,0.004606125470445727,0.013964775967371813,0.13927236725890793,0.16155318435668942
2027-02-26,0.3917808219178082,803.0,call,21.630000000000003,790.878087923761,0.004606125470445727,0.015210882047618859,0.13880506299010667,0.16086654571533204
2027-02-26,0.3917808219178082,804.0,call,21.145,790.878087923761,0.004606125470445727,0.016455437279823643,0.1383853676861036,0.160263829574585
2027-02-26,0.3917808219178082,805.0,call,20.635,790.878087923761,0.004606125470445727,0.01769844551942051,0.13780495277700905,0.15946275115966796
2027-02-26,0.3917808219178082,806.0,call,20.174999999999997,790.878087923761,0.004606125470445727,0.018939910607485518,0.13745435697740574,0.1588524057006836
2027-02-26,0.3917808219178082,807.0,call,19.71,790.878087923761,0.004606125470445727,0.020179836370806108,0.13704705789431004,0.15826494819641115
2027-02-26,0.3917808219178082,808.0,call,19.23,790.878087923761,0.004606125470445727,0.021418226621952557,0.13652988912716346,0.1575401629638672
2027-02-26,0.3917808219178082,809.0,call,18.775,790.878087923761,0.004606125470445727,0.022655085159348956,0.13611260197449132,0.15694507614135744
2027-02-26,0.3917808219178082,810.0,call,18.32,790.878087923761,0.004606125470445727,0.023890415767341584,0.1356637576468906,0.15626606681823732
2027-02-26,0.3917808219178082,815.0,call,16.189999999999998,790.878087923761,0.004606125470445727,0.03004428134171984,0.13371235778246948,0.15333640861511233
2027-02-26,0.3917808219178082,820.0,call,14.23,790.878087923761,0.004606125470445727,0.03616050835915592,0.1318712698942447,0.15057459541320803
2027-02-26,0.3917808219178082,830.0,call,10.865,790.878087923761,0.004606125470445727,0.04828186889150072,0.12883381924261608,0.1458367887878418
2027-02-26,0.3917808219178082,840.0,call,8.165,790.878087923761,0.004606125470445727,0.06025805993821661,0.1264604360408141,0.1420068710327148
2027-02-26,0.3917808219178082,850.0,call,6.055,790.878087923761,0.004606125470445727,0.07209251758521944,0.12470684262344442,0.13900091964721684
2027-02-26,0.3917808219178082,860.0,call,4.43,790.878087923761,0.004606125470445727,0.0837885573484107,0.12338856139468991,0.13655953781127933
2027-02-26,0.3917808219178082,870.0,call,3.19,790.878087923761,0.004606125470445727,0.09534937974948668,0.12230488339756461,0.13454539779663088
2027-02-26,0.3917808219178082,880.0,call,2.275,790.878087923761,0.004606125470445727,0.10677807557310942,0.12158667664109234,0.1329737582397461
2027-02-26,0.3917808219178082,890.0,call,1.625,790.878087923761,0.004606125470445727,0.11807763082704277,0.12142172455280062,0.13214979187011722
2027-02-26,0.3917808219178082,900.0,call,1.16,790.878087923761,0.004606125470445727,0.129250931425168,0.12159018634463153,0.1316615155029297
2027-02-26,0.3917808219178082,910.0,call,0.83,790.878087923761,0.004606125470445727,0.14030076761175295,0.12205663936879121,0.13163099822998048
2027-02-26,0.3917808219178082,920.0,call,0.61,790.878087923761,0.004606125470445727,0.15122983814394322,0.12322083063510823,0.13239393005371097
2027-03-19,0.44931506849315067,250.0,put,0.185,792.5559209670347,0.004466496736096309,-1.1538021481341851,0.6343659152758133,0.624027197265625
2027-03-19,0.44931506849315067,255.0,put,0.195,792.5559209670347,0.004466496736096309,-1.1339995208380054,0.6272588254094551,0.6167030517578126
2027-03-19,0.44931506849315067,260.0,put,0.215,792.5559209670347,0.004466496736096309,-1.114581434980904,0.6231997588413702,0.6127968408203126
2027-03-19,0.44931506849315067,265.0,put,0.225,792.5559209670347,0.004466496736096309,-1.0955332400102094,0.6159186365060233,0.6054726953125001
2027-03-19,0.44931506849315067,270.0,put,0.46499999999999997,792.5559209670347,0.004466496736096309,-1.0768411069980568,0.6569753065811803,0.6455113574218749
2027-03-19,0.44931506849315067,275.0,put,0.245,792.5559209670347,0.004466496736096309,-1.0584919683298604,0.6014042033269045,0.5908244042968751
2027-03-19,0.44931506849315067,280.0,put,0.265,792.5559209670347,0.004466496736096309,-1.0404734628271821,0.5966484152072953,0.585941640625
2027-03-19,0.44931506849315067,285.0,put,0.275,792.5559209670347,0.004466496736096309,-1.022773885727781,0.5893530805196175,0.5786174951171875
2027-03-19,0.44931506849315067,290.0,put,0.295,792.5559209670347,0.004466496736096309,-1.005382143015912,0.5843081053034106,0.5737347314453125
2027-03-19,0.44931506849315067,295.0,put,0.305,792.5559209670347,0.004466496736096309,-0.988287709656612,0.577008988705056,0.5664105859375
2027-03-19,0.44931506849315067,300.0,put,0.325,792.5559209670347,0.004466496736096309,-0.9714805913402306,0.5717572449214205,0.5610395458984375
2027-03-19,0.44931506849315067,305.0,put,0.335,792.5559209670347,0.004466496736096309,-0.95495128938902,0.5644844877131528,0.5537154003906251
2027-03-19,0.44931506849315067,310.0,put,0.355,792.5559209670347,0.004466496736096309,-0.9386907685172398,0.559085618834029,0.5483443603515626
2027-03-19,0.44931506849315067,315.0,put,0.375,792.5559209670347,0.004466496736096309,-0.9226904271707986,0.553582813177148,0.5427291821289064
2027-03-19,0.44931506849315067,320.0,put,0.39,792.5559209670347,0.004466496736096309,-0.9069420702026594,0.5471793575948992,0.5363815893554689
2027-03-19,0.44931506849315067,325.0,put,0.405,792.5559209670347,0.004466496736096309,-0.8914378836666942,0.5407763167857366,0.5297898583984376
2027-03-19,0.44931506849315067,330.0,put,0.425,792.5559209670347,0.004466496736096309,-0.8761704115359058,0.5351284284692399,0.5241746801757812
2027-03-19,0.44931506849315067,335.0,put,0.445,792.5559209670347,0.004466496736096309,-0.8611325341713653,0.5294257142567165,0.5185595019531251
2027-03-19,0.44931506849315067,340.0,put,0.46499999999999997,792.5559209670347,0.004466496736096309,-0.8463174483862246,0.5236779799003505,0.5127001855468749
2027-03-19,0.44931506849315067,345.0,put,0.485,792.5559209670347,0.004466496736096309,-0.831718648965072,0.5178936642321134,0.506840869140625
2027-03-19,0.44931506849315067,350.0,put,0.505,792.5559209670347,0.004466496736096309,-0.8173299115129723,0.5120800654766802,0.5009815527343751
2027-03-19,0.44931506849315067,355.0,put,0.535,792.5559209670347,0.004466496736096309,-0.8031452765210159,0.5074343468087612,0.4968312036132813
2027-03-19,0.44931506849315067,360.0,put,0.555,792.5559209670347,0.004466496736096309,-0.7891590345462759,0.5015334671895271,0.4909718872070313
2027-03-19,0.44931506849315067,365.0,put,0.575,792.5559209670347,0.004466496736096309,-0.7753657124139403,0.4956228379443233,0.48511257080078124
2027-03-19,0.44931506849315067,370.0,put,0.605,792.5559209670347,0.004466496736096309,-0.7617600603581616,0.49075312297354623,0.4801077380371094
2027-03-19,0.44931506849315067,375.0,put,0.625,792.5559209670347,0.004466496736096309,-0.7483370400260209,0.4847962402049592,0.47412635253906255
2027-03-19,0.44931506849315067,380.0,put,0.655,792.5559209670347,0.004466496736096309,-0.7350918132760003,0.4798048187876844,0.4689994506835938
2027-03-19,0.44931506849315067,385.0,put,0.685,792.5559209670347,0.004466496736096309,-0.7220197317086474,0.47474281795446227,0.463872548828125
2027-03-19,0.44931506849315067,390.0,put,0.705,792.5559209670347,0.004466496736096309,-0.7091163268727395,0.4687385283118773,0.4578911633300782
2027-03-19,0.44931506849315067,395.0,put,0.735,792.5559209670347,0.004466496736096309,-0.6963773010953097,0.4635986501467112,0.45264219238281256
2027-03-19,0.44931506849315067,400.0,put,0.765,792.5559209670347,0.004466496736096309,-0.6837985188884496,0.4584102335645008,0.44751529052734373
2027-03-19,0.44931506849315067,405.0,put,0.795,792.5559209670347,0.004466496736096309,-0.6713759988898925,0.4531797643989016,0.44214425048828127
2027-03-19,0.44931506849315067,410.0,put,0.835,792.5559209670347,0.004466496736096309,-0.6591059062980783,0.44866181216690054,0.4376276940917969
2027-03-19,0.44931506849315067,415.0,put,0.865,792.5559209670347,0.004466496736096309,-0.6469845457657333,0.4433356991501832,0.4322566540527344
2027-03-19,0.44931506849315067,420.0,put,0.895,792.5559209670347,0.004466496736096309,-0.6350083547190177,0.43798436317014344,0.426885614013672
2027-03-19,0.44931506849315067,425.0,put,0.9299999999999999,792.5559209670347,0.004466496736096309,-0.623173897072015,0.43294467635222217,0.42212491943359376
2027-03-19,0.44931506849315067,430.0,put,0.965,792.5559209670347,0.004466496736096309,-0.6114778573088235,0.4278626087719868,0.41663181030273433
2027-03-19,0.44931506849315067,435.0,put,1.005,792.5559209670347,0.004466496736096309,-0.5999170349077476,0.42305070184600974,0.41174904663085937
2027-03-19,0.44931506849315067,440.0,put,1.045,792.5559209670347,0.004466496736096309,-0.5884883390841247,0.41818274086532436,0.4068662829589844
2027-03-19,0.44931506849315067,445.0,put,1.085,792.5559209670347,0.004466496736096309,-0.5771887838301915,0.41326480089963236,0.4018614501953125
2027-03-19,0.44931506849315067,450.0,put,1.125,792.5559209670347,0.004466496736096309,-0.5660154832320663,0.40830225934645925,0.39685661743164063
2027-03-19,0.44931506849315067,455.0,put,1.165,792.5559209670347,0.004466496736096309,-0.5549656470454812,0.4032998877463855,0.3918517846679687
2027-03-19,0.44931506849315067,460.0,put,1.2149999999999999,792.5559209670347,0.004466496736096309,-0.544036576513291,0.39876815789074804,0.38721315917968746
2027-03-19,0.44931506849315067,465.0,put,1.2650000000000001,792.5559209670347,0.004466496736096309,-0.5332256604090754,0.3941668844714982,0.3825745336914062
2027-03-19,0.44931506849315067,470.0,put,1.3050000000000002,792.5559209670347,0.004466496736096309,-0.5225303712923274,0.3890354419500106,0.377386597290039
2027-03-19,0.44931506849315067,475.0,put,1.355,792.5559209670347,0.004466496736096309,-0.5119482619617904,0.38433208241731776,0.372625902709961
2027-03-19,0.44931506849315067,480.0,put,1.4049999999999998,792.5559209670347,0.004466496736096309,-0.5014769620944951,0.3795760633062127,0.36780417358398443
2027-03-19,0.44931506849315067,485.0,put,1.4649999999999999,792.5559209670347,0.004466496736096309,-0.49111417505894844,0.37518974362272683,0.3633486517333985
2027-03-19,0.44931506849315067,490.0,put,1.5150000000000001,792.5559209670347,0.004466496736096309,-0.4808576748917594,0.3703275410444228,0.358404853515625
2027-03-19,0.44931506849315067,495.0,put,1.5750000000000002,792.5559209670347,0.004466496736096309,-0.4707053034277415,0.365813749211402,0.35388829711914055
2027-03-19,0.44931506849315067,500.0,put,1.6349999999999998,792.5559209670347,0.004466496736096309,-0.4606549675742399,0.3612367238585202,0.34924967163085935
2027-03-19,0.44931506849315067,505.0,put,1.6949999999999998,792.5559209670347,0.004466496736096309,-0.45070463672107186,0.35660173186400335,0.34448897705078124
2027-03-19,0.44931506849315067,510.0,put,1.755,792.5559209670347,0.004466496736096309,-0.44085234027806014,0.35191345830037774,0.33978931701660153
2027-03-19,0.44931506849315067,515.0,put,1.8250000000000002,792.5559209670347,0.004466496736096309,-0.4310961653326955,0.34750925003265515,0.3352727606201171
2027-03-19,0.44931506849315067,520.0,put,1.9049999999999998,792.5559209670347,0.004466496736096309,-0.42143425442095866,0.34335556614124074,0.331061376953125
2027-03-19,0.44931506849315067,525.0,put,1.97,792.5559209670347,0.004466496736096309,-0.41186480340480786,0.3386526776488337,0.3264532687377929
2027-03-19,0.44931506849315067,530.0,put,2.045,792.5559209670347,0.004466496736096309,-0.4023860594502642,0.3341991642350411,0.3217841259765625
2027-03-19,0.44931506849315067,535.0,put,2.12,792.5559209670347,0.004466496736096309,-0.3929963191004252,0.32968044802211915,0.3173286041259765
2027-03-19,0.44931506849315067,540.0,put,2.205,792.5559209670347,0.004466496736096309,-0.38369392643811157,0.32537665562769963,0.3128120477294921
2027-03-19,0.44931506849315067,545.0,put,2.29,792.5559209670347,0.004466496736096309,-0.3744772713331876,0.32099658385058755,0.30847859497070307
2027-03-19,0.44931506849315067,550.0,put,2.375,792.5559209670347,0.004466496736096309,-0.36534478776991514,0.31654551925197044,0.30383996948242187
2027-03-19,0.44931506849315067,555.0,put,2.4800000000000004,792.5559209670347,0.004466496736096309,-0.35629495224999713,0.3125197239928009,0.299811689453125
2027-03-19,0.44931506849315067,560.0,put,2.575,792.5559209670347,0.004466496736096309,-0.3473262822672368,0.30815968478852823,0.29526461578369134
2027-03-19,0.44931506849315067,565.0,put,2.6799999999999997,792.5559209670347,0.004466496736096309,-0.33843733484999083,0.3039531215194561,0.2910837493896483
2027-03-19,0.44931506849315067,570.0,put,2.785,792.5559209670347,0.004466496736096309,-0.3296267051678358,0.29966063115170366,0.286567192993164
2027-03-19,0.44931506849315067,575.0,put,2.9050000000000002,792.5559209670347,0.004466496736096309,-0.32089302519908125,0.2956036035019635,0.2826304647827148
2027-03-19,0.44931506849315067,580.0,put,3.0300000000000002,792.5559209670347,0.004466496736096309,-0.3122349624559666,0.29154880049349413,0.2783580465698242
2027-03-19,0.44931506849315067,585.0,put,3.1550000000000002,792.5559209670347,0.004466496736096309,-0.3036512187645752,0.2873937175224851,0.27399407653808594
2027-03-19,0.44931506849315067,590.0,put,3.29,792.5559209670347,0.004466496736096309,-0.2951405290966666,0.2833317661184623,0.2699352792358398
2027-03-19,0.44931506849315067,595.0,put,3.435,792.5559209670347,0.004466496736096309,-0.28670166045080187,0.2793472960591505,0.2659069992065429
2027-03-19,0.44931506849315067,600.0,put,3.585,792.5559209670347,0.004466496736096309,-0.2783334107802853,0.27533935786242564,0.26178716735839846
2027-03-19,0.44931506849315067,605.0,put,3.75,792.5559209670347,0.004466496736096309,-0.27003460796559026,0.27147077600393066,0.2576978527832031
2027-03-19,0.44931506849315067,610.0,put,3.92,792.5559209670347,0.004466496736096309,-0.2618041088290747,0.2675594525251631,0.2536390554809571
2027-03-19,0.44931506849315067,615.0,put,4.1,792.5559209670347,0.004466496736096309,-0.2536407981899138,0.2636800632860286,0.24964129272460936
2027-03-19,0.44931506849315067,620.0,put,4.29,792.5559209670347,0.004466496736096309,-0.2455435879572945,0.25982178543827,0.24564352996826172
2027-03-19,0.44931506849315067,625.0,put,4.495,792.5559209670347,0.004466496736096309,-0.23751141626003014,0.2560454078711549,0.24163050857543944
2027-03-19,0.44931506849315067,630.0,put,4.715,792.5559209670347,0.004466496736096309,-0.22954324661085332,0.2523333662842029,0.23789214263916014
2027-03-19,0.44931506849315067,635.0,put,4.9399999999999995,792.5559209670347,0.004466496736096309,-0.2216380671037401,0.24853902908711767,0.23386386260986325
2027-03-19,0.44931506849315067,640.0,put,5.18,792.5559209670347,0.004466496736096309,-0.21379488964271412,0.24478832418669003,0.22992713439941403
2027-03-19,0.44931506849315067,645.0,put,5.4350000000000005,792.5559209670347,0.004466496736096309,-0.2060127492006592,0.24106697134017038,0.2260819580078125
2027-03-19,0.44931506849315067,650.0,put,5.71,792.5559209670347,0.004466496736096309,-0.19829070310674882,0.2374196480842275,0.22219100570678707
2027-03-19,0.44931506849315067,655.0,put,6.005,792.5559209670347,0.004466496736096309,-0.19062783036117975,0.23382736994542275,0.21845263977050777
2027-03-19,0.44931506849315067,660.0,put,6.3100000000000005,792.5559209670347,0.004466496736096309,-0.1830232309759605,0.2301659653115115,0.21451591156005856
2027-03-19,0.44931506849315067,665.0,put,6.640000000000001,792.5559209670347,0.004466496736096309,-0.1754760253405775,0.22658571416102086,0.21070125244140625
2027-03-19,0.44931506849315067,670.0,put,6.984999999999999,792.5559209670347,0.004466496736096309,-0.16798535361141992,0.2229667316935604,0.2069018519592285
2027-03-19,0.44931506849315067,675.0,put,7.355,792.5559209670347,0.004466496736096309,-0.1605503751239019,0.21939555440058112,0.20307193420410152
2027-03-19,0.44931506849315067,680.0,put,7.76,792.5559209670347,0.004466496736096309,-0.15317026782627927,0.2159446154353529,0.19930305099487305
2027-03-19,0.44931506849315067,685.0,put,8.18,792.5559209670347,0.004466496736096309,-0.14584422773420638,0.21241110826383003,0.1954883918762207
2027-03-19,0.44931506849315067,690.0,put,8.629999999999999,792.5559209670347,0.004466496736096309,-0.13857146840512666,0.2089159080755743,0.19178054321289065
2027-03-19,0.44931506849315067,695.0,put,9.105,792.5559209670347,0.004466496736096309,-0.13135122043163952,0.20539889880427425,0.1879048495483398
2027-03-19,0.44931506849315067,700.0,put,9.620000000000001,792.5559209670347,0.004466496736096309,-0.12418273095302702,0.2019635035828189,0.18415122497558595
2027-03-19,0.44931506849315067,705.0,put,10.17,792.5559209670347,0.004466496736096309,-0.11706526318416309,0.19854637575815645,0.1803670831298828
2027-03-19,0.44931506849315067,710.0,put,10.754999999999999,792.5559209670347,0.004466496736096309,-0.10999809596107056,0.19512778319506419,0.1765981999206543
2027-03-19,0.44931506849315067,715.0,put,11.379999999999999,792.5559209670347,0.004466496736096309,-0.10298052330242405,0.19172421397727432,0.17273776489257814
2027-03-19,0.44931506849315067,720.0,put,12.055,792.5559209670347,0.004466496736096309,-0.09601185398633064,0.18838207122221584,0.16896888168334961
2027-03-19,0.44931506849315067,725.0,put,12.775,792.5559209670347,0.004466496736096309,-0.0890914111417569,0.18504210231036794,0.1651389639282227
2027-03-19,0.44931506849315067,730.0,put,13.555,792.5559209670347,0.004466496736096309,-0.0822185318539949,0.1817771505412035,0.1613395634460449
2027-03-19,0.44931506849315067,735.0,put,14.39,792.5559209670347,0.004466496736096309,-0.07539256678359496,0.17852710710156083,0.15747912841796874
2027-03-19,0.44931506849315067,740.0,put,15.3,792.5559209670347,0.004466496736096309,-0.06861287979821624,0.17538531351140071,0.15376365043640136
2027-03-19,0.44931506849315067,745.0,put,16.275,792.5559209670347,0.004466496736096309,-0.06187884761687221,0.17226041422487126,0.14992610336303713
2027-03-19,0.44931506849315067,750.0,put,17.33,792.5559209670347,0.004466496736096309,-0.05518985946607552,0.16920925378824603,0.14608855628967285
2027-03-19,0.44931506849315067,755.0,put,18.48,792.5559209670347,0.004466496736096309,-0.04854531674740698,0.1662810761544255,0.14232730239868163
2027-03-19,0.44931506849315067,760.0,put,19.73,792.5559209670347,0.004466496736096309,-0.04194463271605497,0.1634663048441717,0.13858130714416503
2027-03-19,0.44931506849315067,765.0,put,21.07,792.5559209670347,0.004466496736096309,-0.03538723216989582,0.16067833309199198,0.13482005325317387
2027-03-19,0.44931506849315067,770.0,put,22.54,792.5559209670347,0.004466496736096309,-0.02887255114870216,0.15809078369163948,0.1310816873168945
2027-03-19,0.44931506849315067,775.0,put,24.119999999999997,792.5559209670347,0.004466496736096309,-0.022400036643084625,0.1555659046505748,0.12731280410766604
2027-03-19,0.44931506849315067,780.0,put,25.85,792.5559209670347,0.004466496736096309,-0.015969146312794242,0.15327067635126332,0.12346762771606445
2027-03-19,0.44931506849315067,785.0,put,27.740000000000002,792.5559209670347,0.004466496736096309,-0.009579348214023271,0.15121996901838966,0.11982844291687009
2027-03-19,0.44931506849315067,790.0,put,29.735,792.5559209670347,0.004466496736096309,-0.003230120535364453,0.14911966582193154,0.1158840853881836
2027-03-19,0.44931506849315067,795.0,call,29.35,792.5559209670347,0.004466496736096309,0.0030790486579001185,0.1465422876760269,0.17258517852783206
2027-03-19,0.44931506849315067,800.0,call,26.6,792.5559209670347,0.004466496736096309,0.009348661671495695,0.14406703531610415,0.16893836441040044
2027-03-19,0.44931506849315067,805.0,call,24.009999999999998,792.5559209670347,0.004466496736096309,0.015579211422131731,0.14174308060360144,0.16557383506774906
2027-03-19,0.44931506849315067,810.0,call,21.585,792.5559209670347,0.004466496736096309,0.02177118167005277,0.13957701609179848,0.16234663345336914
2027-03-19,0.44931506849315067,815.0,call,19.31,792.5559209670347,0.004466496736096309,0.02792504724443099,0.13748307507676452,0.15923387161254882
2027-03-19,0.44931506849315067,820.0,call,17.23,792.5559209670347,0.004466496736096309,0.03404127426186704,0.1356800453045439,0.1565483515930176
2027-03-19,0.44931506849315067,825.0,call,15.309999999999999,792.5559209670347,0.004466496736096309,0.0401203203382494,0.13399928334395014,0.1539772713470459
2027-03-19,0.44931506849315067,830.0,call,13.545,792.5559209670347,0.004466496736096309,0.04616263479421199,0.13242416618344394,0.1514824842834473
2027-03-19,0.44931506849315067,835.0,call,11.965,792.5559209670347,0.004466496736096309,0.05216865885442382,0.1311389373462942,0.14946071495056154
2027-03-19,0.44931506849315067,840.0,call,10.52,792.5559209670347,0.004466496736096309,0.058138825840927603,0.12990122151530176,0.1474542042541504
2027-03-19,0.44931506849315067,845.0,call,9.225000000000001,792.5559209670347,0.004466496736096309,0.06407356136074212,0.12882964552174403,0.14565368515014648
2027-03-19,0.44931506849315067,850.0,call,8.075,792.5559209670347,0.004466496736096309,0.06997328348793037,0.12794532210862164,0.14411256286621094
2027-03-19,0.44931506849315067,855.0,call,7.035,792.5559209670347,0.004466496736096309,0.07583840294032862,0.12707481490970715,0.14263247512817384
2027-03-19,0.44931506849315067,860.0,call,6.130000000000001,792.5559209670347,0.004466496736096309,0.08166932325112178,0.12644381406633756,0.1414728187561035
2027-03-19,0.44931506849315067,865.0,call,5.300000000000001,792.5559209670347,0.004466496736096309,0.08746644093544764,0.12567669623789227,0.14017583465576172
2027-03-19,0.44931506849315067,870.0,call,4.585,792.5559209670347,0.004466496736096309,0.0932301456521977,0.12513199880400466,0.13909247146606446
2027-03-19,0.44931506849315067,875.0,call,3.955,792.5559209670347,0.004466496736096309,0.09896082036118269,0.12464515104643657,0.13813117736816405
2027-03-19,0.44931506849315067,880.0,call,3.395,792.5559209670347,0.004466496736096309,0.10465884147582058,0.12414107142989221,0.1371851419067383
2027-03-19,0.44931506849315067,885.0,call,2.925,792.5559209670347,0.004466496736096309,0.1103245790114979,0.12389969133751612,0.13654427917480472
2027-03-19,0.44931506849315067,890.0,call,2.495,792.5559209670347,0.004466496736096309,0.11595839672975387,0.12346388086799452,0.13573557144165044
2027-03-19,0.44931506849315067,895.0,call,2.1399999999999997,792.5559209670347,0.004466496736096309,0.12156065227842368,0.12331044368871799,0.13517100189208986
2027-03-19,0.44931506849315067,900.0,call,1.83,792.5559209670347,0.004466496736096309,0.12713169732787902,0.12316452725873617,0.13468272552490235
2027-03-19,0.44931506849315067,905.0,call,1.57,792.5559209670347,0.004466496736096309,0.13267187770349437,0.1231856099177972,0.1344080700683594
2027-03-19,0.44931506849315067,910.0,call,1.3450000000000002,792.5559209670347,0.004466496736096309,0.13818153351446413,0.12323460789173178,0.13407238006591798
2027-03-19,0.44931506849315067,915.0,call,1.15,792.5559209670347,0.004466496736096309,0.14366099927908968,0.12329515061040525,0.1339808282470703
2027-03-19,0.44931506849315067,920.0,call,0.985,792.5559209670347,0.004466496736096309,0.14911060404665433,0.12344758997194315,0.13401134552001953
2027-03-19,0.44931506849315067,925.0,call,0.86,792.5559209670347,0.004466496736096309,0.15453067151599348,0.1240528506535711,0.13428600097656251
2027-03-19,0.44931506849315067,930.0,call,0.74,792.5559209670347,0.004466496736096309,0.15992152015086988,0.12436138742236834,0.1344080700683594
2027-03-19,0.44931506849315067,935.0,call,0.65,792.5559209670347,0.004466496736096309,0.16528346329225524,0.12510668821132892,0.13495738098144533
2027-03-19,0.44931506849315067,940.0,call,0.565,792.5559209670347,0.004466496736096309,0.17061680926761796,0.12564270320411375,0.13514048461914066
2027-03-19,0.44931506849315067,945.0,call,0.495,792.5559209670347,0.004466496736096309,0.1759218614973111,0.1263330091932848,0.1356897955322266
2027-03-19,0.44931506849315067,950.0,call,0.435,792.5559209670347,0.004466496736096309,0.18119891859815485,0.12707507042874377,0.13630014099121096
2027-03-19,0.44931506849315067,955.0,call,0.385,792.5559209670347,0.004466496736096309,0.18644827448429854,0.12793653412484057,0.13703255554199223
2027-03-19,0.44931506849315067,960.0,call,0.345,792.5559209670347,0.004466496736096309,0.19167021846545018,0.12900143676014444,0.13794807373046875
2027-03-19,0.44931506849315067,965.0,call,0.305,792.5559209670347,0.004466496736096309,0.19686503534255434,0.12981039752228968,0.13868048828125001
2027-03-19,0.44931506849315067,970.0,call,0.275,792.5559209670347,0.004466496736096309,0.20203300550099687,0.1309386951020375,0.139657041015625
2027-03-19,0.44931506849315067,975.0,call,0.245,792.5559209670347,0.004466496736096309,0.2071744050014155,0.13184332097015164,0.14051152465820313
2027-03-19,0.44931506849315067,980.0,call,0.225,792.5559209670347,0.004466496736096309,0.2122895056681859,0.1332269854779878,0.14185428466796873
2027-03-19,0.44931506849315067,985.0,call,0.20500000000000002,792.5559209670347,0.004466496736096309,0.21737857517565715,0.13445132509817004,0.14295290649414064
2027-03-19,0.44931506849315067,990.0,call,0.185,792.5559209670347,0.004466496736096309,0.22244187713220384,0.1354960773936656,0.1439294592285156
2027-03-19,0.44931506849315067,995.0,call,0.16999999999999998,792.5559209670347,0.004466496736096309,0.22747967116216117,0.13680496633183048,0.14576049560546872
2027-03-19,0.44931506849315067,1000.0,call,0.155,792.5559209670347,0.004466496736096309,0.2324922129857054,0.13796393828591272,0.14624877197265623
2027-03-19,0.44931506849315067,1010.0,call,0.13,792.5559209670347,0.004466496736096309,0.24244254383887343,0.14034635285641464,0.14917843017578125
2027-03-19,0.44931506849315067,1020.0,call,0.11499999999999999,792.5559209670347,0.004466496736096309,0.25229484028188515,0.1434404584783679,0.15161981201171876
2027-03-19,0.44931506849315067,1030.0,call,0.095,792.5559209670347,0.004466496736096309,0.2620510152272498,0.14539715111025794,0.15357291748046875
2027-03-19,0.44931506849315067,1040.0,call,0.08499999999999999,792.5559209670347,0.004466496736096309,0.2717129261389866,0.14845406570260847,0.15674671386718753
2027-03-19,0.44931506849315067,1050.0,call,0.07500000000000001,792.5559209670347,0.004466496736096309,0.28128237715513743,0.1512064593783194,0.159188095703125
2027-03-19,0.44931506849315067,1060.0,call,0.065,792.5559209670347,0.004466496736096309,0.29076112110968116,0.1536053313338282,0.16162947753906248
2027-03-19,0.44931506849315067,1070.0,call,0.060000000000000005,792.5559209670347,0.004466496736096309,0.30015086145952014,0.15683800093941372,0.16602396484375004
2027-03-19,0.44931506849315067,1080.0,call,0.055,792.5559209670347,0.004466496736096309,0.3094532541218338,0.15988344459697362,0.16797707031250003
2027-03-19,0.44931506849315067,1090.0,call,0.05,792.5559209670347,0.004466496736096309,0.3186699092267577,0.16272531177224983,0.17237155761718753
2027-03-19,0.44931506849315067,1100.0,call,0.045,792.5559209670347,0.004466496736096309,0.32780239279003015,0.165341882016608,0.17383638671875
2027-03-19,0.44931506849315067,1110.0,call,0.045,792.5559209670347,0.004466496736096309,0.3368522283099482,0.16943335752653318,0.17774259765625
2027-03-19,0.44931506849315067,1130.0,call,0.035,792.5559209670347,0.004466496736096309,0.3547098457099545,0.17369748650085734,0.18262536132812499
2027-03-19,0.44931506849315067,1140.0,call,0.035,792.5559209670347,0.004466496736096309,0.3635204753921095,0.17758089996400378,0.186531572265625
2027-03-19,0.44931506849315067,1170.0,call,0.025,792.5559209670347,0.004466496736096309,0.38949596179537016,0.18389028440361266,0.19336744140625
2027-03-19,0.44931506849315067,1190.0,call,0.025,792.5559209670347,0.004466496736096309,0.4064455201091434,0.19112142336371574,0.20020331054687499
2027-03-19,0.44931506849315067,1200.0,call,0.025,792.5559209670347,0.004466496736096309,0.41481376977966,0.1946808592427276,0.20410952148437497
2027-03-19,0.44931506849315067,1260.0,call,0.025,792.5559209670347,0.004466496736096309,0.463603933949092,0.21530061773017484,0.22461712890624996
2027-03-31,0.4821917808219178,250.0,put,0.215,792.593633203556,0.006814420695657762,-1.1538497300628798,0.6219726670847182,0.6118202880859377
2027-03-31,0.4821917808219178,300.0,put,0.355,792.593633203556,0.006814420695657762,-0.9715281732689252,0.5575715827112349,0.5471236694335939
2027-03-31,0.4821917808219178,350.0,put,0.565,792.593633203556,0.006814420695657762,-0.817377493441667,0.501379485869566,0.49121602539062503
2027-03-31,0.4821917808219178,400.0,put,0.845,792.593633203556,0.006814420695657762,-0.6838461008171444,0.4486932002004029,0.4379939013671875
2027-03-31,0.4821917808219178,450.0,put,1.24,792.593633203556,0.006814420695657762,-0.5660630651607608,0.4001218735929389,0.3891662646484375
2027-03-31,0.4821917808219178,455.0,put,1.2850000000000001,792.593633203556,0.006814420695657762,-0.5550132289741759,0.39532463535125234,0.38403936279296874
2027-03-31,0.4821917808219178,460.0,put,1.33,792.593633203556,0.006814420695657762,-0.5440841584419857,0.39048775559271415,0.3794007373046875
2027-03-31,0.4821917808219178,465.0,put,1.3849999999999998,792.593633203556,0.006814420695657762,-0.53327324233777,0.38605868727273385,0.3746400427246094
2027-03-31,0.4821917808219178,470.0,put,1.435,792.593633203556,0.006814420695657762,-0.5225779532210221,0.38135238425295687,0.3698793481445312
2027-03-31,0.4821917808219178,475.0,put,1.49,792.593633203556,0.006814420695657762,-0.511995843890485,0.3768087233807207,0.3654848608398438
2027-03-31,0.4821917808219178,480.0,put,1.545,792.593633203556,0.006814420695657762,-0.5015245440231896,0.3722116017992863,0.3606631317138671
2027-03-31,0.4821917808219178,485.0,put,1.605,792.593633203556,0.006814420695657762,-0.4911617569876432,0.3677562174382163,0.3561465753173828
2027-03-31,0.4821917808219178,490.0,put,1.66,792.593633203556,0.006814420695657762,-0.48090525682045404,0.36305930673394604,0.35156898437499995
2027-03-31,0.4821917808219178,495.0,put,1.725,792.593633203556,0.006814420695657762,-0.470752885356436,0.35867609189921945,0.3469303588867187
2027-03-31,0.4821917808219178,500.0,put,1.79,792.593633203556,0.006814420695657762,-0.46070254950293454,0.35423103608006384,0.3425969061279296
2027-03-31,0.4821917808219178,505.0,put,1.855,792.593633203556,0.006814420695657762,-0.45075221864976645,0.34972919345505105,0.33789724609375
2027-03-31,0.4821917808219178,510.0,put,1.9249999999999998,792.593633203556,0.006814420695657762,-0.4408999222067548,0.3453332354785137,0.33338068969726564
2027-03-31,0.4821917808219178,515.0,put,2.0,792.593633203556,0.006814420695657762,-0.4311437472613902,0.3410301572881041,0.3291693060302734
2027-03-31,0.4821917808219178,520.0,put,2.075,792.593633203556,0.006814420695657762,-0.4214818363496533,0.336661305648229,0.32459171508789053
2027-03-31,0.4821917808219178,525.0,put,2.1500000000000004,792.593633203556,0.006814420695657762,-0.41191238533350255,0.3322316104593472,0.3202582623291015
2027-03-31,0.4821917808219178,530.0,put,2.2350000000000003,792.593633203556,0.006814420695657762,-0.40243364137895876,0.3280180402250697,0.31580274047851553
2027-03-31,0.4821917808219178,535.0,put,2.315,792.593633203556,0.006814420695657762,-0.39304390102911974,0.32360144686276865,0.3115913568115234
2027-03-31,0.4821917808219178,540.0,put,2.4050000000000002,792.593633203556,0.006814420695657762,-0.38374150836680615,0.31938059260671,0.30725790405273434
2027-03-31,0.4821917808219178,545.0,put,2.5,792.593633203556,0.006814420695657762,-0.3745248532618823,0.31521014199151987,0.3029244512939453
2027-03-31,0.4821917808219178,550.0,put,2.5949999999999998,792.593633203556,0.006814420695657762,-0.3653923696986097,0.3109643403630736,0.2986825503540038
2027-03-31,0.4821917808219178,555.0,put,2.705,792.593633203556,0.006814420695657762,-0.3563425341786918,0.306987237348273,0.2946237530517578
2027-03-31,0.4821917808219178,560.0,put,2.8099999999999996,792.593633203556,0.006814420695657762,-0.34737386419593136,0.3028110722199518,0.2902292657470703
2027-03-31,0.4821917808219178,565.0,put,2.9299999999999997,792.593633203556,0.006814420695657762,-0.3384849167786853,0.2988724835663695,0.2862009857177734
2027-03-31,0.4821917808219178,570.0,put,3.045,792.593633203556,0.006814420695657762,-0.3296742870965304,0.2947386550212217,0.2820506365966796
2027-03-31,0.4821917808219178,575.0,put,3.17,792.593633203556,0.006814420695657762,-0.32094060712777595,0.2907177184110979,0.2778392529296875
2027-03-31,0.4821917808219178,576.0,put,4.33,792.593633203556,0.006814420695657762,-0.31920298722923507,0.31002267866689054,0.29657685852050775
2027-03-31,0.4821917808219178,578.0,put,3.245,792.593633203556,0.006814420695657762,-0.31573677925274884,0.28826145368841216,0.27542838836669914
2027-03-31,0.4821917808219178,579.0,put,3.275,792.593633203556,0.006814420695657762,-0.314008170352131,0.2875297599683484,0.27466545654296876
2027-03-31,0.4821917808219178,580.0,put,3.3049999999999997,792.593633203556,0.006814420695657762,-0.3122825443846613,0.286793176595369,0.27390252471923826
2027-03-31,0.4821917808219178,581.0,put,3.325,792.593633203556,0.006814420695657762,-0.310559891073215,0.28586658736604603,0.27295648925781246
2027-03-31,0.4821917808219178,582.0,put,3.36,792.593633203556,0.006814420695657762,-0.3088402001936885,0.2852138028560985,0.27237666107177727
2027-03-31,0.4821917808219178,583.0,put,3.385,792.593633203556,0.006814420695657762,-0.3071234615746339,0.28437254029202635,0.2714306256103516
2027-03-31,0.4821917808219178,584.0,put,3.42,792.593633203556,0.006814420695657762,-0.3054096650968993,0.28370894707292726,0.27082028015136717
2027-03-31,0.4821917808219178,585.0,put,3.4450000000000003,792.593633203556,0.006814420695657762,-0.3036988006932698,0.28285991778575564,0.26987424468994137
2027-03-31,0.4821917808219178,586.0,put,3.475,792.593633203556,0.006814420695657762,-0.3019908583481136,0.28209679648275177,0.2690807955932617
2027-03-31,0.4821917808219178,587.0,put,3.5,792.593633203556,0.006814420695657762,-0.30028582809702986,0.2812408348257634,0.26828734649658204
2027-03-31,0.4821917808219178,589.0,put,4.83,792.593633203556,0.006814420695657762,-0.29688446427353965,0.3001026330902902,0.2863230548095703
2027-03-31,0.4821917808219178,590.0,put,3.5949999999999998,792.593633203556,0.006814420695657762,-0.29518811102536113,0.2790002827033969,0.26587648193359376
2027-03-31,0.4821917808219178,591.0,put,3.62,792.593633203556,0.006814420695657762,-0.2934946305190282,0.2781297385940398,0.26508303283691403
2027-03-31,0.4821917808219178,592.0,put,3.65,792.593633203556,0.006814420695657762,-0.29180401304112064,0.2773413484567527,0.26425906646728514
2027-03-31,0.4821917808219178,593.0,put,3.685,792.593633203556,0.006814420695657762,-0.2901162489274008,0.27663320830935567,0.26343510009765625
2027-03-31,0.4821917808219178,594.0,put,3.72,792.593633203556,0.006814420695657762,-0.2884313285624814,0.27591964771467636,0.2627942373657227
2027-03-31,0.4821917808219178,595.0,put,3.745,792.593633203556,0.006814420695657762,-0.2867492423794965,0.2750346515413768,0.26178716735839846
2027-03-31,0.4821917808219178,597.0,put,3.815,792.593633203556,0.006814420695657762,-0.2833935345325242,0.2735837702821138,0.2602918209838867
2027-03-31,0.4821917808219178,599.0,put,5.265000000000001,792.593633203556,0.006814420695657762,-0.28004904980967693,0.29265985284002954,0.27866321929931637
2027-03-31,0.4821917808219178,600.0,put,3.92,792.593633203556,0.006814420695657762,-0.27838099270897987,0.2713689905199675,0.2579114736938477
2027-03-31,0.4821917808219178,601.0,put,3.95,792.593633203556,0.006814420695657762,-0.27671571338991874,0.2705415207566491,0.25724009368896483
2027-03-31,0.4821917808219178,602.0,put,9.100000000000001,792.593633203556,0.006814420695657762,-0.2750532026163052,0.33474337765679013,0.31928170959472646
2027-03-31,0.4821917808219178,603.0,put,6.865,792.593633203556,0.006814420695657762,-0.2733934511979409,0.3077504380001027,0.2929453030395507
2027-03-31,0.4821917808219178,604.0,put,4.050000000000001,792.593633203556,0.006814420695657762,-0.2717364499903113,0.26819208645650316,0.2547987118530274
2027-03-31,0.4821917808219178,605.0,put,4.095000000000001,792.593633203556,0.006814420695657762,-0.2700821898942849,0.26757945797827254,0.2540815559387208
2027-03-31,0.4821917808219178,606.0,put,5.595000000000001,792.593633203556,0.006814420695657762,-0.2684306618558118,0.2874930857706409,0.27329217926025384
2027-03-31,0.4821917808219178,607.0,put,4.16,792.593633203556,0.006814420695657762,-0.2667818568656281,0.2659550358941329,0.2524793991088867
2027-03-31,0.4821917808219178,608.0,put,4.199999999999999,792.593633203556,0.006814420695657762,-0.2651357659589593,0.2652494087452752,0.2517469845581054
2027-03-31,0.4821917808219178,609.0,put,4.234999999999999,792.593633203556,0.006814420695657762,-0.26349238021522925,0.26446366519910863,0.25086198364257806
2027-03-31,0.4821917808219178,610.0,put,4.279999999999999,792.593633203556,0.006814420695657762,-0.2618516907577694,0.2638211980951635,0.25025163818359375
2027-03-31,0.4821917808219178,611.0,put,4.3100000000000005,792.593633203556,0.006814420695657762,-0.26021368875353096,0.26295222263393,0.2493666372680664
2027-03-31,0.4821917808219178,612.0,put,4.355,792.593633203556,0.006814420695657762,-0.25857836541280027,0.2622981982357059,0.24860370544433597
2027-03-31,0.4821917808219178,613.0,put,4.390000000000001,792.593633203556,0.006814420695657762,-0.25694571198891486,0.26149335298968857,0.24784077362060547
2027-03-31,0.4821917808219178,614.0,put,4.4350000000000005,792.593633203556,0.006814420695657762,-0.2553157197779839,0.2608274359583997,0.247077841796875
2027-03-31,0.4821917808219178,615.0,put,4.48,792.593633203556,0.006814420695657762,-0.25368838011860845,0.26015508491884964,0.24631490997314454
2027-03-31,0.4821917808219178,616.0,put,4.515000000000001,792.593633203556,0.006814420695657762,-0.2520636843916065,0.2593355962237403,0.24552146087646481
2027-03-31,0.4821917808219178,617.0,put,4.550000000000001,792.593633203556,0.006814420695657762,-0.2504416240197385,0.2585120210148776,0.2447585290527344
2027-03-31,0.4821917808219178,618.0,put,4.595000000000001,792.593633203556,0.006814420695657762,-0.24882219046743548,0.25782317479502564,0.2439650799560547
2027-03-31,0.4821917808219178,619.0,put,4.640000000000001,792.593633203556,0.006814420695657762,-0.24720537524053024,0.25712819798269965,0.24329369995117187
2027-03-31,0.4821917808219178,620.0,put,4.6899999999999995,792.593633203556,0.006814420695657762,-0.24559116988598903,0.256495382932385,0.24250025085449217
2027-03-31,0.4821917808219178,621.0,put,4.725,792.593633203556,0.006814420695657762,-0.2439795659916476,0.2556524681836725,0.2417068017578125
2027-03-31,0.4821917808219178,622.0,put,4.765000000000001,792.593633203556,0.006814420695657762,-0.24237055518594686,0.25487291553689856,0.24088283538818356
2027-03-31,0.4821917808219178,623.0,put,4.8100000000000005,792.593633203556,0.006814420695657762,-0.2407641291376731,0.25415525226590135,0.24021145538330074
2027-03-31,0.4821917808219178,624.0,put,4.855,792.593633203556,0.006814420695657762,-0.23916027955569866,0.25343181676146326,0.23938748901367185
2027-03-31,0.4821917808219178,625.0,put,4.9,792.593633203556,0.006814420695657762,-0.23755899818872475,0.25270267741925967,0.2386855917358398
2027-03-31,0.4821917808219178,626.0,put,4.945,792.593633203556,0.006814420695657762,-0.23596027682502782,0.25196790105404254,0.23786162536621092
2027-03-31,0.4821917808219178,627.0,put,4.995,792.593633203556,0.006814420695657762,-0.23436410729220558,0.25129214738224154,0.23714446945190426
2027-03-31,0.4821917808219178,628.0,put,5.045,792.593633203556,0.006814420695657762,-0.23277048145692766,0.2506098592424971,0.23642731353759766
2027-03-31,0.4821917808219178,629.0,put,5.085,792.593633203556,0.006814420695657762,-0.23117939122468578,0.24979399358106713,0.2355728298950195
2027-03-31,0.4821917808219178,630.0,put,5.135,792.593633203556,0.006814420695657762,-0.229590828539548,0.24909990630057569,0.2348556739807129
2027-03-31,0.4821917808219178,631.0,put,5.1850000000000005,792.593633203556,0.006814420695657762,-0.22800478538391317,0.24839951078665715,0.23412325942993162
2027-03-31,0.4821917808219178,632.0,put,5.234999999999999,792.593633203556,0.006814420695657762,-0.22642125377826883,0.24769288305181367,0.2333755862426758
2027-03-31,0.4821917808219178,633.0,put,5.279999999999999,792.593633203556,0.006814420695657762,-0.22484022578095014,0.2469184973815717,0.23264317169189452
2027-03-31,0.4821917808219178,634.0,put,5.33,792.593633203556,0.006814420695657762,-0.22326169348790034,0.24620010787645108,0.23188023986816403
2027-03-31,0.4821917808219178,635.0,put,5.390000000000001,792.593633203556,0.006814420695657762,-0.2216856490324347,0.24559694641481336,0.2311173080444336
2027-03-31,0.4821917808219178,636.0,put,5.425000000000001,792.593633203556,0.006814420695657762,-0.22011208458500414,0.24468512971207385,0.23035437622070312
2027-03-31,0.4821917808219178,637.0,put,5.484999999999999,792.593633203556,0.006814420695657762,-0.218540992352963,0.2440687652897819,0.22959144439697265
2027-03-31,0.4821917808219178,638.0,put,5.529999999999999,792.593633203556,0.006814420695657762,-0.21697236458033642,0.24326696980091744,0.228797995300293
2027-03-31,0.4821917808219178,639.0,put,5.585,792.593633203556,0.006814420695657762,-0.21540619354759144,0.2425779085319872,0.22812661529541017
2027-03-31,0.4821917808219178,640.0,put,5.640000000000001,792.593633203556,0.006814420695657762,-0.2138424715714088,0.24188222701434084,0.22734842483520507
2027-03-31,0.4821917808219178,641.0,put,5.695,792.593633203556,0.006814420695657762,-0.21228119100445622,0.2411800021282212,0.2265549757385254
2027-03-31,0.4821917808219178,642.0,put,5.744999999999999,792.593633203556,0.006814420695657762,-0.21072234423516517,0.24041389588401002,0.22586833709716797
2027-03-31,0.4821917808219178,643.0,put,5.805,792.593633203556,0.006814420695657762,-0.2091659236875069,0.23975621788554405,0.22504437072753902
2027-03-31,0.4821917808219178,644.0,put,5.855,792.593633203556,0.006814420695657762,-0.20761192182077273,0.2389782777777511,0.22434247344970698
2027-03-31,0.4821917808219178,645.0,put,5.915,792.593633203556,0.006814420695657762,-0.20606033112935382,0.23830712427548545,0.2235337657165527
2027-03-31,0.4821917808219178,646.0,put,15.52,792.593633203556,0.006814420695657762,-0.2045111441425244,0.3238711293001357,0.30580833358764653
2027-03-31,0.4821917808219178,647.0,put,6.035,792.593633203556,0.006814420695657762,-0.20296435342422575,0.23694366482253354,0.22208419525146478
2027-03-31,0.4821917808219178,648.0,put,6.085,792.593633203556,0.006814420695657762,-0.20141995157285156,0.2361419839563383,0.22135178070068356
2027-03-31,0.4821917808219178,649.0,put,6.154999999999999,792.593633203556,0.006814420695657762,-0.19987793122103634,0.23555253953992156,0.2207261766052246
2027-03-31,0.4821917808219178,650.0,put,6.210000000000001,792.593633203556,0.006814420695657762,-0.19833828503544348,0.23479288811542484,0.21987169296264647
2027-03-31,0.4821917808219178,651.0,put,6.27,792.593633203556,0.006814420695657762,-0.19680100571655712,0.23408086900119496,0.21912401977539062
2027-03-31,0.4821917808219178,652.0,put,6.324999999999999,792.593633203556,0.006814420695657762,-0.19526608599847334,0.23330912843071647,0.21836108795166015
2027-03-31,0.4821917808219178,653.0,put,6.395,792.593633203556,0.006814420695657762,-0.19373351864869517,0.2326896894125455,0.21759815612792968
2027-03-31,0.4821917808219178,654.0,put,6.455,792.593633203556,0.006814420695657762,-0.1922032964679276,0.2319575912011176,0.2168199656677246
2027-03-31,0.4821917808219178,655.0,put,6.529999999999999,792.593633203556,0.006814420695657762,-0.19067541228987434,0.23137460100407417,0.2162401374816894
2027-03-31,0.4821917808219178,656.0,put,6.58,792.593633203556,0.006814420695657762,-0.18914985898103728,0.2305256552910808,0.21535513656616212
2027-03-31,0.4821917808219178,657.0,put,6.65,792.593633203556,0.006814420695657762,-0.18762662944051575,0.2298762117802601,0.2146684979248047
2027-03-31,0.4821917808219178,658.0,put,6.710000000000001,792.593633203556,0.006814420695657762,-0.18610571659980915,0.22911764238731602,0.2138597901916504
2027-03-31,0.4821917808219178,659.0,put,6.775,792.593633203556,0.006814420695657762,-0.18458711342261908,0.22840318780682717,0.21315789291381837
2027-03-31,0.4821917808219178,660.0,put,6.855,792.593633203556,0.006814420695657762,-0.18307081290465513,0.22783149752314635,0.21244073699951171
2027-03-31,0.4821917808219178,661.0,put,6.915,792.593633203556,0.006814420695657762,-0.18155680807344002,0.22705274557393818,0.21170832244873045
2027-03-31,0.4821917808219178,662.0,put,6.99,792.593633203556,0.006814420695657762,-0.18004509198811805,0.2264153470821156,0.21097590789794918
2027-03-31,0.4821917808219178,663.0,put,7.0600000000000005,792.593633203556,0.006814420695657762,-0.17853565773926383,0.22572104997900458,0.21024349334716796
2027-03-31,0.4821917808219178,664.0,put,7.130000000000001,792.593633203556,0.006814420695657762,-0.17702849844869242,0.2250194177064026,0.20949582015991208
2027-03-31,0.4821917808219178,665.0,put,7.205,792.593633203556,0.006814420695657762,-0.1755236072692722,0.22435849228912907,0.2087328883361816
2027-03-31,0.4821917808219178,666.0,put,7.265000000000001,792.593633203556,0.006814420695657762,-0.17402097738473715,0.22354681508942664,0.20798521514892576
2027-03-31,0.4821917808219178,667.0,put,12.25,792.593633203556,0.006814420695657762,-0.17252060200950264,0.2648896460422137,0.2474440490722656
2027-03-31,0.4821917808219178,668.0,put,7.42,792.593633203556,0.006814420695657762,-0.1710224743884806,0.22223472874007968,0.20652038604736322
2027-03-31,0.4821917808219178,669.0,put,7.5,792.593633203556,0.006814420695657762,-0.1695265877968978,0.22158980077158524,0.20581848876953124
2027-03-31,0.4821917808219178,670.0,put,7.57,792.593633203556,0.006814420695657762,-0.1680329355401146,0.2208442208689463,0.20502503967285152
2027-03-31,0.4821917808219178,671.0,put,7.645,792.593633203556,0.006814420695657762,-0.16654151095344447,0.22013760264928825,0.20432314239501947
2027-03-31,0.4821917808219178,672.0,put,12.84,792.593633203556,0.006814420695657762,-0.1650523074019768,0.261746676744987,0.24401085586547855
2027-03-31,0.4821917808219178,673.0,put,7.805,792.593633203556,0.006814420695657762,-0.16356531828039847,0.2187922341690454,0.2028735719299316
2027-03-31,0.4821917808219178,674.0,put,7.885,792.593633203556,0.006814420695657762,-0.16208053701281933,0.21810747494924304,0.2021411573791504
2027-03-31,0.4821917808219178,675.0,put,7.965,792.593633203556,0.006814420695657762,-0.16059795705259647,0.21741476904199855,0.2013934841918945
2027-03-31,0.4821917808219178,676.0,put,8.05,792.593633203556,0.006814420695657762,-0.15911757188216216,0.21675828150083568,0.20064581100463863
2027-03-31,0.4821917808219178,677.0,put,8.129999999999999,792.593633203556,0.006814420695657762,-0.15763937501285133,0.2160495719406046,0.1998828791809082
2027-03-31,0.4821917808219178,678.0,put,8.215,792.593633203556,0.006814420695657762,-0.1561633599847307,0.2153765620414847,0.19919624053955076
2027-03-31,0.4821917808219178,679.0,put,13.715,792.593633203556,0.006814420695657762,-0.15468952036643022,0.2573613677655076,0.2392501612854004
2027-03-31,0.4821917808219178,680.0,put,8.385,792.593633203556,0.006814420695657762,-0.15321784975497388,0.21400568484579205,0.19771615280151367
2027-03-31,0.4821917808219178,685.0,put,8.83,792.593633203556,0.006814420695657762,-0.14589180966290097,0.2106017024777077,0.19406933868408205
2027-03-31,0.4821917808219178,690.0,put,9.309999999999999,792.593633203556,0.006814420695657762,-0.1386190503338213,0.2072679951591915,0.19034623138427736
2027-03-31,0.4821917808219178,695.0,put,9.809999999999999,792.593633203556,0.006814420695657762,-0.13139880236033422,0.20386797789873706,0.186707046585083
2027-03-31,0.4821917808219178,700.0,put,10.350000000000001,792.593633203556,0.006814420695657762,-0.12423031288172165,0.20054122290555285,0.1830373445129394
2027-03-31,0.4821917808219178,705.0,put,10.925,792.593633203556,0.006814420695657762,-0.11711284511285765,0.19722887845431997,0.17932949584960936
2027-03-31,0.4821917808219178,710.0,put,11.545,792.593633203556,0.006814420695657762,-0.11004567788976517,0.1939817289708815,0.17569794036865233
2027-03-31,0.4821917808219178,715.0,put,12.190000000000001,792.593633203556,0.006814420695657762,-0.10302810523111859,0.1906433313322081,0.1719748330688477
2027-03-31,0.4821917808219178,720.0,put,12.885,792.593633203556,0.006814420695657762,-0.09605943591502536,0.18736511694660485,0.1682212084960938
2027-03-31,0.4821917808219178,725.0,put,13.645,792.593633203556,0.006814420695657762,-0.08913899307045156,0.184215582188047,0.16465068756103518
2027-03-31,0.4821917808219178,730.0,put,14.445,792.593633203556,0.006814420695657762,-0.0822661137826895,0.18101275799960714,0.1609275802612305
2027-03-31,0.4821917808219178,735.0,put,15.309999999999999,792.593633203556,0.006814420695657762,-0.07544014871228961,0.17788665080280222,0.1572655075073242
2027-03-31,0.4821917808219178,740.0,put,16.240000000000002,792.593633203556,0.006814420695657762,-0.06866046172691083,0.1748091340508023,0.15357291748046875
2027-03-31,0.4821917808219178,745.0,put,17.245,792.593633203556,0.006814420695657762,-0.061926429545566736,0.1718088391978975,0.1498803274536133
2027-03-31,0.4821917808219178,750.0,put,18.32,792.593633203556,0.006814420695657762,-0.05523744139477022,0.16882988109372343,0.14618773742675778
2027-03-31,0.4821917808219178,755.0,put,19.475,792.593633203556,0.006814420695657762,-0.04859289867610163,0.16589910177435738,0.14243411285400392
2027-03-31,0.4821917808219178,760.0,put,20.73,792.593633203556,0.006814420695657762,-0.041992214644749545,0.16309048926398148,0.1387644107818604
2027-03-31,0.4821917808219178,765.0,put,22.08,792.593633203556,0.006814420695657762,-0.03543481409859045,0.1603463430135942,0.1350336741638184
2027-03-31,0.4821917808219178,770.0,put,23.55,792.593633203556,0.006814420695657762,-0.028920133077396735,0.15776003436076297,0.1313563427734375
2027-03-31,0.4821917808219178,775.0,put,25.134999999999998,792.593633203556,0.006814420695657762,-0.022447618571779255,0.15527449246345906,0.12767138206481934
2027-03-31,0.4821917808219178,780.0,put,26.845,792.593633203556,0.006814420695657762,-0.016016728241488924,0.15290848683737956,0.12393301612854005
2027-03-31,0.4821917808219178,785.0,put,28.72,792.593633203556,0.006814420695657762,-0.009626930142717894,0.15082212024402036,0.12027094337463379
2027-03-31,0.4821917808219178,790.0,put,30.759999999999998,792.593633203556,0.006814420695657762,-0.003277702464059128,0.14898691580522197,0.11677671562194825
2027-03-31,0.4821917808219178,795.0,call,30.55,792.593633203556,0.006814420695657762,0.003031466729205613,0.14712566829253815,0.17224948852539065
2027-03-31,0.4821917808219178,800.0,call,27.78,792.593633203556,0.006814420695657762,0.009301079742800918,0.14463559245091392,0.1687171141815186
2027-03-31,0.4821917808219178,805.0,call,25.185,792.593633203556,0.006814420695657762,0.015531629493437121,0.1423866890260337,0.16544413665771485
2027-03-31,0.4821917808219178,810.0,call,22.75,792.593633203556,0.006814420695657762,0.02172359974135811,0.14029360903712257,0.16236189208984375
2027-03-31,0.4821917808219178,815.0,call,20.465,792.593633203556,0.006814420695657762,0.027877465315736493,0.13829835030503523,0.15947800979614257
2027-03-31,0.4821917808219178,820.0,call,18.345,792.593633203556,0.006814420695657762,0.033993692333172496,0.13646695276827672,0.15677723114013675
2027-03-31,0.4821917808219178,825.0,call,16.385,792.593633203556,0.006814420695657762,0.040072738409554595,0.13477762333401927,0.15425955612182618
2027-03-31,0.4821917808219178,830.0,call,14.59,792.593633203556,0.006814420695657762,0.04611505286551734,0.13326529197990022,0.15187920883178713
2027-03-31,0.4821917808219178,835.0,call,12.945,792.593633203556,0.006814420695657762,0.05212107692572913,0.13187082552277526,0.14977351699829106
2027-03-31,0.4821917808219178,840.0,call,11.45,792.593633203556,0.006814420695657762,0.05809124391223307,0.13061692977499048,0.14778989425659184
2027-03-31,0.4821917808219178,845.0,call,10.11,792.593633203556,0.006814420695657762,0.06402597943204753,0.12956617501990023,0.14608092697143554
2027-03-31,0.4821917808219178,850.0,call,8.905000000000001,792.593633203556,0.006814420695657762,0.06992570155923573,0.12864824853527035,0.14457795127868653
2027-03-31,0.4821917808219178,855.0,call,7.82,792.593633203556,0.006814420695657762,0.07579082101163394,0.12781584834260934,0.1431970446777344
2027-03-31,0.4821917808219178,860.0,call,6.84,792.593633203556,0.006814420695657762,0.08162174132242705,0.12701448342865512,0.1417932501220703
2027-03-31,0.4821917808219178,865.0,call,5.970000000000001,792.593633203556,0.006814420695657762,0.08741885900675307,0.12632423715269284,0.14051152465820313
2027-03-31,0.4821917808219178,870.0,call,5.2,792.593633203556,0.006814420695657762,0.09318256372350307,0.125732964631222,0.1394434201049805
2027-03-31,0.4821917808219178,875.0,call,4.52,792.593633203556,0.006814420695657762,0.09891323843248821,0.12522590292219257,0.13857367782592772
2027-03-31,0.4821917808219178,880.0,call,3.89,792.593633203556,0.006814420695657762,0.10461125954712586,0.12450854875731127,0.13742928009033206
2027-03-31,0.4821917808219178,885.0,call,3.375,792.593633203556,0.006814420695657762,0.11027699708280314,0.12422784468559694,0.1367121241760254
2027-03-31,0.4821917808219178,890.0,call,2.92,792.593633203556,0.006814420695657762,0.11591081480105926,0.12396682444582052,0.13614755462646483
2027-03-31,0.4821917808219178,895.0,call,2.52,792.593633203556,0.006814420695657762,0.12151307034972902,0.12373173222147231,0.13556772644042972
2027-03-31,0.4821917808219178,900.0,call,2.165,792.593633203556,0.006814420695657762,0.12708411539918452,0.12346245284972998,0.1349268637084961
2027-03-31,0.4821917808219178,905.0,call,1.87,792.593633203556,0.006814420695657762,0.1326242957747998,0.12343025152452955,0.13468272552490235
2027-03-31,0.4821917808219178,910.0,call,1.6099999999999999,792.593633203556,0.006814420695657762,0.13813395158576933,0.12338100417583868,0.13434703552246097
2027-03-31,0.4821917808219178,915.0,call,1.38,792.593633203556,0.006814420695657762,0.14361341735039504,0.12328692739466865,0.13401134552001953
2027-03-31,0.4821917808219178,920.0,call,1.1949999999999998,792.593633203556,0.006814420695657762,0.14906302211795963,0.12349538886841425,0.13391979370117188
2027-03-31,0.4821917808219178,925.0,call,1.0350000000000001,792.593633203556,0.006814420695657762,0.15448308958729895,0.12374363994692722,0.13395031097412108
2027-03-31,0.4821917808219178,930.0,call,0.895,792.593633203556,0.006814420695657762,0.1598739382221753,0.12398767973220308,0.13401134552001953
2027-03-31,0.4821917808219178,935.0,call,0.78,792.593633203556,0.006814420695657762,0.1652358813635608,0.12442185462961963,0.13416393188476564
2027-03-31,0.4821917808219178,940.0,call,0.675,792.593633203556,0.006814420695657762,0.1705692273389233,0.12472741655252564,0.1344080700683594
2027-03-31,0.4821917808219178,945.0,call,0.595,792.593633203556,0.006814420695657762,0.17587427956861637,0.12541057535629754,0.13465220825195315
2027-03-31,0.4821917808219178,950.0,call,0.52,792.593633203556,0.006814420695657762,0.18115133666946026,0.1259267962940652,0.13520151916503909
2027-03-31,0.4821917808219178,955.0,call,0.45999999999999996,792.593633203556,0.006814420695657762,0.1864006925556039,0.12666955417112982,0.13581186462402345
2027-03-31,0.4821917808219178,960.0,call,0.405,792.593633203556,0.006814420695657762,0.19162263653675568,0.1273181774892533,0.13611703735351563
2027-03-31,0.4821917808219178,965.0,call,0.365,792.593633203556,0.006814420695657762,0.19681745341385962,0.12837102822422666,0.13709359008789065
2027-03-31,0.4821917808219178,975.0,call,0.295,792.593633203556,0.006814420695657762,0.2071268230727209,0.13032560317095412,0.1388025573730469
2027-06-17,0.6958904109589041,80.0,put,0.025,799.4651919012655,0.0047079984606918784,-2.301916359318098,0.8481899301894984,0.8359391406249999
2027-06-17,0.6958904109589041,85.0,put,0.025,799.4651919012655,0.0047079984606918784,-2.241291737501663,0.8254440450950696,0.8125018749999999
2027-06-17,0.6958904109589041,90.0,put,0.035,799.4651919012655,0.0047079984606918784,-2.1841333236617144,0.8253617669969922,0.8125018749999999
2027-06-17,0.6958904109589041,95.0,put,0.09,799.4651919012655,0.0047079984606918784,-2.1300661023914387,0.8715963923575613,0.85937640625
2027-06-17,0.6958904109589041,110.0,put,0.055,799.4651919012655,0.0047079984606918784,-1.9834626281995633,0.7768798818542055,0.7656273437500001
2027-06-17,0.6958904109589041,120.0,put,0.065,799.4651919012655,0.0047079984606918784,-1.8964512512099336,0.7532580306482562,0.7421900781249999
2027-06-17,0.6958904109589041,125.0,put,0.07500000000000001,799.4651919012655,0.0047079984606918784,-1.8556292566896784,0.7462264843659264,0.73437765625
2027-06-17,0.6958904109589041,130.0,put,0.08,799.4651919012655,0.0047079984606918784,-1.8164085435363972,0.7346176981903811,0.7226590234375
2027-06-17,0.6958904109589041,135.0,put,0.08499999999999999,799.4651919012655,0.0047079984606918784,-1.7786682155535503,0.723268284150954,0.710940390625
2027-06-17,0.6958904109589041,140.0,put,0.095,799.4651919012655,0.0047079984606918784,-1.7423005713826754,0.7156586136103097,0.7041045214843751
2027-06-17,0.6958904109589041,145.0,put,0.10500000000000001,799.4651919012655,0.0047079984606918784,-1.7072092515714052,0.7077643101377632,0.6962920996093751
2027-06-17,0.6958904109589041,150.0,put,0.11499999999999999,799.4651919012655,0.0047079984606918784,-1.673307699895724,0.6996835477252198,0.6875031250000001
2027-06-17,0.6958904109589041,155.0,put,0.125,799.4651919012655,0.0047079984606918784,-1.640517877072733,0.6914872196717645,0.6796907031250001
2027-06-17,0.6958904109589041,160.0,put,0.135,799.4651919012655,0.0047079984606918784,-1.6087691787581526,0.6832273923641278,0.6709017285156251
2027-06-17,0.6958904109589041,165.0,put,0.14500000000000002,799.4651919012655,0.0047079984606918784,-1.577997520091399,0.6749427847884732,0.6630893066406252
2027-06-17,0.6958904109589041,170.0,put,0.155,799.4651919012655,0.0047079984606918784,-1.5481445569417178,0.666662459990005,0.6543003320312502
2027-06-17,0.6958904109589041,175.0,put,0.165,799.4651919012655,0.0047079984606918784,-1.5191570200684656,0.6584083482764876,0.64648791015625
2027-06-17,0.6958904109589041,180.0,put,0.175,799.4651919012655,0.0047079984606918784,-1.4909861431017692,0.6501970529136437,0.6381872119140625
2027-06-17,0.6958904109589041,185.0,put,0.19,799.4651919012655,0.0047079984606918784,-1.4635871689136548,0.6437661418966251,0.631839619140625
2027-06-17,0.6958904109589041,190.0,put,0.20500000000000002,799.4651919012655,0.0047079984606918784,-1.4369189218314935,0.6371820320310484,0.6250037500000001
2027-06-17,0.6958904109589041,195.0,put,0.215,799.4651919012655,0.0047079984606918784,-1.4109434354282329,0.628994785833276,0.6167030517578126
2027-06-17,0.6958904109589041,200.0,put,0.235,799.4651919012655,0.0047079984606918784,-1.385625627443943,0.6237157978747561,0.6113320117187502
2027-06-17,0.6958904109589041,205.0,put,0.25,799.4651919012655,0.0047079984606918784,-1.3609330148535714,0.61689331814807,0.6044961425781252
2027-06-17,0.6958904109589041,210.0,put,0.265,799.4651919012655,0.0047079984606918784,-1.336835463274511,0.6100409157993271,0.5976602734375001
2027-06-17,0.6958904109589041,225.0,put,0.315,799.4651919012655,0.0047079984606918784,-1.2678425917875595,0.5904922555067618,0.57812921875
2027-06-17,0.6958904109589041,230.0,put,0.335,799.4651919012655,0.0047079984606918784,-1.2458636850687843,0.5845827449596076,0.5720257641601563
2027-06-17,0.6958904109589041,235.0,put,0.355,799.4651919012655,0.0047079984606918784,-1.2243574798478207,0.5786038468478916,0.5659223095703125
2027-06-17,0.6958904109589041,240.0,put,0.375,799.4651919012655,0.0047079984606918784,-1.2033040706499885,0.5725739249875247,0.5600629931640625
2027-06-17,0.6958904109589041,245.0,put,0.4,799.4651919012655,0.0047079984606918784,-1.1826847834472527,0.5673268649163927,0.5546919531250001
2027-06-17,0.6958904109589041,250.0,put,0.42,799.4651919012655,0.0047079984606918784,-1.1624820761297332,0.5611972380526513,0.5483443603515626
2027-06-17,0.6958904109589041,255.0,put,0.445,799.4651919012655,0.0047079984606918784,-1.1426794488335534,0.5557934793760777,0.5429733203125001
2027-06-17,0.6958904109589041,260.0,put,0.46499999999999997,799.4651919012655,0.0047079984606918784,-1.1232613629764518,0.5496189786448734,0.5368698657226563
2027-06-17,0.6958904109589041,265.0,put,0.495,799.4651919012655,0.0047079984606918784,-1.1042131680057574,0.54478043236868,0.5319871020507813
2027-06-17,0.6958904109589041,270.0,put,0.515,799.4651919012655,0.0047079984606918784,-1.0855210349936049,0.5385707089326638,0.5256395092773438
2027-06-17,0.6958904109589041,275.0,put,0.545,799.4651919012655,0.0047079984606918784,-1.0671718963254084,0.5335866558661531,0.5206346765136718
2027-06-17,0.6958904109589041,280.0,put,0.875,799.4651919012655,0.0047079984606918784,-1.04915339082273,0.5578175974923361,0.5441940112304688
2027-06-17,0.6958904109589041,285.0,put,0.595,799.4651919012655,0.0047079984606918784,-1.0314538137233291,0.5222949768871621,0.5092822509765625
2027-06-17,0.6958904109589041,290.0,put,0.625,799.4651919012655,0.0047079984606918784,-1.0140620710114598,0.5171534102523371,0.5041553491210937
2027-06-17,0.6958904109589041,295.0,put,0.655,799.4651919012655,0.0047079984606918784,-0.9969676376521598,0.5119628166614469,0.49927258544921876
2027-06-17,0.6958904109589041,300.0,put,0.685,799.4651919012655,0.0047079984606918784,-0.9801605193357786,0.506733060108261,0.4940236145019532
2027-06-17,0.6958904109589041,305.0,put,0.715,799.4651919012655,0.0047079984606918784,-0.963631217384568,0.5014725683639897,0.4886525744628907
2027-06-17,0.6958904109589041,310.0,put,0.745,799.4651919012655,0.0047079984606918784,-0.9473706965127877,0.496188567041394,0.48340360351562506
2027-06-17,0.6958904109589041,315.0,put,0.785,799.4651919012655,0.0047079984606918784,-0.9313703551663466,0.49171898349376275,0.47876497802734375
2027-06-17,0.6958904109589041,320.0,put,0.815,799.4651919012655,0.0047079984606918784,-0.9156219981982073,0.4863732401115439,0.4733939379882813
2027-06-17,0.6958904109589041,325.0,put,0.85,799.4651919012655,0.0047079984606918784,-0.9001178116622421,0.4814043612444888,0.4687553125
2027-06-17,0.6958904109589041,330.0,put,0.885,799.4651919012655,0.0047079984606918784,-0.8848503395314536,0.4764044643773505,0.46326220336914065
2027-06-17,0.6958904109589041,335.0,put,0.925,799.4651919012655,0.0047079984606918784,-0.8698124621669132,0.4717305446493359,0.4585015087890626
2027-06-17,0.6958904109589041,340.0,put,0.965,799.4651919012655,0.0047079984606918784,-0.8549973763817725,0.46700907092936134,0.4537408142089844
2027-06-17,0.6958904109589041,345.0,put,1.005,799.4651919012655,0.0047079984606918784,-0.8403985769606199,0.46224746150195634,0.44885805053710937
2027-06-17,0.6958904109589041,350.0,put,1.045,799.4651919012655,0.0047079984606918784,-0.8260098395085202,0.4574521882786404,0.4440973559570312
2027-06-17,0.6958904109589041,355.0,put,1.085,799.4651919012655,0.0047079984606918784,-0.8118252045165638,0.45262889808355106,0.43921459228515625
2027-06-17,0.6958904109589041,360.0,put,1.125,799.4651919012655,0.0047079984606918784,-0.797838962541824,0.4477825344214445,0.43420975952148444
2027-06-17,0.6958904109589041,365.0,put,1.1749999999999998,799.4651919012655,0.0047079984606918784,-0.7840456404094881,0.4434688427427369,0.4298763067626954
2027-06-17,0.6958904109589041,370.0,put,1.2149999999999999,799.4651919012655,0.0047079984606918784,-0.7704399883537095,0.4385694138481234,0.4249325085449219
2027-06-17,0.6958904109589041,375.0,put,1.2650000000000001,799.4651919012655,0.0047079984606918784,-0.7570169680215688,0.4341705782457275,0.4204159521484375
2027-06-17,0.6958904109589041,380.0,put,1.315,799.4651919012655,0.0047079984606918784,-0.7437717412715482,0.4297274589492635,0.4158993957519531
2027-06-17,0.6958904109589041,385.0,put,1.3650000000000002,799.4651919012655,0.0047079984606918784,-0.7306996597041954,0.42524579933178713,0.41138283935546877
2027-06-17,0.6958904109589041,390.0,put,1.415,799.4651919012655,0.0047079984606918784,-0.7177962548682875,0.42073066416722316,0.40680524841308596
2027-06-17,0.6958904109589041,395.0,put,1.4649999999999999,799.4651919012655,0.0047079984606918784,-0.7050572290908578,0.41618653070303935,0.4022276574707031
2027-06-17,0.6958904109589041,400.0,put,1.525,799.4651919012655,0.0047079984606918784,-0.6924784468839976,0.41204027053740805,0.3979552392578125
2027-06-17,0.6958904109589041,405.0,put,1.58,799.4651919012655,0.0047079984606918784,-0.6800559268854405,0.4076390581553089,0.3936828210449219
2027-06-17,0.6958904109589041,410.0,put,1.6349999999999998,799.4651919012655,0.0047079984606918784,-0.6677858342936263,0.4032064461361805,0.3890441955566406
2027-06-17,0.6958904109589041,415.0,put,1.6949999999999998,799.4651919012655,0.0047079984606918784,-0.6556644737612812,0.39893588078826436,0.3846497082519531
2027-06-17,0.6958904109589041,420.0,put,1.855,799.4651919012655,0.0047079984606918784,-0.6436882827145657,0.39822263552378406,0.383795224609375
2027-06-17,0.6958904109589041,425.0,put,1.8250000000000002,799.4651919012655,0.0047079984606918784,-0.6318538250675628,0.39064031909357755,0.37622694091796877
2027-06-17,0.6958904109589041,430.0,put,1.8849999999999998,799.4651919012655,0.0047079984606918784,-0.6201577853043714,0.3862587442894693,0.37177141906738287
2027-06-17,0.6958904109589041,435.0,put,1.955,799.4651919012655,0.0047079984606918784,-0.6085969629032955,0.3821805204749453,0.36762106994628907
2027-06-17,0.6958904109589041,440.0,put,2.025,799.4651919012655,0.0047079984606918784,-0.5971682670796729,0.3780578852133581,0.36340968627929693
2027-06-17,0.6958904109589041,445.0,put,2.0949999999999998,799.4651919012655,0.0047079984606918784,-0.5858687118257395,0.3738951533188798,0.3591983026123047
2027-06-17,0.6958904109589041,450.0,put,2.17,799.4651919012655,0.0047079984606918784,-0.5746954112276141,0.3698440641841547,0.3552310571289062
2027-06-17,0.6958904109589041,455.0,put,2.245,799.4651919012655,0.0047079984606918784,-0.5636455750410292,0.36575040819400717,0.3508976043701171
2027-06-17,0.6958904109589041,460.0,put,2.3200000000000003,799.4651919012655,0.0047079984606918784,-0.552716504508839,0.3616180588653718,0.34680828979492184
2027-06-17,0.6958904109589041,465.0,put,2.41,799.4651919012655,0.0047079984606918784,-0.5419055884046232,0.35785060577517597,0.3429631134033203
2027-06-17,0.6958904109589041,470.0,put,2.49,799.4651919012655,0.0047079984606918784,-0.5312102992878753,0.35376712419008094,0.3388127642822265
2027-06-17,0.6958904109589041,475.0,put,2.5700000000000003,799.4651919012655,0.0047079984606918784,-0.5206281899573384,0.349646831885264,0.33460138061523437
2027-06-17,0.6958904109589041,480.0,put,2.665,799.4651919012655,0.0047079984606918784,-0.5101568900900431,0.34585441320585397,0.33081723876953123
2027-06-17,0.6958904109589041,485.0,put,2.76,799.4651919012655,0.0047079984606918784,-0.4997941030544964,0.3420076361292007,0.3267889587402344
2027-06-17,0.6958904109589041,490.0,put,2.8499999999999996,799.4651919012655,0.0047079984606918784,-0.48953760288730735,0.33799827732341103,0.3226691268920897
2027-06-17,0.6958904109589041,495.0,put,2.955,799.4651919012655,0.0047079984606918784,-0.47938523142328937,0.334276433618809,0.31873239868164055
2027-06-17,0.6958904109589041,500.0,put,3.05,799.4651919012655,0.0047079984606918784,-0.4693348955697878,0.33028708131102513,0.31476515319824216
2027-06-17,0.6958904109589041,505.0,put,3.165,799.4651919012655,0.0047079984606918784,-0.45938456471661976,0.3266654754699037,0.3111335977172851
2027-06-17,0.6958904109589041,510.0,put,3.275,799.4651919012655,0.0047079984606918784,-0.4495322682736082,0.32288271293521587,0.30725790405273434
2027-06-17,0.6958904109589041,515.0,put,3.3899999999999997,799.4651919012655,0.0047079984606918784,-0.4397760933282436,0.3191430528587972,0.30332117584228513
2027-06-17,0.6958904109589041,520.0,put,3.5149999999999997,799.4651919012655,0.0047079984606918784,-0.43011418241650656,0.3155327293794751,0.29968962036132807
2027-06-17,0.6958904109589041,525.0,put,3.645,799.4651919012655,0.0047079984606918784,-0.42054473140035586,0.3119484423705904,0.29599703033447267
2027-06-17,0.6958904109589041,530.0,put,3.7800000000000002,799.4651919012655,0.0047079984606918784,-0.41106598744581213,0.3083856089228445,0.29224340576171864
2027-06-17,0.6958904109589041,535.0,put,3.91,799.4651919012655,0.0047079984606918784,-0.401676247095973,0.3046740209375654,0.28839822937011705
2027-06-17,0.6958904109589041,540.0,put,4.0600000000000005,799.4651919012655,0.0047079984606918784,-0.3923738544336595,0.3012274592258224,0.28482770843505856
2027-06-17,0.6958904109589041,545.0,put,4.21,799.4651919012655,0.0047079984606918784,-0.3831571993287356,0.2977074272970566,0.2811961529541015
2027-06-17,0.6958904109589041,550.0,put,4.37,799.4651919012655,0.0047079984606918784,-0.3740247157654631,0.2942685389637669,0.2776256320190429
2027-06-17,0.6958904109589041,555.0,put,4.54,799.4651919012655,0.0047079984606918784,-0.3649748802455451,0.29090016619525494,0.27411614562988285
2027-06-17,0.6958904109589041,560.0,put,4.71,799.4651919012655,0.0047079984606918784,-0.35600621026278473,0.28745242784634933,0.27054562469482424
2027-06-17,0.6958904109589041,565.0,put,4.895,799.4651919012655,0.0047079984606918784,-0.34711726284553873,0.28413320106368223,0.2671429487609864
2027-06-17,0.6958904109589041,570.0,put,5.09,799.4651919012655,0.0047079984606918784,-0.3383066331633837,0.28086128327340376,0.26364872100830083
2027-06-17,0.6958904109589041,575.0,put,5.289999999999999,799.4651919012655,0.0047079984606918784,-0.32957295319462915,0.27756537193924335,0.26032233825683593
2027-06-17,0.6958904109589041,580.0,put,5.5,799.4651919012655,0.0047079984606918784,-0.3209148904515146,0.27430535336158696,0.25690440368652345
2027-06-17,0.6958904109589041,585.0,put,5.73,799.4651919012655,0.0047079984606918784,-0.3123311467601232,0.2711920330215368,0.2535169863891602
2027-06-17,0.6958904109589041,590.0,put,5.949999999999999,799.4651919012655,0.0047079984606918784,-0.30382045709221445,0.26786473343366085,0.25012956909179684
2027-06-17,0.6958904109589041,595.0,put,6.2,799.4651919012655,0.0047079984606918784,-0.2953815884463499,0.26478155606023607,0.2467574104309082
2027-06-17,0.6958904109589041,600.0,put,6.449999999999999,799.4651919012655,0.0047079984606918784,-0.2870133387758333,0.2615945592699503,0.24350732086181642
2027-06-17,0.6958904109589041,605.0,put,6.720000000000001,799.4651919012655,0.0047079984606918784,-0.2787145359611381,0.2585155517564269,0.24022671401977536
2027-06-17,0.6958904109589041,610.0,put,7.005,799.4651919012655,0.0047079984606918784,-0.2704840368246227,0.25547953616570035,0.23694610717773437
2027-06-17,0.6958904109589041,615.0,put,7.3,799.4651919012655,0.0047079984606918784,-0.26232072618546176,0.25242923219214347,0.23365024169921872
2027-06-17,0.6958904109589041,620.0,put,7.615,799.4651919012655,0.0047079984606918784,-0.2542235159528424,0.24945404611437552,0.23050696258544923
2027-06-17,0.6958904109589041,625.0,put,7.9399999999999995,799.4651919012655,0.0047079984606918784,-0.2461913442555781,0.246451335944536,0.22731790756225584
2027-06-17,0.6958904109589041,630.0,put,8.280000000000001,799.4651919012655,0.0047079984606918784,-0.23822317460640124,0.24346179825691303,0.22409833526611322
2027-06-17,0.6958904109589041,635.0,put,8.645,799.4651919012655,0.0047079984606918784,-0.23031799509928802,0.24056276974173588,0.2209245388793945
2027-06-17,0.6958904109589041,640.0,put,9.024999999999999,799.4651919012655,0.0047079984606918784,-0.22247481763826202,0.23765813793986013,0.2177660011291504
2027-06-17,0.6958904109589041,645.0,put,9.425,799.4651919012655,0.0047079984606918784,-0.2146926771962071,0.2347816895423851,0.21462272201538085
2027-06-17,0.6958904109589041,650.0,put,9.84,799.4651919012655,0.0047079984606918784,-0.20697063110229685,0.23188620794520004,0.21149470153808592
2027-06-17,0.6958904109589041,655.0,put,10.280000000000001,799.4651919012655,0.0047079984606918784,-0.19930775835672776,0.2290408385981517,0.20836668106079098
2027-06-17,0.6958904109589041,660.0,put,10.74,799.4651919012655,0.0047079984606918784,-0.19170315897150836,0.22619832897210262,0.20522340194702143
2027-06-17,0.6958904109589041,665.0,put,11.225,799.4651919012655,0.0047079984606918784,-0.18415595333612547,0.22338606836262456,0.2021411573791504
2027-06-17,0.6958904109589041,670.0,put,11.75,799.4651919012655,0.0047079984606918784,-0.17666528160696793,0.2206948472663457,0.19908180076599122
2027-06-17,0.6958904109589041,675.0,put,12.285,799.4651919012655,0.0047079984606918784,-0.16923030311944975,0.21791060562729114,0.19599192687988282
2027-06-17,0.6958904109589041,680.0,put,12.85,799.4651919012655,0.0047079984606918784,-0.16185019582182722,0.21516023469324588,0.19284864776611327
2027-06-17,0.6958904109589041,685.0,put,13.445,799.4651919012655,0.0047079984606918784,-0.15452415572975436,0.2124327346798559,0.18977403251647953
2027-06-17,0.6958904109589041,690.0,put,14.08,799.4651919012655,0.0047079984606918784,-0.1472513964006746,0.20977735205472892,0.18669178794860838
2027-06-17,0.6958904109589041,695.0,put,14.74,799.4651919012655,0.0047079984606918784,-0.14003114842718745,0.20709262244907214,0.18358665542602537
2027-06-17,0.6958904109589041,700.0,put,15.425,799.4651919012655,0.0047079984606918784,-0.13286265894857496,0.2043721916690611,0.1804586349487305
2027-06-17,0.6958904109589041,705.0,put,16.165,799.4651919012655,0.0047079984606918784,-0.125745191179711,0.20177379369090218,0.17739164901733395
2027-06-17,0.6958904109589041,710.0,put,16.935000000000002,799.4651919012655,0.0047079984606918784,-0.11867802395661846,0.1991453591093634,0.17427125785827638
2027-06-17,0.6958904109589041,715.0,put,17.755000000000003,799.4651919012655,0.0047079984606918784,-0.11166045129797195,0.19658308363952776,0.17118901329040528
2027-06-17,0.6958904109589041,720.0,put,18.605,799.4651919012655,0.0047079984606918784,-0.10469178198187865,0.19397119669670418,0.1680686221313477
2027-06-17,0.6958904109589041,725.0,put,19.515,799.4651919012655,0.0047079984606918784,-0.0977713391373049,0.1914506298997189,0.16495586029052733
2027-06-17,0.6958904109589041,730.0,put,20.465,799.4651919012655,0.0047079984606918784,-0.09089845984954277,0.18890844002766155,0.16178969322204587
2027-06-17,0.6958904109589041,735.0,put,21.490000000000002,799.4651919012655,0.0047079984606918784,-0.08407249477914294,0.18649928158182333,0.15872270729064944
2027-06-17,0.6958904109589041,740.0,put,22.54,799.4651919012655,0.0047079984606918784,-0.07729280779376423,0.1839744965379421,0.15544210044860843
2027-06-17,0.6958904109589041,745.0,put,23.665,799.4651919012655,0.0047079984606918784,-0.07055877561242006,0.18155431123283075,0.15226830406188965
2027-06-17,0.6958904109589041,750.0,put,24.845,799.4651919012655,0.0047079984606918784,-0.06386978746162349,0.17913313624677923,0.14902584381103517
2027-06-17,0.6958904109589041,755.0,put,26.09,799.4651919012655,0.0047079984606918784,-0.057225244742954935,0.17674249305116868,0.14576049560546872
2027-06-17,0.6958904109589041,760.0,put,27.41,799.4651919012655,0.0047079984606918784,-0.050624560711602914,0.17441118098715439,0.14246463012695312
2027-06-17,0.6958904109589041,765.0,put,28.82,799.4651919012655,0.0047079984606918784,-0.04406716016544376,0.1721865982894054,0.13922979919433598
2027-06-17,0.6958904109589041,770.0,put,30.3,799.4651919012655,0.0047079984606918784,-0.03755247914425009,0.1699701415970815,0.1358728991699219
2027-06-17,0.6958904109589041,775.0,put,31.884999999999998,799.4651919012655,0.0047079984606918784,-0.031079964638632662,0.16789097541278422,0.13256177505493166
2027-06-17,0.6958904109589041,780.0,put,33.575,799.4651919012655,0.0047079984606918784,-0.024649074308342154,0.16593241530276545,0.1292353923034668
2027-06-17,0.6958904109589041,785.0,put,35.364999999999995,799.4651919012655,0.0047079984606918784,-0.018259276209571178,0.16405990847597252,0.12589375091552735
2027-06-17,0.6958904109589041,790.0,put,37.29,799.4651919012655,0.0047079984606918784,-0.011910048530912463,0.16239780898860653,0.12255210952758791
2027-06-17,0.6958904109589041,795.0,put,39.315,799.4651919012655,0.0047079984606918784,-0.005600879337647772,0.1607962879237725,0.11913417495727538
2027-06-17,0.6958904109589041,800.0,call,40.96,799.4651919012655,0.0047079984606918784,0.0006687336759477036,0.15940124626124852,0.1915669223022461
2027-06-17,0.6958904109589041,805.0,call,38.114999999999995,799.4651919012655,0.0047079984606918784,0.006899283426583746,0.15708896192224367,0.18827868614196777
2027-06-17,0.6958904109589041,810.0,call,35.385000000000005,799.4651919012655,0.0047079984606918784,0.013091253674504795,0.15487128783370468,0.18505148452758785
2027-06-17,0.6958904109589041,815.0,call,32.78,799.4651919012655,0.0047079984606918784,0.019245119248883023,0.1527760107391297,0.18202264518737793
2027-06-17,0.6958904109589041,820.0,call,30.275,799.4651919012655,0.0047079984606918784,0.02536134626631908,0.15069673182786975,0.17900906448364257
2027-06-17,0.6958904109589041,825.0,call,27.915,799.4651919012655,0.0047079984606918784,0.031440392342701455,0.14880142082175404,0.17621673400878907
2027-06-17,0.6958904109589041,830.0,call,25.67,799.4651919012655,0.0047079984606918784,0.03748270679866404,0.1469680687052127,0.17350069671630858
2027-06-17,0.6958904109589041,835.0,call,23.564999999999998,799.4651919012655,0.0047079984606918784,0.04348873085887589,0.14529377927318893,0.17096776306152345
2027-06-17,0.6958904109589041,840.0,call,21.58,799.4651919012655,0.0047079984606918784,0.04945889784537968,0.14369956735420275,0.16854926918029792
2027-06-17,0.6958904109589041,845.0,call,19.72,799.4651919012655,0.0047079984606918784,0.05539363336519419,0.1422087020451458,0.16632913757324225
2027-06-17,0.6958904109589041,850.0,call,17.990000000000002,799.4651919012655,0.0047079984606918784,0.061293355492382455,0.14084936094112743,0.16423107505798343
2027-06-17,0.6958904109589041,855.0,call,16.38,799.4651919012655,0.0047079984606918784,0.0671584749447805,0.13958958836019733,0.16221693504333498
2027-06-17,0.6958904109589041,860.0,call,14.895,799.4651919012655,0.0047079984606918784,0.07298939525557388,0.1384653121196204,0.16043930389404298
2027-06-17,0.6958904109589041,865.0,call,13.530000000000001,799.4651919012655,0.0047079984606918784,0.07878651293989976,0.13747309344843853,0.1588295177459717
2027-06-17,0.6958904109589041,870.0,call,12.27,799.4651919012655,0.0047079984606918784,0.0845502176566498,0.13656321038965574,0.15730365409851074
2027-06-17,0.6958904109589041,875.0,call,11.115,799.4651919012655,0.0047079984606918784,0.0902808923656348,0.1357569447539621,0.15589223022460938
2027-06-17,0.6958904109589041,880.0,call,10.05,799.4651919012655,0.0047079984606918784,0.0959789134802725,0.1350016206012308,0.15460287544250492
2027-06-17,0.6958904109589041,885.0,call,9.085,799.4651919012655,0.0047079984606918784,0.10164465101594984,0.1343753604588794,0.15342033111572267
2027-06-17,0.6958904109589041,890.0,call,8.185,799.4651919012655,0.0047079984606918784,0.10727846873420581,0.13371069655727585,0.15225304542541504
2027-06-17,0.6958904109589041,895.0,call,7.369999999999999,799.4651919012655,0.0047079984606918784,0.11288072428287584,0.13314336230735913,0.15117731155395514
2027-06-17,0.6958904109589041,900.0,call,6.635,799.4651919012655,0.0047079984606918784,0.11845176933233119,0.13267784419524797,0.15021601745605473
2027-06-17,0.6958904109589041,905.0,call,5.949999999999999,799.4651919012655,0.0047079984606918784,0.12399194970794652,0.13214870935100245,0.14928524063110354
2027-06-17,0.6958904109589041,910.0,call,5.33,799.4651919012655,0.0047079984606918784,0.1295016055189161,0.13167678669176436,0.1484002397155762
2027-06-17,0.6958904109589041,915.0,call,4.775,799.4651919012655,0.0047079984606918784,0.13498107128354167,0.13129817802372687,0.1475915319824219
2027-06-17,0.6958904109589041,920.0,call,4.255,799.4651919012655,0.0047079984606918784,0.14043067605110632,0.13081032388957053,0.14670653106689452
2027-06-17,0.6958904109589041,925.0,call,3.8049999999999997,799.4651919012655,0.0047079984606918784,0.1458507435204455,0.13052664729856178,0.14606566833496093
2027-06-17,0.6958904109589041,930.0,call,3.3899999999999997,799.4651919012655,0.0047079984606918784,0.15124159215532207,0.13018925610516735,0.1453332537841797
2027-06-17,0.6958904109589041,935.0,call,3.0199999999999996,799.4651919012655,0.0047079984606918784,0.15660353529670742,0.12991679439343398,0.1447381669616699
2027-06-17,0.6958904109589041,940.0,call,2.66,799.4651919012655,0.0047079984606918784,0.16193688127206998,0.12937082687667661,0.14386842468261718
2027-06-17,0.6958904109589041,945.0,call,2.39,799.4651919012655,0.0047079984606918784,0.16724193350176314,0.1294650886384987,0.14380739013671873
2027-06-17,0.6958904109589041,950.0,call,2.125,799.4651919012655,0.0047079984606918784,0.17251899060260686,0.12930265351539724,0.14328859649658204
2027-06-17,0.6958904109589041,955.0,call,1.89,799.4651919012655,0.0047079984606918784,0.17776834648875056,0.12919413250803344,0.14286135467529298
2027-06-17,0.6958904109589041,960.0,call,1.6749999999999998,799.4651919012655,0.0047079984606918784,0.18299029046990223,0.12903569459927008,0.14252566467285155
2027-06-17,0.6958904109589041,965.0,call,1.5,799.4651919012655,0.0047079984606918784,0.1881851073470064,0.12917146364249096,0.14234256103515625
2027-06-17,0.6958904109589041,970.0,call,1.3450000000000002,799.4651919012655,0.0047079984606918784,0.19335307750544894,0.12935769809637404,0.1424035955810547
2027-06-17,0.6958904109589041,975.0,call,1.2,799.4651919012655,0.0047079984606918784,0.1984944770058676,0.1294461031860665,0.14218997467041017
2027-06-17,0.6958904109589041,980.0,call,1.07,799.4651919012655,0.0047079984606918784,0.203609577672638,0.12954262860877408,0.1420984228515625
2027-06-17,0.6958904109589041,985.0,call,0.96,799.4651919012655,0.0047079984606918784,0.20869864718010922,0.1297912789657144,0.14215945739746094
2027-06-17,0.6958904109589041,990.0,call,0.86,799.4651919012655,0.0047079984606918784,0.21376194913665594,0.13001820421064222,0.14222049194335937
2027-06-17,0.6958904109589041,995.0,call,0.78,799.4651919012655,0.0047079984606918784,0.21879974316661308,0.13050709943517608,0.14252566467285155
2027-06-17,0.6958904109589041,1000.0,call,0.695,799.4651919012655,0.0047079984606918784,0.2238122849901575,0.13064021522603464,0.14234256103515625
2027-06-17,0.6958904109589041,1005.0,call,0.635,799.4651919012655,0.0047079984606918784,0.22879982650119654,0.13127322888654572,0.14283083740234376
2027-06-17,0.6958904109589041,1010.0,call,0.575,799.4651919012655,0.0047079984606918784,0.23376261584332553,0.13172591653817484,0.1431970446777344
2027-06-17,0.6958904109589041,1015.0,call,0.52,799.4651919012655,0.0047079984606918784,0.23870089748390808,0.13215208390129005,0.14368532104492188
2027-06-17,0.6958904109589041,1020.0,call,0.47,799.4651919012655,0.0047079984606918784,0.2436149122863371,0.1325663325241647,0.1439294592285156
2027-06-17,0.6958904109589041,1025.0,call,0.435,799.4651919012655,0.0047079984606918784,0.24850489758052888,0.1334039859385211,0.14447877014160154
2027-06-17,0.6958904109589041,1030.0,call,0.395,799.4651919012655,0.0047079984606918784,0.25337108723170176,0.13388789499942505,0.1448449774169922
2027-06-17,0.6958904109589041,1035.0,call,0.365,799.4651919012655,0.0047079984606918784,0.2582137117074899,0.13467058224568823,0.145516357421875
2027-06-17,0.6958904109589041,1040.0,call,0.335,799.4651919012655,0.0047079984606918784,0.2630329981434388,0.1353224437107337,0.14612670288085935
2027-06-17,0.6958904109589041,1050.0,call,0.28500000000000003,799.4651919012655,0.0047079984606918784,0.2726024491595894,0.13675953131824023,0.14734739379882814
2027-06-17,0.6958904109589041,1060.0,call,0.245,799.4651919012655,0.0047079984606918784,0.28208119311413316,0.13831719471235482,0.14881222290039062
2027-06-17,0.6958904109589041,1070.0,call,0.21000000000000002,799.4651919012655,0.0047079984606918784,0.2914709334639723,0.13977363236779672,0.1505211901855469
2027-06-17,0.6958904109589041,1080.0,call,0.185,799.4651919012655,0.0047079984606918784,0.30077332612628577,0.1416107279524408,0.1518639501953125
2027-06-17,0.6958904109589041,1090.0,call,0.165,799.4651919012655,0.0047079984606918784,0.30998998123120974,0.14357775992246283,0.15369498657226563
2027-06-17,0.6958904109589041,1100.0,call,0.14500000000000002,799.4651919012655,0.0047079984606918784,0.3191224647944822,0.14525346131872022,0.15528188476562502
2027-06-17,0.6958904109589041,1110.0,call,0.13,799.4651919012655,0.0047079984606918784,0.32817230031440026,0.14717814006982302,0.1577232666015625
2027-06-17,0.6958904109589041,1120.0,call,0.11499999999999999,799.4651919012655,0.0047079984606918784,0.3371409702971606,0.14884211454852822,0.15869981933593752
2027-06-17,0.6958904109589041,1130.0,call,0.10500000000000001,799.4651919012655,0.0047079984606918784,0.3460299177144066,0.15092495984681245,0.16089706298828127
2027-06-17,0.6958904109589041,1140.0,call,0.095,799.4651919012655,0.0047079984606918784,0.35484054739656157,0.1528147845892661,0.1626060302734375
2027-06-17,0.6958904109589041,1150.0,call,0.08499999999999999,799.4651919012655,0.0047079984606918784,0.36357422736531614,0.15448713685678334,0.16431499755859375
2027-06-17,0.6958904109589041,1160.0,call,0.08,799.4651919012655,0.0047079984606918784,0.3722322901084307,0.1568511090110697,0.16748879394531252
2027-06-17,0.6958904109589041,1170.0,call,0.07,799.4651919012655,0.0047079984606918784,0.3808160337998221,0.15809704520477885,0.16895362304687503
2027-06-17,0.6958904109589041,1180.0,call,0.065,799.4651919012655,0.0047079984606918784,0.38932672346773084,0.16016070130970844,0.16993017578125003
2027-06-17,0.6958904109589041,1190.0,call,0.060000000000000005,799.4651919012655,0.0047079984606918784,0.39776559211359547,0.16208993256248513,0.17285983398437502
2027-06-17,0.6958904109589041,1200.0,call,0.060000000000000005,799.4651919012655,0.0047079984606918784,0.406133841784112,0.1651340153809471,0.17627776855468752
2027-06-17,0.6958904109589041,1210.0,call,0.055,799.4651919012655,0.0047079984606918784,0.4144326445988072,0.16686598610849196,0.176766044921875
2027-06-17,0.6958904109589041,1220.0,call,0.060000000000000005,799.4651919012655,0.0047079984606918784,0.42266314373532266,0.17112747073913934,0.1821370849609375
2027-06-17,0.6958904109589041,1230.0,call,0.05,799.4651919012655,0.0047079984606918784,0.4308264543744835,0.17134809211285615,0.18262536132812499
2027-06-17,0.6958904109589041,1240.0,call,0.045,799.4651919012655,0.0047079984606918784,0.43892366460710286,0.17268307762455354,0.18262536132812499
2027-06-17,0.6958904109589041,1280.0,call,0.035,799.4651919012655,0.0047079984606918784,0.4706723629216833,0.18011437363640737,0.19043778320312502
2027-06-17,0.6958904109589041,1290.0,call,0.035,799.4651919012655,0.0047079984606918784,0.4784545033637382,0.18279531881851352,0.1928791650390625
2027-06-17,0.6958904109589041,1380.0,call,0.025,799.4651919012655,0.0047079984606918784,0.5458957841592706,0.20058961365738706,0.21094539062499998
2027-06-17,0.6958904109589041,1410.0,call,0.025,799.4651919012655,0.0047079984606918784,0.5674019893802343,0.20772403349458474,0.21875781249999998
2027-06-30,0.7315068493150685,520.0,put,3.76,799.8197576608205,0.00583722333354908,-0.4305575877839633,0.3124006190317691,0.2965463412475585
2027-06-30,0.7315068493150685,525.0,put,3.89,799.8197576608205,0.00583722333354908,-0.4209881367678126,0.30876489747615843,0.29279271667480455
2027-06-30,0.7315068493150685,530.0,put,4.035,799.8197576608205,0.00583722333354908,-0.41150939281326887,0.305317030099436,0.2891306439208984
2027-06-30,0.7315068493150685,535.0,put,4.1850000000000005,799.8197576608205,0.00583722333354908,-0.40211965246342984,0.3018802894496318,0.285590640258789
2027-06-30,0.7315068493150685,540.0,put,4.335,799.8197576608205,0.00583722333354908,-0.39281725980111615,0.2983756583379706,0.28195908477783205
2027-06-30,0.7315068493150685,545.0,put,4.5,799.8197576608205,0.00583722333354908,-0.38360060469619217,0.29502708993558796,0.27854115020751957
2027-06-30,0.7315068493150685,550.0,put,4.67,799.8197576608205,0.00583722333354908,-0.37446812113291966,0.2916754473578958,0.27506218109130853
2027-06-30,0.7315068493150685,555.0,put,4.85,799.8197576608205,0.00583722333354908,-0.36541828561300177,0.28838677408047897,0.27164424652099606
2027-06-30,0.7315068493150685,560.0,put,5.029999999999999,799.8197576608205,0.00583722333354908,-0.35644961563024136,0.28501980704643676,0.2681347601318359
2027-06-30,0.7315068493150685,570.0,put,5.43,799.8197576608205,0.00583722333354908,-0.33875003853084046,0.2785647090980889,0.2613599255371094
2027-06-30,0.7315068493150685,575.0,put,5.65,799.8197576608205,0.00583722333354908,-0.3300163585620859,0.2754526194742236,0.25809457733154295
2027-06-30,0.7315068493150685,580.0,put,5.869999999999999,799.8197576608205,0.00583722333354908,-0.3213582958189713,0.27224875105387547,0.25473767730712893
2027-06-30,0.7315068493150685,585.0,put,6.1,799.8197576608205,0.00583722333354908,-0.3127745521275799,0.269070215643798,0.2513807772827148
2027-06-30,0.7315068493150685,590.0,put,6.35,799.8197576608205,0.00583722333354908,-0.30426386245967124,0.26601912060641175,0.2481612049865723
2027-06-30,0.7315068493150685,595.0,put,6.609999999999999,799.8197576608205,0.00583722333354908,-0.2958249938138066,0.2629745474695169,0.24492637405395512
2027-06-30,0.7315068493150685,600.0,put,6.875,799.8197576608205,0.00583722333354908,-0.28745674414328987,0.2598810782929718,0.2417068017578125
2027-06-30,0.7315068493150685,605.0,put,7.16,799.8197576608205,0.00583722333354908,-0.2791579413285948,0.2568859755760316,0.23847197082519528
2027-06-30,0.7315068493150685,610.0,put,7.460000000000001,799.8197576608205,0.00583722333354908,-0.2709274421920793,0.25392800209924615,0.23529817443847656
2027-06-30,0.7315068493150685,615.0,put,7.77,799.8197576608205,0.00583722333354908,-0.2627641315529184,0.2509530844699016,0.23221592987060546
2027-06-30,0.7315068493150685,620.0,put,8.1,799.8197576608205,0.00583722333354908,-0.25466692132029906,0.24804660234102416,0.2289963575744629
2027-06-30,0.7315068493150685,625.0,put,8.440000000000001,799.8197576608205,0.00583722333354908,-0.2466347496230348,0.24511123006434624,0.2259141130065918
2027-06-30,0.7315068493150685,630.0,put,8.8,799.8197576608205,0.00583722333354908,-0.23866657997385793,0.24222749336898425,0.22272505798339842
2027-06-30,0.7315068493150685,635.0,put,9.185,799.8197576608205,0.00583722333354908,-0.23076140046674468,0.23942531191055924,0.2197191065979004
2027-06-30,0.7315068493150685,640.0,put,9.585,799.8197576608205,0.00583722333354908,-0.22291822300571879,0.23661353458604528,0.2167131552124023
2027-06-30,0.7315068493150685,645.0,put,9.995000000000001,799.8197576608205,0.00583722333354908,-0.21513608256366384,0.2337494786660341,0.21352410018920898
2027-06-30,0.7315068493150685,650.0,put,10.43,799.8197576608205,0.00583722333354908,-0.20741403646975357,0.23094148596167385,0.2104723728942871
2027-06-30,0.7315068493150685,655.0,put,10.885,799.8197576608205,0.00583722333354908,-0.19975116372418444,0.22814288203636582,0.20742064559936518
2027-06-30,0.7315068493150685,660.0,put,11.365,799.8197576608205,0.00583722333354908,-0.19214656433896515,0.22538071376973715,0.2043536596679687
2027-06-30,0.7315068493150685,661.0,put,11.475,799.8197576608205,0.00583722333354908,-0.19063255950775007,0.22490674868337313,0.2038196073913574
2027-06-30,0.7315068493150685,662.0,put,11.565,799.8197576608205,0.00583722333354908,-0.1891208434224281,0.22429058364151064,0.20314059806823728
2027-06-30,0.7315068493150685,664.0,put,14.275,799.8197576608205,0.00583722333354908,-0.18610424988300242,0.2394455292737841,0.21721669021606443
2027-06-30,0.7315068493150685,665.0,put,11.870000000000001,799.8197576608205,0.00583722333354908,-0.1845993587035821,0.22264508479453562,0.20127141510009766
2027-06-30,0.7315068493150685,666.0,put,11.98,799.8197576608205,0.00583722333354908,-0.1830967288190472,0.22213998394759626,0.20070684555053708
2027-06-30,0.7315068493150685,667.0,put,12.085,799.8197576608205,0.00583722333354908,-0.1815963534438126,0.22159559892485853,0.20012701736450195
2027-06-30,0.7315068493150685,668.0,put,14.235,799.8197576608205,0.00583722333354908,-0.1800982258227906,0.2340683900999538,0.21181513290405268
2027-06-30,0.7315068493150685,669.0,put,17.9,799.8197576608205,0.00583722333354908,-0.17860233923120783,0.25474782924605327,0.23120885986328127
2027-06-30,0.7315068493150685,670.0,put,12.41,799.8197576608205,0.00583722333354908,-0.1771086869744245,0.2199912872409309,0.1982883516693115
2027-06-30,0.7315068493150685,671.0,put,18.2,799.8197576608205,0.00583722333354908,-0.17561726238775457,0.25378605676347765,0.23009497940063478
2027-06-30,0.7315068493150685,672.0,put,12.629999999999999,799.8197576608205,0.00583722333354908,-0.1741280588362868,0.21891246488008467,0.19707529006958008
2027-06-30,0.7315068493150685,673.0,put,15.43,799.8197576608205,0.00583722333354908,-0.17264106971470852,0.23490309910883778,0.21207452972412105
2027-06-30,0.7315068493150685,674.0,put,12.845,799.8197576608205,0.00583722333354908,-0.17115628844712927,0.21777768962688804,0.19583934051513674
2027-06-30,0.7315068493150685,675.0,put,12.975,799.8197576608205,0.00583722333354908,-0.16967370848690644,0.21734237015511187,0.19525951232910155
2027-06-30,0.7315068493150685,676.0,put,13.085,799.8197576608205,0.00583722333354908,-0.16819332331647216,0.21677515058338162,0.19468731346130372
2027-06-30,0.7315068493150685,677.0,put,13.2,799.8197576608205,0.00583722333354908,-0.16671512644716135,0.21623293284091397,0.19403882141113282
2027-06-30,0.7315068493150685,679.0,put,13.435,799.8197576608205,0.00583722333354908,-0.1637652718007402,0.21516038188027842,0.19285627708435057
2027-06-30,0.7315068493150685,680.0,put,13.555,799.8197576608205,0.00583722333354908,-0.1622936011892839,0.21462978468145524,0.19225356094360352
2027-06-30,0.7315068493150685,681.0,put,19.765,799.8197576608205,0.00583722333354908,-0.16082409320992389,0.24895491657297147,0.22452557708740228
2027-06-30,0.7315068493150685,682.0,put,13.79,799.8197576608205,0.00583722333354908,-0.15935674151597426,0.2135192492691785,0.19101761138916018
2027-06-30,0.7315068493150685,683.0,put,13.915,799.8197576608205,0.00583722333354908,-0.15789153978864628,0.21299946283389248,0.1903996366119385
2027-06-30,0.7315068493150685,685.0,put,14.165,799.8197576608205,0.00583722333354908,-0.154967561097211,0.21193996377969582,0.18918657501220704
2027-06-30,0.7315068493150685,686.0,put,14.29,799.8197576608205,0.00583722333354908,-0.15350877163355103,0.21140035130504023,0.1885914881896973
2027-06-30,0.7315068493150685,688.0,put,14.55,799.8197576608205,0.00583722333354908,-0.15059756142609268,0.21035964022714185,0.18739368522644043
2027-06-30,0.7315068493150685,689.0,put,14.685,799.8197576608205,0.00583722333354908,-0.14914512834577776,0.20985796798741874,0.18678333976745606
2027-06-30,0.7315068493150685,690.0,put,14.82,799.8197576608205,0.00583722333354908,-0.14769480176813124,0.2093492659335948,0.18621877021789549
2027-06-30,0.7315068493150685,691.0,put,18.060000000000002,799.8197576608205,0.00583722333354908,-0.14624657559176638,0.22608929914452244,0.20182835533142088
2027-06-30,0.7315068493150685,692.0,put,15.079999999999998,799.8197576608205,0.00583722333354908,-0.14480044374176668,0.20825430162188563,0.18495993270874017
2027-06-30,0.7315068493150685,693.0,put,15.215,799.8197576608205,0.00583722333354908,-0.14335640016953313,0.20772514136699577,0.18431906997680664
2027-06-30,0.7315068493150685,694.0,put,15.36,799.8197576608205,0.00583722333354908,-0.14191443885263183,0.20724519671782032,0.18378501770019529
2027-06-30,0.7315068493150685,695.0,put,15.495000000000001,799.8197576608205,0.00583722333354908,-0.14047455379464419,0.20670210656434068,0.18312889633178708
2027-06-30,0.7315068493150685,696.0,put,15.64,799.8197576608205,0.00583722333354908,-0.13903673902501665,0.20620769904748093,0.18257195610046387
2027-06-30,0.7315068493150685,697.0,put,15.77,799.8197576608205,0.00583722333354908,-0.13760098859891237,0.20562331267444175,0.18190820541381836
2027-06-30,0.7315068493150685,698.0,put,15.915,799.8197576608205,0.00583722333354908,-0.1361672965970639,0.20511479710771083,0.18128260131835935
2027-06-30,0.7315068493150685,699.0,put,16.064999999999998,799.8197576608205,0.00583722333354908,-0.13473565712562607,0.2046263205069329,0.18074854904174803
2027-06-30,0.7315068493150685,700.0,put,16.21,799.8197576608205,0.00583722333354908,-0.13330606431603165,0.2041032759071605,0.18011531562805175
2027-06-30,0.7315068493150685,701.0,put,16.35,799.8197576608205,0.00583722333354908,-0.1318785123248462,0.20354615845515017,0.17946682357788085
2027-06-30,0.7315068493150685,702.0,put,16.5,799.8197576608205,0.00583722333354908,-0.13045299533362514,0.20303588062864739,0.1788641074371338
2027-06-30,0.7315068493150685,703.0,put,16.655,799.8197576608205,0.00583722333354908,-0.12902950754877135,0.20254494502101938,0.17830716720581058
2027-06-30,0.7315068493150685,704.0,put,16.8,799.8197576608205,0.00583722333354908,-0.12760804320139396,0.20199340938814137,0.1776357872009277
2027-06-30,0.7315068493150685,705.0,put,16.965,799.8197576608205,0.00583722333354908,-0.1261885965471677,0.20154043526641602,0.17701018310546873
2027-06-30,0.7315068493150685,706.0,put,17.11,799.8197576608205,0.00583722333354908,-0.12477116186619423,0.2009744925093038,0.1764303549194336
2027-06-30,0.7315068493150685,707.0,put,17.275,799.8197576608205,0.00583722333354908,-0.12335573346286352,0.20050606695601322,0.17583526809692385
2027-06-30,0.7315068493150685,708.0,put,17.424999999999997,799.8197576608205,0.00583722333354908,-0.1219423056657165,0.19995184432247365,0.17523255195617674
2027-06-30,0.7315068493150685,709.0,put,17.58,799.8197576608205,0.00583722333354908,-0.12053087282730886,0.19941638180168988,0.1745764305877686
2027-06-30,0.7315068493150685,710.0,put,17.759999999999998,799.8197576608205,0.00583722333354908,-0.11912142932407524,0.19900204240473746,0.17405000762939454
2027-06-30,0.7315068493150685,711.0,put,17.915,799.8197576608205,0.00583722333354908,-0.11771396955619544,0.19845137203200927,0.17342440353393557
2027-06-30,0.7315068493150685,712.0,put,18.085,799.8197576608205,0.00583722333354908,-0.11630848794746053,0.19796973679209007,0.1727987994384766
2027-06-30,0.7315068493150685,713.0,put,18.244999999999997,799.8197576608205,0.00583722333354908,-0.11490497894514033,0.19742957945114856,0.17220371261596684
2027-06-30,0.7315068493150685,714.0,put,18.41,799.8197576608205,0.00583722333354908,-0.11350343701985185,0.19690718337624152,0.17154759124755858
2027-06-30,0.7315068493150685,715.0,put,18.585,799.8197576608205,0.00583722333354908,-0.1121038566654287,0.19642722468797735,0.17093724578857422
2027-06-30,0.7315068493150685,716.0,put,18.755,799.8197576608205,0.00583722333354908,-0.11070623239879071,0.1959142888833972,0.17031927101135255
2027-06-30,0.7315068493150685,717.0,put,18.93,799.8197576608205,0.00583722333354908,-0.10931055875981595,0.1954183403444438,0.1697318135070801
2027-06-30,0.7315068493150685,718.0,put,19.1,799.8197576608205,0.00583722333354908,-0.1079168303112121,0.1948897552564406,0.16909858009338383
2027-06-30,0.7315068493150685,719.0,put,19.29,799.8197576608205,0.00583722333354908,-0.10652504163838956,0.1944515510670863,0.1685416398620606
2027-06-30,0.7315068493150685,720.0,put,19.47,799.8197576608205,0.00583722333354908,-0.10513518734933536,0.19395590757974548,0.1679312944030762
2027-06-30,0.7315068493150685,721.0,put,19.64,799.8197576608205,0.00583722333354908,-0.10374726207448726,0.1934036032736326,0.167275173034668
2027-06-30,0.7315068493150685,722.0,put,19.825000000000003,799.8197576608205,0.00583722333354908,-0.10236126046661008,0.1929161823251952,0.16669534484863285
2027-06-30,0.7315068493150685,725.0,put,20.39,799.8197576608205,0.00583722333354908,-0.09821474450476148,0.19145209564350663,0.1648490498352051
2027-06-30,0.7315068493150685,726.0,put,20.57,799.8197576608205,0.00583722333354908,-0.09683638453464026,0.19090792752903551,0.16423107505798343
2027-06-30,0.7315068493150685,727.0,put,20.77,799.8197576608205,0.00583722333354908,-0.09545992182591696,0.1904501938091211,0.16359784164428715
2027-06-30,0.7315068493150685,728.0,put,20.965,799.8197576608205,0.00583722333354908,-0.09408535116275032,0.18996024402509568,0.16296460823059084
2027-06-30,0.7315068493150685,729.0,put,29.48,799.8197576608205,0.00583722333354908,-0.09271266735077813,0.2273059826479046,0.1981052480316162
2027-06-30,0.7315068493150685,730.0,put,21.355,799.8197576608205,0.00583722333354908,-0.09134186521699944,0.18895493125116658,0.16170577072143555
2027-06-30,0.7315068493150685,731.0,put,21.555,799.8197576608205,0.00583722333354908,-0.08997293960965785,0.18846278136338107,0.1611259425354004
2027-06-30,0.7315068493150685,733.0,put,30.490000000000002,799.8197576608205,0.00583722333354908,-0.08724069747278482,0.22564995358846532,0.1959308923339844
2027-06-30,0.7315068493150685,734.0,put,22.17,799.8197576608205,0.00583722333354908,-0.0858773707449207,0.18700340162377405,0.15924913024902343
2027-06-30,0.7315068493150685,735.0,put,22.37,799.8197576608205,0.00583722333354908,-0.08451590014659958,0.18647678155422492,0.15863115547180176
2027-06-30,0.7315068493150685,736.0,put,22.595,799.8197576608205,0.00583722333354908,-0.08315628063056013,0.18605481126595833,0.15804369796752932
2027-06-30,0.7315068493150685,737.0,put,22.8,799.8197576608205,0.00583722333354908,-0.08179850717009973,0.1855333207940873,0.1573646886444092
2027-06-30,0.7315068493150685,740.0,put,23.43,799.8197576608205,0.00583722333354908,-0.07773621316122084,0.1839840234888021,0.1553047727203369
2027-06-30,0.7315068493150685,741.0,put,32.625,799.8197576608205,0.00583722333354908,-0.07638577406334937,0.22244199450457355,0.19163558616638185
2027-06-30,0.7315068493150685,742.0,put,28.5,799.8197576608205,0.00583722333354908,-0.0750371561920559,0.2031844326828698,0.17320315330505373
2027-06-30,0.7315068493150685,743.0,put,28.759999999999998,799.8197576608205,0.00583722333354908,-0.07369035464167717,0.20277204906265908,0.17264621307373051
2027-06-30,0.7315068493150685,745.0,put,24.585,799.8197576608205,0.00583722333354908,-0.07100218097987678,0.18168489152779196,0.15234459724426272
2027-06-30,0.7315068493150685,746.0,put,24.82,799.8197576608205,0.00583722333354908,-0.06966079915567541,0.18121422781653293,0.15173425178527833
2027-06-30,0.7315068493150685,747.0,put,29.595,799.8197576608205,0.00583722333354908,-0.06832121422661905,0.20016251313755862,0.16940375282287598
2027-06-30,0.7315068493150685,748.0,put,25.295,799.8197576608205,0.00583722333354908,-0.0669834213849591,0.1802660342929515,0.15044489700317387
2027-06-30,0.7315068493150685,749.0,put,25.54,799.8197576608205,0.00583722333354908,-0.06564741584221684,0.17980980866162474,0.14984218086242676
2027-06-30,0.7315068493150685,750.0,put,25.78,799.8197576608205,0.00583722333354908,-0.06431319282908017,0.17932251521180373,0.14914791290283202
2027-06-30,0.7315068493150685,751.0,put,26.02,799.8197576608205,0.00583722333354908,-0.06298074759530153,0.17882568306292118,0.14852230880737305
2027-06-30,0.7315068493150685,752.0,put,26.28,799.8197576608205,0.00583722333354908,-0.061650075409596425,0.17840404407053523,0.14788907539367677
2027-06-30,0.7315068493150685,753.0,put,31.515,799.8197576608205,0.00583722333354908,-0.060321171559542766,0.19879963723358796,0.16706918144226077
2027-06-30,0.7315068493150685,754.0,put,31.81,799.8197576608205,0.00583722333354908,-0.05899403135148025,0.19843217023857684,0.16655038780212408
2027-06-30,0.7315068493150685,755.0,put,27.04,799.8197576608205,0.00583722333354908,-0.0576686501104116,0.17699463963725245,0.14594359924316402
2027-06-30,0.7315068493150685,756.0,put,27.305,799.8197576608205,0.00583722333354908,-0.05634502317990328,0.17655378255412388,0.1453332537841797
2027-06-30,0.7315068493150685,757.0,put,27.575000000000003,799.8197576608205,0.00583722333354908,-0.05502314592198748,0.17612352619394547,0.144715279006958
2027-06-30,0.7315068493150685,758.0,put,27.835,799.8197576608205,0.00583722333354908,-0.0537030137170647,0.17564151015614093,0.14405152832031248
2027-06-30,0.7315068493150685,759.0,put,28.11,799.8197576608205,0.00583722333354908,-0.05238462196380641,0.17521143258560698,0.1434030362701416
2027-06-30,0.7315068493150685,760.0,put,28.375,799.8197576608205,0.00583722333354908,-0.05106796607905955,0.17472977556124503,0.14274691490173338
2027-06-30,0.7315068493150685,761.0,put,28.645000000000003,799.8197576608205,0.00583722333354908,-0.04975304149775046,0.174258502545256,0.14208316421508788
2027-06-30,0.7315068493150685,762.0,put,28.939999999999998,799.8197576608205,0.00583722333354908,-0.048439843672789994,0.17387919114803957,0.1414728187561035
2027-06-30,0.7315068493150685,763.0,put,29.215000000000003,799.8197576608205,0.00583722333354908,-0.04712836807497924,0.17340746593667095,0.1408166973876953
2027-06-30,0.7315068493150685,764.0,put,29.490000000000002,799.8197576608205,0.00583722333354908,-0.04581861019291585,0.17292537716455367,0.14011480010986327
2027-06-30,0.7315068493150685,765.0,put,29.784999999999997,799.8197576608205,0.00583722333354908,-0.04451056553290048,0.1725139241038588,0.1395044546508789
2027-06-30,0.7315068493150685,766.0,put,30.085,799.8197576608205,0.00583722333354908,-0.043204229618845,0.17211180295522102,0.13888647987365724
2027-06-30,0.7315068493150685,767.0,put,30.38,799.8197576608205,0.00583722333354908,-0.04189959799218009,0.17167859632489535,0.13825324645996095
2027-06-30,0.7315068493150685,768.0,put,30.67,799.8197576608205,0.00583722333354908,-0.04059666621176409,0.17121449798849653,0.13756660781860353
2027-06-30,0.7315068493150685,769.0,put,30.97,799.8197576608205,0.00583722333354908,-0.03929542985379238,0.17077971070540945,0.13686471054077148
2027-06-30,0.7315068493150685,770.0,put,31.275,799.8197576608205,0.00583722333354908,-0.037995884511706796,0.17035394264503956,0.1362314771270752
2027-06-30,0.7315068493150685,775.0,put,32.87,799.8197576608205,0.00583722333354908,-0.031523370006089346,0.16833515553085457,0.1329737582397461
2027-06-30,0.7315068493150685,780.0,put,34.54,799.8197576608205,0.00583722333354908,-0.025092479675798928,0.1663251307181499,0.12963211685180664
2027-06-30,0.7315068493150685,785.0,put,36.325,799.8197576608205,0.00583722333354908,-0.018702681577027924,0.1644675631693678,0.1263743979644775
2027-06-30,0.7315068493150685,790.0,put,38.225,799.8197576608205,0.00583722333354908,-0.012353453898369076,0.16274866851032602,0.1230480152130127
2027-06-30,0.7315068493150685,795.0,put,40.235,799.8197576608205,0.00583722333354908,-0.0060442847051043625,0.16113772876498633,0.1196605979156494
2027-06-30,0.7315068493150685,800.0,call,42.195,799.8197576608205,0.00583722333354908,0.0002253283084909135,0.15968198663101937,0.19152877571105958
2027-06-30,0.7315068493150685,805.0,call,39.355000000000004,799.8197576608205,0.00583722333354908,0.006455878059126979,0.15744688831096926,0.1883015740966797
2027-06-30,0.7315068493150685,810.0,call,36.644999999999996,799.8197576608205,0.00583722333354908,0.01264784830704805,0.15537166098593616,0.18532613998413083
2027-06-30,0.7315068493150685,815.0,call,34.004999999999995,799.8197576608205,0.00583722333354908,0.0188017138814263,0.1532196222273822,0.18226678337097169
2027-06-30,0.7315068493150685,820.0,call,31.5,799.8197576608205,0.00583722333354908,0.0249179408988626,0.15122747492452054,0.17937527175903317
2027-06-30,0.7315068493150685,825.0,call,29.11,799.8197576608205,0.00583722333354908,0.030996986975244778,0.14931255836593865,0.1765981999206543
2027-06-30,0.7315068493150685,830.0,call,26.835,799.8197576608205,0.00583722333354908,0.03703930143120739,0.14746931661780568,0.1739431971740723
2027-06-30,0.7315068493150685,835.0,call,24.695,799.8197576608205,0.00583722333354908,0.043045325491419255,0.145772421843576,0.17144078079223635
2027-06-30,0.7315068493150685,840.0,call,22.685,799.8197576608205,0.00583722333354908,0.04901549247792306,0.14420369715610915,0.16905280418396
2027-06-30,0.7315068493150685,845.0,call,20.79,799.8197576608205,0.00583722333354908,0.054950227997737605,0.14270625596314,0.16678689666748053
2027-06-30,0.7315068493150685,850.0,call,19.025,799.8197576608205,0.00583722333354908,0.06084995012492589,0.14134614692031383,0.1647269807434082
2027-06-30,0.7315068493150685,855.0,call,17.380000000000003,799.8197576608205,0.00583722333354908,0.06671506957732395,0.14009179965054563,0.1627662459564209
2027-06-30,0.7315068493150685,860.0,call,15.850000000000001,799.8197576608205,0.00583722333354908,0.07254598988811715,0.13893328553911685,0.1609428388977051
2027-06-30,0.7315068493150685,865.0,call,14.445,799.8197576608205,0.00583722333354908,0.07834310757244305,0.13793015614841866,0.1593406820678711
2027-06-30,0.7315068493150685,870.0,call,13.14,799.8197576608205,0.00583722333354908,0.08410681228919312,0.13698858589241533,0.15776904251098633
2027-06-30,0.7315068493150685,875.0,call,11.940000000000001,799.8197576608205,0.00583722333354908,0.08983748699817813,0.13614949024022566,0.156357618637085
2027-06-30,0.7315068493150685,880.0,call,10.825,799.8197576608205,0.00583722333354908,0.09553550811281586,0.13533550398752364,0.15496908271789553
2027-06-30,0.7315068493150685,885.0,call,9.815,799.8197576608205,0.00583722333354908,0.10120124564849321,0.13466902647472825,0.15378653839111328
2027-06-30,0.7315068493150685,890.0,call,8.879999999999999,799.8197576608205,0.00583722333354908,0.10683506336674921,0.13401962479578775,0.1526116233825684
2027-06-30,0.7315068493150685,895.0,call,8.025,799.8197576608205,0.00583722333354908,0.11243731891541904,0.13343564143547273,0.15158166542053222
2027-06-30,0.7315068493150685,900.0,call,7.25,799.8197576608205,0.00583722333354908,0.11800836396487442,0.13294552085939146,0.15061274200439456
2027-06-30,0.7315068493150685,905.0,call,6.529999999999999,799.8197576608205,0.00583722333354908,0.12354854434048979,0.13242328569243075,0.14965144790649415
2027-06-30,0.7315068493150685,910.0,call,5.880000000000001,799.8197576608205,0.00583722333354908,0.12905820015145938,0.13198646380410284,0.14881222290039062
2027-06-30,0.7315068493150685,915.0,call,5.285,799.8197576608205,0.00583722333354908,0.13453766591608496,0.13156435521745746,0.14795773925781253
2027-06-30,0.7315068493150685,920.0,call,4.734999999999999,799.8197576608205,0.00583722333354908,0.13998727068364963,0.1311061727604612,0.14719480743408203
2027-06-30,0.7315068493150685,925.0,call,4.24,799.8197576608205,0.00583722333354908,0.1454073381529888,0.13071100812563913,0.1464013583374023
2027-06-30,0.7315068493150685,930.0,call,3.8,799.8197576608205,0.00583722333354908,0.15079818678786525,0.13041755424584853,0.14577575424194333
2027-06-30,0.7315068493150685,935.0,call,3.375,799.8197576608205,0.00583722333354908,0.1561601299292506,0.12989919152600496,0.14487549468994143
2027-06-30,0.7315068493150685,940.0,call,3.03,799.8197576608205,0.00583722333354908,0.1614934759046132,0.12978730970528313,0.14450928741455077
2027-06-30,0.7315068493150685,945.0,call,2.715,799.8197576608205,0.00583722333354908,0.16679852813430635,0.12966263574314363,0.14405152832031248
2027-06-30,0.7315068493150685,950.0,call,2.425,799.8197576608205,0.00583722333354908,0.1720755852351503,0.12949134900904244,0.1435937692260742
2027-06-30,0.7315068493150685,955.0,call,2.16,799.8197576608205,0.00583722333354908,0.17732494112129402,0.1292902950756933,0.1430749755859375
2027-06-30,0.7315068493150685,960.0,call,1.9249999999999998,799.8197576608205,0.00583722333354908,0.18254688510244568,0.12914886233203487,0.14273928558349608
2027-06-30,0.7315068493150685,965.0,call,1.71,799.8197576608205,0.00583722333354908,0.18774170197954967,0.1289655704213937,0.14222049194335937
2027-06-30,0.7315068493150685,970.0,call,1.54,799.8197576608205,0.00583722333354908,0.19290967213799226,0.12915570544237281,0.14222049194335937
2027-06-30,0.7315068493150685,975.0,call,1.37,799.8197576608205,0.00583722333354908,0.19805107163841093,0.1290730359976165,0.14191531921386719
2027-06-30,0.7315068493150685,980.0,call,1.23,799.8197576608205,0.00583722333354908,0.20316617230518133,0.12923017936245568,0.14185428466796873
2027-06-30,0.7315068493150685,985.0,call,1.105,799.8197576608205,0.00583722333354908,0.20825524181265262,0.12941665737768368,0.1419763537597656
2027-06-30,0.7315068493150685,990.0,call,0.99,799.8197576608205,0.00583722333354908,0.21331854376919934,0.12955753756783583,0.1418237673950195
2027-06-30,0.7315068493150685,995.0,call,0.895,799.8197576608205,0.00583722333354908,0.21835633779915647,0.12990139225439976,0.14185428466796873
2027-09-17,0.947945205479452,65.0,put,0.05,807.1455154231071,0.004099062902702871,-2.5191166986286704,0.8426890076751111,0.8281267187499999
2027-09-17,0.947945205479452,90.0,put,0.055,807.1455154231071,0.004099062902702871,-2.1936942981940426,0.7371227702672201,0.7246121289062499
2027-09-17,0.947945205479452,105.0,put,0.07500000000000001,807.1455154231071,0.004099062902702871,-2.039543618366784,0.7031525640602804,0.6894562304687502
2027-09-17,0.947945205479452,110.0,put,0.08499999999999999,807.1455154231071,0.004099062902702871,-1.993023602731891,0.6946273903431094,0.6816438085937502
2027-09-17,0.947945205479452,120.0,put,0.10500000000000001,807.1455154231071,0.004099062902702871,-1.9060122257422614,0.6769701373283821,0.6640658593750002
2027-09-17,0.947945205479452,125.0,put,0.11499999999999999,807.1455154231071,0.004099062902702871,-1.8651902312220063,0.668035749637137,0.6543003320312502
2027-09-17,0.947945205479452,135.0,put,0.14500000000000002,807.1455154231071,0.004099062902702871,-1.788229190085878,0.6547173517091986,0.64062859375
2027-09-17,0.947945205479452,140.0,put,0.155,807.1455154231071,0.004099062902702871,-1.751861545915003,0.6456061434279414,0.631839619140625
2027-09-17,0.947945205479452,145.0,put,0.16999999999999998,807.1455154231071,0.004099062902702871,-1.716770226103733,0.6385055661417778,0.6250037500000001
2027-09-17,0.947945205479452,150.0,put,0.185,807.1455154231071,0.004099062902702871,-1.6828686744280517,0.6312772848759466,0.6171913281250001
2027-09-17,0.947945205479452,160.0,put,0.215,807.1455154231071,0.004099062902702871,-1.6183301532904806,0.6166325577513946,0.6025430371093752
2027-09-17,0.947945205479452,165.0,put,0.44,807.1455154231071,0.004099062902702871,-1.5875584946237267,0.6541962487815637,0.6391637646484375
2027-09-17,0.947945205479452,170.0,put,0.255,807.1455154231071,0.004099062902702871,-1.5577055314740456,0.60448941652372,0.5903361279296876
2027-09-17,0.947945205479452,175.0,put,0.275,807.1455154231071,0.004099062902702871,-1.5287179946007934,0.598206709393778,0.5839885351562499
2027-09-17,0.947945205479452,180.0,put,0.295,807.1455154231071,0.004099062902702871,-1.500547117634097,0.59183900611704,0.5776409423828125
2027-09-17,0.947945205479452,190.0,put,0.335,807.1455154231071,0.004099062902702871,-1.4464798963638212,0.578962386210824,0.5644574804687501
2027-09-17,0.947945205479452,195.0,put,0.36,807.1455154231071,0.004099062902702871,-1.4205044099605606,0.5733924481703914,0.5588423022460938
2027-09-17,0.947945205479452,200.0,put,0.385,807.1455154231071,0.004099062902702871,-1.3951866019762709,0.5677186167966274,0.5532271240234375
2027-09-17,0.947945205479452,205.0,put,0.41000000000000003,807.1455154231071,0.004099062902702871,-1.3704939893858992,0.5619687094258516,0.5473678076171876
2027-09-17,0.947945205479452,210.0,put,0.435,807.1455154231071,0.004099062902702871,-1.346396437806839,0.5561649554690029,0.5415084912109377
2027-09-17,0.947945205479452,215.0,put,0.46499999999999997,807.1455154231071,0.004099062902702871,-1.3228659403966447,0.5510236998798032,0.5361374511718751
2027-09-17,0.947945205479452,220.0,put,0.495,807.1455154231071,0.004099062902702871,-1.2998764221719459,0.5457836752514502,0.5307664111328125
2027-09-17,0.947945205479452,225.0,put,0.625,807.1455154231071,0.004099062902702871,-1.2774035663198873,0.5520962995249912,0.5368698657226563
2027-09-17,0.947945205479452,230.0,put,0.555,807.1455154231071,0.004099062902702871,-1.255424659601112,0.5350949646110877,0.5200243310546875
2027-09-17,0.947945205479452,235.0,put,0.585,807.1455154231071,0.004099062902702871,-1.2339184543801485,0.5296803427063611,0.514653291015625
2027-09-17,0.947945205479452,240.0,put,0.885,807.1455154231071,0.004099062902702871,-1.2128650451823162,0.5492981703240329,0.5334519311523438
2027-09-17,0.947945205479452,250.0,put,0.685,807.1455154231071,0.004099062902702871,-1.1720430506620612,0.5142584284825122,0.4993946545410156
2027-09-17,0.947945205479452,255.0,put,0.72,807.1455154231071,0.004099062902702871,-1.1522404233658812,0.509195637345184,0.4946339599609375
2027-09-17,0.947945205479452,260.0,put,0.755,807.1455154231071,0.004099062902702871,-1.1328223375087796,0.5040992024348077,0.48901878173828134
2027-09-17,0.947945205479452,265.0,put,0.795,807.1455154231071,0.004099062902702871,-1.1137741425380852,0.49938992798342946,0.4842580871582032
2027-09-17,0.947945205479452,270.0,put,0.835,807.1455154231071,0.004099062902702871,-1.0950820095259326,0.49462699156878104,0.47937532348632805
2027-09-17,0.947945205479452,275.0,put,0.87,807.1455154231071,0.004099062902702871,-1.076732870857736,0.48944705907412117,0.47449255981445315
2027-09-17,0.947945205479452,280.0,put,0.915,807.1455154231071,0.004099062902702871,-1.058714365355058,0.48498234784506616,0.46960979614257814
2027-09-17,0.947945205479452,285.0,put,0.955,807.1455154231071,0.004099062902702871,-1.0410147882556569,0.48011785371179533,0.4646049633789063
2027-09-17,0.947945205479452,290.0,put,1.0,807.1455154231071,0.004099062902702871,-1.0236230455437878,0.4755621850515074,0.4603325451660156
2027-09-17,0.947945205479452,295.0,put,1.045,807.1455154231071,0.004099062902702871,-1.0065286121844876,0.47096655706690543,0.45532771240234376
2027-09-17,0.947945205479452,300.0,put,1.09,807.1455154231071,0.004099062902702871,-0.9897214938681063,0.4663387824736267,0.45093322509765627
2027-09-17,0.947945205479452,305.0,put,1.1349999999999998,807.1455154231071,0.004099062902702871,-0.9731921919168959,0.46168558257722725,0.4459283923339844
2027-09-17,0.947945205479452,310.0,put,1.185,807.1455154231071,0.004099062902702871,-0.9569316710451155,0.45728919661955963,0.4414118359375
2027-09-17,0.947945205479452,320.0,put,1.2850000000000001,807.1455154231071,0.004099062902702871,-0.9251829727305352,0.44839424355554086,0.43237872314453124
2027-09-17,0.947945205479452,325.0,put,1.34,807.1455154231071,0.004099062902702871,-0.9096787861945699,0.44415239347898444,0.4282283740234375
2027-09-17,0.947945205479452,330.0,put,1.39,807.1455154231071,0.004099062902702871,-0.8944113140637814,0.43963771400465246,0.4237118176269531
2027-09-17,0.947945205479452,335.0,put,1.45,807.1455154231071,0.004099062902702871,-0.879373436699241,0.43556132162410316,0.41950043395996095
2027-09-17,0.947945205479452,340.0,put,1.505,807.1455154231071,0.004099062902702871,-0.8645583509141003,0.4312234736191163,0.41486180847167964
2027-09-17,0.947945205479452,345.0,put,1.565,807.1455154231071,0.004099062902702871,-0.8499595514929477,0.4270732610033553,0.4106504248046875
2027-09-17,0.947945205479452,350.0,put,1.625,807.1455154231071,0.004099062902702871,-0.8355708140408481,0.4228902392023904,0.4063780065917969
2027-09-17,0.947945205479452,355.0,put,1.69,807.1455154231071,0.004099062902702871,-0.8213861790488916,0.4188734266696527,0.4024717956542969
2027-09-17,0.947945205479452,360.0,put,1.75,807.1455154231071,0.004099062902702871,-0.8073999370741518,0.41463222149057066,0.39813834289550787
2027-09-17,0.947945205479452,365.0,put,1.815,807.1455154231071,0.004099062902702871,-0.793606614941816,0.41055229902968515,0.39380489013671877
2027-09-17,0.947945205479452,370.0,put,1.8849999999999998,807.1455154231071,0.004099062902702871,-0.7800009628860373,0.40661809061572446,0.38977661010742193
2027-09-17,0.947945205479452,375.0,put,1.955,807.1455154231071,0.004099062902702871,-0.7665779425538967,0.402647523171463,0.38568729553222647
2027-09-17,0.947945205479452,380.0,put,2.025,807.1455154231071,0.004099062902702871,-0.753332715803876,0.3986451989858948,0.3815979809570312
2027-09-17,0.947945205479452,385.0,put,2.0949999999999998,807.1455154231071,0.004099062902702871,-0.7402606342365232,0.3946151950312918,0.3775086663818359
2027-09-17,0.947945205479452,390.0,put,2.175,807.1455154231071,0.004099062902702871,-0.7273572294006153,0.3908631534996441,0.37366348999023435
2027-09-17,0.947945205479452,395.0,put,2.25,807.1455154231071,0.004099062902702871,-0.7146182036231855,0.386924361009013,0.36975727905273437
2027-09-17,0.947945205479452,400.0,put,2.33,807.1455154231071,0.004099062902702871,-0.7020394214163255,0.3830996285070568,0.3658510681152344
2027-09-17,0.947945205479452,405.0,put,2.415,807.1455154231071,0.004099062902702871,-0.6896169014177682,0.379378169822157,0.36191433990478517
2027-09-17,0.947945205479452,410.0,put,2.5,807.1455154231071,0.004099062902702871,-0.6773468088259539,0.3756186182586503,0.3581912326049804
2027-09-17,0.947945205479452,415.0,put,2.585,807.1455154231071,0.004099062902702871,-0.6652254482936091,0.37182496364933904,0.35419346984863276
2027-09-17,0.947945205479452,420.0,put,2.675,807.1455154231071,0.004099062902702871,-0.6532492572468935,0.3681237214498866,0.35040932800292957
2027-09-17,0.947945205479452,425.0,put,2.7649999999999997,807.1455154231071,0.004099062902702871,-0.6414147995998907,0.3643873001858168,0.34656415161132803
2027-09-17,0.947945205479452,430.0,put,2.8600000000000003,807.1455154231071,0.004099062902702871,-0.6297187598366993,0.3607342619132575,0.34290207885742185
2027-09-17,0.947945205479452,435.0,put,2.955,807.1455154231071,0.004099062902702871,-0.6181579374356233,0.35704539181253825,0.3390263851928711
2027-09-17,0.947945205479452,440.0,put,3.0549999999999997,807.1455154231071,0.004099062902702871,-0.6067292416120005,0.3534318843567012,0.3353337951660156
2027-09-17,0.947945205479452,445.0,put,3.16,807.1455154231071,0.004099062902702871,-0.5954296863580673,0.3498865823486379,0.3317632742309571
2027-09-17,0.947945205479452,450.0,put,3.2699999999999996,807.1455154231071,0.004099062902702871,-0.584256385759942,0.34640281265929035,0.32819275329589837
2027-09-17,0.947945205479452,455.0,put,3.38,807.1455154231071,0.004099062902702871,-0.573206549573357,0.34287667175068187,0.3245306805419921
2027-09-17,0.947945205479452,460.0,put,3.49,807.1455154231071,0.004099062902702871,-0.5622774790411668,0.3393116941583232,0.3208686077880859
2027-09-17,0.947945205479452,465.0,put,3.6100000000000003,807.1455154231071,0.004099062902702871,-0.5514665629369511,0.33589458578176534,0.31735912139892575
2027-09-17,0.947945205479452,470.0,put,3.7350000000000003,807.1455154231071,0.004099062902702871,-0.5407712738202031,0.33252231754336714,0.3139411868286133
2027-09-17,0.947945205479452,475.0,put,3.8600000000000003,807.1455154231071,0.004099062902702871,-0.5301891644896662,0.32910402893501095,0.31034014862060544
2027-09-17,0.947945205479452,480.0,put,3.995,807.1455154231071,0.004099062902702871,-0.5197178646223708,0.32580988099291547,0.3069832485961914
2027-09-17,0.947945205479452,485.0,put,4.135,807.1455154231071,0.004099062902702871,-0.5093550775868242,0.3225468667288429,0.30359583129882806
2027-09-17,0.947945205479452,490.0,put,4.275,807.1455154231071,0.004099062902702871,-0.4990985774196351,0.3192329762092302,0.30016263809204097
2027-09-17,0.947945205479452,495.0,put,4.425000000000001,807.1455154231071,0.004099062902702871,-0.48894620595561705,0.316023288787332,0.29682099670410156
2027-09-17,0.947945205479452,500.0,put,4.58,807.1455154231071,0.004099062902702871,-0.47889587010211576,0.3128337973779726,0.2934335794067382
2027-09-17,0.947945205479452,505.0,put,4.74,807.1455154231071,0.004099062902702871,-0.46894553924894766,0.30966140267950193,0.290122455291748
2027-09-17,0.947945205479452,510.0,put,4.904999999999999,807.1455154231071,0.004099062902702871,-0.459093242805936,0.3065032298334635,0.2869028829956054
2027-09-17,0.947945205479452,515.0,put,5.08,807.1455154231071,0.004099062902702871,-0.44933706786057126,0.30342330762100383,0.2837290866088866
2027-09-17,0.947945205479452,520.0,put,5.26,807.1455154231071,0.004099062902702871,-0.4396751569488343,0.3003483554440767,0.2803874452209472
2027-09-17,0.947945205479452,525.0,put,5.449999999999999,807.1455154231071,0.004099062902702871,-0.4301057059326836,0.2973389172600256,0.27735097656249996
2027-09-17,0.947945205479452,530.0,put,5.65,807.1455154231071,0.004099062902702871,-0.42062696197814,0.29438726749674143,0.27423821472167964
2027-09-17,0.947945205479452,535.0,put,5.85,807.1455154231071,0.004099062902702871,-0.4112372216283009,0.2913686726819915,0.271064418334961
2027-09-17,0.947945205479452,540.0,put,6.055,807.1455154231071,0.004099062902702871,-0.40193482896598737,0.2883442524597923,0.26781432876586914
2027-09-17,0.947945205479452,545.0,put,6.285,807.1455154231071,0.004099062902702871,-0.3927181738610633,0.28553369834104025,0.26483889465332033
2027-09-17,0.947945205479452,550.0,put,6.51,807.1455154231071,0.004099062902702871,-0.38358569029779077,0.2825941895896502,0.26177190872192385
2027-09-17,0.947945205479452,555.0,put,6.75,807.1455154231071,0.004099062902702871,-0.374535854777873,0.27974275369141166,0.2587354400634766
2027-09-17,0.947945205479452,560.0,put,7.015000000000001,807.1455154231071,0.004099062902702871,-0.3655671847951125,0.27706980362829986,0.25592785095214843
2027-09-17,0.947945205479452,565.0,put,7.279999999999999,807.1455154231071,0.004099062902702871,-0.35667823737786647,0.2743127543574508,0.2529218995666504
2027-09-17,0.947945205479452,570.0,put,7.545,807.1455154231071,0.004099062902702871,-0.34786760769571157,0.2714764541199951,0.24985491363525392
2027-09-17,0.947945205479452,575.0,put,7.835,807.1455154231071,0.004099062902702871,-0.33913392772695694,0.2687946515527008,0.24695577270507812
2027-09-17,0.947945205479452,580.0,put,8.14,807.1455154231071,0.004099062902702871,-0.33047586498384246,0.26616188372001043,0.24416344223022463
2027-09-17,0.947945205479452,585.0,put,8.440000000000001,807.1455154231071,0.004099062902702871,-0.321892121292451,0.2633982884136108,0.24118800811767577
2027-09-17,0.947945205479452,590.0,put,8.77,807.1455154231071,0.004099062902702871,-0.3133814316245423,0.26080537907369145,0.23836516036987304
2027-09-17,0.947945205479452,595.0,put,9.115,807.1455154231071,0.004099062902702871,-0.30494256297867767,0.25824326166679296,0.2356033471679687
2027-09-17,0.947945205479452,600.0,put,9.455,807.1455154231071,0.004099062902702871,-0.29657431330816103,0.25554834336299675,0.23267368896484375
2027-09-17,0.947945205479452,605.0,put,9.83,807.1455154231071,0.004099062902702871,-0.2882755104934659,0.25303486000231945,0.2298813584899902
2027-09-17,0.947945205479452,610.0,put,10.205,807.1455154231071,0.004099062902702871,-0.28004501135695054,0.25042382470161073,0.22705851074218747
2027-09-17,0.947945205479452,615.0,put,10.615,807.1455154231071,0.004099062902702871,-0.27188170071778955,0.2479724987960148,0.22432721481323237
2027-09-17,0.947945205479452,620.0,put,11.030000000000001,807.1455154231071,0.004099062902702871,-0.26378449048517016,0.2454534922174288,0.22150436706542967
2027-09-17,0.947945205479452,625.0,put,11.48,807.1455154231071,0.004099062902702871,-0.2557523187879059,0.24307283158118695,0.21890276954650875
2027-09-17,0.947945205479452,630.0,put,11.915,807.1455154231071,0.004099062902702871,-0.24778414913872898,0.24048448938293082,0.2159959992980957
2027-09-17,0.947945205479452,635.0,put,12.395,807.1455154231071,0.004099062902702871,-0.23987896963161584,0.23808731303341668,0.21329522064208983
2027-09-17,0.947945205479452,640.0,put,12.879999999999999,807.1455154231071,0.004099062902702871,-0.23203579217058992,0.23561165104041812,0.21053340744018556
2027-09-17,0.947945205479452,645.0,put,13.405000000000001,807.1455154231071,0.004099062902702871,-0.22425365172853493,0.23327241519845027,0.20784025810241696
2027-09-17,0.947945205479452,650.0,put,13.95,807.1455154231071,0.004099062902702871,-0.2165316056346246,0.23093606555779042,0.20519288467407226
2027-09-17,0.947945205479452,655.0,put,14.495000000000001,807.1455154231071,0.004099062902702871,-0.20886873288905544,0.22848291258539555,0.20241581283569332
2027-09-17,0.947945205479452,660.0,put,15.085,807.1455154231071,0.004099062902702871,-0.20126413350383612,0.22616965846271778,0.19968451690673827
2027-09-17,0.947945205479452,665.0,put,15.695,807.1455154231071,0.004099062902702871,-0.19371692786845332,0.2238445138448439,0.1969761089324951
2027-09-17,0.947945205479452,670.0,put,16.33,807.1455154231071,0.004099062902702871,-0.1862262561392957,0.22153023183385775,0.19429058891296389
2027-09-17,0.947945205479452,675.0,put,16.995,807.1455154231071,0.004099062902702871,-0.17879127765177757,0.2192470575551782,0.19161269821166993
2027-09-17,0.947945205479452,680.0,put,17.689999999999998,807.1455154231071,0.004099062902702871,-0.171411170354155,0.2169877440917859,0.18889666091918944
2027-09-17,0.947945205479452,685.0,put,18.41,807.1455154231071,0.004099062902702871,-0.16408513026208207,0.2147208949498745,0.18618062362670895
2027-09-17,0.947945205479452,690.0,put,19.16,807.1455154231071,0.004099062902702871,-0.1568123709330024,0.2124659375050721,0.18346458633422852
2027-09-17,0.947945205479452,695.0,put,19.939999999999998,807.1455154231071,0.004099062902702871,-0.14959212295951532,0.21021679581872496,0.18076380767822264
2027-09-17,0.947945205479452,700.0,put,20.755000000000003,807.1455154231071,0.004099062902702871,-0.14242363348090276,0.2079906307805299,0.1780477703857422
2027-09-17,0.947945205479452,705.0,put,21.619999999999997,807.1455154231071,0.004099062902702871,-0.13530616571203874,0.2058475806074754,0.17533173309326172
2027-09-17,0.947945205479452,710.0,put,22.53,807.1455154231071,0.004099062902702871,-0.12823899848894627,0.20375467026725477,0.1726691010284424
2027-09-17,0.947945205479452,715.0,put,23.439999999999998,807.1455154231071,0.004099062902702871,-0.12122142583029982,0.2015103394032071,0.16987677055358888
2027-09-17,0.947945205479452,720.0,put,24.415,807.1455154231071,0.004099062902702871,-0.11425275651420645,0.19939089843037622,0.1671073280334473
2027-09-17,0.947945205479452,725.0,put,25.43,807.1455154231071,0.004099062902702871,-0.10733231366963265,0.1972801630718049,0.16435314414978028
2027-09-17,0.947945205479452,730.0,put,26.494999999999997,807.1455154231071,0.004099062902702871,-0.10045943438187059,0.19521196052642706,0.16156081367492672
2027-09-17,0.947945205479452,735.0,put,27.595,807.1455154231071,0.004099062902702871,-0.09363346931147071,0.19311862947164235,0.15873033660888675
2027-09-17,0.947945205479452,740.0,put,28.765,807.1455154231071,0.004099062902702871,-0.08685378232609192,0.19113117260953916,0.15599141136169434
2027-09-17,0.947945205479452,745.0,put,29.97,807.1455154231071,0.004099062902702871,-0.08011975014474794,0.18910455538177662,0.15315330497741703
2027-09-17,0.947945205479452,750.0,put,31.240000000000002,807.1455154231071,0.004099062902702871,-0.07343076199395131,0.18714697362428998,0.15030756927490235
2027-09-17,0.947945205479452,755.0,put,32.545,807.1455154231071,0.004099062902702871,-0.06678621927528271,0.18513835055280378,0.14737791107177733
2027-09-17,0.947945205479452,760.0,put,33.935,807.1455154231071,0.004099062902702871,-0.06018553524393063,0.18325628317611037,0.14442536491394042
2027-09-17,0.947945205479452,765.0,put,35.38,807.1455154231071,0.004099062902702871,-0.05362813469777153,0.18138172802995706,0.1414575601196289
2027-09-17,0.947945205479452,770.0,put,36.9,807.1455154231071,0.004099062902702871,-0.04711345367657793,0.17957891852606053,0.1384973846435547
2027-09-17,0.947945205479452,775.0,put,38.495000000000005,807.1455154231071,0.004099062902702871,-0.04064093917096045,0.17783915284525675,0.13553720916748052
2027-09-17,0.947945205479452,780.0,put,40.165,807.1455154231071,0.004099062902702871,-0.03421004884067,0.1761544403025811,0.13251599914550782
2027-09-17,0.947945205479452,785.0,put,41.935,807.1455154231071,0.004099062902702871,-0.027820250741898967,0.17460290235057904,0.12951767707824707
2027-09-17,0.947945205479452,790.0,put,43.769999999999996,807.1455154231071,0.004099062902702871,-0.0214710230632402,0.17305702352118402,0.12642780319213864
2027-09-17,0.947945205479452,795.0,put,45.715,807.1455154231071,0.004099062902702871,-0.015161853869975457,0.17166312967827682,0.1233455586242676
2027-09-17,0.947945205479452,800.0,put,47.760000000000005,807.1455154231071,0.004099062902702871,-0.008892240856380153,0.17038026110083565,0.12023279678344725
2027-09-17,0.947945205479452,805.0,put,49.92,807.1455154231071,0.004099062902702871,-0.002661691105744059,0.16925277821525117,0.11708188835144043
2027-09-17,0.947945205479452,810.0,call,49.135000000000005,807.1455154231071,0.004099062902702871,0.0035302791421770413,0.1672378386194537,0.20437273296356195
2027-09-17,0.947945205479452,815.0,call,46.325,807.1455154231071,0.004099062902702871,0.00968414471655532,0.1651247746421709,0.20135533760070798
2027-09-17,0.947945205479452,820.0,call,43.625,807.1455154231071,0.004099062902702871,0.01580037173399143,0.1631392036401226,0.1984790846252441
2027-09-17,0.947945205479452,825.0,call,41.03,807.1455154231071,0.004099062902702871,0.021879417810373638,0.16125829313861434,0.19570582744598386
2027-09-17,0.947945205479452,830.0,call,38.495000000000005,807.1455154231071,0.004099062902702871,0.02792173226633628,0.15932702409895902,0.19293257026672364
2027-09-17,0.947945205479452,835.0,call,36.09,807.1455154231071,0.004099062902702871,0.033927756326548174,0.1575735270242314,0.19033097274780275
2027-09-17,0.947945205479452,840.0,call,33.785,807.1455154231071,0.004099062902702871,0.039897923313051795,0.15589479840455034,0.1878514443206787
2027-09-17,0.947945205479452,845.0,call,31.545,807.1455154231071,0.004099062902702871,0.045832658832866364,0.15416937138624226,0.1852956227111816
2027-09-17,0.947945205479452,850.0,call,29.42,807.1455154231071,0.004099062902702871,0.051732380960054676,0.15256405648682106,0.18293053405761717
2027-09-17,0.947945205479452,855.0,call,27.425,807.1455154231071,0.004099062902702871,0.057597500412452776,0.15113228281755278,0.1807256610870361
2027-09-17,0.947945205479452,860.0,call,25.509999999999998,807.1455154231071,0.004099062902702871,0.06342842072324599,0.14970255263143603,0.1785818226623535
2027-09-17,0.947945205479452,865.0,call,23.705,807.1455154231071,0.004099062902702871,0.06922553840757191,0.14838197243981746,0.1765371653747559
2027-09-17,0.947945205479452,870.0,call,21.990000000000002,807.1455154231071,0.004099062902702871,0.07498924312432202,0.14710306223163572,0.17455354263305667
2027-09-17,0.947945205479452,875.0,call,20.380000000000003,807.1455154231071,0.004099062902702871,0.08071991783330706,0.14592550776278465,0.1727072476196289
2027-09-17,0.947945205479452,880.0,call,18.87,807.1455154231071,0.004099062902702871,0.0864179389479448,0.1448389510913079,0.17094487510681153
2027-09-17,0.947945205479452,885.0,call,17.46,807.1455154231071,0.004099062902702871,0.09208367648362219,0.14385326111523963,0.16938086486816406
2027-09-17,0.947945205479452,890.0,call,16.134999999999998,807.1455154231071,0.004099062902702871,0.097717494201878,0.14292011640917476,0.16783211326599126
2027-09-17,0.947945205479452,895.0,call,14.9,807.1455154231071,0.004099062902702871,0.10331974975054788,0.1420701909147173,0.16639017211914067
2027-09-17,0.947945205479452,900.0,call,13.765,807.1455154231071,0.004099062902702871,0.10889079480000327,0.14136054258276748,0.1651542225646973
2027-09-17,0.947945205479452,905.0,call,12.690000000000001,807.1455154231071,0.004099062902702871,0.11443097517561866,0.1406345799459912,0.16392590232849122
2027-09-17,0.947945205479452,910.0,call,11.7,807.1455154231071,0.004099062902702871,0.11994063098658829,0.14001388958000313,0.16280439254760742
2027-09-17,0.947945205479452,915.0,call,10.77,807.1455154231071,0.004099062902702871,0.1254200967512139,0.1393996886526776,0.16169814140319824
2027-09-17,0.947945205479452,920.0,call,9.905000000000001,807.1455154231071,0.004099062902702871,0.13086970151877858,0.13882728320769944,0.1606376661682129
2027-09-17,0.947945205479452,925.0,call,9.11,807.1455154231071,0.004099062902702871,0.13628976898811782,0.1383381287484779,0.15966874275207518
2027-09-17,0.947945205479452,930.0,call,8.355,807.1455154231071,0.004099062902702871,0.14168061762299425,0.13779202378234662,0.15871507797241213
2027-09-17,0.947945205479452,935.0,call,7.67,807.1455154231071,0.004099062902702871,0.14704256076437966,0.13736232748141855,0.15783770637512207
2027-09-17,0.947945205479452,940.0,call,7.029999999999999,807.1455154231071,0.004099062902702871,0.15237590673974225,0.13692994649810744,0.1570061106872559
2027-09-17,0.947945205479452,945.0,call,6.4399999999999995,807.1455154231071,0.004099062902702871,0.15768095896943526,0.13653828778731178,0.1562279202270508
2027-09-17,0.947945205479452,950.0,call,5.890000000000001,807.1455154231071,0.004099062902702871,0.16295801607027904,0.13614171325595217,0.15546498840332032
2027-09-17,0.947945205479452,955.0,call,5.395,807.1455154231071,0.004099062902702871,0.16820737195642277,0.13585611245574583,0.15477834976196292
2027-09-17,0.947945205479452,960.0,call,4.925000000000001,807.1455154231071,0.004099062902702871,0.17342931593757446,0.1354970043507104,0.15407645248413088
2027-09-17,0.947945205479452,965.0,call,4.49,807.1455154231071,0.004099062902702871,0.17862413281467848,0.1351428149392136,0.1534355897521973
2027-09-17,0.947945205479452,970.0,call,4.1,807.1455154231071,0.004099062902702871,0.1837921029731211,0.134890309765171,0.15287102020263676
2027-09-17,0.947945205479452,975.0,call,3.7300000000000004,807.1455154231071,0.004099062902702871,0.18893350247353977,0.1345595604188889,0.1521386056518555
2027-09-17,0.947945205479452,980.0,call,3.42,807.1455154231071,0.004099062902702871,0.19404860314031022,0.13451411424210727,0.15180291564941406
2027-09-17,0.947945205479452,985.0,call,3.115,807.1455154231071,0.004099062902702871,0.1991376726477815,0.134294784401347,0.15134515655517583
2027-09-17,0.947945205479452,990.0,call,2.83,807.1455154231071,0.004099062902702871,0.20420097460432826,0.13403679799490123,0.15076532836914067
2027-09-17,0.947945205479452,995.0,call,2.5999999999999996,807.1455154231071,0.004099062902702871,0.20923876863428545,0.13412828282281206,0.15061274200439456
2027-09-17,0.947945205479452,1000.0,call,2.365,807.1455154231071,0.004099062902702871,0.21425131045782955,0.13396269159465707,0.15024653472900396
2027-09-17,0.947945205479452,1005.0,call,2.15,807.1455154231071,0.004099062902702871,0.21923885196886864,0.13381042167750654,0.14991084472656252
2027-09-17,0.947945205479452,1010.0,call,1.9849999999999999,807.1455154231071,0.004099062902702871,0.22420164131099768,0.13408189597679976,0.14991084472656252
2027-09-17,0.947945205479452,1015.0,call,1.8050000000000002,807.1455154231071,0.004099062902702871,0.22913992295158025,0.1339758187696665,0.1496056719970703
2027-09-17,0.947945205479452,1020.0,call,1.66,807.1455154231071,0.004099062902702871,0.23405393775400934,0.13416802200955255,0.1495141201782227
2027-09-17,0.947945205479452,1025.0,call,1.525,807.1455154231071,0.004099062902702871,0.23894392304820114,0.1343412120937865,0.14957515472412108
2027-09-17,0.947945205479452,1030.0,call,1.4,807.1455154231071,0.004099062902702871,0.24381011269937405,0.13450528613030427,0.14948360290527346
2027-09-17,0.947945205479452,1035.0,call,1.29,807.1455154231071,0.004099062902702871,0.24865273717516206,0.13476058374375344,0.14954463745117189
2027-09-17,0.947945205479452,1040.0,call,1.185,807.1455154231071,0.004099062902702871,0.253472023611111,0.13495019092963714,0.14948360290527346
2027-09-17,0.947945205479452,1045.0,call,1.09,807.1455154231071,0.004099062902702871,0.25826819587460403,0.1351740996438217,0.14963618927001954
2027-09-17,0.947945205479452,1050.0,call,1.01,807.1455154231071,0.004099062902702871,0.26304147462726174,0.13555843397737674,0.14984981018066407
2027-09-17,0.947945205479452,1055.0,call,0.935,807.1455154231071,0.004099062902702871,0.26779207738585936,0.13592016199810503,0.14997187927246097
2027-09-17,0.947945205479452,1060.0,call,0.86,807.1455154231071,0.004099062902702871,0.27252021858180536,0.13614618959218788,0.15015498291015628
2027-09-17,0.947945205479452,1065.0,call,0.81,807.1455154231071,0.004099062902702871,0.277226109619218,0.13685632431986192,0.15076532836914067
2027-09-17,0.947945205479452,1070.0,call,0.75,807.1455154231071,0.004099062902702871,0.28190995893164444,0.13721081086767825,0.15100946655273442
2027-09-17,0.947945205479452,1075.0,call,0.695,807.1455154231071,0.004099062902702871,0.28657197203745577,0.13757839524527044,0.15107050109863285
2027-09-17,0.947945205479452,1080.0,call,0.65,807.1455154231071,0.004099062902702871,0.291212351593958,0.13812196553666004,0.1516808465576172
2027-09-17,0.947945205479452,1085.0,call,0.61,807.1455154231071,0.004099062902702871,0.29583129745025255,0.13872299210760264,0.15216912292480472
2027-09-17,0.947945205479452,1090.0,call,0.565,807.1455154231071,0.004099062902702871,0.300429006698882,0.13906524381111438,0.15223015747070315
2027-09-17,0.947945205479452,1100.0,call,0.5,807.1455154231071,0.004099062902702871,0.30956149026215457,0.1403139165674448,0.15351188293457033
2027-09-17,0.947945205479452,1110.0,call,0.44,807.1455154231071,0.004099062902702871,0.31861132578207235,0.14142033095164377,0.1544274011230469
2027-09-17,0.947945205479452,1120.0,call,0.395,807.1455154231071,0.004099062902702871,0.32757999576483277,0.1428474795656084,0.15552602294921875
2027-09-17,0.947945205479452,1130.0,call,0.355,807.1455154231071,0.004099062902702871,0.3364689431820788,0.14424888642819259,0.15674671386718753
2027-09-17,0.947945205479452,1140.0,call,0.32,807.1455154231071,0.004099062902702871,0.3452795728642338,0.14565795143869187,0.15833361206054689
2027-09-17,0.947945205479452,1150.0,call,0.28500000000000003,807.1455154231071,0.004099062902702871,0.3540132528329884,0.1468184900679259,0.15906602661132813
2027-09-17,0.947945205479452,1160.0,call,0.255,807.1455154231071,0.004099062902702871,0.3626713155761028,0.14802129832765684,0.1601646484375
2027-09-17,0.947945205479452,1170.0,call,0.235,807.1455154231071,0.004099062902702871,0.37125505926749436,0.14967807825669754,0.16162947753906248
2027-09-17,0.947945205479452,1180.0,call,0.215,807.1455154231071,0.004099062902702871,0.379765748935403,0.15116966101312898,0.16309430664062502
2027-09-17,0.947945205479452,1190.0,call,0.195,807.1455154231071,0.004099062902702871,0.3882046175812677,0.15247803960270567,0.16431499755859375
2027-09-17,0.947945205479452,1200.0,call,0.18,807.1455154231071,0.004099062902702871,0.3965728672517843,0.15403379423954225,0.1662681030273438
2027-09-17,0.947945205479452,1210.0,call,0.165,807.1455154231071,0.004099062902702871,0.40487167006647945,0.1554371974228451,0.1671225866699219
2027-09-17,0.947945205479452,1220.0,call,0.155,807.1455154231071,0.004099062902702871,0.41310216920299475,0.15719420453406213,0.16883155395507815
2027-09-17,0.947945205479452,1230.0,call,0.14,807.1455154231071,0.004099062902702871,0.42126547984215573,0.15828739601933434,0.17041845214843754
2027-09-17,0.947945205479452,1240.0,call,0.13,807.1455154231071,0.004099062902702871,0.4293626900747751,0.15978470953661814,0.17188328125000002
2027-09-17,0.947945205479452,1250.0,call,0.12,807.1455154231071,0.004099062902702871,0.4373948617720394,0.1611533619195051,0.1733481103515625
2027-09-17,0.947945205479452,1260.0,call,0.11,807.1455154231071,0.004099062902702871,0.4453630314212163,0.16238054454037817,0.17456880126953128
2027-09-17,0.947945205479452,1270.0,call,0.1,807.1455154231071,0.004099062902702871,0.4532682109283295,0.163449880193489,0.17554535400390625
2027-09-17,0.947945205479452,1280.0,call,0.095,807.1455154231071,0.004099062902702871,0.4611113883893554,0.16516227708061124,0.17652190673828128
2027-09-17,0.947945205479452,1290.0,call,0.28,807.1455154231071,0.004099062902702871,0.4688935288314104,0.18685092103107842,0.19898261962890623
2027-09-17,0.947945205479452,1300.0,call,0.08,807.1455154231071,0.004099062902702871,0.4766155749253207,0.16743695857085944,0.179695703125
2027-09-17,0.947945205479452,1310.0,call,0.08,807.1455154231071,0.004099062902702871,0.48427844767088984,0.1698285810380715,0.1821370849609375
2027-09-17,0.947945205479452,1320.0,call,0.07,807.1455154231071,0.004099062902702871,0.4918830470561092,0.17017374734811114,0.18262536132812499
2027-09-17,0.947945205479452,1330.0,call,0.07,807.1455154231071,0.004099062902702871,0.499430252691492,0.17249882066102196,0.1848226049804687
2027-09-17,0.947945205479452,1350.0,call,0.060000000000000005,807.1455154231071,0.004099062902702871,0.5143559029081677,0.17475000030553467,0.1870198486328125
2027-09-17,0.947945205479452,1360.0,call,0.07,807.1455154231071,0.004099062902702871,0.5217360102057903,0.1793479621962979,0.19190261230468753
2027-09-17,0.947945205479452,1390.0,call,0.05,807.1455154231071,0.004099062902702871,0.54355505760043,0.18081543363505384,0.19336744140625
2027-09-17,0.947945205479452,1400.0,call,0.05,807.1455154231071,0.004099062902702871,0.5507235470790426,0.1829500230371607,0.1958088232421875
2027-09-17,0.947945205479452,1410.0,call,0.05,807.1455154231071,0.004099062902702871,0.5578410148479066,0.1850664241777119,0.1977619287109375
2027-09-17,0.947945205479452,1420.0,call,0.045,807.1455154231071,0.004099062902702871,0.564908182070999,0.1855688676316947,0.19727365234375
2027-09-17,0.947945205479452,1480.0,call,0.035,807.1455154231071,0.004099062902702871,0.6062933982338534,0.1938540044686655,0.20508607421874997
2027-09-30,0.9835616438356164,540.0,put,6.335,807.5127706725038,0.004949266543337216,-0.4023897304877427,0.28650601830626277,0.265983292388916
2027-09-30,0.9835616438356164,550.0,put,6.8100000000000005,807.5127706725038,0.004949266543337216,-0.38404059181954614,0.28088681604094584,0.260047682800293
2027-09-30,0.9835616438356164,560.0,put,7.324999999999999,807.5127706725038,0.004949266543337216,-0.36602208631686795,0.2753780780747408,0.2541273318481446
2027-09-30,0.9835616438356164,570.0,put,7.885,807.5127706725038,0.004949266543337216,-0.34832250921746705,0.2699884215291019,0.2483443086242676
2027-09-30,0.9835616438356164,575.0,put,8.18,807.5127706725038,0.004949266543337216,-0.3395888292487124,0.2673089856224472,0.24549094360351562
2027-09-30,0.9835616438356164,580.0,put,8.49,807.5127706725038,0.004949266543337216,-0.33093076650559783,0.2646779821499285,0.24265283721923825
2027-09-30,0.9835616438356164,590.0,put,9.145,807.5127706725038,0.004949266543337216,-0.3138363331462977,0.259452792030171,0.2370224003601074
2027-09-30,0.9835616438356164,595.0,put,9.495000000000001,807.5127706725038,0.004949266543337216,-0.3053974645004331,0.25688993392898546,0.2342148112487793
2027-09-30,0.9835616438356164,600.0,put,9.865,807.5127706725038,0.004949266543337216,-0.29702921482991645,0.2543904679452502,0.23146825668334958
2027-09-30,0.9835616438356164,605.0,put,10.25,807.5127706725038,0.004949266543337216,-0.28873041201522137,0.2519087274275206,0.2287064434814453
2027-09-30,0.9835616438356164,610.0,put,10.64,807.5127706725038,0.004949266543337216,-0.2804999128787059,0.24936801145787885,0.2259141130065918
2027-09-30,0.9835616438356164,620.0,put,11.49,807.5127706725038,0.004949266543337216,-0.2642393920069256,0.2444888664819056,0.22048203842163083
2027-09-30,0.9835616438356164,625.0,put,11.935,807.5127706725038,0.004949266543337216,-0.2562072203096613,0.24203346683239493,0.21778125976562498
2027-09-30,0.9835616438356164,630.0,put,12.405,807.5127706725038,0.004949266543337216,-0.24823905066048443,0.23963856506730133,0.21508048110961914
2027-09-30,0.9835616438356164,640.0,put,13.41,807.5127706725038,0.004949266543337216,-0.23249069369234523,0.23493528958424095,0.20978573425292968
2027-09-30,0.9835616438356164,650.0,put,14.48,807.5127706725038,0.004949266543337216,-0.21698650715638,0.230182285351845,0.20436891830444331
2027-09-30,0.9835616438356164,675.0,put,17.605,807.5127706725038,0.004949266543337216,-0.17924617917353292,0.21876421662781548,0.19100998207092287
2027-09-30,0.9835616438356164,680.0,put,18.325000000000003,807.5127706725038,0.004949266543337216,-0.17186607187591035,0.2165991562548995,0.18845416046142577
2027-09-30,0.9835616438356164,685.0,put,19.05,807.5127706725038,0.004949266543337216,-0.16454003178383758,0.21432838661400025,0.18571523521423336
2027-09-30,0.9835616438356164,690.0,put,19.82,807.5127706725038,0.004949266543337216,-0.1572672724547578,0.21214189235820763,0.18309837905883786
2027-09-30,0.9835616438356164,691.0,put,19.965,807.5127706725038,0.004949266543337216,-0.15581904627839288,0.21164659980424705,0.18253380950927733
2027-09-30,0.9835616438356164,692.0,put,20.125,807.5127706725038,0.004949266543337216,-0.15437291442839327,0.2112160510328704,0.18199975723266604
2027-09-30,0.9835616438356164,693.0,put,20.285,807.5127706725038,0.004949266543337216,-0.15292887085615953,0.21078000899167154,0.18146570495605469
2027-09-30,0.9835616438356164,695.0,put,20.61,807.5127706725038,0.004949266543337216,-0.15004702448127072,0.20991446699601898,0.18038234176635742
2027-09-30,0.9835616438356164,698.0,put,21.105,807.5127706725038,0.004949266543337216,-0.14573976728369029,0.2086088693871184,0.17879544357299804
2027-09-30,0.9835616438356164,700.0,put,21.445,807.5127706725038,0.004949266543337216,-0.14287853500265818,0.20775564262600027,0.17768919242858885
2027-09-30,0.9835616438356164,701.0,put,21.62,807.5127706725038,0.004949266543337216,-0.1414509830114727,0.2073428174570179,0.17718565742492673
2027-09-30,0.9835616438356164,707.0,put,22.67,807.5127706725038,0.004949266543337216,-0.13292820414949005,0.20474519671449057,0.173935567855835
2027-09-30,0.9835616438356164,708.0,put,22.85,807.5127706725038,0.004949266543337216,-0.1315147763523431,0.20431403039911292,0.17343203285217287
2027-09-30,0.9835616438356164,709.0,put,23.04,807.5127706725038,0.004949266543337216,-0.1301033435139353,0.20392006519156994,0.17292086853027344
2027-09-30,0.9835616438356164,710.0,put,23.22,807.5127706725038,0.004949266543337216,-0.12869390001070175,0.20347721310333608,0.1723257817077637
2027-09-30,0.9835616438356164,720.0,put,25.16,807.5127706725038,0.004949266543337216,-0.11470765803596183,0.19931369183802652,0.16697762962341314
2027-09-30,0.9835616438356164,721.0,put,25.36,807.5127706725038,0.004949266543337216,-0.11331973276111368,0.19888889126501907,0.16642068939208987
2027-09-30,0.9835616438356164,725.0,put,26.185000000000002,807.5127706725038,0.004949266543337216,-0.10778721519138805,0.19722966851724721,0.16425396301269532
2027-09-30,0.9835616438356164,727.0,put,26.61,807.5127706725038,0.004949266543337216,-0.10503239251254343,0.19641277813380242,0.16314008255004886
2027-09-30,0.9835616438356164,730.0,put,27.255000000000003,807.5127706725038,0.004949266543337216,-0.100914335903626,0.19516973832697426,0.1614997791290283
2027-09-30,0.9835616438356164,732.0,put,27.685000000000002,807.5127706725038,0.004949266543337216,-0.09817835608475123,0.1943094565447911,0.1603553813934326
2027-09-30,0.9835616438356164,735.0,put,28.369999999999997,807.5127706725038,0.004949266543337216,-0.09408837083322613,0.19312689322868976,0.15870744865417483
2027-09-30,0.9835616438356164,740.0,put,29.54,807.5127706725038,0.004949266543337216,-0.08730868384784737,0.19113248661069504,0.15593037681579588
2027-09-30,0.9835616438356164,742.0,put,30.015,807.5127706725038,0.004949266543337216,-0.08460962687868233,0.19031471866332733,0.15480886703491215
2027-09-30,0.9835616438356164,743.0,put,30.265,807.5127706725038,0.004949266543337216,-0.08326282532830366,0.18994284113525553,0.1542748147583008
2027-09-30,0.9835616438356164,745.0,put,30.75,807.5127706725038,0.004949266543337216,-0.0805746516665033,0.18912221651125105,0.1531380463409424
2027-09-30,0.9835616438356164,750.0,put,32.02,807.5127706725038,0.004949266543337216,-0.07388566351570668,0.18716453097568508,0.15030756927490235
2027-09-30,0.9835616438356164,754.0,put,33.08,807.5127706725038,0.004949266543337216,-0.06856650203810667,0.18563351657733415,0.1480340324401856
2027-09-30,0.9835616438356164,760.0,put,34.745000000000005,807.5127706725038,0.004949266543337216,-0.06064043676568603,0.18339186358594722,0.14459320991516114
2027-09-30,0.9835616438356164,762.0,put,35.315,807.5127706725038,0.004949266543337216,-0.05801231435941649,0.18263956484485439,0.14346407081604004
2027-09-30,0.9835616438356164,764.0,put,35.9,807.5127706725038,0.004949266543337216,-0.055391080879542365,0.181910605134018,0.142323487739563
2027-09-30,0.9835616438356164,765.0,put,36.185,807.5127706725038,0.004949266543337216,-0.054083036219526946,0.18150851305226992,0.14172458625793458
2027-09-30,0.9835616438356164,766.0,put,36.49,807.5127706725038,0.004949266543337216,-0.05277670030547153,0.18116918265106063,0.1411142407989502
2027-09-30,0.9835616438356164,768.0,put,37.084999999999994,807.5127706725038,0.004949266543337216,-0.05016913689839064,0.18041512245086025,0.13992406715393066
2027-09-30,0.9835616438356164,770.0,put,37.724999999999994,807.5127706725038,0.004949266543337216,-0.047568355198333245,0.17978702998680027,0.13879492805480959
2027-09-30,0.9835616438356164,775.0,put,39.315,807.5127706725038,0.004949266543337216,-0.04109584069271578,0.17804441368929733,0.13583475257873537
2027-09-30,0.9835616438356164,778.0,put,40.31,807.5127706725038,0.004949266543337216,-0.03723234586767119,0.17704463410971202,0.1340800093841553
2027-09-30,0.9835616438356164,779.0,put,40.635000000000005,807.5127706725038,0.004949266543337216,-0.03594782417531458,0.17667270668779436,0.13346203460693357
2027-09-30,0.9835616438356164,781.0,put,41.34,807.5127706725038,0.004949266543337216,-0.03338372020637685,0.17609135924275765,0.13231382221221927
2027-09-30,0.9835616438356164,784.0,put,42.38,807.5127706725038,0.004949266543337216,-0.029549849695654988,0.17509850393810875,0.1304751565170288
2027-09-30,0.9835616438356164,785.0,put,42.745000000000005,807.5127706725038,0.004949266543337216,-0.028275152263654336,0.1748128139575165,0.12988388435363768
2027-09-30,0.9835616438356164,786.0,put,43.11,807.5127706725038,0.004949266543337216,-0.027002077616856267,0.1745187405001115,0.12930405616760252
2027-09-30,0.9835616438356164,787.0,put,43.480000000000004,807.5127706725038,0.004949266543337216,-0.02573062162865963,0.17423303236243448,0.1287547452545166
2027-09-30,0.9835616438356164,789.0,put,44.205,807.5127706725038,0.004949266543337216,-0.02319254920018859,0.1735862905861941,0.12747301979064943
2027-09-30,0.9835616438356164,791.0,put,44.965,807.5127706725038,0.004949266543337216,-0.020660902278408933,0.17302263084916567,0.1263057341003418
2027-09-30,0.9835616438356164,800.0,put,48.575,807.5127706725038,0.004949266543337216,-0.009347142378135458,0.1706893754611968,0.12083551292419434
2027-09-30,0.9835616438356164,805.0,put,50.695,807.5127706725038,0.004949266543337216,-0.0031165926274994917,0.16946357659777825,0.11764645790100098
2027-09-30,0.9835616438356164,810.0,call,50.185,807.5127706725038,0.004949266543337216,0.003075377620421703,0.1672346282629971,0.20402559898376463
2027-09-30,0.9835616438356164,815.0,call,47.400000000000006,807.5127706725038,0.004949266543337216,0.009229243194799857,0.16524136423673141,0.20117223396301268
2027-09-30,0.9835616438356164,820.0,call,44.715,807.5127706725038,0.004949266543337216,0.015345470212236059,0.16334618252248928,0.1984027914428711
2027-09-30,0.9835616438356164,830.0,call,39.605,807.5127706725038,0.004949266543337216,0.027466830744580877,0.15969746397126997,0.19311567390441894
2027-09-30,0.9835616438356164,840.0,call,34.865,807.5127706725038,0.004949266543337216,0.03944302179129658,0.1562835038495336,0.18810321182250977
2027-09-30,0.9835616438356164,845.0,call,32.625,807.5127706725038,0.004949266543337216,0.045377757311111024,0.15462685559360365,0.18566945930480955
2027-09-30,0.9835616438356164,850.0,call,30.505,807.5127706725038,0.004949266543337216,0.051277479438299425,0.1531122988570906,0.18340355178833007
2027-09-30,0.9835616438356164,860.0,call,26.53,807.5127706725038,0.004949266543337216,0.0629735192014907,0.1501908482408687,0.17898617652893065
2027-09-30,0.9835616438356164,870.0,call,22.97,807.5127706725038,0.004949266543337216,0.0745343416025665,0.14763447147488082,0.17507233627319335
2027-09-30,0.9835616438356164,880.0,call,19.795,807.5127706725038,0.004949266543337216,0.08596303742618926,0.1453738576318034,0.17151707397460939
2027-09-30,0.9835616438356164,900.0,call,14.565,807.5127706725038,0.004949266543337216,0.10843589327824787,0.14186340776472567,0.16573405075073244
2027-09-30,0.9835616438356164,905.0,call,13.46,807.5127706725038,0.004949266543337216,0.11397607365386335,0.1411368565419433,0.16445995460510252
2027-09-30,0.9835616438356164,910.0,call,12.43,807.5127706725038,0.004949266543337216,0.11948572946483285,0.140469454538267,0.16329266891479494
2027-09-30,0.9835616438356164,915.0,call,11.469999999999999,807.5127706725038,0.004949266543337216,0.12496519522945855,0.13985248922353966,0.16220167640686037
2027-09-30,0.9835616438356164,920.0,call,10.579999999999998,807.5127706725038,0.004949266543337216,0.13041479999702313,0.13930034466607635,0.16124038230895996
2027-09-30,0.9835616438356164,925.0,call,9.75,807.5127706725038,0.004949266543337216,0.13583486746636242,0.13878042805950966,0.16022568298339845
2027-09-30,0.9835616438356164,930.0,call,8.98,807.5127706725038,0.004949266543337216,0.14122571610123877,0.13830674351621364,0.1593254234313965
2027-09-30,0.9835616438356164,935.0,call,8.26,807.5127706725038,0.004949266543337216,0.14658765924262424,0.13784194652080406,0.15845568115234376
2027-09-30,0.9835616438356164,940.0,call,7.59,807.5127706725038,0.004949266543337216,0.15192100521798674,0.1373983638337186,0.1576164561462402
2027-09-30,0.9835616438356164,945.0,call,6.975,807.5127706725038,0.004949266543337216,0.15722605744768,0.13702008598648516,0.1568230070495606
2027-09-30,0.9835616438356164,950.0,call,6.395,807.5127706725038,0.004949266543337216,0.16250311454852367,0.136605158952615,0.15604481658935548
2027-09-30,0.9835616438356164,955.0,call,5.865,807.5127706725038,0.004949266543337216,0.1677524704346675,0.13625792824231098,0.15534291931152344
2027-09-30,0.9835616438356164,975.0,call,4.125,807.5127706725038,0.004949266543337216,0.18847860095178445,0.1351271476399704,0.15293205474853522
2027-09-30,0.9835616438356164,980.0,call,3.775,807.5127706725038,0.004949266543337216,0.1935937016185548,0.13492298265652822,0.1524437783813477
2027-09-30,0.9835616438356164,985.0,call,3.43,807.5127706725038,0.004949266543337216,0.19868277112602617,0.13453215122058718,0.15172662246704105
2027-09-30,0.9835616438356164,995.0,call,2.885,807.5127706725038,0.004949266543337216,0.2087838671125299,0.13441964884091906,0.15116205291748053
2027-12-17,1.1972602739726028,55.0,put,0.025,814.1394137952371,0.004441721606019869,-2.694798436123753,0.7605846247766171,0.7460962890625
2027-12-17,1.1972602739726028,70.0,put,0.045,814.1394137952371,0.004441721606019869,-2.453636379306865,0.7234348203796624,0.70898728515625
2027-12-17,1.1972602739726028,75.0,put,0.05,814.1394137952371,0.004441721606019869,-2.3846435078199133,0.708704234664928,0.6953155468750001
2027-12-17,1.1972602739726028,80.0,put,0.060000000000000005,814.1394137952371,0.004441721606019869,-2.320104986682342,0.6997565374572275,0.68555001953125
2027-12-17,1.1972602739726028,85.0,put,0.07,814.1394137952371,0.004441721606019869,-2.2594803648659076,0.6901988778965366,0.6757844921875001
2027-12-17,1.1972602739726028,90.0,put,0.08,814.1394137952371,0.004441721606019869,-2.202321951025959,0.6803467242526563,0.6660189648437502
2027-12-17,1.1972602739726028,95.0,put,0.09,814.1394137952371,0.004441721606019869,-2.148254729755683,0.6703875761059748,0.6562534375000001
2027-12-17,1.1972602739726028,100.0,put,0.1,814.1394137952371,0.004441721606019869,-2.0969614353681325,0.6604366655547448,0.6455113574218749
2027-12-17,1.1972602739726028,105.0,put,0.20500000000000002,814.1394137952371,0.004441721606019869,-2.0481712711987003,0.6912952634639173,0.6757844921875001
2027-12-17,1.1972602739726028,110.0,put,0.125,814.1394137952371,0.004441721606019869,-2.0016512555638077,0.6432954222114406,0.6279334082031252
2027-12-17,1.1972602739726028,115.0,put,0.14,814.1394137952371,0.004441721606019869,-1.957199492992974,0.6357239814409674,0.6210975390625001
2027-12-17,1.1972602739726028,120.0,put,0.155,814.1394137952371,0.004441721606019869,-1.9146398785741778,0.6279768452235511,0.6127968408203126
2027-12-17,1.1972602739726028,125.0,put,0.16999999999999998,814.1394137952371,0.004441721606019869,-1.8738178840539228,0.6201393417812311,0.6049844189453126
2027-12-17,1.1972602739726028,130.0,put,0.19,814.1394137952371,0.004441721606019869,-1.8345971709006414,0.6139155131279873,0.5986368261718751
2027-12-17,1.1972602739726028,135.0,put,0.20500000000000002,814.1394137952371,0.004441721606019869,-1.7968568429177945,0.6059342942536294,0.5903361279296876
2027-12-17,1.1972602739726028,140.0,put,0.32,814.1394137952371,0.004441721606019869,-1.7604891987469196,0.6223244970220865,0.6062051098632814
2027-12-17,1.1972602739726028,150.0,put,0.265,814.1394137952371,0.004441721606019869,-1.6914963272599681,0.5859972210920344,0.570316796875
2027-12-17,1.1972602739726028,160.0,put,0.315,814.1394137952371,0.004441721606019869,-1.626957806122397,0.5744472404952286,0.5585981640625001
2027-12-17,1.1972602739726028,165.0,put,0.33999999999999997,814.1394137952371,0.004441721606019869,-1.5961861474556434,0.5684751819376646,0.5524947094726562
2027-12-17,1.1972602739726028,170.0,put,0.64,814.1394137952371,0.004441721606019869,-1.5663331843059622,0.6009296996682684,0.5837443969726561
2027-12-17,1.1972602739726028,175.0,put,0.78,814.1394137952371,0.004441721606019869,-1.5373456474327098,0.6049284334283788,0.5872844006347657
2027-12-17,1.1972602739726028,180.0,put,0.42,814.1394137952371,0.004441721606019869,-1.5091747704660134,0.5509678018077369,0.5346726220703125
2027-12-17,1.1972602739726028,190.0,put,0.485,814.1394137952371,0.004441721606019869,-1.4551075491957377,0.540633563164383,0.5241746801757812
2027-12-17,1.1972602739726028,195.0,put,0.52,814.1394137952371,0.004441721606019869,-1.429132062792477,0.5356329988349969,0.5190477783203125
2027-12-17,1.1972602739726028,200.0,put,0.55,814.1394137952371,0.004441721606019869,-1.4038142548081873,0.5299548962078069,0.5133105310058592
2027-12-17,1.1972602739726028,205.0,put,0.585,814.1394137952371,0.004441721606019869,-1.3791216422178159,0.524818006892033,0.5080615600585938
2027-12-17,1.1972602739726028,215.0,put,0.66,814.1394137952371,0.004441721606019869,-1.3314935932285612,0.5148821079262791,0.4989063781738281
2027-12-17,1.1972602739726028,225.0,put,0.735,814.1394137952371,0.004441721606019869,-1.2860312191518037,0.5047436288044452,0.4880422290039063
2027-12-17,1.1972602739726028,230.0,put,0.775,814.1394137952371,0.004441721606019869,-1.2640523124330285,0.499841485786486,0.4831594653320313
2027-12-17,1.1972602739726028,235.0,put,0.8200000000000001,814.1394137952371,0.004441721606019869,-1.242546107212065,0.4953010967546547,0.47876497802734375
2027-12-17,1.1972602739726028,240.0,put,0.86,814.1394137952371,0.004441721606019869,-1.2214926980142324,0.49032313892891627,0.47376014526367194
2027-12-17,1.1972602739726028,245.0,put,0.9,814.1394137952371,0.004441721606019869,-1.200873410811497,0.48533202818034016,0.4686332434082031
2027-12-17,1.1972602739726028,250.0,put,0.95,814.1394137952371,0.004441721606019869,-1.1806707034939776,0.48102027413873216,0.4642387561035156
2027-12-17,1.1972602739726028,255.0,put,0.995,814.1394137952371,0.004441721606019869,-1.1608680761977979,0.4763210551328455,0.4591118542480469
2027-12-17,1.1972602739726028,260.0,put,1.04,814.1394137952371,0.004441721606019869,-1.1414499903406963,0.4716014424690098,0.4545952978515625
2027-12-17,1.1972602739726028,265.0,put,1.22,814.1394137952371,0.004441721606019869,-1.1224017953700018,0.4746267079754577,0.45715874877929696
2027-12-17,1.1972602739726028,270.0,put,1.14,814.1394137952371,0.004441721606019869,-1.1037096623578493,0.46269932965451016,0.4454401159667969
2027-12-17,1.1972602739726028,275.0,put,1.19,814.1394137952371,0.004441721606019869,-1.0853605236896526,0.4582069416994175,0.4408014904785156
2027-12-17,1.1972602739726028,280.0,put,1.245,814.1394137952371,0.004441721606019869,-1.0673420181869744,0.4539577227097301,0.43622389953613283
2027-12-17,1.1972602739726028,285.0,put,1.73,814.1394137952371,0.004441721606019869,-1.0496424410875733,0.46925277533649484,0.4508111560058594
2027-12-17,1.1972602739726028,290.0,put,1.36,814.1394137952371,0.004441721606019869,-1.0322506983757043,0.44560415900679184,0.42792320129394534
2027-12-17,1.1972602739726028,295.0,put,1.41,814.1394137952371,0.004441721606019869,-1.015156265016404,0.4410330086502729,0.4232235412597656
2027-12-17,1.1972602739726028,300.0,put,1.47,814.1394137952371,0.004441721606019869,-0.9983491467000228,0.4369078281280344,0.41901215759277344
2027-12-17,1.1972602739726028,305.0,put,1.53,814.1394137952371,0.004441721606019869,-0.9818198447488122,0.4327545501737172,0.41480077392578124
2027-12-17,1.1972602739726028,310.0,put,1.5950000000000002,814.1394137952371,0.004441721606019869,-0.9655593238770319,0.4287833497826255,0.4105283557128906
2027-12-17,1.1972602739726028,315.0,put,1.66,814.1394137952371,0.004441721606019869,-0.9495589825305908,0.4247789620783809,0.4066221447753906
2027-12-17,1.1972602739726028,320.0,put,1.73,814.1394137952371,0.004441721606019869,-0.9338106255624518,0.42093607514502324,0.40265489929199216
2027-12-17,1.1972602739726028,325.0,put,1.79,814.1394137952371,0.004441721606019869,-0.9183064390264865,0.4166925520291648,0.3983214465332031
2027-12-17,1.1972602739726028,330.0,put,1.86,814.1394137952371,0.004441721606019869,-0.9030389668956981,0.41279547713022036,0.3942931665039063
2027-12-17,1.1972602739726028,335.0,put,1.935,814.1394137952371,0.004441721606019869,-0.8880010895311575,0.4090405757189969,0.3903259210205078
2027-12-17,1.1972602739726028,340.0,put,2.01,814.1394137952371,0.004441721606019869,-0.8731860037460168,0.4052510720203265,0.3865417791748046
2027-12-17,1.1972602739726028,345.0,put,2.085,814.1394137952371,0.004441721606019869,-0.8585872043248641,0.4014319590083341,0.3825134991455078
2027-12-17,1.1972602739726028,350.0,put,2.16,814.1394137952371,0.004441721606019869,-0.8441984668727646,0.3975876388674255,0.3787293572998046
2027-12-17,1.1972602739726028,355.0,put,2.24,814.1394137952371,0.004441721606019869,-0.8300138318808081,0.3938683003089852,0.3748841809082031
2027-12-17,1.1972602739726028,360.0,put,2.3200000000000003,814.1394137952371,0.004441721606019869,-0.8160275899060683,0.3901212201828053,0.37103900451660154
2027-12-17,1.1972602739726028,365.0,put,2.41,814.1394137952371,0.004441721606019869,-0.8022342677737324,0.3866229237924871,0.36743796630859377
2027-12-17,1.1972602739726028,370.0,put,2.495,814.1394137952371,0.004441721606019869,-0.7886286157179537,0.38295428462459175,0.3635317553710938
2027-12-17,1.1972602739726028,375.0,put,2.585,814.1394137952371,0.004441721606019869,-0.775205595385813,0.3793873770450746,0.3601138208007812
2027-12-17,1.1972602739726028,385.0,put,2.7699999999999996,814.1394137952371,0.004441721606019869,-0.7488882870684397,0.3722848768833316,0.3526676062011719
2027-12-17,1.1972602739726028,390.0,put,2.865,814.1394137952371,0.004441721606019869,-0.7359848822325319,0.3687485755126064,0.3491276025390625
2027-12-17,1.1972602739726028,400.0,put,3.0700000000000003,814.1394137952371,0.004441721606019869,-0.7106670742482419,0.3619193132480136,0.3419865606689453
2027-12-17,1.1972602739726028,405.0,put,3.17,814.1394137952371,0.004441721606019869,-0.6982445542496848,0.3584037297402002,0.33838552246093745
2027-12-17,1.1972602739726028,410.0,put,3.275,814.1394137952371,0.004441721606019869,-0.6859744616578705,0.3549641623161882,0.3349065533447265
2027-12-17,1.1972602739726028,415.0,put,3.3899999999999997,814.1394137952371,0.004441721606019869,-0.6738531011255255,0.3516916355944766,0.3314275842285156
2027-12-17,1.1972602739726028,420.0,put,3.505,814.1394137952371,0.004441721606019869,-0.6618769100788099,0.34838160723045425,0.3281012014770508
2027-12-17,1.1972602739726028,425.0,put,3.62,814.1394137952371,0.004441721606019869,-0.6500424524318072,0.34503759257411515,0.3245611978149413
2027-12-17,1.1972602739726028,430.0,put,3.75,814.1394137952371,0.004441721606019869,-0.6383464126686158,0.3419289430586936,0.3213263668823242
2027-12-17,1.1972602739726028,435.0,put,3.875,814.1394137952371,0.004441721606019869,-0.6267855902675399,0.3386901518104167,0.3180305014038085
2027-12-17,1.1972602739726028,440.0,put,4.005,814.1394137952371,0.004441721606019869,-0.6153568944439171,0.33549940883452645,0.31473463592529294
2027-12-17,1.1972602739726028,445.0,put,4.140000000000001,814.1394137952371,0.004441721606019869,-0.6040573391899838,0.3323521887724919,0.31153032226562494
2027-12-17,1.1972602739726028,450.0,put,4.275,814.1394137952371,0.004441721606019869,-0.5928840385918585,0.3291660693828732,0.3081429049682617
2027-12-17,1.1972602739726028,455.0,put,4.425000000000001,814.1394137952371,0.004441721606019869,-0.5818342024052736,0.3261717937842597,0.30499962585449214
2027-12-17,1.1972602739726028,460.0,put,4.57,814.1394137952371,0.004441721606019869,-0.5709051318730832,0.32305758640573556,0.3018258294677735
2027-12-17,1.1972602739726028,465.0,put,4.734999999999999,814.1394137952371,0.004441721606019869,-0.5600942157688676,0.3201900226376893,0.29874358489990227
2027-12-17,1.1972602739726028,470.0,put,4.9,814.1394137952371,0.004441721606019869,-0.5493989266521195,0.317269910837696,0.29563082305908206
2027-12-17,1.1972602739726028,475.0,put,5.055,814.1394137952371,0.004441721606019869,-0.5388168173215827,0.31416721013823046,0.2924570266723632
2027-12-17,1.1972602739726028,480.0,put,5.23,814.1394137952371,0.004441721606019869,-0.5283455174542873,0.31128731393126574,0.28948159255981437
2027-12-17,1.1972602739726028,485.0,put,5.41,814.1394137952371,0.004441721606019869,-0.5179827304187408,0.30842073628764644,0.28646038253784173
2027-12-17,1.1972602739726028,490.0,put,5.595000000000001,814.1394137952371,0.004441721606019869,-0.5077262302515515,0.30556537074087214,0.28339339660644525
2027-12-17,1.1972602739726028,495.0,put,5.789999999999999,814.1394137952371,0.004441721606019869,-0.49757385878753363,0.3027785767182333,0.28050951431274407
2027-12-17,1.1972602739726028,500.0,put,5.995,814.1394137952371,0.004441721606019869,-0.4875235229340323,0.3000532425533171,0.27756459747314455
2027-12-17,1.1972602739726028,505.0,put,6.195,814.1394137952371,0.004441721606019869,-0.4775731920808641,0.29721530377964805,0.27466545654296876
2027-12-17,1.1972602739726028,510.0,put,6.415,814.1394137952371,0.004441721606019869,-0.4677208956378525,0.2945443409866341,0.2718273501586914
2027-12-17,1.1972602739726028,515.0,put,6.640000000000001,814.1394137952371,0.004441721606019869,-0.4579647206924877,0.29186681782150786,0.26891295059204096
2027-12-17,1.1972602739726028,520.0,put,6.880000000000001,814.1394137952371,0.004441721606019869,-0.44830280978075093,0.2892839486230607,0.26615113739013674
2027-12-17,1.1972602739726028,525.0,put,7.125,814.1394137952371,0.004441721606019869,-0.4387333587646001,0.2866869629219498,0.26341984146118164
2027-12-17,1.1972602739726028,530.0,put,7.375,814.1394137952371,0.004441721606019869,-0.42925461481005645,0.28407549479414096,0.26061225234985347
2027-12-17,1.1972602739726028,535.0,put,7.635,814.1394137952371,0.004441721606019869,-0.4198648744602173,0.28149587017644234,0.25783518051147464
2027-12-17,1.1972602739726028,540.0,put,7.91,814.1394137952371,0.004441721606019869,-0.4105624817979039,0.2789890659933788,0.2551801777648926
2027-12-17,1.1972602739726028,545.0,put,8.195,814.1394137952371,0.004441721606019869,-0.4013458266929798,0.2765031102318322,0.2524336231994629
2027-12-17,1.1972602739726028,550.0,put,8.495000000000001,814.1394137952371,0.004441721606019869,-0.39221334312970735,0.27407711785061156,0.24979387908935546
2027-12-17,1.1972602739726028,555.0,put,8.8,814.1394137952371,0.004441721606019869,-0.38316350760978934,0.2716210427997512,0.24716939361572265
2027-12-17,1.1972602739726028,560.0,put,9.120000000000001,814.1394137952371,0.004441721606019869,-0.374194837627029,0.2692160936968939,0.24452964950561523
2027-12-17,1.1972602739726028,565.0,put,9.45,814.1394137952371,0.004441721606019869,-0.36530589020978305,0.26681676656701536,0.24190516403198242
2027-12-17,1.1972602739726028,570.0,put,9.79,814.1394137952371,0.004441721606019869,-0.3564952605276281,0.2644204863783337,0.23928067855834956
2027-12-17,1.1972602739726028,575.0,put,10.145,814.1394137952371,0.004441721606019869,-0.3477615805588736,0.2620618941498295,0.2366409344482422
2027-12-17,1.1972602739726028,580.0,put,10.51,814.1394137952371,0.004441721606019869,-0.33910351781575887,0.2596996810580828,0.23400119033813477
2027-12-17,1.1972602739726028,585.0,put,10.895,814.1394137952371,0.004441721606019869,-0.3305197741243675,0.25740193288764374,0.2314835153198242
2027-12-17,1.1972602739726028,590.0,put,11.3,814.1394137952371,0.004441721606019869,-0.32200908445645876,0.25516108302702856,0.22893532302856445
2027-12-17,1.1972602739726028,595.0,put,11.705,814.1394137952371,0.004441721606019869,-0.3135702158105942,0.25283752120168446,0.22638713073730468
2027-12-17,1.1972602739726028,600.0,put,12.135,814.1394137952371,0.004441721606019869,-0.3052019661400775,0.2505966397992552,0.22386182640075677
2027-12-17,1.1972602739726028,605.0,put,12.585,814.1394137952371,0.004441721606019869,-0.29690316332538247,0.24839799316756167,0.22137466865539548
2027-12-17,1.1972602739726028,610.0,put,13.055,814.1394137952371,0.004441721606019869,-0.28867266418886695,0.2462356291122613,0.21891039886474606
2027-12-17,1.1972602739726028,615.0,put,13.55,814.1394137952371,0.004441721606019869,-0.2805093535497061,0.24413375218367572,0.216530051574707
2027-12-17,1.1972602739726028,620.0,put,14.04,814.1394137952371,0.004441721606019869,-0.27241214331708663,0.24191099868756344,0.21399711791992188
2027-12-17,1.1972602739726028,625.0,put,14.545,814.1394137952371,0.004441721606019869,-0.2643799716198224,0.2396867243121817,0.21142603767395016
2027-12-17,1.1972602739726028,630.0,put,15.09,814.1394137952371,0.004441721606019869,-0.2564118019706455,0.2375959439157411,0.20896939720153804
2027-12-17,1.1972602739726028,635.0,put,15.649999999999999,814.1394137952371,0.004441721606019869,-0.24850662246353228,0.23549158176302534,0.20656616195678706
2027-12-17,1.1972602739726028,640.0,put,16.225,814.1394137952371,0.004441721606019869,-0.24066344500250644,0.23337164977548014,0.20406374557495116
2027-12-17,1.1972602739726028,645.0,put,16.83,814.1394137952371,0.004441721606019869,-0.23288130456045142,0.2313108704003343,0.2016605103302002
2027-12-17,1.1972602739726028,650.0,put,17.450000000000003,814.1394137952371,0.004441721606019869,-0.22515925846654117,0.22922714204717293,0.19919624053955076
2027-12-17,1.1972602739726028,655.0,put,18.1,814.1394137952371,0.004441721606019869,-0.217496385720972,0.22719193217442493,0.19676248802185056
2027-12-17,1.1972602739726028,660.0,put,18.77,814.1394137952371,0.004441721606019869,-0.20989178633575273,0.2251511363898556,0.1943058475494385
2027-12-17,1.1972602739726028,665.0,put,19.47,814.1394137952371,0.004441721606019869,-0.20234458070036976,0.2231482970036379,0.1918797243499756
2027-12-17,1.1972602739726028,670.0,put,20.195,814.1394137952371,0.004441721606019869,-0.19485390897121221,0.22115484805823904,0.18946123046875002
2027-12-17,1.1972602739726028,675.0,put,20.945,814.1394137952371,0.004441721606019869,-0.18741893048369407,0.2191667985945359,0.1870122193145752
2027-12-17,1.1972602739726028,680.0,put,21.725,814.1394137952371,0.004441721606019869,-0.18003882318607156,0.2172020608596337,0.18460898406982418
2027-12-17,1.1972602739726028,685.0,put,22.534999999999997,814.1394137952371,0.004441721606019869,-0.1727127830939986,0.21525566495976756,0.18216760223388673
2027-12-17,1.1972602739726028,690.0,put,23.39,814.1394137952371,0.004441721606019869,-0.16544002376491887,0.21338520854306567,0.1797109617614746
2027-12-17,1.1972602739726028,695.0,put,24.23,814.1394137952371,0.004441721606019869,-0.15821977579143173,0.21133847033559316,0.17717802810668942
2027-12-17,1.1972602739726028,700.0,put,25.14,814.1394137952371,0.004441721606019869,-0.15105128631281925,0.20946115531161003,0.1747747928619385
2027-12-17,1.1972602739726028,705.0,put,26.08,814.1394137952371,0.004441721606019869,-0.14393381854395534,0.2075833364149688,0.1723410403442383
2027-12-17,1.1972602739726028,710.0,put,27.049999999999997,814.1394137952371,0.004441721606019869,-0.13686665132086281,0.2057013561415024,0.16984625328063965
2027-12-17,1.1972602739726028,715.0,put,28.064999999999998,814.1394137952371,0.004441721606019869,-0.12984907866221632,0.20386806376996197,0.16738579814910887
2027-12-17,1.1972602739726028,720.0,put,29.1,814.1394137952371,0.004441721606019869,-0.12288040934612292,0.20198481586107755,0.16478038597106934
2027-12-17,1.1972602739726028,725.0,put,30.18,814.1394137952371,0.004441721606019869,-0.11595996650154919,0.20014103058132507,0.16227034027099607
2027-12-17,1.1972602739726028,730.0,put,31.32,814.1394137952371,0.004441721606019869,-0.10908708721378708,0.19838418692422788,0.1597717385482788
2027-12-17,1.1972602739726028,735.0,put,32.489999999999995,814.1394137952371,0.004441721606019869,-0.10226112214338728,0.19660104909639592,0.15721210227966312
2027-12-17,1.1972602739726028,740.0,put,33.71,814.1394137952371,0.004441721606019869,-0.09548143515800846,0.19485791862348367,0.15464865135192876
2027-12-17,1.1972602739726028,745.0,put,34.974999999999994,814.1394137952371,0.004441721606019869,-0.08874740297666443,0.19313208979651877,0.15207757110595704
2027-12-17,1.1972602739726028,750.0,put,36.32,814.1394137952371,0.004441721606019869,-0.08205841482586776,0.19153582413610915,0.1495827840423584
2027-12-17,1.1972602739726028,755.0,put,37.68,814.1394137952371,0.004441721606019869,-0.07541387210719924,0.1898456993866468,0.1469659278869629
2027-12-17,1.1972602739726028,760.0,put,39.08,814.1394137952371,0.004441721606019869,-0.06881318807584712,0.18814300608596557,0.1442498905944824
2027-12-17,1.1972602739726028,765.0,put,40.575,814.1394137952371,0.004441721606019869,-0.06225578752968809,0.18660080560469522,0.14163684909820556
2027-12-17,1.1972602739726028,770.0,put,42.105000000000004,814.1394137952371,0.004441721606019869,-0.055741106508494336,0.18501927919809397,0.13890936782836916
2027-12-17,1.1972602739726028,775.0,put,43.735,814.1394137952371,0.004441721606019869,-0.04926859200287693,0.18359991053698677,0.13629251167297365
2027-12-17,1.1972602739726028,780.0,put,45.405,814.1394137952371,0.004441721606019869,-0.042837701672586555,0.18214788815363242,0.13356884506225586
2027-12-17,1.1972602739726028,785.0,put,47.165,814.1394137952371,0.004441721606019869,-0.036447903573815485,0.18081454663813631,0.13080703186035153
2027-12-17,1.1972602739726028,790.0,put,48.975,814.1394137952371,0.004441721606019869,-0.030098675895156787,0.179471650350717,0.12797274013519283
2027-12-17,1.1972602739726028,795.0,put,50.879999999999995,814.1394137952371,0.004441721606019869,-0.023789506701892005,0.17825258134725205,0.1251384484100342
2027-12-17,1.1972602739726028,800.0,put,52.885,814.1394137952371,0.004441721606019869,-0.01751989368829666,0.17716701727744905,0.12233848861694338
2027-12-17,1.1972602739726028,805.0,put,54.985,814.1394137952371,0.004441721606019869,-0.011289343937660528,0.1761952998610835,0.11950801155090332
2027-12-17,1.1972602739726028,810.0,put,57.18,814.1394137952371,0.004441721606019869,-0.0050973736897395,0.17533388042568399,0.11665464653015137
2027-12-17,1.1972602739726028,815.0,call,58.614999999999995,814.1394137952371,0.004441721606019869,0.001056491884638707,0.17447628912843463,0.21548483497619628
2027-12-17,1.1972602739726028,820.0,call,55.815,814.1394137952371,0.004441721606019869,0.007172718902074855,0.17258378728950746,0.21276879768371582
2027-12-17,1.1972602739726028,825.0,call,53.125,814.1394137952371,0.004441721606019869,0.013251764978457101,0.17084355313180485,0.21021297607421874
2027-12-17,1.1972602739726028,830.0,call,50.485,814.1394137952371,0.004441721606019869,0.019294079434419784,0.1690740589243781,0.20761137855529785
2027-12-17,1.1972602739726028,835.0,call,47.93,814.1394137952371,0.004441721606019869,0.025300103494631496,0.1673749944146944,0.20513947944641112
2027-12-17,1.1972602739726028,840.0,call,45.44,814.1394137952371,0.004441721606019869,0.03127027048113537,0.1656838222609509,0.20266758033752438
2027-12-17,1.1972602739726028,845.0,call,43.07,814.1394137952371,0.004441721606019869,0.037205006000949975,0.16416074031626127,0.2003864141845703
2027-12-17,1.1972602739726028,850.0,call,40.75,814.1394137952371,0.004441721606019869,0.04310472812813811,0.16259573308572262,0.198074730758667
2027-12-17,1.1972602739726028,855.0,call,38.485,814.1394137952371,0.004441721606019869,0.04896984758053625,0.16100050952563838,0.1957287154006958
2027-12-17,1.1972602739726028,860.0,call,36.355,814.1394137952371,0.004441721606019869,0.054800767891329503,0.15961419085802553,0.19362683822631838
2027-12-17,1.1972602739726028,865.0,call,34.275,814.1394137952371,0.004441721606019869,0.060597885575655465,0.15818006963814912,0.19149062911987308
2027-12-17,1.1972602739726028,870.0,call,32.275,814.1394137952371,0.004441721606019869,0.06636159029240539,0.1567878333384015,0.18941545455932618
2027-12-17,1.1972602739726028,875.0,call,30.375,814.1394137952371,0.004441721606019869,0.07209226500139047,0.1555000752238069,0.18739368522644043
2027-12-17,1.1972602739726028,880.0,call,28.560000000000002,814.1394137952371,0.004441721606019869,0.07779028611602826,0.15427245530734385,0.18556264884948728
2027-12-17,1.1972602739726028,885.0,call,26.825000000000003,814.1394137952371,0.004441721606019869,0.08345602365170568,0.1530912483572221,0.18372398315429686
2027-12-17,1.1972602739726028,890.0,call,25.155,814.1394137952371,0.004441721606019869,0.08908984136996154,0.1519098593318753,0.18192346405029297
2027-12-17,1.1972602739726028,895.0,call,23.6,814.1394137952371,0.004441721606019869,0.09469209691863144,0.1508955021142406,0.1802907899475098
2027-12-17,1.1972602739726028,900.0,call,22.11,814.1394137952371,0.004441721606019869,0.10026314196808686,0.14988920892920302,0.1787038917541504
2027-12-17,1.1972602739726028,905.0,call,20.695,814.1394137952371,0.004441721606019869,0.1058033223437023,0.14892812137830988,0.1771551401519775
2027-12-17,1.1972602739726028,910.0,call,19.375,814.1394137952371,0.004441721606019869,0.11131297815467175,0.14808861982073926,0.17580475082397462
2027-12-17,1.1972602739726028,915.0,call,18.11,814.1394137952371,0.004441721606019869,0.1167924439192974,0.14723701474018053,0.1744009562683106
2027-12-17,1.1972602739726028,920.0,call,16.93,814.1394137952371,0.004441721606019869,0.12224204868686213,0.14648776345678144,0.17314211875915528
2027-12-17,1.1972602739726028,925.0,call,15.809999999999999,814.1394137952371,0.004441721606019869,0.12766211615620118,0.1457573899663577,0.17190616920471194
2027-12-17,1.1972602739726028,930.0,call,14.75,814.1394137952371,0.004441721606019869,0.13305296479107767,0.14505202880285614,0.1706778489685059
2027-12-17,1.1972602739726028,935.0,call,13.77,814.1394137952371,0.004441721606019869,0.13841490793246308,0.14445998875461918,0.16966314964294435
2027-12-17,1.1972602739726028,940.0,call,12.845,814.1394137952371,0.004441721606019869,0.14374825390782572,0.14389268354198606,0.16862556236267093
2027-12-17,1.1972602739726028,945.0,call,11.96,814.1394137952371,0.004441721606019869,0.14905330613751874,0.14329360764620613,0.16756508712768559
2027-12-17,1.1972602739726028,950.0,call,11.145,814.1394137952371,0.004441721606019869,0.15433036323836258,0.14279972848080927,0.16662668098449712
2027-12-17,1.1972602739726028,955.0,call,10.375,814.1394137952371,0.004441721606019869,0.15957971912450636,0.14231313605035584,0.16577982666015628
2027-12-17,1.1972602739726028,960.0,call,9.655000000000001,814.1394137952371,0.004441721606019869,0.16480166310565808,0.1418655090558298,0.16488719642639163
2027-12-17,1.1972602739726028,965.0,call,8.975,814.1394137952371,0.004441721606019869,0.16999647998276193,0.14141875861808245,0.16405560073852543
2027-12-17,1.1972602739726028,970.0,call,8.335,814.1394137952371,0.004441721606019869,0.17516445014120458,0.1409804982314531,0.1632468930053711
2027-12-17,1.1972602739726028,975.0,call,7.75,814.1394137952371,0.004441721606019869,0.1803058496416233,0.14064024604023848,0.16257551300048828
2027-12-17,1.1972602739726028,980.0,call,7.205,814.1394137952371,0.004441721606019869,0.18542095030839376,0.14033427219494998,0.16190413299560547
2027-12-17,1.1972602739726028,985.0,call,6.6850000000000005,814.1394137952371,0.004441721606019869,0.1905100198158649,0.1399876568680399,0.16121749435424804
2027-12-17,1.1972602739726028,990.0,call,6.1899999999999995,814.1394137952371,0.004441721606019869,0.19557332177241168,0.1396034493006896,0.16054611434936522
2027-12-17,1.1972602739726028,995.0,call,5.744999999999999,814.1394137952371,0.004441721606019869,0.2006111158023689,0.13934451272681453,0.15993576889038086
2027-12-17,1.1972602739726028,1000.0,call,5.335,814.1394137952371,0.004441721606019869,0.20562365762591306,0.1391372797858212,0.15943223388671873
2027-12-17,1.1972602739726028,1005.0,call,4.955,814.1394137952371,0.004441721606019869,0.21061119913695217,0.13896307700475716,0.1589744747924805
2027-12-17,1.1972602739726028,1010.0,call,4.5600000000000005,814.1394137952371,0.004441721606019869,0.21557398847908124,0.1385072375468126,0.15818102569580078
2027-12-17,1.1972602739726028,1015.0,call,4.255000000000001,814.1394137952371,0.004441721606019869,0.22051227011966384,0.1385413823989857,0.15799792205810548
2027-12-17,1.1972602739726028,1020.0,call,3.955,814.1394137952371,0.004441721606019869,0.22542628492209277,0.13846554901971067,0.15767749069213866
2027-12-17,1.1972602739726028,1025.0,call,3.66,814.1394137952371,0.004441721606019869,0.23031627021628462,0.13827219295683252,0.15717395568847659
2027-12-17,1.1972602739726028,1030.0,call,3.385,814.1394137952371,0.004441721606019869,0.23518245986745756,0.13808487556424753,0.15679248977661137
2027-12-17,1.1972602739726028,1035.0,call,3.15,814.1394137952371,0.004441721606019869,0.2400250843432456,0.13810003247915983,0.156533092956543
2027-12-17,1.1972602739726028,1040.0,call,2.935,814.1394137952371,0.004441721606019869,0.24484437077919438,0.13816321010655574,0.1564262825012207
2027-12-17,1.1972602739726028,1045.0,call,2.71,814.1394137952371,0.004441721606019869,0.24964054304268746,0.13798350004927434,0.15596852340698242
2027-12-17,1.1972602739726028,1050.0,call,2.52,814.1394137952371,0.004441721606019869,0.25441382179534516,0.13801626915868562,0.15580067840576173
2027-12-17,1.1972602739726028,1055.0,call,2.36,814.1394137952371,0.004441721606019869,0.25916442455394284,0.1382478117684236,0.15584645431518557
2027-12-17,1.1972602739726028,1060.0,call,2.1950000000000003,814.1394137952371,0.004441721606019869,0.26389256574988884,0.1383013674140254,0.15564809204101562
2027-12-17,1.1972602739726028,1065.0,call,2.0549999999999997,814.1394137952371,0.004441721606019869,0.26859845678730154,0.13853130204748493,0.15570912658691405
2027-12-17,1.1972602739726028,1070.0,call,1.9,814.1394137952371,0.004441721606019869,0.273282306099728,0.1384490108422984,0.15549550567626952
2027-12-17,1.1972602739726028,1075.0,call,1.7850000000000001,814.1394137952371,0.004441721606019869,0.2779443192055392,0.1387719612373238,0.1555870574951172
2027-12-17,1.1972602739726028,1080.0,call,1.665,814.1394137952371,0.004441721606019869,0.28258469876204145,0.1389198063758124,0.1555870574951172
2027-12-17,1.1972602739726028,1085.0,call,1.57,814.1394137952371,0.004441721606019869,0.28720364461833603,0.1393282559354846,0.15592274749755858
2027-12-17,1.1972602739726028,1090.0,call,1.47,814.1394137952371,0.004441721606019869,0.29180135386696554,0.13956637144289694,0.15583119567871095
2027-12-17,1.1972602739726028,1095.0,call,1.375,814.1394137952371,0.004441721606019869,0.2963780208943772,0.13978161601478065,0.15601429931640626
2027-12-17,1.1972602739726028,1100.0,call,1.295,814.1394137952371,0.004441721606019869,0.300933837430238,0.14015260216219286,0.1562279202270508
2027-12-17,1.1972602739726028,1105.0,call,1.2149999999999999,814.1394137952371,0.004441721606019869,0.3054689925956293,0.14043400928180355,0.1563805065917969
2027-12-17,1.1972602739726028,1110.0,call,1.14,814.1394137952371,0.004441721606019869,0.30998367295015594,0.14071471840337502,0.15644154113769532
2027-12-17,1.1972602739726028,1115.0,call,1.0750000000000002,814.1394137952371,0.004441721606019869,0.31447806253799515,0.14110188676197377,0.15680774841308598
2027-12-17,1.1972602739726028,1120.0,call,1.02,814.1394137952371,0.004441721606019869,0.3189523429329163,0.14161657570020336,0.15711292114257813
2027-12-17,1.1972602739726028,1125.0,call,0.86,814.1394137952371,0.004441721606019869,0.3234066932822966,0.13967117672159848,0.1549156774902344
2027-12-17,1.1972602739726028,1130.0,call,0.91,814.1394137952371,0.004441721606019869,0.32784129035016224,0.14243217471040986,0.1577232666015625
2027-12-17,1.1972602739726028,1135.0,call,0.86,814.1394137952371,0.004441721606019869,0.33225630855927907,0.14284292756782277,0.1580284393310547
2027-12-17,1.1972602739726028,1140.0,call,0.81,814.1394137952371,0.004441721606019869,0.33665192003231725,0.1431789056709886,0.15824206024169923
2027-12-17,1.1972602739726028,1150.0,call,0.73,814.1394137952371,0.004441721606019869,0.34538560000107177,0.1441546042734461,0.1590049920654297
2027-12-17,1.1972602739726028,1160.0,call,0.66,814.1394137952371,0.004441721606019869,0.3540436627441864,0.1451640150741812,0.1598594757080078
2027-12-17,1.1972602739726028,1170.0,call,0.605,814.1394137952371,0.004441721606019869,0.36262740643557784,0.1464102865761986,0.1607749938964844
2027-12-17,1.1972602739726028,1180.0,call,0.55,814.1394137952371,0.004441721606019869,0.3711380961034865,0.14746138806931638,0.16187361572265624
2027-12-17,1.1972602739726028,1190.0,call,0.5,814.1394137952371,0.004441721606019869,0.3795769647493511,0.14848194451998964,0.16272809936523439
2027-12-17,1.1972602739726028,1200.0,call,0.46499999999999997,814.1394137952371,0.004441721606019869,0.3879452144198678,0.14989506381483997,0.1638267211914063
2027-12-17,1.1972602739726028,1210.0,call,0.43,814.1394137952371,0.004441721606019869,0.3962440172345628,0.15116546517109847,0.16523051574707032
2027-12-17,1.1972602739726028,1220.0,call,0.39,814.1394137952371,0.004441721606019869,0.4044745163710784,0.15204880274780228,0.16602396484375004
2027-12-17,1.1972602739726028,1230.0,call,0.36,814.1394137952371,0.004441721606019869,0.4126378270102392,0.15322292467867643,0.16706155212402346
2027-12-17,1.1972602739726028,1240.0,call,0.33999999999999997,814.1394137952371,0.004441721606019869,0.4207350372428587,0.15477346182791693,0.16858741577148442
2027-12-17,1.1972602739726028,1250.0,call,0.315,814.1394137952371,0.004441721606019869,0.4287672089401229,0.15594696310248873,0.16931983032226564
2027-12-17,1.1972602739726028,1260.0,call,0.29000000000000004,814.1394137952371,0.004441721606019869,0.43673537858929984,0.15697959811558385,0.17054052124023442
2027-12-17,1.1972602739726028,1270.0,call,0.615,814.1394137952371,0.004441721606019869,0.44464055809641306,0.17431443322979667,0.1886677813720703
2027-12-17,1.1972602739726028,1280.0,call,0.26,814.1394137952371,0.004441721606019869,0.45248373555743887,0.15993528930469134,0.17347017944335938
2027-12-17,1.1972602739726028,1290.0,call,0.24,814.1394137952371,0.004441721606019869,0.46026587599949387,0.160925531989171,0.17432466308593753
2027-12-17,1.1972602739726028,1300.0,call,0.2,814.1394137952371,0.004441721606019869,0.4679879220934041,0.16017182674421895,0.17347017944335938
2027-12-17,1.1972602739726028,1320.0,call,0.2,814.1394137952371,0.004441721606019869,0.48325539422419256,0.1647238899411614,0.17798673583984376
2027-12-17,1.1972602739726028,1330.0,call,0.185,814.1394137952371,0.004441721606019869,0.4908025998595756,0.16564549418660943,0.17932949584960936
2027-12-17,1.1972602739726028,1340.0,call,0.16999999999999998,814.1394137952371,0.004441721606019869,0.4982932715887331,0.16643555321176925,0.179695703125
2027-12-17,1.1972602739726028,1350.0,call,0.16,814.1394137952371,0.004441721606019869,0.5057282500762512,0.16760060414420672,0.18079432495117187
2027-12-17,1.1972602739726028,1360.0,call,0.15000000000000002,814.1394137952371,0.004441721606019869,0.5131083573738737,0.16867665397453294,0.18189294677734374
2027-12-17,1.1972602739726028,1390.0,call,0.22499999999999998,814.1394137952371,0.004441721606019869,0.5349274047685135,0.18217080964186944,0.1958088232421875
2027-12-17,1.1972602739726028,1400.0,call,0.12,814.1394137952371,0.004441721606019869,0.542095894247126,0.17331767639001042,0.186531572265625
2027-12-17,1.1972602739726028,1410.0,call,0.13,814.1394137952371,0.004441721606019869,0.54921336201599,0.17664055439999116,0.18970536865234378
2027-12-17,1.1972602739726028,1430.0,call,0.1,814.1394137952371,0.004441721606019869,0.563298101897729,0.17632567613001768,0.18946123046875002
2027-12-17,1.1972602739726028,1440.0,call,0.1,814.1394137952371,0.004441721606019869,0.5702667712138224,0.17825532640828595,0.1914143359375
2027-12-17,1.1972602739726028,1450.0,call,0.09,814.1394137952371,0.004441721606019869,0.5771872140583961,0.17848673335864473,0.19165847412109377
2027-12-17,1.1972602739726028,1460.0,call,0.09,814.1394137952371,0.004441721606019869,0.5840600933461583,0.18037028540504657,0.19361157958984376
2027-12-17,1.1972602739726028,1470.0,call,0.085,814.1394137952371,0.004441721606019869,0.5908860584165581,0.18132769459776849,0.195320546875
2027-12-17,1.1972602739726028,1480.0,call,0.08,814.1394137952371,0.004441721606019869,0.5976657454019368,0.18221233930095915,0.195320546875
2028-01-21,1.2931506849315069,60.0,put,0.065,816.4960607690904,0.004869199178543469,-2.61067752564413,0.7659067761374634,0.7500025
2028-01-21,1.2931506849315069,75.0,put,0.060000000000000005,816.4960607690904,0.004869199178543469,-2.38753397432992,0.6934631316413229,0.6796907031250001
2028-01-21,1.2931506849315069,80.0,put,0.195,816.4960607690904,0.004869199178543469,-2.322995453192349,0.7528624363438534,0.73633076171875
2028-01-21,1.2931506849315069,85.0,put,0.08,816.4960607690904,0.004869199178543469,-2.262370831375914,0.6729294415681315,0.65820654296875
2028-01-21,1.2931506849315069,90.0,put,0.09,816.4960607690904,0.004869199178543469,-2.2052124175359653,0.6625397233363075,0.647464462890625
2028-01-21,1.2931506849315069,95.0,put,0.1,816.4960607690904,0.004869199178543469,-2.1511451962656896,0.6522278112377027,0.6367223828125
2028-01-21,1.2931506849315069,100.0,put,0.11,816.4960607690904,0.004869199178543469,-2.099851901878139,0.6420553231696512,0.6269568554687501
2028-01-21,1.2931506849315069,105.0,put,0.26,816.4960607690904,0.004869199178543469,-2.0510617377087073,0.6829326948804615,0.6665072412109377
2028-01-21,1.2931506849315069,115.0,put,0.55,816.4960607690904,0.004869199178543469,-1.9600899595029806,0.7101121288320439,0.6921417504882813
2028-01-21,1.2931506849315069,125.0,put,0.4,816.4960607690904,0.004869199178543469,-1.8767083505639295,0.6546248706186034,0.6374547973632813
2028-01-21,1.2931506849315069,130.0,put,0.21500000000000002,816.4960607690904,0.004869199178543469,-1.8374876374106481,0.5992006015081017,0.5830119824218749
2028-01-21,1.2931506849315069,135.0,put,0.235,816.4960607690904,0.004869199178543469,-1.7997473094278011,0.5923167660995126,0.57617611328125
2028-01-21,1.2931506849315069,140.0,put,0.255,816.4960607690904,0.004869199178543469,-1.7633796652569265,0.585363544198612,0.569340244140625
2028-01-21,1.2931506849315069,145.0,put,0.28,816.4960607690904,0.004869199178543469,-1.7282883454456561,0.5794993824487557,0.5634809277343751
2028-01-21,1.2931506849315069,150.0,put,0.3,816.4960607690904,0.004869199178543469,-1.6943867937699748,0.5724435228610177,0.5561567822265626
2028-01-21,1.2931506849315069,155.0,put,0.33,816.4960607690904,0.004869199178543469,-1.661596970946984,0.5673371275519934,0.5507857421875001
2028-01-21,1.2931506849315069,160.0,put,0.355,816.4960607690904,0.004869199178543469,-1.6298482726324037,0.5611332983969884,0.5446822875976562
2028-01-21,1.2931506849315069,165.0,put,0.385,816.4960607690904,0.004869199178543469,-1.59907661396565,0.5557126359797999,0.5390671093750001
2028-01-21,1.2931506849315069,170.0,put,0.41500000000000004,816.4960607690904,0.004869199178543469,-1.569223650815969,0.5501698421250052,0.5334519311523438
2028-01-21,1.2931506849315069,175.0,put,0.445,816.4960607690904,0.004869199178543469,-1.5402361139427165,0.544541531815181,0.5278367529296876
2028-01-21,1.2931506849315069,180.0,put,0.48,816.4960607690904,0.004869199178543469,-1.5120652369760201,0.5395202617050502,0.5224657128906249
2028-01-21,1.2931506849315069,190.0,put,0.55,816.4960607690904,0.004869199178543469,-1.4579980157057444,0.5291573542115555,0.5119677709960937
2028-01-21,1.2931506849315069,195.0,put,0.665,816.4960607690904,0.004869199178543469,-1.4320225293024837,0.5322364473594566,0.514653291015625
2028-01-21,1.2931506849315069,200.0,put,0.62,816.4960607690904,0.004869199178543469,-1.4067047213181938,0.5185428995146012,0.5012256909179689
2028-01-21,1.2931506849315069,210.0,put,0.6950000000000001,816.4960607690904,0.004869199178543469,-1.3579145571487619,0.5082828213803042,0.49219257812500006
2028-01-21,1.2931506849315069,215.0,put,0.835,816.4960607690904,0.004869199178543469,-1.3343840597385679,0.5116944007807008,0.4950001672363281
2028-01-21,1.2931506849315069,220.0,put,0.78,816.4960607690904,0.004869199178543469,-1.311394541513869,0.49874859417065065,0.4819387744140625
2028-01-21,1.2931506849315069,225.0,put,0.8200000000000001,816.4960607690904,0.004869199178543469,-1.2889216856618106,0.4937122264682038,0.4766898034667969
2028-01-21,1.2931506849315069,230.0,put,1.165,816.4960607690904,0.004869199178543469,-1.2669427789430352,0.5092355749323906,0.49158223266601564
2028-01-21,1.2931506849315069,240.0,put,0.96,816.4960607690904,0.004869199178543469,-1.2243831645242393,0.479917879994322,0.46252978881835943
2028-01-21,1.2931506849315069,245.0,put,1.005,816.4960607690904,0.004869199178543469,-1.2037638773215036,0.47514023403613836,0.4580132324218751
2028-01-21,1.2931506849315069,250.0,put,1.05,816.4960607690904,0.004869199178543469,-1.183561170003984,0.47035186040076676,0.4527642614746094
2028-01-21,1.2931506849315069,255.0,put,1.4649999999999999,816.4960607690904,0.004869199178543469,-1.1637585427078045,0.4853543055436661,0.4670463452148438
2028-01-21,1.2931506849315069,260.0,put,1.1549999999999998,816.4960607690904,0.004869199178543469,-1.144340456850703,0.46161283601364494,0.4440973559570312
2028-01-21,1.2931506849315069,265.0,put,1.205,816.4960607690904,0.004869199178543469,-1.1252922618800083,0.45706209541711396,0.43945873046875
2028-01-21,1.2931506849315069,275.0,put,1.32,816.4960607690904,0.004869199178543469,-1.0882509901996593,0.4486768351791967,0.43054768676757815
2028-01-21,1.2931506849315069,280.0,put,1.38,816.4960607690904,0.004869199178543469,-1.070232484696981,0.44455476981679165,0.42627526855468756
2028-01-21,1.2931506849315069,285.0,put,1.435,816.4960607690904,0.004869199178543469,-1.05253290759758,0.4401743193779027,0.4220638848876953
2028-01-21,1.2931506849315069,290.0,put,1.5,816.4960607690904,0.004869199178543469,-1.035141164885711,0.4362210743900532,0.4177304321289062
2028-01-21,1.2931506849315069,295.0,put,1.56,816.4960607690904,0.004869199178543469,-1.0180467315264108,0.43202174838455454,0.41345801391601555
2028-01-21,1.2931506849315069,300.0,put,1.63,816.4960607690904,0.004869199178543469,-1.0012396132100296,0.4282086055001613,0.40955180297851557
2028-01-21,1.2931506849315069,305.0,put,1.69,816.4960607690904,0.004869199178543469,-0.9847103112588189,0.4239692700150313,0.4052183502197265
2028-01-21,1.2931506849315069,310.0,put,1.76,816.4960607690904,0.004869199178543469,-0.9684497903870387,0.42009533229031865,0.4012511047363281
2028-01-21,1.2931506849315069,315.0,put,2.0149999999999997,816.4960607690904,0.004869199178543469,-0.9524494490405975,0.42259429955304895,0.4035093829345704
2028-01-21,1.2931506849315069,320.0,put,1.9,816.4960607690904,0.004869199178543469,-0.9367010920724584,0.41226353576249425,0.3931945446777344
2028-01-21,1.2931506849315069,325.0,put,1.975,816.4960607690904,0.004869199178543469,-0.9211969055364931,0.40848094797433454,0.38947143737792966
2028-01-21,1.2931506849315069,330.0,put,2.05,816.4960607690904,0.004869199178543469,-0.9059294334057046,0.4046705494873789,0.3853821228027343
2028-01-21,1.2931506849315069,335.0,put,2.13,816.4960607690904,0.004869199178543469,-0.8908915560411642,0.4009906267082642,0.3815979809570312
2028-01-21,1.2931506849315069,340.0,put,2.21,816.4960607690904,0.004869199178543469,-0.8760764702560235,0.3972806409538965,0.37781383911132804
2028-01-21,1.2931506849315069,345.0,put,2.29,816.4960607690904,0.004869199178543469,-0.8614776708348708,0.3935450374020289,0.3739686627197265
2028-01-21,1.2931506849315069,350.0,put,2.375,816.4960607690904,0.004869199178543469,-0.8470889333827712,0.3899258839977103,0.37036762451171873
2028-01-21,1.2931506849315069,355.0,put,2.46,816.4960607690904,0.004869199178543469,-0.8329042983908148,0.38627923100080563,0.3664919308471679
2028-01-21,1.2931506849315069,360.0,put,2.55,816.4960607690904,0.004869199178543469,-0.8189180564160748,0.3827377677741593,0.36286037536621096
2028-01-21,1.2931506849315069,365.0,put,4.095000000000001,816.4960607690904,0.004869199178543469,-0.8051247342837391,0.41081002265329297,0.3895324719238281
2028-01-21,1.2931506849315069,370.0,put,2.7350000000000003,816.4960607690904,0.004869199178543469,-0.7915190822279604,0.3756926549587025,0.3557193334960937
2028-01-21,1.2931506849315069,375.0,put,2.835,816.4960607690904,0.004869199178543469,-0.7780960618958198,0.3723044816155465,0.35217932983398437
2028-01-21,1.2931506849315069,380.0,put,2.935,816.4960607690904,0.004869199178543469,-0.7648508351457992,0.3688828216963691,0.348639326171875
2028-01-21,1.2931506849315069,385.0,put,3.03,816.4960607690904,0.004869199178543469,-0.7517787535784464,0.365322745424806,0.3450993225097656
2028-01-21,1.2931506849315069,390.0,put,3.135,816.4960607690904,0.004869199178543469,-0.7388753487425386,0.36195393247079444,0.34149828430175777
2028-01-21,1.2931506849315069,395.0,put,3.245,816.4960607690904,0.004869199178543469,-0.7261363229651088,0.35865704283517635,0.3380803497314453
2028-01-21,1.2931506849315069,400.0,put,3.355,816.4960607690904,0.004869199178543469,-0.7135575407582486,0.3553270465705725,0.3346624151611328
2028-01-21,1.2931506849315069,405.0,put,3.47,816.4960607690904,0.004869199178543469,-0.7011350207596915,0.3520628808856588,0.33136654968261714
2028-01-21,1.2931506849315069,410.0,put,3.59,816.4960607690904,0.004869199178543469,-0.6888649281678771,0.3488586970084862,0.3280096496582031
2028-01-21,1.2931506849315069,415.0,put,3.71,816.4960607690904,0.004869199178543469,-0.6767435676355322,0.3456195441571598,0.324652749633789
2028-01-21,1.2931506849315069,420.0,put,3.835,816.4960607690904,0.004869199178543469,-0.6647673765888166,0.34243554318642405,0.32126533233642574
2028-01-21,1.2931506849315069,425.0,put,3.965,816.4960607690904,0.004869199178543469,-0.6529329189418138,0.3393017523797831,0.31799998413085934
2028-01-21,1.2931506849315069,430.0,put,4.095000000000001,816.4960607690904,0.004869199178543469,-0.6412368791786225,0.33613209481724576,0.31488722229003896
2028-01-21,1.2931506849315069,435.0,put,4.234999999999999,816.4960607690904,0.004869199178543469,-0.6296760567775466,0.33308780607081595,0.31153032226562494
2028-01-21,1.2931506849315069,440.0,put,4.375,816.4960607690904,0.004869199178543469,-0.6182473609539237,0.3300042641371829,0.30847859497070307
2028-01-21,1.2931506849315069,445.0,put,4.525,816.4960607690904,0.004869199178543469,-0.6069478056999903,0.32703330800278363,0.3052132467651367
2028-01-21,1.2931506849315069,450.0,put,4.675000000000001,816.4960607690904,0.004869199178543469,-0.5957745051018652,0.32402054363182053,0.3022225540161133
2028-01-21,1.2931506849315069,455.0,put,4.824999999999999,816.4960607690904,0.004869199178543469,-0.5847246689152803,0.3209692885628102,0.2990182403564453
2028-01-21,1.2931506849315069,460.0,put,4.99,816.4960607690904,0.004869199178543469,-0.5737955983830899,0.3180860218094617,0.2960580648803711
2028-01-21,1.2931506849315069,465.0,put,5.154999999999999,816.4960607690904,0.004869199178543469,-0.5629846822788743,0.31515819943493845,0.29291478576660146
2028-01-21,1.2931506849315069,470.0,put,5.34,816.4960607690904,0.004869199178543469,-0.5522893931621263,0.3124443341283939,0.2899851275634765
2028-01-21,1.2931506849315069,475.0,put,5.51,816.4960607690904,0.004869199178543469,-0.5417072838315893,0.30949170492985423,0.2869944348144531
2028-01-21,1.2931506849315069,480.0,put,5.7,816.4960607690904,0.004869199178543469,-0.5312359839642941,0.3067408547559218,0.28409529388427723
2028-01-21,1.2931506849315069,485.0,put,5.890000000000001,816.4960607690904,0.004869199178543469,-0.5208731969287475,0.3039403573282253,0.28113511840820304
2028-01-21,1.2931506849315069,490.0,put,6.09,816.4960607690904,0.004869199178543469,-0.5106166967615583,0.30120685429371646,0.2782359774780273
2028-01-21,1.2931506849315069,495.0,put,6.3100000000000005,816.4960607690904,0.004869199178543469,-0.5004643252975403,0.29864349321254535,0.27538261245727536
2028-01-21,1.2931506849315069,500.0,put,6.515000000000001,816.4960607690904,0.004869199178543469,-0.4904139894440388,0.29586129459744037,0.27259028198242186
2028-01-21,1.2931506849315069,505.0,put,6.745,816.4960607690904,0.004869199178543469,-0.48046365859087087,0.2932920948846045,0.26984372741699214
2028-01-21,1.2931506849315069,510.0,put,6.99,816.4960607690904,0.004869199178543469,-0.4706113621478592,0.2908159592390827,0.2670361383056641
2028-01-21,1.2931506849315069,515.0,put,7.22,816.4960607690904,0.004869199178543469,-0.46085518720249447,0.28813086882609035,0.2643506182861328
2028-01-21,1.2931506849315069,520.0,put,7.484999999999999,816.4960607690904,0.004869199178543469,-0.45119327629075756,0.2857271371978406,0.2616193223571777
2028-01-21,1.2931506849315069,525.0,put,7.744999999999999,816.4960607690904,0.004869199178543469,-0.4416238252746068,0.2832113668691114,0.25890328506469734
2028-01-21,1.2931506849315069,530.0,put,8.01,816.4960607690904,0.004869199178543469,-0.432145081320063,0.28068090477037555,0.25630931686401365
2028-01-21,1.2931506849315069,535.0,put,8.3,816.4960607690904,0.004869199178543469,-0.4227553409702241,0.2783092819712961,0.2536390554809571
2028-01-21,1.2931506849315069,540.0,put,8.579999999999998,816.4960607690904,0.004869199178543469,-0.4134529483079106,0.27578621872439746,0.25098405273437496
2028-01-21,1.2931506849315069,545.0,put,8.899999999999999,816.4960607690904,0.004869199178543469,-0.40423629320298654,0.2735328831822822,0.24843586044311522
2028-01-21,1.2931506849315069,550.0,put,9.2,816.4960607690904,0.004869199178543469,-0.395103809639714,0.2710468188237355,0.2458113749694824
2028-01-21,1.2931506849315069,555.0,put,9.530000000000001,816.4960607690904,0.004869199178543469,-0.38605397411979603,0.26873300546383666,0.24326318267822267
2028-01-21,1.2931506849315069,560.0,put,9.875,816.4960607690904,0.004869199178543469,-0.3770853041370358,0.2664625346849344,0.24071499038696287
2028-01-21,1.2931506849315069,565.0,put,10.225,816.4960607690904,0.004869199178543469,-0.3681963567197897,0.26415664947992884,0.23824309127807614
2028-01-21,1.2931506849315069,570.0,put,10.595,816.4960607690904,0.004869199178543469,-0.3593857270376348,0.26192320108846456,0.2356948989868164
2028-01-21,1.2931506849315069,575.0,put,10.965,816.4960607690904,0.004869199178543469,-0.35065204706888015,0.25961564002100807,0.2331924826049805
2028-01-21,1.2931506849315069,580.0,put,11.365,816.4960607690904,0.004869199178543469,-0.34199398432576555,0.25744034559351153,0.23075110076904298
2028-01-21,1.2931506849315069,585.0,put,11.77,816.4960607690904,0.004869199178543469,-0.3334102406343742,0.25522050040985317,0.22829446029663086
2028-01-21,1.2931506849315069,590.0,put,12.195,816.4960607690904,0.004869199178543469,-0.3248995509664655,0.25305335745167107,0.22582256118774413
2028-01-21,1.2931506849315069,595.0,put,12.625,816.4960607690904,0.004869199178543469,-0.3164606823206009,0.25083917960059554,0.22332777412414548
2028-01-21,1.2931506849315069,600.0,put,13.085,816.4960607690904,0.004869199178543469,-0.30809243265008424,0.2487310049985099,0.2209245388793945
2028-01-21,1.2931506849315069,605.0,put,13.559999999999999,816.4960607690904,0.004869199178543469,-0.2997936298353891,0.24662975010489502,0.21854419158935545
2028-01-21,1.2931506849315069,610.0,put,14.045,816.4960607690904,0.004869199178543469,-0.29156313069887363,0.24450369758132723,0.21614095634460448
2028-01-21,1.2931506849315069,615.0,put,14.55,816.4960607690904,0.004869199178543469,-0.2833998200597128,0.24240840959900167,0.213699574508667
2028-01-21,1.2931506849315069,620.0,put,15.085,816.4960607690904,0.004869199178543469,-0.2753026098270934,0.24039384977916312,0.21127345130920408
2028-01-21,1.2931506849315069,625.0,put,15.620000000000001,816.4960607690904,0.004869199178543469,-0.2672704381298291,0.23829144061563876,0.2089159919738769
2028-01-21,1.2931506849315069,630.0,put,16.195,816.4960607690904,0.004869199178543469,-0.2593022684806522,0.23631322219240947,0.20655090332031245
2028-01-21,1.2931506849315069,635.0,put,16.77,816.4960607690904,0.004869199178543469,-0.2513970889735389,0.23424444764573754,0.20420107330322262
2028-01-21,1.2931506849315069,640.0,put,17.36,816.4960607690904,0.004869199178543469,-0.24355391151251313,0.23216324748747466,0.2016605103302002
2028-01-21,1.2931506849315069,645.0,put,17.995,816.4960607690904,0.004869199178543469,-0.23577177107045816,0.2302131019960263,0.19938697349548337
2028-01-21,1.2931506849315069,650.0,put,18.645,816.4960607690904,0.004869199178543469,-0.22804972497654782,0.2282402770771404,0.19702188484191893
2028-01-21,1.2931506849315069,655.0,put,19.325,816.4960607690904,0.004869199178543469,-0.22038685223097867,0.22631281863955083,0.1946796841430664
2028-01-21,1.2931506849315069,660.0,put,20.025,816.4960607690904,0.004869199178543469,-0.21278225284575933,0.22437964128346025,0.1923603713989258
2028-01-21,1.2931506849315069,665.0,put,20.765,816.4960607690904,0.004869199178543469,-0.20523504721037641,0.22252651789332775,0.18998002410888676
2028-01-21,1.2931506849315069,670.0,put,21.495,816.4960607690904,0.004869199178543469,-0.19774437548121893,0.22052935034856833,0.18756915954589842
2028-01-21,1.2931506849315069,675.0,put,22.28,816.4960607690904,0.004869199178543469,-0.1903093969937008,0.2186690750398941,0.18521170021057123
2028-01-21,1.2931506849315069,680.0,put,23.075000000000003,816.4960607690904,0.004869199178543469,-0.18292928969607822,0.21674789255815488,0.1828618701934814
2028-01-21,1.2931506849315069,685.0,put,23.92,816.4960607690904,0.004869199178543469,-0.1756032496040053,0.21492853561308004,0.1804738935852051
2028-01-21,1.2931506849315069,690.0,put,24.785,816.4960607690904,0.004869199178543469,-0.1683304902749255,0.21308265948615082,0.17811643424987794
2028-01-21,1.2931506849315069,695.0,put,25.67,816.4960607690904,0.004869199178543469,-0.16111024230143853,0.211208716046475,0.17574371627807617
2028-01-21,1.2931506849315069,700.0,put,26.615000000000002,816.4960607690904,0.004869199178543469,-0.15394175282282596,0.20945767921226213,0.17339388626098634
2028-01-21,1.2931506849315069,705.0,put,27.575,816.4960607690904,0.004869199178543469,-0.14682428505396197,0.20765101311613943,0.1710287976074219
2028-01-21,1.2931506849315069,710.0,put,28.575,816.4960607690904,0.004869199178543469,-0.1397571178308695,0.20588036071225518,0.1686293770217896
2028-01-21,1.2931506849315069,715.0,put,29.605,816.4960607690904,0.004869199178543469,-0.13273954517222292,0.2041044612235375,0.16623377109527593
2028-01-21,1.2931506849315069,720.0,put,30.665,816.4960607690904,0.004869199178543469,-0.12577087585612956,0.2023203064572531,0.1637351693725586
2028-01-21,1.2931506849315069,725.0,put,31.785,816.4960607690904,0.004869199178543469,-0.11885043301155587,0.20062939238895908,0.1613624514007568
2028-01-21,1.2931506849315069,730.0,put,32.925,816.4960607690904,0.004869199178543469,-0.11197755372379381,0.1988868422986019,0.1588447763824463
2028-01-21,1.2931506849315069,735.0,put,34.114999999999995,816.4960607690904,0.004869199178543469,-0.10515158865339393,0.19719283946181843,0.1563652479553223
2028-01-21,1.2931506849315069,740.0,put,35.355000000000004,816.4960607690904,0.004869199178543469,-0.09837190166801514,0.19554174720853848,0.15388953418731693
2028-01-21,1.2931506849315069,745.0,put,36.655,816.4960607690904,0.004869199178543469,-0.09163786948667105,0.19396094630091248,0.1514977429199219
2028-01-21,1.2931506849315069,750.0,put,37.97,816.4960607690904,0.004869199178543469,-0.08494888133587454,0.19229922468563238,0.14888088676452635
2028-01-21,1.2931506849315069,755.0,put,39.355000000000004,816.4960607690904,0.004869199178543469,-0.07830433861720594,0.19073128432086497,0.1463632117462158
2028-01-21,1.2931506849315069,760.0,put,40.785,816.4960607690904,0.004869199178543469,-0.07170365458585386,0.18917174014843754,0.1437921315002441
2028-01-21,1.2931506849315069,765.0,put,42.28,816.4960607690904,0.004869199178543469,-0.06514625403969476,0.18767895665037937,0.1412363098907471
2028-01-21,1.2931506849315069,770.0,put,43.835,816.4960607690904,0.004869199178543469,-0.05863157301850104,0.1862320838868424,0.13862708305358887
2028-01-21,1.2931506849315069,775.0,put,45.45,816.4960607690904,0.004869199178543469,-0.052159058512883556,0.18482652264536636,0.13602548553466798
2028-01-21,1.2931506849315069,780.0,put,47.15,816.4960607690904,0.004869199178543469,-0.045728168182593225,0.18353294897578115,0.13349636653900143
2028-01-21,1.2931506849315069,785.0,put,48.879999999999995,816.4960607690904,0.004869199178543469,-0.03933837008382219,0.18218204897986437,0.1307459973144531
2028-01-21,1.2931506849315069,790.0,put,50.724999999999994,816.4960607690904,0.004869199178543469,-0.03298914240516342,0.18102293223464083,0.1281291411590576
2028-01-21,1.2931506849315069,795.0,put,52.605000000000004,816.4960607690904,0.004869199178543469,-0.026679973211898682,0.1798147754594268,0.12532536670684818
2028-01-21,1.2931506849315069,800.0,put,54.61,816.4960607690904,0.004869199178543469,-0.020410360198303265,0.1788176369996308,0.12265891998291016
2028-01-21,1.2931506849315069,805.0,put,56.68,816.4960607690904,0.004869199178543469,-0.014179810447667283,0.17785247031350937,0.11988566280364989
2028-01-21,1.2931506849315069,810.0,put,58.815,816.4960607690904,0.004869199178543469,-0.007987840199746183,0.17691721354198325,0.11699033653259278
2028-01-21,1.2931506849315069,815.0,put,61.09,816.4960607690904,0.004869199178543469,-0.001833974625367903,0.1762247031979672,0.11422089401245117
2028-01-21,1.2931506849315069,820.0,call,59.825,816.4960607690904,0.004869199178543469,0.004282252392068206,0.17476106023469545,0.21613332702636717
2028-01-21,1.2931506849315069,825.0,call,57.095,816.4960607690904,0.004869199178543469,0.010361298468450304,0.17301219014959804,0.21359276405334474
2028-01-21,1.2931506849315069,830.0,call,54.445,816.4960607690904,0.004869199178543469,0.016403612924413054,0.1713319076327899,0.21110942096710206
2028-01-21,1.2931506849315069,835.0,call,51.855000000000004,816.4960607690904,0.004869199178543469,0.02240963698462484,0.16965992067437846,0.20870237106323236
2028-01-21,1.2931506849315069,840.0,call,49.334999999999994,816.4960607690904,0.004869199178543469,0.028379803971128787,0.16802157166695506,0.2063067651367187
2028-01-21,1.2931506849315069,845.0,call,46.915000000000006,816.4960607690904,0.004869199178543469,0.03431453949094325,0.16649964498626194,0.2040446722793579
2028-01-21,1.2931506849315069,850.0,call,44.545,816.4960607690904,0.004869199178543469,0.04021426161813145,0.16494919046964598,0.20176732078552248
2028-01-21,1.2931506849315069,855.0,call,42.265,816.4960607690904,0.004869199178543469,0.046079381070529654,0.16348250515682228,0.19955481849670412
2028-01-21,1.2931506849315069,860.0,call,40.04,816.4960607690904,0.004869199178543469,0.05191030138132277,0.16199728875372596,0.1973804627990723
2028-01-21,1.2931506849315069,865.0,call,37.9,816.4960607690904,0.004869199178543469,0.057707419065648795,0.160578614779602,0.19527477096557616
2028-01-21,1.2931506849315069,870.0,call,35.875,816.4960607690904,0.004869199178543469,0.06347112378239879,0.15931448869143966,0.19335599742889403
2028-01-21,1.2931506849315069,875.0,call,33.895,816.4960607690904,0.004869199178543469,0.06920179849138373,0.15799996202008992,0.19132278411865233
2028-01-21,1.2931506849315069,880.0,call,31.975,816.4960607690904,0.004869199178543469,0.07489981960602159,0.15667758423621483,0.1893811226272583
2028-01-21,1.2931506849315069,885.0,call,30.175,816.4960607690904,0.004869199178543469,0.08056555714169886,0.15552880310158682,0.18757678886413573
2028-01-21,1.2931506849315069,890.0,call,28.424999999999997,816.4960607690904,0.004869199178543469,0.08619937485995499,0.1543443286707355,0.18580678703308104
2028-01-21,1.2931506849315069,895.0,call,26.785,816.4960607690904,0.004869199178543469,0.09180163040862475,0.15331071246355085,0.18414359565734864
2028-01-21,1.2931506849315069,900.0,call,25.189999999999998,816.4960607690904,0.004869199178543469,0.09737267545808005,0.15222887050850661,0.1824956629180908
2028-01-21,1.2931506849315069,905.0,call,23.700000000000003,816.4960607690904,0.004869199178543469,0.10291285583369554,0.15129189434431098,0.1809926872253418
2028-01-21,1.2931506849315069,910.0,call,22.259999999999998,816.4960607690904,0.004869199178543469,0.10842251164466506,0.15032768367535715,0.17944393562316893
2028-01-21,1.2931506849315069,915.0,call,20.905,816.4960607690904,0.004869199178543469,0.11390197740929077,0.1494546632721536,0.17801725311279298
2028-01-21,1.2931506849315069,920.0,call,19.630000000000003,816.4960607690904,0.004869199178543469,0.11935158217685538,0.14866387962399275,0.1767584156036377
2028-01-21,1.2931506849315069,925.0,call,18.42,816.4960607690904,0.004869199178543469,0.12477164964619449,0.1479109346835248,0.17550720741271972
2028-01-21,1.2931506849315069,930.0,call,17.27,816.4960607690904,0.004869199178543469,0.13016249828107104,0.14718382467134783,0.1742941458129883
2028-01-21,1.2931506849315069,935.0,call,16.18,816.4960607690904,0.004869199178543469,0.13552444142245634,0.1464882250256343,0.17308108421325683
2028-01-21,1.2931506849315069,940.0,call,15.155000000000001,816.4960607690904,0.004869199178543469,0.14085778739781904,0.14584980362500638,0.1720053503417969
2028-01-21,1.2931506849315069,945.0,call,14.185,816.4960607690904,0.004869199178543469,0.14616283962751211,0.14523859011921333,0.17090672851562502
2028-01-21,1.2931506849315069,950.0,call,13.275,816.4960607690904,0.004869199178543469,0.151439896728356,0.1446819668897148,0.16992254646301272
2028-01-21,1.2931506849315069,955.0,call,12.42,816.4960607690904,0.004869199178543469,0.15668925261449965,0.1441692434137943,0.16901465759277345
2028-01-21,1.2931506849315069,960.0,call,11.605,816.4960607690904,0.004869199178543469,0.16191119659565126,0.1436455365624347,0.1680609928131104
2028-01-21,1.2931506849315069,965.0,call,10.82,816.4960607690904,0.004869199178543469,0.16710601347275536,0.14307092777872535,0.16706918144226077
2028-01-21,1.2931506849315069,970.0,call,10.135,816.4960607690904,0.004869199178543469,0.17227398363119786,0.14276810324903252,0.16642068939208987
2028-01-21,1.2931506849315069,975.0,call,9.465,816.4960607690904,0.004869199178543469,0.17741538313161664,0.14236743695435175,0.1656577575683594
2028-01-21,1.2931506849315069,980.0,call,8.84,816.4960607690904,0.004869199178543469,0.182530483798387,0.14201265119071385,0.16497111892700195
2028-01-21,1.2931506849315069,985.0,call,8.245,816.4960607690904,0.004869199178543469,0.1876195533058582,0.14163877322616472,0.16423107505798343
2028-01-21,1.2931506849315069,990.0,call,7.68,816.4960607690904,0.004869199178543469,0.19268285526240503,0.14125038016788707,0.16347577255249024
2028-01-21,1.2931506849315069,995.0,call,7.17,816.4960607690904,0.004869199178543469,0.19772064929236213,0.1409910757936348,0.1629035736846924
2028-01-21,1.2931506849315069,1000.0,call,6.68,816.4960607690904,0.004869199178543469,0.2027331911159065,0.14068245972013407,0.16228559890747069
2028-01-21,1.2931506849315069,1005.0,call,6.225,816.4960607690904,0.004869199178543469,0.20772073262694551,0.14041552941392563,0.16168288276672363
2028-01-21,1.2931506849315069,1010.0,call,5.79,816.4960607690904,0.004869199178543469,0.21268352196907445,0.14010937374887036,0.1611106838989258
2028-01-21,1.2931506849315069,1015.0,call,5.41,816.4960607690904,0.004869199178543469,0.21762180360965713,0.13999470839784686,0.16072921798706058
2028-01-21,1.2931506849315069,1020.0,call,5.0649999999999995,816.4960607690904,0.004869199178543469,0.2225358184120861,0.13996823074078862,0.16040878662109376
2028-01-21,1.2931506849315069,1025.0,call,4.725,816.4960607690904,0.004869199178543469,0.22742580370627802,0.1398363882375595,0.16001206207275392
2028-01-21,1.2931506849315069,1030.0,call,4.405,816.4960607690904,0.004869199178543469,0.23229199335745085,0.13970333532861148,0.15963059616088865
2028-01-21,1.2931506849315069,1035.0,call,4.105,816.4960607690904,0.004869199178543469,0.23713461783323875,0.13957655838002636,0.15926438888549804
2028-01-21,1.2931506849315069,1040.0,call,3.83,816.4960607690904,0.004869199178543469,0.24195390426918775,0.1395051376964786,0.15891344024658205
2028-01-21,1.2931506849315069,1045.0,call,3.5700000000000003,816.4960607690904,0.004869199178543469,0.24675007653268072,0.13941995304711532,0.15860826751708984
2028-01-21,1.2931506849315069,1050.0,call,3.335,816.4960607690904,0.004869199178543469,0.2515233552853385,0.13941532458463948,0.15833361206054689
2028-01-21,1.2931506849315069,1055.0,call,3.09,816.4960607690904,0.004869199178543469,0.25627395804393627,0.13918538717511794,0.15793688751220702
2028-01-21,1.2931506849315069,1060.0,call,2.91,816.4960607690904,0.004869199178543469,0.2610020992398823,0.1394352925058015,0.15799792205810548
2028-01-21,1.2931506849315069,1065.0,call,2.7199999999999998,816.4960607690904,0.004869199178543469,0.2657079902772949,0.13947787747969087,0.15784533569335937
2028-01-21,1.2931506849315069,1070.0,call,2.54,816.4960607690904,0.004869199178543469,0.2703918395897212,0.13950305662444698,0.15769274932861327
2028-01-21,1.2931506849315069,1075.0,call,2.38,816.4960607690904,0.004869199178543469,0.2750538526955326,0.13962712460629062,0.15763171478271482
2028-01-21,1.2931506849315069,1080.0,call,2.235,816.4960607690904,0.004869199178543469,0.27969423225203477,0.13981301330201493,0.15760119750976562
2028-01-21,1.2931506849315069,1085.0,call,2.09,816.4960607690904,0.004869199178543469,0.2843131781083294,0.1398929659103838,0.1574486111450195
2028-01-21,1.2931506849315069,1090.0,call,1.95,816.4960607690904,0.004869199178543469,0.2889108873569588,0.13992197173871776,0.15729602478027344
2028-01-21,1.2931506849315069,1095.0,call,1.8250000000000002,816.4960607690904,0.004869199178543469,0.2934875543843705,0.1400340676050043,0.15732654205322266
2028-01-21,1.2931506849315069,1100.0,call,1.705,816.4960607690904,0.004869199178543469,0.29804337092023137,0.14010752200267867,0.157234990234375
2028-01-21,1.2931506849315069,1105.0,call,1.605,816.4960607690904,0.004869199178543469,0.3025785260856226,0.1403656199221049,0.1573570593261719
2028-01-21,1.2931506849315069,1110.0,call,1.52,816.4960607690904,0.004869199178543469,0.30709320644014926,0.14076350586546735,0.1575401629638672
2028-01-21,1.2931506849315069,1115.0,call,1.42,816.4960607690904,0.004869199178543469,0.3115875960279885,0.14084146464790284,0.15747912841796874
2028-01-21,1.2931506849315069,1120.0,call,1.35,816.4960607690904,0.004869199178543469,0.31606187642290956,0.14132062415056515,0.15784533569335937
2028-01-21,1.2931506849315069,1125.0,call,1.275,816.4960607690904,0.004869199178543469,0.3205162267722899,0.14164406819259837,0.15796740478515625
2028-01-21,1.2931506849315069,1130.0,call,1.205,816.4960607690904,0.004869199178543469,0.3249508238401556,0.14197932966042234,0.15818102569580078
2028-01-21,1.2931506849315069,1135.0,call,1.1400000000000001,816.4960607690904,0.004869199178543469,0.3293658420492725,0.14233292417727558,0.15851671569824222
2028-01-21,1.2931506849315069,1140.0,call,1.085,816.4960607690904,0.004869199178543469,0.3337614535223105,0.142811981095287,0.1587913711547852
2028-01-21,1.2931506849315069,1150.0,call,0.965,816.4960607690904,0.004869199178543469,0.34249513349106514,0.14336132112523103,0.15912706115722658
2028-01-21,1.2931506849315069,1160.0,call,0.88,816.4960607690904,0.004869199178543469,0.3511531962341798,0.14441649513737173,0.1598594757080078
2028-01-21,1.2931506849315069,1170.0,call,0.8,816.4960607690904,0.004869199178543469,0.3597369399255711,0.14537688213683858,0.1606529248046875
2028-01-21,1.2931506849315069,1180.0,call,0.73,816.4960607690904,0.004869199178543469,0.3682476295934798,0.14638415719822456,0.1615074084472656
2028-01-21,1.2931506849315069,1190.0,call,0.605,816.4960607690904,0.004869199178543469,0.37668649823934447,0.14549524748766418,0.16053085571289064
2028-01-21,1.2931506849315069,1200.0,call,0.61,816.4960607690904,0.004869199178543469,0.3850547479098611,0.14838096194063147,0.1632163757324219
2028-01-21,1.2931506849315069,1210.0,call,0.56,816.4960607690904,0.004869199178543469,0.3933535507245562,0.1494186431658782,0.16407085937500002
2028-01-21,1.2931506849315069,1220.0,call,0.6,816.4960607690904,0.004869199178543469,0.4015840498610717,0.15341693965007117,0.16846534667968754
2028-01-21,1.2931506849315069,1230.0,call,0.44999999999999996,816.4960607690904,0.004869199178543469,0.4097473605002325,0.15052663336107824,0.16535258483886722
2028-01-21,1.2931506849315069,1240.0,call,0.44,816.4960607690904,0.004869199178543469,0.4178445707328519,0.15264611480968765,0.16742775939941407
2028-01-21,1.2931506849315069,1250.0,call,0.41500000000000004,816.4960607690904,0.004869199178543469,0.4258767424301162,0.15406553966036768,0.16858741577148442
2028-01-21,1.2931506849315069,1260.0,call,0.385,816.4960607690904,0.004869199178543469,0.4338449120792931,0.1551497462288838,0.1695639685058594
2028-01-21,1.2931506849315069,1270.0,call,0.36,816.4960607690904,0.004869199178543469,0.4417500915864064,0.15634850572195347,0.17041845214843754
2028-01-21,1.2931506849315069,1280.0,call,0.33499999999999996,816.4960607690904,0.004869199178543469,0.4495932690474322,0.15743139598388495,0.17170017761230472
2028-01-21,1.2931506849315069,1300.0,call,0.29500000000000004,816.4960607690904,0.004869199178543469,0.4650974555833975,0.159813273104664,0.1739584558105469
2028-01-21,1.2931506849315069,1310.0,call,0.28,816.4960607690904,0.004869199178543469,0.47276032832896664,0.16116284093642572,0.1749350085449219
2028-01-21,1.2931506849315069,1320.0,call,0.265,816.4960607690904,0.004869199178543469,0.480364927714186,0.16243356889763114,0.17652190673828128
2028-01-21,1.2931506849315069,1330.0,call,0.245,816.4960607690904,0.004869199178543469,0.4879121333495689,0.16327019180436333,0.1772543212890625
2028-01-21,1.2931506849315069,1340.0,call,0.22999999999999998,816.4960607690904,0.004869199178543469,0.4954028050787264,0.16434921727705215,0.17798673583984376
2028-01-21,1.2931506849315069,1350.0,call,0.22499999999999998,816.4960607690904,0.004869199178543469,0.5028377835662445,0.16611237553941596,0.18006191040039063
2028-01-21,1.2931506849315069,1360.0,call,0.21000000000000002,816.4960607690904,0.004869199178543469,0.510217890863867,0.167039562237252,0.18140467041015623
2028-01-21,1.2931506849315069,1380.0,call,0.185,816.4960607690904,0.004869199178543469,0.5248166902850199,0.16902102043610626,0.1828694995117187
2028-01-21,1.2931506849315069,1390.0,call,0.175,816.4960607690904,0.004869199178543469,0.5320369382585067,0.17011087011241502,0.1840901904296875
2028-01-21,1.2931506849315069,1400.0,call,0.16499999999999998,816.4960607690904,0.004869199178543469,0.5392054277371193,0.17112388087318847,0.18506674316406246
2028-01-21,1.2931506849315069,1410.0,call,0.15500000000000003,816.4960607690904,0.004869199178543469,0.5463228955059833,0.17205478481563777,0.1860432958984375
2028-01-21,1.2931506849315069,1430.0,call,0.14500000000000002,816.4960607690904,0.004869199178543469,0.5604076353877224,0.17482284891233932,0.18872881591796875
2028-01-21,1.2931506849315069,1440.0,call,0.135,816.4960607690904,0.004869199178543469,0.5673763047038157,0.17554274387356159,0.18946123046875002
2028-01-21,1.2931506849315069,1450.0,call,0.13,816.4960607690904,0.004869199178543469,0.5742967475483894,0.17680073453085896,0.1914143359375
2028-01-21,1.2931506849315069,1460.0,call,0.125,816.4960607690904,0.004869199178543469,0.5811696268361515,0.178013938061605,0.19190261230468753
2028-01-21,1.2931506849315069,1470.0,call,0.115,816.4960607690904,0.004869199178543469,0.5879955919065514,0.17848454181739778,0.192390888671875
2028-01-21,1.2931506849315069,1480.0,call,0.11,816.4960607690904,0.004869199178543469,0.5947752788919302,0.17957427534074466,0.1928791650390625
2028-06-16,1.6958904109589041,55.0,put,0.05,828.479428810086,0.004703863102494786,-2.71225882188725,0.6805358556291545,0.6640658593750002
2028-06-16,1.6958904109589041,70.0,put,0.085,828.479428810086,0.004703863102494786,-2.471096765070362,0.6470820182443172,0.629886513671875
2028-06-16,1.6958904109589041,75.0,put,0.095,828.479428810086,0.004703863102494786,-2.4021038935834107,0.6348227923579846,0.6171913281250001
2028-06-16,1.6958904109589041,80.0,put,0.14500000000000002,828.479428810086,0.004703863102494786,-2.3375653724458396,0.6424600280034387,0.624027197265625
2028-06-16,1.6958904109589041,90.0,put,0.22,828.479428810086,0.004703863102494786,-2.2197823367894562,0.6353395441926055,0.6167030517578126
2028-06-16,1.6958904109589041,95.0,put,0.21500000000000002,828.479428810086,0.004703863102494786,-2.16571511551918,0.618011891477542,0.5996133789062501
2028-06-16,1.6958904109589041,100.0,put,0.185,828.479428810086,0.004703863102494786,-2.1144218211316295,0.5938829254737146,0.5756878369140624
2028-06-16,1.6958904109589041,105.0,put,0.275,828.479428810086,0.004703863102494786,-2.0656316569621977,0.6043866521485128,0.5854533642578125
2028-06-16,1.6958904109589041,115.0,put,0.255,828.479428810086,0.004703863102494786,-1.974659878756471,0.5727618627544895,0.5542036767578126
2028-06-16,1.6958904109589041,120.0,put,0.425,828.479428810086,0.004703863102494786,-1.932100264337675,0.5928769015994582,0.5732464550781251
2028-06-16,1.6958904109589041,125.0,put,0.31,828.479428810086,0.004703863102494786,-1.8912782698174198,0.5600247518147394,0.5410202148437502
2028-06-16,1.6958904109589041,130.0,put,0.345,828.479428810086,0.004703863102494786,-1.8520575566641386,0.5548631134983312,0.5358933129882812
2028-06-16,1.6958904109589041,135.0,put,0.61,828.479428810086,0.004703863102494786,-1.8143172286812916,0.5810183366355934,0.5607954077148438
2028-06-16,1.6958904109589041,140.0,put,0.41000000000000003,828.479428810086,0.004703863102494786,-1.7779495845104167,0.5431119173294575,0.5239305419921875
2028-06-16,1.6958904109589041,145.0,put,0.445,828.479428810086,0.004703863102494786,-1.7428582646991466,0.5374703048314385,0.5180712255859375
2028-06-16,1.6958904109589041,150.0,put,0.485,828.479428810086,0.004703863102494786,-1.7089567130234653,0.532398997428755,0.5129443237304687
2028-06-16,1.6958904109589041,155.0,put,0.52,828.479428810086,0.004703863102494786,-1.6761668902004745,0.5265883683829641,0.506840869140625
2028-06-16,1.6958904109589041,160.0,put,0.565,828.479428810086,0.004703863102494786,-1.6444181918858942,0.5218886548288312,0.502080174560547
2028-06-16,1.6958904109589041,165.0,put,0.605,828.479428810086,0.004703863102494786,-1.6136465332191405,0.5165234507699915,0.49805189453125004
2028-06-16,1.6958904109589041,170.0,put,0.65,828.479428810086,0.004703863102494786,-1.5837935700694592,0.511611212975603,0.4924367163085938
2028-06-16,1.6958904109589041,175.0,put,0.6950000000000001,828.479428810086,0.004703863102494786,-1.554806033196207,0.506621314435598,0.48779809082031256
2028-06-16,1.6958904109589041,180.0,put,0.74,828.479428810086,0.004703863102494786,-1.5266351562295106,0.5015781203447259,0.4821829125976563
2028-06-16,1.6958904109589041,185.0,put,0.79,828.479428810086,0.004703863102494786,-1.4992361820413962,0.49690789484901265,0.47730014892578126
2028-06-16,1.6958904109589041,190.0,put,0.84,828.479428810086,0.004703863102494786,-1.4725679349592349,0.49217380042572034,0.47241738525390625
2028-06-16,1.6958904109589041,195.0,put,0.89,828.479428810086,0.004703863102494786,-1.4465924485559742,0.48739467171753575,0.4674125524902344
2028-06-16,1.6958904109589041,200.0,put,0.94,828.479428810086,0.004703863102494786,-1.4212746405716843,0.4825856615707434,0.46252978881835943
2028-06-16,1.6958904109589041,205.0,put,0.995,828.479428810086,0.004703863102494786,-1.3965820279813128,0.478084492781351,0.458135301513672
2028-06-16,1.6958904109589041,210.0,put,2.5300000000000002,828.479428810086,0.004703863102494786,-1.3724844764022524,0.5403522630921731,0.5164232928466796
2028-06-16,1.6958904109589041,220.0,put,1.27,828.479428810086,0.004703863102494786,-1.3259644607673597,0.47035730211920374,0.44946839599609373
2028-06-16,1.6958904109589041,225.0,put,1.225,828.479428810086,0.004703863102494786,-1.303491604915301,0.4603265512713812,0.4398249377441406
2028-06-16,1.6958904109589041,230.0,put,1.2850000000000001,828.479428810086,0.004703863102494786,-1.2815126981965257,0.4559599578344748,0.43530838134765626
2028-06-16,1.6958904109589041,235.0,put,1.3450000000000002,828.479428810086,0.004703863102494786,-1.260006492975562,0.4515768492620552,0.43079182495117196
2028-06-16,1.6958904109589041,240.0,put,1.41,828.479428810086,0.004703863102494786,-1.2389530837777298,0.44741576141624695,0.42627526855468756
2028-06-16,1.6958904109589041,245.0,put,1.475,828.479428810086,0.004703863102494786,-1.218333796574994,0.4432314506687321,0.42212491943359376
2028-06-16,1.6958904109589041,250.0,put,1.545,828.479428810086,0.004703863102494786,-1.1981310892574746,0.4392427751880231,0.4180356048583984
2028-06-16,1.6958904109589041,255.0,put,1.615,828.479428810086,0.004703863102494786,-1.178328461961295,0.43522640635524484,0.4138852557373046
2028-06-16,1.6958904109589041,260.0,put,1.685,828.479428810086,0.004703863102494786,-1.1589103761041932,0.4311893033988792,0.4097349066162109
2028-06-16,1.6958904109589041,265.0,put,1.76,828.479428810086,0.004703863102494786,-1.1398621811334988,0.42732384598204753,0.40552352294921873
2028-06-16,1.6958904109589041,270.0,put,1.835,828.479428810086,0.004703863102494786,-1.1211700481213465,0.42343400911680046,0.4017393811035156
2028-06-16,1.6958904109589041,275.0,put,1.91,828.479428810086,0.004703863102494786,-1.1028209094531498,0.4195256014471732,0.39752799743652345
2028-06-16,1.6958904109589041,280.0,put,1.99,828.479428810086,0.004703863102494786,-1.0848024039504713,0.4157689218988413,0.39362178649902346
2028-06-16,1.6958904109589041,285.0,put,2.0700000000000003,828.479428810086,0.004703863102494786,-1.0671028268510705,0.4119906386927625,0.3897155755615235
2028-06-16,1.6958904109589041,290.0,put,2.1550000000000002,828.479428810086,0.004703863102494786,-1.0497110841392014,0.408348581765848,0.38611453735351553
2028-06-16,1.6958904109589041,295.0,put,2.2350000000000003,828.479428810086,0.004703863102494786,-1.0326166507799013,0.40453562363428003,0.38220832641601554
2028-06-16,1.6958904109589041,300.0,put,2.325,828.479428810086,0.004703863102494786,-1.0158095324635201,0.4009982727388306,0.37854625366210937
2028-06-16,1.6958904109589041,305.0,put,2.415,828.479428810086,0.004703863102494786,-0.9992802305123094,0.39743564663249265,0.3748231463623046
2028-06-16,1.6958904109589041,310.0,put,2.505,828.479428810086,0.004703863102494786,-0.9830197096405291,0.3938522866874555,0.37116107360839845
2028-06-16,1.6958904109589041,315.0,put,2.5999999999999996,828.479428810086,0.004703863102494786,-0.9670193682940881,0.3903794476974913,0.36743796630859377
2028-06-16,1.6958904109589041,320.0,put,3.355,828.479428810086,0.004703863102494786,-0.9512710113259488,0.40205065447033433,0.3782105636596679
2028-06-16,1.6958904109589041,325.0,put,2.795,828.479428810086,0.004703863102494786,-0.9357668247899835,0.38349039713280514,0.3604189935302734
2028-06-16,1.6958904109589041,330.0,put,3.0149999999999997,828.479428810086,0.004703863102494786,-0.9204993526591952,0.38278986685441607,0.35941192352294915
2028-06-16,1.6958904109589041,335.0,put,3.0,828.479428810086,0.004703863102494786,-0.9054614752946546,0.3767481898222821,0.35352208984374994
2028-06-16,1.6958904109589041,340.0,put,3.11,828.479428810086,0.004703863102494786,-0.8906463895095139,0.3735068537408628,0.35013467254638664
2028-06-16,1.6958904109589041,345.0,put,3.22,828.479428810086,0.004703863102494786,-0.8760475900883613,0.3702389157322793,0.3467472552490234
2028-06-16,1.6958904109589041,350.0,put,3.325,828.479428810086,0.004703863102494786,-0.8616588526362617,0.3668478778091871,0.34314621704101556
2028-06-16,1.6958904109589041,355.0,put,3.44,828.479428810086,0.004703863102494786,-0.8474742176443052,0.3636373055294424,0.3398808688354492
2028-06-16,1.6958904109589041,360.0,put,3.56,828.479428810086,0.004703863102494786,-0.8334879756695655,0.36049745526001015,0.33661552062988287
2028-06-16,1.6958904109589041,365.0,put,3.68,828.479428810086,0.004703863102494786,-0.8196946535372296,0.3573316790725054,0.3333196551513672
2028-06-16,1.6958904109589041,370.0,put,3.8049999999999997,828.479428810086,0.004703863102494786,-0.8060890014814509,0.35423117070746063,0.3299932723999023
2028-06-16,1.6958904109589041,375.0,put,3.93,828.479428810086,0.004703863102494786,-0.7926659811493103,0.35110538388028173,0.3268194760131836
2028-06-16,1.6958904109589041,380.0,put,4.0600000000000005,828.479428810086,0.004703863102494786,-0.7794207543992896,0.3480399616080381,0.3236151623535155
2028-06-16,1.6958904109589041,385.0,put,4.195,828.479428810086,0.004703863102494786,-0.7663486728319369,0.345030093973957,0.3205634350585937
2028-06-16,1.6958904109589041,390.0,put,4.33,828.479428810086,0.004703863102494786,-0.753445267996029,0.34199359545825314,0.3172980868530273
2028-06-16,1.6958904109589041,395.0,put,4.475,828.479428810086,0.004703863102494786,-0.7407062422185992,0.33908411470223976,0.3143073941040039
2028-06-16,1.6958904109589041,400.0,put,4.625,828.479428810086,0.004703863102494786,-0.728127460011739,0.33621763541992433,0.31131670135498035
2028-06-16,1.6958904109589041,405.0,put,4.765000000000001,828.479428810086,0.004703863102494786,-0.715704940013182,0.33317776068329463,0.3081276463317871
2028-06-16,1.6958904109589041,410.0,put,4.92,828.479428810086,0.004703863102494786,-0.7034348474213676,0.3303243366814233,0.3051827294921875
2028-06-16,1.6958904109589041,420.0,put,5.24,828.479428810086,0.004703863102494786,-0.6793372958423072,0.3246601858677676,0.2992318612670898
2028-06-16,1.6958904109589041,425.0,put,5.41,828.479428810086,0.004703863102494786,-0.6675028381953042,0.3219103840381897,0.2963022030639648
2028-06-16,1.6958904109589041,435.0,put,5.765000000000001,828.479428810086,0.004703863102494786,-0.644245976031037,0.3164931714206004,0.29062599029541014
2028-06-16,1.6958904109589041,440.0,put,5.95,828.479428810086,0.004703863102494786,-0.6328172802074143,0.3138210145301873,0.2877268493652343
2028-06-16,1.6958904109589041,445.0,put,6.145,828.479428810086,0.004703863102494786,-0.6215177249534809,0.3112264220003012,0.2850260707092284
2028-06-16,1.6958904109589041,450.0,put,6.34,828.479428810086,0.004703863102494786,-0.6103444243553556,0.3085935241231733,0.2821727056884765
2028-06-16,1.6958904109589041,455.0,put,6.55,828.479428810086,0.004703863102494786,-0.5992945881687707,0.3060843327385262,0.27948718566894526
2028-06-16,1.6958904109589041,460.0,put,6.755,828.479428810086,0.004703863102494786,-0.5883655176365804,0.30348205221715935,0.27675588973999016
2028-06-16,1.6958904109589041,465.0,put,6.98,828.479428810086,0.004703863102494786,-0.5775546015323647,0.30104454791334007,0.27417718017578124
2028-06-16,1.6958904109589041,470.0,put,7.205,828.479428810086,0.004703863102494786,-0.5668593124156167,0.2985629502759674,0.2714611428833008
2028-06-16,1.6958904109589041,475.0,put,7.445,828.479428810086,0.004703863102494786,-0.5562772030850799,0.2961824286813433,0.26888243331909173
2028-06-16,1.6958904109589041,480.0,put,7.69,828.479428810086,0.004703863102494786,-0.5458059032177845,0.2938020233933616,0.26634949966430665
2028-06-16,1.6958904109589041,485.0,put,7.94,828.479428810086,0.004703863102494786,-0.5354431161822378,0.2914210560556194,0.26377079010009763
2028-06-16,1.6958904109589041,490.0,put,8.205,828.479428810086,0.004703863102494786,-0.5251866160150488,0.2891260199409119,0.2612378564453125
2028-06-16,1.6958904109589041,495.0,put,8.475,828.479428810086,0.004703863102494786,-0.5150342445510308,0.2868244942209515,0.25879647460937505
2028-06-16,1.6958904109589041,500.0,put,8.77,828.479428810086,0.004703863102494786,-0.5049839086975293,0.28468103980052517,0.25632457550048826
2028-06-16,1.6958904109589041,505.0,put,9.055,828.479428810086,0.004703863102494786,-0.4950335778443613,0.2824014089259882,0.2538679350280762
2028-06-16,1.6958904109589041,510.0,put,9.36,828.479428810086,0.004703863102494786,-0.48518128140134964,0.28022958903847356,0.25142655319213864
2028-06-16,1.6958904109589041,515.0,put,9.655,828.479428810086,0.004703863102494786,-0.47542510645598496,0.2779282278658204,0.2490156886291504
2028-06-16,1.6958904109589041,520.0,put,10.004999999999999,828.479428810086,0.004703863102494786,-0.465763195544248,0.2759873166366457,0.2467574104309082
2028-06-16,1.6958904109589041,525.0,put,10.32,828.479428810086,0.004703863102494786,-0.4561937445280973,0.2737295724859011,0.2443007699584961
2028-06-16,1.6958904109589041,530.0,put,10.66,828.479428810086,0.004703863102494786,-0.44671500057355346,0.27159911740636705,0.2419967158508301
2028-06-16,1.6958904109589041,535.0,put,11.025,828.479428810086,0.004703863102494786,-0.4373252602237146,0.26958519786371843,0.239692661743164
2028-06-16,1.6958904109589041,540.0,put,11.395,828.479428810086,0.004703863102494786,-0.42802286756140107,0.2675445965419355,0.23738860763549802
2028-06-16,1.6958904109589041,545.0,put,11.77,828.479428810086,0.004703863102494786,-0.41880621245647703,0.2654781016450994,0.2350387776184082
2028-06-16,1.6958904109589041,550.0,put,12.155000000000001,828.479428810086,0.004703863102494786,-0.40967372889320447,0.2634180349892003,0.23279575805664063
2028-06-16,1.6958904109589041,555.0,put,12.565,828.479428810086,0.004703863102494786,-0.4006238933732865,0.2614551464491504,0.23049933326721192
2028-06-16,1.6958904109589041,560.0,put,12.989999999999998,828.479428810086,0.004703863102494786,-0.3916552233905261,0.25952083948921584,0.22830971893310548
2028-06-16,1.6958904109589041,565.0,put,13.41,828.479428810086,0.004703863102494786,-0.38276627597328017,0.2574944412441091,0.22599803550720213
2028-06-16,1.6958904109589041,570.0,put,13.86,828.479428810086,0.004703863102494786,-0.37395564629112527,0.2555813971505034,0.22383893844604486
2028-06-16,1.6958904109589041,575.0,put,14.335,828.479428810086,0.004703863102494786,-0.36522196632237064,0.2537442395206214,0.22161117752075193
2028-06-16,1.6958904109589041,580.0,put,14.8,828.479428810086,0.004703863102494786,-0.35656390357925605,0.25178555310733836,0.2194291925048828
2028-06-16,1.6958904109589041,585.0,put,15.305,828.479428810086,0.004703863102494786,-0.3479801598878645,0.24997814440836338,0.21727009544372558
2028-06-16,1.6958904109589041,590.0,put,15.805,828.479428810086,0.004703863102494786,-0.3394694702199559,0.24807644679343344,0.2150423345184326
2028-06-16,1.6958904109589041,595.0,put,16.335,828.479428810086,0.004703863102494786,-0.33103060157409137,0.24626280634261502,0.2128908667755127
2028-06-16,1.6958904109589041,600.0,put,16.875,828.479428810086,0.004703863102494786,-0.32266235190357473,0.24443063381836758,0.21071651107788086
2028-06-16,1.6958904109589041,605.0,put,17.43,828.479428810086,0.004703863102494786,-0.31436354908887965,0.24260378740761962,0.2085650433349609
2028-06-16,1.6958904109589041,610.0,put,17.994999999999997,828.479428810086,0.004703863102494786,-0.3061330499523641,0.24075667597504052,0.20637542900085445
2028-06-16,1.6958904109589041,615.0,put,18.595,828.479428810086,0.004703863102494786,-0.29796973931320314,0.23900459734863458,0.20425447853088377
2028-06-16,1.6958904109589041,620.0,put,19.225,828.479428810086,0.004703863102494786,-0.28987252908058375,0.23731703702590393,0.20217167465209956
2028-06-16,1.6958904109589041,625.0,put,19.84,828.479428810086,0.004703863102494786,-0.28184035738331964,0.23548916698712224,0.19998206031799318
2028-06-16,1.6958904109589041,630.0,put,20.505000000000003,828.479428810086,0.004703863102494786,-0.27387218773414274,0.2338094676342376,0.1978687391662598
2028-06-16,1.6958904109589041,635.0,put,21.174999999999997,828.479428810086,0.004703863102494786,-0.26596700822702946,0.2320763080577844,0.19572490074157714
2028-06-16,1.6958904109589041,640.0,put,21.865000000000002,828.479428810086,0.004703863102494786,-0.25812383076600354,0.23035345994060527,0.19361157958984376
2028-06-16,1.6958904109589041,645.0,put,22.58,828.479428810086,0.004703863102494786,-0.25034169032394854,0.22865882944792754,0.19149062911987308
2028-06-16,1.6958904109589041,650.0,put,23.335,828.479428810086,0.004703863102494786,-0.24261964423003823,0.22704856907096385,0.1894383425140381
2028-06-16,1.6958904109589041,655.0,put,24.085,828.479428810086,0.004703863102494786,-0.23495677148446922,0.22534045026488356,0.18726398681640627
2028-06-16,1.6958904109589041,660.0,put,24.875,828.479428810086,0.004703863102494786,-0.22735217209924988,0.22371032694318246,0.1851201483917236
2028-06-16,1.6958904109589041,665.0,put,25.69,828.479428810086,0.004703863102494786,-0.21980496646386694,0.22209564380096597,0.18298393928527829
2028-06-16,1.6958904109589041,670.0,put,26.515,828.479428810086,0.004703863102494786,-0.2123142947347093,0.22043854955318665,0.18086680347442624
2028-06-16,1.6958904109589041,675.0,put,27.395,828.479428810086,0.004703863102494786,-0.20487931624719122,0.21890179623547756,0.1787572969818115
2028-06-16,1.6958904109589041,680.0,put,28.28,828.479428810086,0.004703863102494786,-0.19749920894956863,0.2172999130932054,0.17662490253448487
2028-06-16,1.6958904109589041,685.0,put,29.185000000000002,828.479428810086,0.004703863102494786,-0.19017316885749586,0.21568665692268663,0.17449250808715822
2028-06-16,1.6958904109589041,690.0,put,30.130000000000003,828.479428810086,0.004703863102494786,-0.18290040952841605,0.21412898762260688,0.17236392829895023
2028-06-16,1.6958904109589041,695.0,put,31.12,828.479428810086,0.004703863102494786,-0.17568016155492897,0.2126388538327737,0.17022771919250493
2028-06-16,1.6958904109589041,700.0,put,32.129999999999995,828.479428810086,0.004703863102494786,-0.1685116720763164,0.21112845796520455,0.1681143980407715
2028-06-16,1.6958904109589041,705.0,put,33.17,828.479428810086,0.004703863102494786,-0.16139420430745238,0.20962930993286133,0.16595530097961428
2028-06-16,1.6958904109589041,710.0,put,34.254999999999995,828.479428810086,0.004703863102494786,-0.1543270370843599,0.20818676630782218,0.16381146255493167
2028-06-16,1.6958904109589041,715.0,put,35.34,828.479428810086,0.004703863102494786,-0.14730946442571347,0.20665494714353333,0.16159133094787595
2028-06-16,1.6958904109589041,720.0,put,36.480000000000004,828.479428810086,0.004703863102494786,-0.1403407951096201,0.20520603945873453,0.1594093459320068
2028-06-16,1.6958904109589041,725.0,put,37.66,828.479428810086,0.004703863102494786,-0.1334203522650463,0.2037886746398479,0.1572502488708496
2028-06-16,1.6958904109589041,730.0,put,38.875,828.479428810086,0.004703863102494786,-0.12654747297728425,0.20238453716345667,0.1550606345367432
2028-06-16,1.6958904109589041,735.0,put,40.129999999999995,828.479428810086,0.004703863102494786,-0.11972150790688438,0.20100593529985897,0.15288627883911138
2028-06-16,1.6958904109589041,740.0,put,41.425,828.479428810086,0.004703863102494786,-0.11294182092150559,0.19964990969322594,0.15067377655029301
2028-06-16,1.6958904109589041,745.0,put,42.754999999999995,828.479428810086,0.004703863102494786,-0.10620778874016161,0.1982992790005214,0.1484154983520508
2028-06-16,1.6958904109589041,750.0,put,44.135000000000005,828.479428810086,0.004703863102494786,-0.09951880058936499,0.19699460161782253,0.1461610348129272
2028-06-16,1.6958904109589041,755.0,put,45.575,828.479428810086,0.004703863102494786,-0.09287425787069639,0.1957604069795435,0.1439523471832275
2028-06-16,1.6958904109589041,760.0,put,47.05,828.479428810086,0.004703863102494786,-0.08627357383934431,0.19452303870203191,0.14165592239379882
2028-06-16,1.6958904109589041,765.0,put,48.565,828.479428810086,0.004703863102494786,-0.07971617329318521,0.1932946009088386,0.13937094158172608
2028-06-16,1.6958904109589041,770.0,put,50.14,828.479428810086,0.004703863102494786,-0.07320149227199149,0.19212738948865746,0.13706307281494146
2028-06-16,1.6958904109589041,775.0,put,51.78,828.479428810086,0.004703863102494786,-0.06672897776637414,0.1910313017335313,0.1347285014343262
2028-06-16,1.6958904109589041,780.0,put,53.504999999999995,828.479428810086,0.004703863102494786,-0.06029808743608369,0.1900559516311234,0.1324778525543213
2028-06-16,1.6958904109589041,785.0,put,55.209999999999994,828.479428810086,0.004703863102494786,-0.05390828933731266,0.18891967441550991,0.13001358276367186
2028-06-16,1.6958904109589041,790.0,put,57.019999999999996,828.479428810086,0.004703863102494786,-0.047559061658653895,0.18795222825807623,0.12764467945098878
2028-06-16,1.6958904109589041,795.0,put,58.89,828.479428810086,0.004703863102494786,-0.041249892465389154,0.18703142822479094,0.1251918536376953
2028-06-16,1.6958904109589041,800.0,put,60.845,828.479428810086,0.004703863102494786,-0.03498027945179374,0.18621954950469952,0.12278861839294433
2028-06-16,1.6958904109589041,805.0,put,62.85,828.479428810086,0.004703863102494786,-0.02874972970115776,0.1854238234604773,0.1203090899658203
2028-06-16,1.6958904109589041,810.0,put,64.94,828.479428810086,0.004703863102494786,-0.02255775945323666,0.18473226249848013,0.11784100551605224
2028-06-16,1.6958904109589041,815.0,put,67.13499999999999,828.479428810086,0.004703863102494786,-0.016403893878858385,0.18419317849455594,0.11539199436187746
2028-06-16,1.6958904109589041,820.0,put,69.38499999999999,828.479428810086,0.004703863102494786,-0.010287666861422276,0.1836779900321097,0.11283235809326173
2028-06-16,1.6958904109589041,825.0,put,71.725,828.479428810086,0.004703863102494786,-0.004208620785040071,0.1832741951938944,0.11024220455169677
2028-06-16,1.6958904109589041,830.0,call,72.735,828.479428810086,0.004703863102494786,0.0018336936709224595,0.1829807176151683,0.23386386260986325
2028-06-16,1.6958904109589041,835.0,call,70.045,828.479428810086,0.004703863102494786,0.007839717731134352,0.1814468625920762,0.23165136032104489
2028-06-16,1.6958904109589041,840.0,call,67.535,828.479428810086,0.004703863102494786,0.013809884717638188,0.18025204374700277,0.22562419891357421
2028-06-16,1.6958904109589041,845.0,call,64.945,828.479428810086,0.004703863102494786,0.019744620237452753,0.17874595690772932,0.22342695526123046
2028-06-16,1.6958904109589041,850.0,call,62.42,828.479428810086,0.004703863102494786,0.025644342364641064,0.1772886338560343,0.22127167285919191
2028-06-16,1.6958904109589041,855.0,call,59.93000000000001,828.479428810086,0.004703863102494786,0.03150946181703916,0.17580363120426765,0.21910876113891603
2028-06-16,1.6958904109589041,860.0,call,57.53,828.479428810086,0.004703863102494786,0.037340382127832375,0.17442617394424484,0.21706410385131836
2028-06-16,1.6958904109589041,865.0,call,55.165,828.479428810086,0.004703863102494786,0.0431374998121583,0.1730178446357664,0.2150080025863647
2028-06-16,1.6958904109589041,870.0,call,52.879999999999995,828.479428810086,0.004703863102494786,0.0489012045289084,0.17168953508270773,0.21302056518554688
2028-06-16,1.6958904109589041,875.0,call,50.615,828.479428810086,0.004703863102494786,0.05463187923789344,0.17028992368765478,0.2109911665344238
2028-06-16,1.6958904109589041,880.0,call,48.435,828.479428810086,0.004703863102494786,0.060329900352530975,0.16898072791060512,0.2090456903839111
2028-06-16,1.6958904109589041,885.0,call,46.349999999999994,828.479428810086,0.004703863102494786,0.06599563788820835,0.16778729545215987,0.20722228332519527
2028-06-16,1.6958904109589041,890.0,call,44.265,828.479428810086,0.004703863102494786,0.07162945560646437,0.1664683685621126,0.20527680717468258
2028-06-16,1.6958904109589041,895.0,call,42.28,828.479428810086,0.004703863102494786,0.07723171115513425,0.16527733583415946,0.2034686587524414
2028-06-16,1.6958904109589041,900.0,call,40.370000000000005,828.479428810086,0.004703863102494786,0.08280275620458964,0.16415150246688875,0.20177876476287843
2028-06-16,1.6958904109589041,905.0,call,38.5,828.479428810086,0.004703863102494786,0.08834293658020503,0.16300061321528794,0.20002020690917968
2028-06-16,1.6958904109589041,910.0,call,36.675,828.479428810086,0.004703863102494786,0.09385259239117465,0.16183675987203416,0.1982959809875488
2028-06-16,1.6958904109589041,915.0,call,34.96,828.479428810086,0.004703863102494786,0.09933205815580025,0.16083234663536353,0.19671671211242672
2028-06-16,1.6958904109589041,920.0,call,33.28,828.479428810086,0.004703863102494786,0.10478166292336495,0.15979055504370482,0.19512218460083008
2028-06-16,1.6958904109589041,925.0,call,31.67,828.479428810086,0.004703863102494786,0.11020173039270416,0.15880570932127358,0.19360395027160646
2028-06-16,1.6958904109589041,930.0,call,30.115000000000002,828.479428810086,0.004703863102494786,0.1155925790275806,0.15783889416013308,0.19209334526062014
2028-06-16,1.6958904109589041,935.0,call,28.634999999999998,828.479428810086,0.004703863102494786,0.120954522168966,0.1569474951650127,0.19068573604583738
2028-06-16,1.6958904109589041,940.0,call,27.195,828.479428810086,0.004703863102494786,0.1262878681443286,0.15603598862534618,0.18926668285369874
2028-06-16,1.6958904109589041,945.0,call,25.835,828.479428810086,0.004703863102494786,0.1315929203740216,0.15522012501543436,0.18792773750305172
2028-06-16,1.6958904109589041,950.0,call,24.535,828.479428810086,0.004703863102494786,0.13686997747486537,0.1544470207929241,0.186707046585083
2028-06-16,1.6958904109589041,955.0,call,23.27,828.479428810086,0.004703863102494786,0.14211933336100913,0.15364546204355323,0.18537954521179198
2028-06-16,1.6958904109589041,960.0,call,22.09,828.479428810086,0.004703863102494786,0.14734127734216082,0.15296811249199702,0.1842809233856201
2028-06-16,1.6958904109589041,965.0,call,20.945,828.479428810086,0.004703863102494786,0.15253609421926484,0.15226835327475802,0.18311363769531247
2028-06-16,1.6958904109589041,970.0,call,19.85,828.479428810086,0.004703863102494786,0.15770406437770743,0.15159449604405129,0.18198449859619142
2028-06-16,1.6958904109589041,975.0,call,18.83,828.479428810086,0.004703863102494786,0.16284546387812612,0.15103152790142615,0.1810384631347656
2028-06-16,1.6958904109589041,980.0,call,17.835,828.479428810086,0.004703863102494786,0.16796056454489655,0.15042322376814735,0.17995509994506836
2028-06-16,1.6958904109589041,985.0,call,16.895,828.479428810086,0.004703863102494786,0.17304963405236784,0.1498708838137403,0.17900143516540526
2028-06-16,1.6958904109589041,990.0,call,16.005,828.479428810086,0.004703863102494786,0.1781129360089146,0.14936380169427896,0.17810117561340333
2028-06-16,1.6958904109589041,995.0,call,15.149999999999999,828.479428810086,0.004703863102494786,0.18315073003887178,0.1488547122608588,0.17718565742492673
2028-06-16,1.6958904109589041,1000.0,call,14.34,828.479428810086,0.004703863102494786,0.18816327186241608,0.14838299333862176,0.17633880310058597
2028-06-16,1.6958904109589041,1005.0,call,13.575,828.479428810086,0.004703863102494786,0.19315081337345497,0.14795470025079807,0.17556824195861817
2028-06-16,1.6958904109589041,1010.0,call,12.844999999999999,828.479428810086,0.004703863102494786,0.19811360271558398,0.14753806900075164,0.17479768081665042
2028-06-16,1.6958904109589041,1015.0,call,12.149999999999999,828.479428810086,0.004703863102494786,0.20305188435616658,0.14713742752726156,0.17403474899291993
2028-06-16,1.6958904109589041,1020.0,call,11.504999999999999,828.479428810086,0.004703863102494786,0.20796589915859565,0.14681866632483612,0.17340151557922365
2028-06-16,1.6958904109589041,1025.0,call,10.870000000000001,828.479428810086,0.004703863102494786,0.21285588445278747,0.1464249434921312,0.17266147171020513
2028-06-16,1.6958904109589041,1030.0,call,10.285,828.479428810086,0.004703863102494786,0.21772207410396038,0.14612573667692463,0.17206638488769532
2028-06-16,1.6958904109589041,1035.0,call,9.73,828.479428810086,0.004703863102494786,0.2225646985797484,0.1458445406148544,0.17145603942871096
2028-06-16,1.6958904109589041,1040.0,call,9.195,828.479428810086,0.004703863102494786,0.2273839850156973,0.1455410229573959,0.17083043533325198
2028-06-16,1.6958904109589041,1050.0,call,8.215,828.479428810086,0.004703863102494786,0.23695343603184804,0.14502055796750285,0.1697318135070801
2028-06-16,1.6958904109589041,1055.0,call,6.78,828.479428810086,0.004703863102494786,0.24170403879044586,0.13968207439669053,0.163719910736084
2028-06-16,1.6958904109589041,1060.0,call,5.585,828.479428810086,0.004703863102494786,0.24643217998639183,0.1348837022008896,0.15815050842285155
2028-06-16,1.6958904109589041,1070.0,call,6.5600000000000005,828.479428810086,0.004703863102494786,0.2558219203362307,0.14423016681377093,0.16791603576660158
2028-06-16,1.6958904109589041,1075.0,call,6.205,828.479428810086,0.004703863102494786,0.26048393344204207,0.14409555721982248,0.16750405258178713
2028-06-16,1.6958904109589041,1080.0,call,4.78,828.479428810086,0.004703863102494786,0.2651243129985443,0.1371709102468326,0.15973740661621094
2028-06-16,1.6958904109589041,1085.0,call,5.55,828.479428810086,0.004703863102494786,0.26974325885483885,0.1438561136822112,0.1667563793945313
2028-06-16,1.6958904109589041,1090.0,call,5.245,828.479428810086,0.004703863102494786,0.2743409681034683,0.14372992381493802,0.16643594802856448
2028-06-16,1.6958904109589041,1095.0,call,4.97,828.479428810086,0.004703863102494786,0.27891763513088014,0.14370343008804776,0.1661612925720215
2028-06-16,1.6958904109589041,1100.0,call,4.665,828.479428810086,0.004703863102494786,0.28347345166674087,0.14338078056911227,0.16556620574951175
2028-06-16,1.6958904109589041,1105.0,call,4.42,828.479428810086,0.004703863102494786,0.28800860683213214,0.14337263921438348,0.165322067565918
2028-06-16,1.6958904109589041,1110.0,call,4.2,828.479428810086,0.004703863102494786,0.29252328718665876,0.14346073662378336,0.16529155029296877
2028-06-16,1.6958904109589041,1115.0,call,3.995,828.479428810086,0.004703863102494786,0.29701767677449814,0.14358300548841785,0.1651999984741211
2028-06-16,1.6958904109589041,1120.0,call,3.7800000000000002,828.479428810086,0.004703863102494786,0.30149195716941923,0.14354973954122252,0.1650168948364258
2028-06-16,1.6958904109589041,1125.0,call,3.585,828.479428810086,0.004703863102494786,0.30594630751879937,0.14359268268798933,0.16483379119873048
2028-06-16,1.6958904109589041,1130.0,call,3.38,828.479428810086,0.004703863102494786,0.3103809045866651,0.1434697214758865,0.16446758392333982
2028-06-16,1.6958904109589041,1135.0,call,3.2199999999999998,828.479428810086,0.004703863102494786,0.31479592279578195,0.14365047929577354,0.16458965301513673
2028-06-16,1.6958904109589041,1145.0,call,2.895,828.479428810086,0.004703863102494786,0.3235679088686189,0.143753045834021,0.1642081871032715
2028-06-16,1.6958904109589041,1150.0,call,2.7649999999999997,828.479428810086,0.004703863102494786,0.32792521423757465,0.14400557621872212,0.16442180801391604
2028-06-16,1.6958904109589041,1160.0,call,2.505,828.479428810086,0.004703863102494786,0.3365832769806893,0.14432286016804186,0.1644523252868652
2028-06-16,1.6958904109589041,1170.0,call,2.26,828.479428810086,0.004703863102494786,0.34516702067208077,0.1445334949373455,0.16431499755859375
2028-06-16,1.6958904109589041,1180.0,call,2.075,828.479428810086,0.004703863102494786,0.35367771033998946,0.14518566069294242,0.1646659461975098
2028-06-16,1.6958904109589041,1190.0,call,1.88,828.479428810086,0.004703863102494786,0.3621165789858539,0.1454966526858992,0.16465068756103518
2028-06-16,1.6958904109589041,1200.0,call,1.7349999999999999,828.479428810086,0.004703863102494786,0.37048482865637056,0.1462449737920412,0.16526103302001954
2028-06-16,1.6958904109589041,1210.0,call,1.59,828.479428810086,0.004703863102494786,0.3787836314710657,0.1468083937972771,0.16553568847656253
2028-06-16,1.6958904109589041,1220.0,call,1.46,828.479428810086,0.004703863102494786,0.38701413060758116,0.14740356181495343,0.16590189575195316
2028-06-16,1.6958904109589041,1230.0,call,1.34,828.479428810086,0.004703863102494786,0.39517744124674214,0.14797324293775999,0.16629862030029302
2028-06-16,1.6958904109589041,1240.0,call,1.2349999999999999,828.479428810086,0.004703863102494786,0.40327465147936153,0.14862101995657084,0.16666482757568363
2028-06-16,1.6958904109589041,1250.0,call,1.1549999999999998,828.479428810086,0.004703863102494786,0.41130682317662565,0.14957073367733817,0.1674582766723633
2028-06-16,1.6958904109589041,1260.0,call,1.0750000000000002,828.479428810086,0.004703863102494786,0.41927499282580255,0.15039129495760628,0.1680991394042969
2028-06-16,1.6958904109589041,1280.0,call,0.925,828.479428810086,0.004703863102494786,0.4350233497939418,0.15182686670621445,0.1692587957763672
2028-06-16,1.6958904109589041,1300.0,call,0.8200000000000001,828.479428810086,0.004703863102494786,0.4505275363299071,0.1537982572131839,0.17108983215332033
2028-06-16,1.6958904109589041,1310.0,call,0.765,828.479428810086,0.004703863102494786,0.4581904090754761,0.15456091348509812,0.1715781085205078
2028-06-16,1.6958904109589041,1320.0,call,0.715,828.479428810086,0.004703863102494786,0.46579500846069544,0.155341203409187,0.17224948852539065
2028-06-16,1.6958904109589041,1330.0,call,0.675,828.479428810086,0.004703863102494786,0.47334221409607835,0.15630131025394914,0.17310397216796874
2028-06-16,1.6958904109589041,1340.0,call,0.645,828.479428810086,0.004703863102494786,0.480832885825236,0.1574783335245033,0.17420259399414065
2028-06-16,1.6958904109589041,1350.0,call,0.605,828.479428810086,0.004703863102494786,0.4882678643127541,0.15826548004708643,0.17487397399902344
2028-06-16,1.6958904109589041,1360.0,call,0.575,828.479428810086,0.004703863102494786,0.49564797161037666,0.15928996295767053,0.17585052673339846
2028-06-16,1.6958904109589041,1370.0,call,0.545,828.479428810086,0.004703863102494786,0.5029740117024495,0.16023938765279994,0.17670501037597658
2028-06-16,1.6958904109589041,1380.0,call,0.515,828.479428810086,0.004703863102494786,0.5102467710315293,0.16110957787012223,0.17749845947265624
2028-06-16,1.6958904109589041,1390.0,call,0.495,828.479428810086,0.004703863102494786,0.5174670190050163,0.1622854006577633,0.17859708129882812
2028-06-16,1.6958904109589041,1400.0,call,0.46499999999999997,828.479428810086,0.004703863102494786,0.5246355084836289,0.16300273466843546,0.17920742675781248
2028-06-16,1.6958904109589041,1420.0,call,0.41500000000000004,828.479428810086,0.004703863102494786,0.5388201434755854,0.1645993988779,0.180672255859375
2028-06-16,1.6958904109589041,1430.0,call,0.405,828.479428810086,0.004703863102494786,0.5458377161342318,0.16597692014235935,0.18201501586914062
2028-06-16,1.6958904109589041,1440.0,call,0.385,828.479428810086,0.004703863102494786,0.5528063854503252,0.16684394743497585,0.1828694995117187
2028-06-16,1.6958904109589041,1450.0,call,0.37,828.479428810086,0.004703863102494786,0.559726828294899,0.1678951936547998,0.1840901904296875
2028-06-16,1.6958904109589041,1460.0,call,0.35,828.479428810086,0.004703863102494786,0.5665997075826611,0.16863545385012543,0.1848226049804687
2028-06-16,1.6958904109589041,1470.0,call,0.33499999999999996,828.479428810086,0.004703863102494786,0.573425672653061,0.16957557463768605,0.1854329504394531
2028-06-16,1.6958904109589041,1480.0,call,0.325,828.479428810086,0.004703863102494786,0.5802053596384397,0.1707449858407064,0.186531572265625
2028-12-15,2.1945205479452055,50.0,put,0.07,842.7656581950683,0.005012500294683975,-2.8246659283948423,0.6429713457726121,0.62305064453125
2028-12-15,2.1945205479452055,60.0,put,0.095,842.7656581950683,0.005012500294683975,-2.6423443716008874,0.6163296660142632,0.596683720703125
2028-12-15,2.1945205479452055,70.0,put,0.135,842.7656581950683,0.005012500294683975,-2.488193691773629,0.5984962033824411,0.57812921875
2028-12-15,2.1945205479452055,80.0,put,0.175,842.7656581950683,0.005012500294683975,-2.3546622991491066,0.579933574838753,0.559574716796875
2028-12-15,2.1945205479452055,90.0,put,0.22499999999999998,842.7656581950683,0.005012500294683975,-2.2368792634927233,0.5644337064469304,0.5434615966796876
2028-12-15,2.1945205479452055,100.0,put,0.28500000000000003,842.7656581950683,0.005012500294683975,-2.131518747834897,0.5508947934672579,0.5295457202148439
2028-12-15,2.1945205479452055,110.0,put,0.355,842.7656581950683,0.005012500294683975,-2.036208568030572,0.5386918282247695,0.5170946728515625
2028-12-15,2.1945205479452055,120.0,put,0.435,842.7656581950683,0.005012500294683975,-1.9491971910409422,0.5274544093083597,0.5053760400390624
2028-12-15,2.1945205479452055,140.0,put,0.615,842.7656581950683,0.005012500294683975,-1.7950465112136837,0.506022157335007,0.48474636352539063
2028-12-15,2.1945205479452055,150.0,put,0.725,842.7656581950683,0.005012500294683975,-1.7260536397267325,0.4967236011098165,0.47485876708984376
2028-12-15,2.1945205479452055,160.0,put,0.835,842.7656581950683,0.005012500294683975,-1.6615151185891612,0.48704194636166026,0.4647270324707031
2028-12-15,2.1945205479452055,170.0,put,0.955,842.7656581950683,0.005012500294683975,-1.6008904967727264,0.4778715517078277,0.4552056433105469
2028-12-15,2.1945205479452055,180.0,put,1.085,842.7656581950683,0.005012500294683975,-1.5437320829327779,0.469126649602217,0.44605046142578125
2028-12-15,2.1945205479452055,190.0,put,1.2149999999999999,842.7656581950683,0.005012500294683975,-1.4896648616625021,0.46021058989328173,0.43677321044921874
2028-12-15,2.1945205479452055,200.0,put,1.355,842.7656581950683,0.005012500294683975,-1.4383715672749515,0.4517120050727568,0.4278621667480469
2028-12-15,2.1945205479452055,210.0,put,1.505,842.7656581950683,0.005012500294683975,-1.3895814031055196,0.4435684033133849,0.4194393994140625
2028-12-15,2.1945205479452055,220.0,put,1.7149999999999999,842.7656581950683,0.005012500294683975,-1.3430613874706268,0.4376817563572638,0.41309180664062495
2028-12-15,2.1945205479452055,230.0,put,1.82,842.7656581950683,0.005012500294683975,-1.298609624899793,0.42761709947263254,0.4030211065673829
2028-12-15,2.1945205479452055,240.0,put,1.9949999999999999,842.7656581950683,0.005012500294683975,-1.2560500104809968,0.42015795117314036,0.395086615600586
2028-12-15,2.1945205479452055,250.0,put,2.17,842.7656581950683,0.005012500294683975,-1.2152280159607418,0.4126221626202689,0.3873962628173828
2028-12-15,2.1945205479452055,260.0,put,2.36,842.7656581950683,0.005012500294683975,-1.1760073028074605,0.40547524493306425,0.37995004821777345
2028-12-15,2.1945205479452055,270.0,put,2.55,842.7656581950683,0.005012500294683975,-1.1382669748246135,0.3982660763324121,0.37244279907226563
2028-12-15,2.1945205479452055,280.0,put,2.76,842.7656581950683,0.005012500294683975,-1.1018993306537386,0.39151199706378303,0.3654238262939453
2028-12-15,2.1945205479452055,290.0,put,2.975,842.7656581950683,0.005012500294683975,-1.0668080108424685,0.384801487805317,0.35831330169677733
2028-12-15,2.1945205479452055,300.0,put,3.2,842.7656581950683,0.005012500294683975,-1.0329064591667871,0.3782464323150418,0.35156898437499995
2028-12-15,2.1945205479452055,310.0,put,3.435,842.7656581950683,0.005012500294683975,-1.0001166363437963,0.37183115371808934,0.3447636325073242
2028-12-15,2.1945205479452055,320.0,put,3.68,842.7656581950683,0.005012500294683975,-0.968367938029216,0.3655420393689948,0.33829397064208977
2028-12-15,2.1945205479452055,325.0,put,3.8,842.7656581950683,0.005012500294683975,-0.9528637514932506,0.36233042300910906,0.33493707061767575
2028-12-15,2.1945205479452055,330.0,put,3.93,842.7656581950683,0.005012500294683975,-0.9375962793624623,0.3592815175798555,0.33173275695800786
2028-12-15,2.1945205479452055,335.0,put,4.07,842.7656581950683,0.005012500294683975,-0.9225584019979217,0.35638150099790283,0.3286810296630859
2028-12-15,2.1945205479452055,340.0,put,4.195,842.7656581950683,0.005012500294683975,-0.9077433162127811,0.3532156823966492,0.3254767160034179
2028-12-15,2.1945205479452055,345.0,put,4.335,842.7656581950683,0.005012500294683975,-0.8931445167916285,0.3502770766237029,0.32237921279907217
2028-12-15,2.1945205479452055,350.0,put,4.475,842.7656581950683,0.005012500294683975,-0.8787557793395288,0.3473195662322117,0.31928170959472646
2028-12-15,2.1945205479452055,355.0,put,4.625,842.7656581950683,0.005012500294683975,-0.8645711443475724,0.3444924884970596,0.31629101684570304
2028-12-15,2.1945205479452055,360.0,put,4.765000000000001,842.7656581950683,0.005012500294683975,-0.8505849023728325,0.3415004620099296,0.3131477377319336
2028-12-15,2.1945205479452055,365.0,put,4.92,842.7656581950683,0.005012500294683975,-0.8367915802404967,0.33870419677711877,0.310279114074707
2028-12-15,2.1945205479452055,370.0,put,5.074999999999999,842.7656581950683,0.005012500294683975,-0.823185928184718,0.33588630641729295,0.3072273867797851
2028-12-15,2.1945205479452055,375.0,put,5.23,842.7656581950683,0.005012500294683975,-0.8097629078525774,0.33304928970149017,0.30429772857666015
2028-12-15,2.1945205479452055,380.0,put,5.395,842.7656581950683,0.005012500294683975,-0.7965176811025568,0.3303220641078955,0.3014748808288575
2028-12-15,2.1945205479452055,385.0,put,5.5649999999999995,842.7656581950683,0.005012500294683975,-0.783445599535204,0.32763445825816184,0.29849944671630857
2028-12-15,2.1945205479452055,390.0,put,5.734999999999999,842.7656581950683,0.005012500294683975,-0.7705421946992961,0.3249238592811648,0.29575289215087885
2028-12-15,2.1945205479452055,395.0,put,5.915,842.7656581950683,0.005012500294683975,-0.7578031689218663,0.32230881800023337,0.2929605616760253
2028-12-15,2.1945205479452055,400.0,put,6.095,842.7656581950683,0.005012500294683975,-0.7452243867150062,0.319668882769823,0.29015297256469724
2028-12-15,2.1945205479452055,405.0,put,6.285,842.7656581950683,0.005012500294683975,-0.732801866716449,0.31711625623410117,0.28742167663574214
2028-12-15,2.1945205479452055,410.0,put,6.484999999999999,842.7656581950683,0.005012500294683975,-0.7205317741246348,0.31464407255732507,0.2847666738891601
2028-12-15,2.1945205479452055,415.0,put,6.675,842.7656581950683,0.005012500294683975,-0.7084104135922898,0.31203825005443553,0.2819896020507812
2028-12-15,2.1945205479452055,420.0,put,6.885,842.7656581950683,0.005012500294683975,-0.6964342225455742,0.30961287254813225,0.2793956338500976
2028-12-15,2.1945205479452055,425.0,put,7.09,842.7656581950683,0.005012500294683975,-0.6845997648985714,0.307107833632024,0.27675588973999016
2028-12-15,2.1945205479452055,430.0,put,7.31,842.7656581950683,0.005012500294683975,-0.6729037251353801,0.30472093640491194,0.27417718017578124
2028-12-15,2.1945205479452055,435.0,put,7.54,842.7656581950683,0.005012500294683975,-0.6613429027343041,0.3023962858400451,0.27164424652099606
2028-12-15,2.1945205479452055,440.0,put,7.775,842.7656581950683,0.005012500294683975,-0.6499142069106815,0.30008355293400985,0.269187606048584
2028-12-15,2.1945205479452055,445.0,put,8.02,842.7656581950683,0.005012500294683975,-0.638614651656748,0.2978257622857448,0.2666851896667481
2028-12-15,2.1945205479452055,450.0,put,8.280000000000001,842.7656581950683,0.005012500294683975,-0.6274413510586228,0.29566131029810955,0.264304842376709
2028-12-15,2.1945205479452055,455.0,put,8.52,842.7656581950683,0.005012500294683975,-0.6163915148720377,0.2932901227333876,0.2618176846313477
2028-12-15,2.1945205479452055,460.0,put,8.79,842.7656581950683,0.005012500294683975,-0.6054624443398475,0.2911350215623602,0.2594373373413086
2028-12-15,2.1945205479452055,465.0,put,9.07,842.7656581950683,0.005012500294683975,-0.5946515282356318,0.2890205438968405,0.25702647277832036
2028-12-15,2.1945205479452055,470.0,put,9.355,842.7656581950683,0.005012500294683975,-0.5839562391188838,0.28690456218074706,0.2547224186706543
2028-12-15,2.1945205479452055,475.0,put,9.645,842.7656581950683,0.005012500294683975,-0.5733741297883471,0.2847867784968934,0.2524488818359375
2028-12-15,2.1945205479452055,480.0,put,9.96,842.7656581950683,0.005012500294683975,-0.5629028299210516,0.28281351338892663,0.25012956909179684
2028-12-15,2.1945205479452055,485.0,put,10.265,842.7656581950683,0.005012500294683975,-0.552540042885505,0.2807233419084008,0.24790180816650392
2028-12-15,2.1945205479452055,490.0,put,10.59,842.7656581950683,0.005012500294683975,-0.5422835427183158,0.278733368991522,0.24564352996826172
2028-12-15,2.1945205479452055,495.0,put,10.940000000000001,842.7656581950683,0.005012500294683975,-0.532131171254298,0.27686949881231,0.24346154495239258
2028-12-15,2.1945205479452055,500.0,put,11.285,842.7656581950683,0.005012500294683975,-0.5220808354007964,0.27492326362296055,0.24134822380065918
2028-12-15,2.1945205479452055,505.0,put,11.635,842.7656581950683,0.005012500294683975,-0.5121305045476283,0.27296456712420686,0.23907468696594236
2028-12-15,2.1945205479452055,510.0,put,11.995000000000001,842.7656581950683,0.005012500294683975,-0.5022782081046169,0.2710251427834546,0.2369308485412598
2028-12-15,2.1945205479452055,515.0,put,12.39,842.7656581950683,0.005012500294683975,-0.4925220331592521,0.2692564059769389,0.2348556739807129
2028-12-15,2.1945205479452055,520.0,put,12.785,842.7656581950683,0.005012500294683975,-0.4828601222475151,0.26743569098834485,0.2327347235107422
2028-12-15,2.1945205479452055,525.0,put,13.175,842.7656581950683,0.005012500294683975,-0.47329067123136437,0.2655367229792051,0.23061377304077146
2028-12-15,2.1945205479452055,530.0,put,13.6,842.7656581950683,0.005012500294683975,-0.46381192727682075,0.26379245294458314,0.22859963302612307
2028-12-15,2.1945205479452055,535.0,put,14.025,842.7656581950683,0.005012500294683975,-0.45442218692698166,0.2619963074337649,0.22648631187438964
2028-12-15,2.1945205479452055,540.0,put,14.455,842.7656581950683,0.005012500294683975,-0.4451197942646681,0.2601782553846445,0.22441876663208005
2028-12-15,2.1945205479452055,545.0,put,14.925,842.7656581950683,0.005012500294683975,-0.43590313915974405,0.25852491479250567,0.22245040252685544
2028-12-15,2.1945205479452055,550.0,put,15.39,842.7656581950683,0.005012500294683975,-0.42677065559647165,0.256790603935042,0.22038285728454585
2028-12-15,2.1945205479452055,555.0,put,15.865,842.7656581950683,0.005012500294683975,-0.41772082007655364,0.25505596687290627,0.21835345863342284
2028-12-15,2.1945205479452055,560.0,put,16.384999999999998,842.7656581950683,0.005012500294683975,-0.40875215009379323,0.25349355543685875,0.21636220657348632
2028-12-15,2.1945205479452055,565.0,put,16.884999999999998,842.7656581950683,0.005012500294683975,-0.3998632026765473,0.2517760986026682,0.21440147178649901
2028-12-15,2.1945205479452055,570.0,put,17.424999999999997,842.7656581950683,0.005012500294683975,-0.3910525729943924,0.25019700611855417,0.21239496109008787
2028-12-15,2.1945205479452055,575.0,put,17.955,842.7656581950683,0.005012500294683975,-0.3823188930256377,0.24851469979760255,0.2104494849395752
2028-12-15,2.1945205479452055,580.0,put,18.509999999999998,842.7656581950683,0.005012500294683975,-0.3736608302825231,0.24689345323995193,0.20848875015258783
2028-12-15,2.1945205479452055,585.0,put,19.07,842.7656581950683,0.005012500294683975,-0.36507708659113175,0.2452397063123856,0.20651275672912592
2028-12-15,2.1945205479452055,590.0,put,19.659999999999997,842.7656581950683,0.005012500294683975,-0.35656639692322306,0.24366304305748396,0.20455965126037592
2028-12-15,2.1945205479452055,595.0,put,20.270000000000003,842.7656581950683,0.005012500294683975,-0.3481275282773584,0.24211513639632096,0.20262943374633785
2028-12-15,2.1945205479452055,600.0,put,20.915,842.7656581950683,0.005012500294683975,-0.3397592786068419,0.24065556587792247,0.20074499214172362
2028-12-15,2.1945205479452055,605.0,put,21.560000000000002,842.7656581950683,0.005012500294683975,-0.33146047579214677,0.23913521557325537,0.19883766258239746
2028-12-15,2.1945205479452055,610.0,put,22.22,842.7656581950683,0.005012500294683975,-0.32322997665563125,0.23761657211292486,0.19690744506835936
2028-12-15,2.1945205479452055,615.0,put,22.89,842.7656581950683,0.005012500294683975,-0.31506666601647026,0.23607889749434557,0.19495433959960937
2028-12-15,2.1945205479452055,620.0,put,23.585,842.7656581950683,0.005012500294683975,-0.306969455783851,0.23457976697573282,0.1930698979949951
2028-12-15,2.1945205479452055,625.0,put,24.314999999999998,842.7656581950683,0.005012500294683975,-0.2989372840865867,0.23315346076716514,0.19116256843566895
2028-12-15,2.1945205479452055,630.0,put,25.035,842.7656581950683,0.005012500294683975,-0.2909691144374098,0.23162870915897207,0.18921709228515626
2028-12-15,2.1945205479452055,635.0,put,25.79,842.7656581950683,0.005012500294683975,-0.28306393493029663,0.2301728181750698,0.1873097627258301
2028-12-15,2.1945205479452055,640.0,put,26.57,842.7656581950683,0.005012500294683975,-0.27522075746927066,0.22874532402892164,0.1854024331665039
2028-12-15,2.1945205479452055,645.0,put,27.375,842.7656581950683,0.005012500294683975,-0.26743861702721566,0.22734353744814612,0.1835179915618896
2028-12-15,2.1945205479452055,650.0,put,28.225,842.7656581950683,0.005012500294683975,-0.25971657093330536,0.22603337617082148,0.1816907698440552
2028-12-15,2.1945205479452055,655.0,put,29.045,842.7656581950683,0.005012500294683975,-0.2520536981877363,0.224556692822332,0.1797033324432373
2028-12-15,2.1945205479452055,660.0,put,29.92,842.7656581950683,0.005012500294683975,-0.24444909880251697,0.22320181461187957,0.1778227054977417
2028-12-15,2.1945205479452055,665.0,put,30.814999999999998,842.7656581950683,0.005012500294683975,-0.23690189316713403,0.22184769934540602,0.1759306345748901
2028-12-15,2.1945205479452055,670.0,put,31.725,842.7656581950683,0.005012500294683975,-0.22941122143797638,0.22047720416194713,0.1739966024017334
2028-12-15,2.1945205479452055,675.0,put,32.67,842.7656581950683,0.005012500294683975,-0.2219762429504584,0.21915274731393752,0.17209690216064455
2028-12-15,2.1945205479452055,680.0,put,33.645,842.7656581950683,0.005012500294683975,-0.2145961356528358,0.21785548136133423,0.17020864589691165
2028-12-15,2.1945205479452055,685.0,put,34.665,842.7656581950683,0.005012500294683975,-0.20727009556076287,0.21662848886984393,0.16832420429229744
2028-12-15,2.1945205479452055,690.0,put,35.685,842.7656581950683,0.005012500294683975,-0.19999733623168317,0.21533280805324187,0.16639017211914067
2028-12-15,2.1945205479452055,695.0,put,36.735,842.7656581950683,0.005012500294683975,-0.19277708825819606,0.21405875841248098,0.1644523252868652
2028-12-15,2.1945205479452055,700.0,put,37.86,842.7656581950683,0.005012500294683975,-0.1856085987795835,0.21293461925316107,0.16249159049987794
2028-12-15,2.1945205479452055,705.0,put,38.92,842.7656581950683,0.005012500294683975,-0.17849113101071948,0.21155286936632997,0.16057663162231445
2028-12-15,2.1945205479452055,710.0,put,40.04,842.7656581950683,0.005012500294683975,-0.17142396378762711,0.21027531398308963,0.15865022876739504
2028-12-15,2.1945205479452055,715.0,put,41.235,842.7656581950683,0.005012500294683975,-0.16440639112898053,0.20913800460409476,0.15673908454895022
2028-12-15,2.1945205479452055,720.0,put,42.435,842.7656581950683,0.005012500294683975,-0.15743772181288715,0.20794243521246894,0.15478597908020023
2028-12-15,2.1945205479452055,725.0,put,43.675,842.7656581950683,0.005012500294683975,-0.15051727896831346,0.2067843655311749,0.1527947270202637
2028-12-15,2.1945205479452055,730.0,put,44.955,842.7656581950683,0.005012500294683975,-0.1436443996805514,0.20566122040133533,0.15083017757415773
2028-12-15,2.1945205479452055,735.0,put,46.235,842.7656581950683,0.005012500294683975,-0.1368184346101515,0.20446534172822273,0.14879696426391603
2028-12-15,2.1945205479452055,740.0,put,47.565,842.7656581950683,0.005012500294683975,-0.1300387476247727,0.20332829419906734,0.1468057122039795
2028-12-15,2.1945205479452055,745.0,put,48.955,842.7656581950683,0.005012500294683975,-0.12330471544342872,0.20227255600273558,0.14478394287109375
2028-12-15,2.1945205479452055,750.0,put,50.425,842.7656581950683,0.005012500294683975,-0.11661572729263207,0.20134501776553196,0.1427774321746826
2028-12-15,2.1945205479452055,755.0,put,51.835,842.7656581950683,0.005012500294683975,-0.10997118457396346,0.20018901309179482,0.14075184818267822
2028-12-15,2.1945205479452055,760.0,put,53.349999999999994,842.7656581950683,0.005012500294683975,-0.10337050054261149,0.19922072983995096,0.13873389350891116
2028-12-15,2.1945205479452055,765.0,put,54.93,842.7656581950683,0.005012500294683975,-0.09681309999645238,0.1983349964891895,0.1366892362213135
2028-12-15,2.1945205479452055,770.0,put,56.480000000000004,842.7656581950683,0.005012500294683975,-0.09029841897525864,0.19729734877765787,0.13457210041046147
2028-12-15,2.1945205479452055,775.0,put,58.120000000000005,842.7656581950683,0.005012500294683975,-0.08382590446964115,0.19640051475590237,0.13247022323608398
2028-12-15,2.1945205479452055,780.0,put,59.80500000000001,842.7656581950683,0.005012500294683975,-0.0773950141393508,0.1955322831956959,0.13037216072082516
2028-12-15,2.1945205479452055,785.0,put,61.629999999999995,842.7656581950683,0.005012500294683975,-0.07100521604057977,0.19491604797832812,0.12823595161437987
2028-12-15,2.1945205479452055,790.0,put,63.36,842.7656581950683,0.005012500294683975,-0.06465598836192099,0.19399314611530466,0.12611500114440918
2028-12-15,2.1945205479452055,795.0,put,65.22999999999999,842.7656581950683,0.005012500294683975,-0.058346819168656236,0.19331778654615198,0.12398260669708251
2028-12-15,2.1945205479452055,800.0,put,67.12,842.7656581950683,0.005012500294683975,-0.05207720615506092,0.19260629194842596,0.12178917770385742
2028-12-15,2.1945205479452055,805.0,put,69.08,842.7656581950683,0.005012500294683975,-0.04584665640442481,0.19197383532405812,0.1195728607559204
2028-12-15,2.1945205479452055,810.0,put,71.11,842.7656581950683,0.005012500294683975,-0.03965468615650371,0.19141847446765092,0.1173489144897461
2028-12-15,2.1945205479452055,815.0,put,73.21,842.7656581950683,0.005012500294683975,-0.03350082058212553,0.19093854040427208,0.1150830069732666
2028-12-15,2.1945205479452055,820.0,put,75.385,842.7656581950683,0.005012500294683975,-0.02738459356468941,0.19054391424346143,0.11283617275238038
2028-12-15,2.1945205479452055,825.0,put,77.63499999999999,842.7656581950683,0.005012500294683975,-0.021305547488307187,0.1902332864225797,0.1105130453491211
2028-12-15,2.1945205479452055,830.0,put,79.945,842.7656581950683,0.005012500294683975,-0.015263233032344533,0.1899720977422862,0.10816321533203124
2028-12-15,2.1945205479452055,835.0,put,82.35,842.7656581950683,0.005012500294683975,-0.00925720897213274,0.18983794314279726,0.10580957065582274
2028-12-15,2.1945205479452055,840.0,put,84.83,842.7656581950683,0.005012500294683975,-0.003287041985628891,0.1897854524179396,0.10338344745635984
2028-12-15,2.1945205479452055,845.0,call,85.345,842.7656581950683,0.005012500294683975,0.0026476935341855764,0.18982549410307578,0.24247354824066158
2028-12-15,2.1945205479452055,850.0,call,83.25999999999999,842.7656581950683,0.005012500294683975,0.0085474156613739,0.1896298422437618,0.242721501083374
2028-12-15,2.1945205479452055,855.0,call,80.72,842.7656581950683,0.005012500294683975,0.01441253511377201,0.18835010151931317,0.24079128356933593
2028-12-15,2.1945205479452055,860.0,call,77.91,842.7656581950683,0.005012500294683975,0.020243455424565238,0.18639907154024776,0.2355880885314941
2028-12-15,2.1945205479452055,865.0,call,75.42500000000001,842.7656581950683,0.005012500294683975,0.026040573108891175,0.18508465805733285,0.23368457363128659
2028-12-15,2.1945205479452055,870.0,call,72.985,842.7656581950683,0.005012500294683975,0.03180427782564128,0.183789197648906,0.2317963173675537
2028-12-15,2.1945205479452055,875.0,call,70.56,842.7656581950683,0.005012500294683975,0.03753495253462634,0.18244586651479835,0.22987372917175292
2028-12-15,2.1945205479452055,880.0,call,68.21,842.7656581950683,0.005012500294683975,0.04323297364926389,0.1811853135100037,0.22801217552185057
2028-12-15,2.1945205479452055,885.0,call,65.92,842.7656581950683,0.005012500294683975,0.048898711184941275,0.17997377726417207,0.2262231003952026
2028-12-15,2.1945205479452055,890.0,call,63.644999999999996,842.7656581950683,0.005012500294683975,0.05453252890319731,0.17871159580042864,0.2243996933364868
2028-12-15,2.1945205479452055,895.0,call,61.445,842.7656581950683,0.005012500294683975,0.060134784451867186,0.17752990732605514,0.222652579460144
2028-12-15,2.1945205479452055,900.0,call,59.28,842.7656581950683,0.005012500294683975,0.0657058295013226,0.17634007853588712,0.22089402160644528
2028-12-15,2.1945205479452055,905.0,call,57.175,842.7656581950683,0.005012500294683975,0.071246009876938,0.1751967379776961,0.21918505432128904
2028-12-15,2.1945205479452055,910.0,call,55.11,842.7656581950683,0.005012500294683975,0.07675566568790763,0.17405520217239584,0.21751041896820067
2028-12-15,2.1945205479452055,915.0,call,53.11,842.7656581950683,0.005012500294683975,0.08223513145253304,0.17297076382848675,0.21588537418365478
2028-12-15,2.1945205479452055,920.0,call,51.135000000000005,842.7656581950683,0.005012500294683975,0.08768473622009774,0.17185386480513698,0.21422599746704102
2028-12-15,2.1945205479452055,925.0,call,49.230000000000004,842.7656581950683,0.005012500294683975,0.09310480368943698,0.17080515172885818,0.21266198722839355
2028-12-15,2.1945205479452055,930.0,call,47.364999999999995,842.7656581950683,0.005012500294683975,0.09849565232431344,0.16975725122700344,0.21108271835327147
2028-12-15,2.1945205479452055,935.0,call,45.584999999999994,842.7656581950683,0.005012500294683975,0.10385759546569884,0.168812833494019,0.2096293332290649
2028-12-15,2.1945205479452055,940.0,call,43.82,842.7656581950683,0.005012500294683975,0.10919094144106145,0.16781258173546615,0.20811491355895992
2028-12-15,2.1945205479452055,945.0,call,42.11,842.7656581950683,0.005012500294683975,0.11449599367075465,0.1668480406566011,0.20662719650268552
2028-12-15,2.1945205479452055,950.0,call,40.46,842.7656581950683,0.005012500294683975,0.11977305077159825,0.1659317634643173,0.20524628990173335
2028-12-15,2.1945205479452055,955.0,call,38.870000000000005,842.7656581950683,0.005012500294683975,0.125022406657742,0.16506511025301043,0.2038997152328491
2028-12-15,2.1945205479452055,960.0,call,37.295,842.7656581950683,0.005012500294683975,0.1302443506388937,0.16414216013033567,0.20248829135894775
2028-12-15,2.1945205479452055,965.0,call,35.805,842.7656581950683,0.005012500294683975,0.13543916751599774,0.16333045139956462,0.20121419521331785
2028-12-15,2.1945205479452055,970.0,call,34.365,842.7656581950683,0.005012500294683975,0.14060713767444033,0.16254848552180326,0.19997443099975587
2028-12-15,2.1945205479452055,975.0,call,32.959999999999994,842.7656581950683,0.005012500294683975,0.14574853717485903,0.16176070841493398,0.19872322280883786
2028-12-15,2.1945205479452055,980.0,call,31.595,842.7656581950683,0.005012500294683975,0.15086363784162948,0.1609799692768181,0.1975139758682251
2028-12-15,2.1945205479452055,985.0,call,30.299999999999997,842.7656581950683,0.005012500294683975,0.1559527073491006,0.1602832156928918,0.19634669017791745
2028-12-15,2.1945205479452055,990.0,call,29.05,842.7656581950683,0.005012500294683975,0.16101600930564736,0.15961033043128342,0.19527477096557616
2028-12-15,2.1945205479452055,995.0,call,27.83,842.7656581950683,0.005012500294683975,0.16605380333560454,0.15892408435285282,0.19417614913940429
2028-12-15,2.1945205479452055,1000.0,call,26.665,842.7656581950683,0.005012500294683975,0.17106634515914887,0.15829096196108958,0.19309278594970702
2028-12-15,2.1945205479452055,1005.0,call,25.549999999999997,842.7656581950683,0.005012500294683975,0.17605388667018795,0.15770098350215772,0.19211623321533206
2028-12-15,2.1945205479452055,1010.0,call,24.479999999999997,842.7656581950683,0.005012500294683975,0.181016676012317,0.15714367984590782,0.19117019775390626
2028-12-15,2.1945205479452055,1015.0,call,23.439999999999998,842.7656581950683,0.005012500294683975,0.1859549576528996,0.1565802606876221,0.19022034763336187
2028-12-15,2.1945205479452055,1020.0,call,22.450000000000003,842.7656581950683,0.005012500294683975,0.1908689724553285,0.15606815733086066,0.18933153205871583
2028-12-15,2.1945205479452055,1025.0,call,21.495,842.7656581950683,0.005012500294683975,0.1957589577495203,0.1555683551098808,0.18845416046142577
2028-12-15,2.1945205479452055,1030.0,call,20.575,842.7656581950683,0.005012500294683975,0.20062514740069323,0.15508297083144096,0.18760730613708496
2028-12-15,2.1945205479452055,1035.0,call,19.7,842.7656581950683,0.005012500294683975,0.20546777187648124,0.15464411553333876,0.18679859840393068
2028-12-15,2.1945205479452055,1040.0,call,18.86,842.7656581950683,0.005012500294683975,0.21028705831243016,0.15422567854900182,0.18603948123931885
2028-12-15,2.1945205479452055,1045.0,call,18.049999999999997,842.7656581950683,0.005012500294683975,0.21508323057592324,0.15381503539290187,0.18532613998413083
2028-12-15,2.1945205479452055,1050.0,call,17.275,842.7656581950683,0.005012500294683975,0.21985650932858092,0.15343015456817596,0.18459372543334956
2028-12-15,2.1945205479452055,1055.0,call,16.545,842.7656581950683,0.005012500294683975,0.2246071120871786,0.1531066113990356,0.18395286270141603
2028-12-15,2.1945205479452055,1060.0,call,15.83,842.7656581950683,0.005012500294683975,0.22933525328312457,0.1527513805578601,0.18326622406005855
2028-12-15,2.1945205479452055,1065.0,call,15.135000000000002,842.7656581950683,0.005012500294683975,0.23404114432053727,0.15238108229140127,0.1826024733734131
2028-12-15,2.1945205479452055,1070.0,call,14.475,842.7656581950683,0.005012500294683975,0.23872499363296365,0.15204814785594056,0.18193109336853028
2028-12-15,2.1945205479452055,1075.0,call,13.870000000000001,842.7656581950683,0.005012500294683975,0.243387006738775,0.1518272664469044,0.18144281700134277
2028-12-15,2.1945205479452055,1080.0,call,13.27,842.7656581950683,0.005012500294683975,0.24802738629527724,0.15154850501856823,0.1808782474517822
2028-12-15,2.1945205479452055,1085.0,call,12.695,842.7656581950683,0.005012500294683975,0.2526463321515718,0.15128332046273,0.1803136779022217
2028-12-15,2.1945205479452055,1090.0,call,12.14,842.7656581950683,0.005012500294683975,0.2572440414002013,0.15101591657162428,0.17974910835266114
2028-12-15,2.1945205479452055,1095.0,call,11.635,842.7656581950683,0.005012500294683975,0.26182070842761296,0.15086365180750988,0.17935238380432125
2028-12-15,2.1945205479452055,1100.0,call,11.11,842.7656581950683,0.005012500294683975,0.2663765249634737,0.15056112147227516,0.1787649263000488
2028-12-15,2.1945205479452055,1105.0,call,10.605,842.7656581950683,0.005012500294683975,0.27091168012886496,0.15026074695602748,0.1782156153869629
2028-12-15,2.1945205479452055,1110.0,call,10.195,842.7656581950683,0.005012500294683975,0.27542636048339164,0.15027545250695484,0.17800199447631837
2028-12-15,2.1945205479452055,1115.0,call,9.75,842.7656581950683,0.005012500294683975,0.27992075007123096,0.15007961221794158,0.17753660606384278
2028-12-15,2.1945205479452055,1120.0,call,9.32,842.7656581950683,0.005012500294683975,0.2843950304661521,0.14987665288817167,0.1770864762878418
2028-12-15,2.1945205479452055,1125.0,call,8.93,842.7656581950683,0.005012500294683975,0.2888493808155324,0.1497797067299298,0.176766044921875
2028-12-15,2.1945205479452055,1130.0,call,8.530000000000001,842.7656581950683,0.005012500294683975,0.293283977883398,0.14957049566341457,0.17632354446411136
2028-12-15,2.1945205479452055,1135.0,call,8.185,842.7656581950683,0.005012500294683975,0.2976989960925148,0.1495474708377663,0.176064147644043
2028-12-15,2.1945205479452055,1140.0,call,7.82,842.7656581950683,0.005012500294683975,0.30209460756555295,0.14936629835716922,0.17568268173217771
2028-12-15,2.1945205479452055,1145.0,call,7.5,842.7656581950683,0.005012500294683975,0.30647098216535185,0.14933785928591997,0.17539276763916017
2028-12-15,2.1945205479452055,1150.0,call,7.1899999999999995,842.7656581950683,0.005012500294683975,0.3108282875343076,0.1492989540768014,0.17520966400146482
2028-12-15,2.1945205479452055,1155.0,call,6.88,842.7656581950683,0.005012500294683975,0.3151666891329058,0.1491987426177123,0.1748434567260742
2028-12-15,2.1945205479452055,1160.0,call,6.5600000000000005,842.7656581950683,0.005012500294683975,0.3194863502774222,0.14898061140268454,0.1744162149047852
2028-12-15,2.1945205479452055,1170.0,call,6.045,842.7656581950683,0.005012500294683975,0.3280700939688136,0.14903703076452013,0.17413393013000492
2028-12-15,2.1945205479452055,1180.0,call,5.5649999999999995,842.7656581950683,0.005012500294683975,0.3365807836367223,0.14907265500250075,0.1738211280822754
2028-12-15,2.1945205479452055,1190.0,call,5.12,842.7656581950683,0.005012500294683975,0.3450196522825869,0.14910066994311935,0.17347017944335938
2028-12-15,2.1945205479452055,1200.0,call,4.72,842.7656581950683,0.005012500294683975,0.35338790195310343,0.14920292099720084,0.1732412998962402
2028-12-15,2.1945205479452055,1210.0,call,4.35,842.7656581950683,0.005012500294683975,0.3616867047677986,0.14930340848807552,0.17304293762207032
2028-12-15,2.1945205479452055,1220.0,call,3.995,842.7656581950683,0.005012500294683975,0.3699172039043141,0.14930649086076533,0.1726919889831543
2028-12-15,2.1945205479452055,1230.0,call,3.705,842.7656581950683,0.005012500294683975,0.3780805145434751,0.1496034757844466,0.17272250625610353
2028-12-15,2.1945205479452055,1240.0,call,3.44,842.7656581950683,0.005012500294683975,0.3861777247760943,0.14992931006725213,0.17273776489257814
2028-12-15,2.1945205479452055,1250.0,call,3.19,842.7656581950683,0.005012500294683975,0.39420989647335863,0.15021548457422162,0.17276828216552736
2028-12-15,2.1945205479452055,1260.0,call,2.955,842.7656581950683,0.005012500294683975,0.40217806612253554,0.15046871467950773,0.17273776489257814
2028-12-15,2.1945205479452055,1270.0,call,2.75,842.7656581950683,0.005012500294683975,0.4100832456296487,0.15084232532243294,0.17292086853027344
2028-12-15,2.1945205479452055,1280.0,call,2.56,842.7656581950683,0.005012500294683975,0.4179264230906746,0.1512161474336044,0.17307345489501952
2028-12-15,2.1945205479452055,1290.0,call,2.3899999999999997,842.7656581950683,0.005012500294683975,0.4257085635327296,0.151656002628181,0.17319552398681642
2028-12-15,2.1945205479452055,1300.0,call,2.23,842.7656581950683,0.005012500294683975,0.43343060962664,0.15207096389299884,0.17340914489746095
2028-12-15,2.1945205479452055,1310.0,call,2.09,842.7656581950683,0.005012500294683975,0.44109348237220897,0.1525869743663233,0.17374483489990233
2028-12-15,2.1945205479452055,1320.0,call,1.9649999999999999,842.7656581950683,0.005012500294683975,0.4486980817574283,0.15316769955153742,0.17408052490234377
2028-12-15,2.1945205479452055,1330.0,call,1.8450000000000002,842.7656581950683,0.005012500294683975,0.4562452873928113,0.15370145234359542,0.1744467321777344
2028-12-15,2.1945205479452055,1340.0,call,1.73,842.7656581950683,0.005012500294683975,0.4637359591219689,0.1541900159816933,0.1748434567260742
2028-12-15,2.1945205479452055,1350.0,call,1.635,842.7656581950683,0.005012500294683975,0.4711709376094869,0.1548517481420706,0.17527069854736327
2028-12-15,2.1945205479452055,1360.0,call,1.53,842.7656581950683,0.005012500294683975,0.47855104490710954,0.1552676414152905,0.17545380218505857
2028-12-15,2.1945205479452055,1370.0,call,1.4449999999999998,842.7656581950683,0.005012500294683975,0.4858770849991825,0.15588452921750692,0.17600311309814454
2028-12-15,2.1945205479452055,1380.0,call,1.375,842.7656581950683,0.005012500294683975,0.49314984432826214,0.15665659180831126,0.17664397583007813
2028-12-15,2.1945205479452055,1390.0,call,1.295,842.7656581950683,0.005012500294683975,0.5003700923017492,0.15717988171932296,0.17704070037841796
2028-12-15,2.1945205479452055,1400.0,call,1.24,842.7656581950683,0.005012500294683975,0.5075385817803618,0.15805808591094625,0.17771208038330077
2028-12-15,2.1945205479452055,1420.0,call,1.12,842.7656581950683,0.005012500294683975,0.5217232167723181,0.15943006644098578,0.17884121948242188
2028-12-15,2.1945205479452055,1430.0,call,1.08,842.7656581950683,0.005012500294683975,0.5287407894309648,0.16040844111021801,0.17972622039794922
2028-12-15,2.1945205479452055,1440.0,call,1.0350000000000001,842.7656581950683,0.005012500294683975,0.5357094587470581,0.1612337893644578,0.1803670831298828
2028-12-15,2.1945205479452055,1450.0,call,0.995,842.7656581950683,0.005012500294683975,0.5426299015916318,0.16210981087529966,0.18113001495361325
2028-12-15,2.1945205479452055,1460.0,call,0.96,842.7656581950683,0.005012500294683975,0.5495027808793939,0.16304576078294233,0.18207605041503905
2028-12-15,2.1945205479452055,1470.0,call,0.925,842.7656581950683,0.005012500294683975,0.5563287459497938,0.16393575887988976,0.1830220858764648
2028-12-15,2.1945205479452055,1480.0,call,0.89,842.7656581950683,0.005012500294683975,0.5631084329351727,0.16477845728669355,0.18366294860839844
2029-01-19,2.2904109589041095,70.0,put,0.11,844.941188897515,0.005366338563454025,-2.490771783947844,0.5751549449233191,0.5546919531250001
2029-01-19,2.2904109589041095,80.0,put,0.16999999999999998,844.941188897515,0.005366338563454025,-2.3572403913233217,0.5667256019961275,0.5459029785156251
2029-01-19,2.2904109589041095,130.0,put,0.5349999999999999,844.941188897515,0.005366338563454025,-1.8717325755416208,0.5079469627429347,0.4888967126464845
2029-01-19,2.2904109589041095,140.0,put,0.64,844.941188897515,0.005366338563454025,-1.7976246033878989,0.49856329751417877,0.47900911621093745
2029-01-19,2.2904109589041095,170.0,put,0.99,844.941188897515,0.005366338563454025,-1.6034685889469416,0.47086052522517924,0.44910218872070307
2029-01-19,2.2904109589041095,180.0,put,1.125,844.941188897515,0.005366338563454025,-1.546310175106993,0.462340491923877,0.4398249377441406
2029-01-19,2.2904109589041095,190.0,put,1.26,844.941188897515,0.005366338563454025,-1.492242953836717,0.4536422293170635,0.4308528594970704
2029-01-19,2.2904109589041095,200.0,put,1.3900000000000001,844.941188897515,0.005366338563454025,-1.4409496594491666,0.4446422779185258,0.4205990557861329
2029-01-19,2.2904109589041095,210.0,put,1.565,844.941188897515,0.005366338563454025,-1.3921594952797347,0.43756855044060694,0.41370215209960937
2029-01-19,2.2904109589041095,220.0,put,1.725,844.941188897515,0.005366338563454025,-1.3456394796448417,0.4296763524901399,0.4057676611328125
2029-01-19,2.2904109589041095,230.0,put,1.895,844.941188897515,0.005366338563454025,-1.301187717074008,0.42207230073711044,0.39777213562011715
2029-01-19,2.2904109589041095,270.0,put,2.645,844.941188897515,0.005366338563454025,-1.1408450669988284,0.3931536244458386,0.3674074490356446
2029-01-19,2.2904109589041095,320.0,put,4.825,844.941188897515,0.005366338563454025,-0.9709460302034311,0.3777352004330234,0.36344020355224615
2029-01-19,2.2904109589041095,330.0,put,5.08,844.941188897515,0.005366338563454025,-0.9401743715366774,0.37061008842772075,0.35538364349365226
2029-01-19,2.2904109589041095,340.0,put,5.5600000000000005,844.941188897515,0.005366338563454025,-0.9103214083869963,0.36661154635641463,0.3521182952880859
2029-01-19,2.2904109589041095,350.0,put,4.73,844.941188897515,0.005366338563454025,-0.881333871513744,0.3446841513502665,0.31915964050292955
2029-01-19,2.2904109589041095,360.0,put,6.109999999999999,844.941188897515,0.005366338563454025,-0.8531629945470477,0.35281627030221524,0.33695121063232425
2029-01-19,2.2904109589041095,380.0,put,6.6850000000000005,844.941188897515,0.005366338563454025,-0.7990957732767717,0.3394762205639104,0.3214331773376465
2029-01-19,2.2904109589041095,385.0,put,6.8149999999999995,844.941188897515,0.005366338563454025,-0.7860236917094191,0.3360135821337774,0.31639782730102534
2029-01-19,2.2904109589041095,390.0,put,7.1,844.941188897515,0.005366338563454025,-0.7731202868735111,0.33420487536155213,0.31581799911499014
2029-01-19,2.2904109589041095,400.0,put,7.33,844.941188897515,0.005366338563454025,-0.7478024788892212,0.32698741896357403,0.30605247177124023
2029-01-19,2.2904109589041095,405.0,put,6.615,844.941188897515,0.005366338563454025,-0.7353799588906642,0.3149571771756354,0.28768107345581045
2029-01-19,2.2904109589041095,410.0,put,6.78,844.941188897515,0.005366338563454025,-0.7231098662988498,0.31208830206850074,0.2835459829711914
2029-01-19,2.2904109589041095,415.0,put,6.9399999999999995,844.941188897515,0.005366338563454025,-0.710988505766505,0.30916297710379725,0.27960925476074217
2029-01-19,2.2904109589041095,420.0,put,8.25,844.941188897515,0.005366338563454025,-0.6990123147197893,0.3170495629773009,0.2949899603271484
2029-01-19,2.2904109589041095,430.0,put,7.59,844.941188897515,0.005366338563454025,-0.6754818173095951,0.3019478126537666,0.271842608795166
2029-01-19,2.2904109589041095,435.0,put,9.004999999999999,844.941188897515,0.005366338563454025,-0.6639209949085193,0.3098868032149281,0.2873453834533691
2029-01-19,2.2904109589041095,440.0,put,8.045,844.941188897515,0.005366338563454025,-0.6524922990848965,0.2971969042741646,0.26628846511840826
2029-01-19,2.2904109589041095,450.0,put,9.26,844.941188897515,0.005366338563454025,-0.6300194432328378,0.2985365280393663,0.2716900224304199
2029-01-19,2.2904109589041095,455.0,put,9.925,844.941188897515,0.005366338563454025,-0.6189696070462529,0.29930827961927897,0.2742839906311035
2029-01-19,2.2904109589041095,460.0,put,9.254999999999999,844.941188897515,0.005366338563454025,-0.6080405365140626,0.28975495401612816,0.2720333417510986
2029-01-19,2.2904109589041095,470.0,put,10.01,844.941188897515,0.005366338563454025,-0.586534331293099,0.2868454380801309,0.2567518173217773
2029-01-19,2.2904109589041095,475.0,put,11.17,844.941188897515,0.005366338563454025,-0.575952221962562,0.290784453887208,0.26473208419799804
2029-01-19,2.2904109589041095,480.0,put,9.620000000000001,844.941188897515,0.005366338563454025,-0.5654809220952667,0.2754986500029109,0.2512587081909179
2029-01-19,2.2904109589041095,490.0,put,11.27,844.941188897515,0.005366338563454025,-0.5448616348925309,0.27857356871684547,0.24860370544433597
2029-01-19,2.2904109589041095,500.0,put,12.600000000000001,844.941188897515,0.005366338563454025,-0.5246589275750116,0.2786143542740002,0.24968706863403317
2029-01-19,2.2904109589041095,505.0,put,12.23,844.941188897515,0.005366338563454025,-0.5147085967218434,0.27209534219217824,0.2493513786315918
2029-01-19,2.2904109589041095,510.0,put,13.575,844.941188897515,0.005366338563454025,-0.5048563002788318,0.27598959090851555,0.24735249725341796
2029-01-19,2.2904109589041095,515.0,put,12.43,844.941188897515,0.005366338563454025,-0.4951001253334671,0.2649935833151713,0.23873899696350095
2029-01-19,2.2904109589041095,520.0,put,14.219999999999999,844.941188897515,0.005366338563454025,-0.48543821442173013,0.27123520506148413,0.24130244789123537
2029-01-19,2.2904109589041095,525.0,put,13.865000000000002,844.941188897515,0.005366338563454025,-0.4758687634055796,0.265050616960956,0.24024960197448728
2029-01-19,2.2904109589041095,530.0,put,14.3,844.941188897515,0.005366338563454025,-0.46639001945103575,0.2633147763273313,0.23793791854858393
2029-01-19,2.2904109589041095,535.0,put,15.6,844.941188897515,0.005366338563454025,-0.45700027910119667,0.26612012255650963,0.23545839012145994
2029-01-19,2.2904109589041095,540.0,put,14.82,844.941188897515,0.005366338563454025,-0.44769788643888314,0.2578541951745862,0.23007209144592286
2029-01-19,2.2904109589041095,545.0,put,15.66,844.941188897515,0.005366338563454025,-0.4384812313339593,0.2581048836150628,0.23110967872619628
2029-01-19,2.2904109589041095,550.0,put,17.0,844.941188897515,0.005366338563454025,-0.4293487477706867,0.2606721311454066,0.22887428848266606
2029-01-19,2.2904109589041095,555.0,put,17.48,844.941188897515,0.005366338563454025,-0.42029891225076876,0.2588324805350923,0.22667704483032225
2029-01-19,2.2904109589041095,560.0,put,17.225,844.941188897515,0.005366338563454025,-0.4113302422680083,0.25346273646200074,0.22448743049621578
2029-01-19,2.2904109589041095,565.0,put,18.494999999999997,844.941188897515,0.005366338563454025,-0.4024412948507624,0.25527917704217545,0.22229018684387203
2029-01-19,2.2904109589041095,570.0,put,18.255000000000003,844.941188897515,0.005366338563454025,-0.39363066516860745,0.2500367340504474,0.22013108978271478
2029-01-19,2.2904109589041095,575.0,put,19.575,844.941188897515,0.005366338563454025,-0.3848969851998528,0.25183517507640013,0.2180025099945068
2029-01-19,2.2904109589041095,580.0,put,19.27,844.941188897515,0.005366338563454025,-0.37623892245673823,0.24635681183702612,0.2153398779296875
2029-01-19,2.2904109589041095,590.0,put,20.509999999999998,844.941188897515,0.005366338563454025,-0.3591444890974382,0.24345822537050757,0.211647287902832
2029-01-19,2.2904109589041095,600.0,put,22.6,844.941188897515,0.005366338563454025,-0.3423373707810569,0.2437446492221157,0.20716887809753415
2029-01-19,2.2904109589041095,605.0,put,23.325000000000003,844.941188897515,0.005366338563454025,-0.3340385679663618,0.24244686811780516,0.2054599108123779
2029-01-19,2.2904109589041095,610.0,put,23.145000000000003,844.941188897515,0.005366338563454025,-0.3258080688298464,0.23759718518750209,0.20341906818389893
2029-01-19,2.2904109589041095,615.0,put,24.685,844.941188897515,0.005366338563454025,-0.31764475819068544,0.23932563478465263,0.20136296691894529
2029-01-19,2.2904109589041095,620.0,put,25.2,844.941188897515,0.005366338563454025,-0.30954754795806605,0.23707601672174292,0.1982196878051758
2029-01-19,2.2904109589041095,625.0,put,26.11,844.941188897515,0.005366338563454025,-0.3015153762608017,0.23623213148279912,0.19731179893493653
2029-01-19,2.2904109589041095,630.0,put,25.82,844.941188897515,0.005366338563454025,-0.2935472066116248,0.23101862185799144,0.194256256980896
2029-01-19,2.2904109589041095,640.0,put,27.54,844.941188897515,0.005366338563454025,-0.2777988496434857,0.22876251581130685,0.19132278411865233
2029-01-19,2.2904109589041095,645.0,put,28.25,844.941188897515,0.005366338563454025,-0.2700167092014308,0.22702176496751933,0.18862963478088376
2029-01-19,2.2904109589041095,650.0,put,30.035,844.941188897515,0.005366338563454025,-0.2622946631075204,0.22881276636033956,0.1871114004516602
2029-01-19,2.2904109589041095,655.0,put,29.810000000000002,844.941188897515,0.005366338563454025,-0.25463179036195144,0.22385967450466218,0.18409400508880613
2029-01-19,2.2904109589041095,660.0,put,30.740000000000002,844.941188897515,0.005366338563454025,-0.24702719097673206,0.2226839228570433,0.182449887008667
2029-01-19,2.2904109589041095,665.0,put,31.68,844.941188897515,0.005366338563454025,-0.23947998534134912,0.22147303307237623,0.18072947574615478
2029-01-19,2.2904109589041095,670.0,put,32.62,844.941188897515,0.005366338563454025,-0.2319893136121915,0.22019654058788765,0.17893658596038814
2029-01-19,2.2904109589041095,675.0,put,33.58,844.941188897515,0.005366338563454025,-0.22455433512467338,0.21891799037767382,0.17707503231048582
2029-01-19,2.2904109589041095,680.0,put,34.575,844.941188897515,0.005366338563454025,-0.21717422782705093,0.2176817068826235,0.1751410001373291
2029-01-19,2.2904109589041095,685.0,put,35.58,844.941188897515,0.005366338563454025,-0.209848187734978,0.21641034310580684,0.1731383041000366
2029-01-19,2.2904109589041095,690.0,put,36.61,844.941188897515,0.005366338563454025,-0.20257542840589818,0.215148352657783,0.17106694419860843
2029-01-19,2.2904109589041095,695.0,put,37.644999999999996,844.941188897515,0.005366338563454025,-0.1953551804324111,0.21383661205025578,0.16893073509216314
2029-01-19,2.2904109589041095,700.0,put,40.045,844.941188897515,0.005366338563454025,-0.18818669095379864,0.21632755045557714,0.16669534484863285
2029-01-19,2.2904109589041095,705.0,put,40.5,844.941188897515,0.005366338563454025,-0.18106922318493465,0.21322062503281522,0.16444469596862793
2029-01-19,2.2904109589041095,710.0,put,42.065,844.941188897515,0.005366338563454025,-0.17400205596184215,0.2131529313242417,0.16330792755126955
2029-01-19,2.2904109589041095,715.0,put,42.19,844.941188897515,0.005366338563454025,-0.16698448330319557,0.20907907111185808,0.16088180435180666
2029-01-19,2.2904109589041095,720.0,put,43.3,844.941188897515,0.005366338563454025,-0.16001581398710235,0.20765462418667152,0.15838320262908934
2029-01-19,2.2904109589041095,725.0,put,44.69,844.941188897515,0.005366338563454025,-0.15309537114252852,0.20691094629985213,0.1569794080734253
2029-01-19,2.2904109589041095,730.0,put,45.83,844.941188897515,0.005366338563454025,-0.14622249185476646,0.20543497503945624,0.15432821998596194
2029-01-19,2.2904109589041095,735.0,put,47.79,844.941188897515,0.005366338563454025,-0.13939652678436656,0.2060150849725281,0.15274132179260255
2029-01-19,2.2904109589041095,740.0,put,49.59,844.941188897515,0.005366338563454025,-0.13261683979898778,0.2060758457016029,0.15105905712127687
2029-01-19,2.2904109589041095,745.0,put,50.135000000000005,844.941188897515,0.005366338563454025,-0.1258828076176438,0.202880477282016,0.1492814259719849
2029-01-19,2.2904109589041095,750.0,put,51.745000000000005,844.941188897515,0.005366338563454025,-0.11919381946684716,0.20231473252504487,0.14629454788208007
2029-01-19,2.2904109589041095,755.0,put,52.85,844.941188897515,0.005366338563454025,-0.11254927674817855,0.20042289238265937,0.14432618377685547
2029-01-19,2.2904109589041095,760.0,put,55.195,844.941188897515,0.005366338563454025,-0.10594859271682647,0.2015003067938825,0.14225863853454587
2029-01-19,2.2904109589041095,765.0,put,56.144999999999996,844.941188897515,0.005366338563454025,-0.09939119217066748,0.19909749005047514,0.14114475807189944
2029-01-19,2.2904109589041095,770.0,put,58.504999999999995,844.941188897515,0.005366338563454025,-0.09287651114947376,0.20001809986210323,0.13888266521453857
2029-01-19,2.2904109589041095,775.0,put,60.129999999999995,844.941188897515,0.005366338563454025,-0.08640399664385627,0.1990908844472729,0.13649087394714357
2029-01-19,2.2904109589041095,780.0,put,62.5,844.941188897515,0.005366338563454025,-0.07997310631356583,0.19983680524003916,0.13505274745941165
2029-01-19,2.2904109589041095,785.0,put,62.775,844.941188897515,0.005366338563454025,-0.07358330821479478,0.19561007792234353,0.1324244473266602
2029-01-19,2.2904109589041095,790.0,put,64.695,844.941188897515,0.005366338563454025,-0.06723408053613614,0.19515745702300713,0.13074218265533444
2029-01-19,2.2904109589041095,795.0,put,66.36500000000001,844.941188897515,0.005366338563454025,-0.06092491134287138,0.1940508015864102,0.1278659296798706
2029-01-19,2.2904109589041095,800.0,put,69.08500000000001,844.941188897515,0.005366338563454025,-0.05465529832927596,0.19525851364486543,0.12591663887023927
2029-01-19,2.2904109589041095,805.0,put,70.325,844.941188897515,0.005366338563454025,-0.04842474857863986,0.1930220957678231,0.12383002033233644
2029-01-19,2.2904109589041095,810.0,put,72.36500000000001,844.941188897515,0.005366338563454025,-0.04223277833071887,0.19252249038367975,0.1215908154296875
2029-01-19,2.2904109589041095,820.0,put,76.745,844.941188897515,0.005366338563454025,-0.02996268573890447,0.1919503428682149,0.11772275108337402
2029-01-19,2.2904109589041095,825.0,put,78.87,844.941188897515,0.005366338563454025,-0.023883639662522257,0.19139900338770138,0.1149952698135376
2029-01-19,2.2904109589041095,830.0,put,81.28,844.941188897515,0.005366338563454025,-0.01784132520655961,0.19139543776174586,0.1131794920730591
2029-01-19,2.2904109589041095,835.0,put,83.735,844.941188897515,0.005366338563454025,-0.011835301146347822,0.19140789173889022,0.11118061069488523
2029-01-19,2.2904109589041095,840.0,put,86.22,844.941188897515,0.005366338563454025,-0.00586513415984398,0.19140414457171281,0.10898718170166015
2029-01-19,2.2904109589041095,845.0,call,87.77000000000001,844.941188897515,0.005366338563454025,6.960135997059252e-05,0.18940517547294286,0.24435417518615724
2029-01-19,2.2904109589041095,850.0,call,85.705,844.941188897515,0.005366338563454025,0.00596932348715891,0.18926564413245822,0.24372857109069826
2029-01-19,2.2904109589041095,855.0,call,83.345,844.941188897515,0.005366338563454025,0.011834442939557013,0.1884096552117634,0.24197764255523685
2029-01-19,2.2904109589041095,860.0,call,81.28,844.941188897515,0.005366338563454025,0.017665363250350237,0.18811447401008827,0.2401580501556396
2029-01-19,2.2904109589041095,865.0,call,78.78999999999999,844.941188897515,0.005366338563454025,0.02346248093467595,0.18682658122727808,0.23827360855102536
2029-01-19,2.2904109589041095,870.0,call,75.795,844.941188897515,0.005366338563454025,0.029226185651426054,0.1843774285126503,0.23738860763549802
2029-01-19,2.2904109589041095,875.0,call,73.08500000000001,844.941188897515,0.005366338563454025,0.0349568603604111,0.1824666743102208,0.23429491909027095
2029-01-19,2.2904109589041095,880.0,call,70.53999999999999,844.941188897515,0.005366338563454025,0.04065488147504886,0.18083353305376815,0.23220067123413085
2029-01-19,2.2904109589041095,885.0,call,68.74000000000001,844.941188897515,0.005366338563454025,0.04632061901072624,0.18072425220799973,0.23218922725677488
2029-01-19,2.2904109589041095,890.0,call,66.32,844.941188897515,0.005366338563454025,0.05195443672898227,0.179202628666168,0.22995383701324462
2029-01-19,2.2904109589041095,895.0,call,64.235,844.941188897515,0.005366338563454025,0.057556692277652144,0.17832272644159647,0.22872933143615723
2029-01-19,2.2904109589041095,900.0,call,62.09,844.941188897515,0.005366338563454025,0.06312773732710755,0.17723361701359777,0.22415174049377437
2029-01-19,2.2904109589041095,905.0,call,59.82,844.941188897515,0.005366338563454025,0.06866791770272294,0.17579259480413267,0.224968077545166
2029-01-19,2.2904109589041095,910.0,call,58.754999999999995,844.941188897515,0.005366338563454025,0.07417757351369236,0.1768860793569123,0.22462857288360594
2029-01-19,2.2904109589041095,915.0,call,55.725,844.941188897515,0.005366338563454025,0.07965703927831798,0.17362713088186224,0.22200790206909177
2029-01-19,2.2904109589041095,920.0,call,54.519999999999996,844.941188897515,0.005366338563454025,0.08510664404588268,0.1742646498793157,0.22041337455749507
2029-01-19,2.2904109589041095,925.0,call,52.004999999999995,844.941188897515,0.005366338563454025,0.0905267115152219,0.17195107384677275,0.21986787830352783
2029-01-19,2.2904109589041095,930.0,call,50.335,844.941188897515,0.005366338563454025,0.09591756015009835,0.171409616296618,0.21850604499816892
2029-01-19,2.2904109589041095,935.0,call,49.144999999999996,844.941188897515,0.005366338563454025,0.10127950329148375,0.1718562579336506,0.21702595726013182
2029-01-19,2.2904109589041095,940.0,call,46.485,844.941188897515,0.005366338563454025,0.10661284926684636,0.1689440008326068,0.21546576168060305
2029-01-19,2.2904109589041095,945.0,call,44.8,844.941188897515,0.005366338563454025,0.11191790149653955,0.16811844963012823,0.21377586769104004
2029-01-19,2.2904109589041095,950.0,call,43.71,844.941188897515,0.005366338563454025,0.11719495859738334,0.16856084005949157,0.21279931495666501
2029-01-19,2.2904109589041095,955.0,call,41.71,844.941188897515,0.005366338563454025,0.12244431448352688,0.16685321417664306,0.2114641842651367
2029-01-19,2.2904109589041095,960.0,call,39.835,844.941188897515,0.005366338563454025,0.12766625846467858,0.16533310463696727,0.2098086222076416
2029-01-19,2.2904109589041095,965.0,call,38.635000000000005,844.941188897515,0.005366338563454025,0.13286107534178263,0.1652904938387736,0.20890836265563958
2029-01-19,2.2904109589041095,970.0,call,37.135000000000005,844.941188897515,0.005366338563454025,0.1380290455002252,0.16446855696103874,0.20769530105590817
2029-01-19,2.2904109589041095,975.0,call,35.655,844.941188897515,0.005366338563454025,0.1431704450006439,0.16360699261288736,0.2064974980926513
2029-01-19,2.2904109589041095,980.0,call,34.205,844.941188897515,0.005366338563454025,0.14828554566741436,0.16272891495250932,0.20536835899353026
2029-01-19,2.2904109589041095,985.0,call,33.379999999999995,844.941188897515,0.005366338563454025,0.15337461517488565,0.16328397066678657,0.20426210784912108
2029-01-19,2.2904109589041095,990.0,call,32.09,844.941188897515,0.005366338563454025,0.1584379171314324,0.16263695285411417,0.20320163261413574
2029-01-19,2.2904109589041095,995.0,call,30.854999999999997,844.941188897515,0.005366338563454025,0.1634757111613896,0.1620426801104905,0.20216404533386229
2029-01-19,2.2904109589041095,1000.0,call,29.905,844.941188897515,0.005366338563454025,0.1684882529849337,0.16208431284079977,0.2012103805541992
2029-01-19,2.2904109589041095,1010.0,call,26.665,844.941188897515,0.005366338563454025,0.17843858383810182,0.1584850272321292,0.19902458087921143
2029-01-19,2.2904109589041095,1020.0,call,24.6,844.941188897515,0.005366338563454025,0.1882908802811135,0.15754795275235906,0.1973385015487671
2029-01-19,2.2904109589041095,1030.0,call,22.619999999999997,844.941188897515,0.005366338563454025,0.19804705522647822,0.15651522563976744,0.19583171119689943
2029-01-19,2.2904109589041095,1040.0,call,21.0,844.941188897515,0.005366338563454025,0.20770896613821516,0.15617838919724797,0.1946720548248291
2029-01-19,2.2904109589041095,1045.0,call,20.085,844.941188897515,0.005366338563454025,0.21250513840170804,0.1555955531211251,0.19411129993438725
2029-01-19,2.2904109589041095,1050.0,call,19.125,844.941188897515,0.005366338563454025,0.21727841715436574,0.15479217597089043,0.19319959640502932
2029-01-19,2.2904109589041095,1055.0,call,18.52,844.941188897515,0.005366338563454025,0.22202901991296356,0.15497272290526365,0.1928715357208252
2029-01-19,2.2904109589041095,1060.0,call,17.61,844.941188897515,0.005366338563454025,0.22675716110890953,0.15415222236019735,0.19212386253356936
2029-01-19,2.2904109589041095,1065.0,call,17.025,844.941188897515,0.005366338563454025,0.23146305214632223,0.1542617777673638,0.19178817253112795
2029-01-19,2.2904109589041095,1070.0,call,15.63,844.941188897515,0.005366338563454025,0.23614690145874861,0.15169099811732262,0.18592504146575928
2029-01-19,2.2904109589041095,1080.0,call,14.07,844.941188897515,0.005366338563454025,0.24544929412106217,0.15017335375108798,0.18371635383605955
2029-01-19,2.2904109589041095,1085.0,call,14.48,844.941188897515,0.005366338563454025,0.2500682399773567,0.1533902180878855,0.19013261047363283
2029-01-19,2.2904109589041095,1090.0,call,13.95,844.941188897515,0.005366338563454025,0.25466594922598607,0.15336151021862204,0.18986558433532716
2029-01-19,2.2904109589041095,1095.0,call,13.16,844.941188897515,0.005366338563454025,0.2592426162533979,0.15234391624772192,0.18946885978698733
2029-01-19,2.2904109589041095,1100.0,call,13.135000000000002,844.941188897515,0.005366338563454025,0.26379843278925863,0.15400042041236164,0.18889666091918944
2029-01-19,2.2904109589041095,1105.0,call,12.14,844.941188897515,0.005366338563454025,0.2683335879546499,0.1520744274129221,0.18893480751037597
2029-01-19,2.2904109589041095,1110.0,call,11.645,844.941188897515,0.005366338563454025,0.2728482683091766,0.15189708954726433,0.18869829864501952
2029-01-19,2.2904109589041095,1115.0,call,11.17,844.941188897515,0.005366338563454025,0.2773426578970159,0.15173030972480758,0.18856097091674806
2029-01-19,2.2904109589041095,1120.0,call,10.875,844.941188897515,0.005366338563454025,0.281816938291937,0.1522143784391849,0.18740894386291504
2029-01-19,2.2904109589041095,1125.0,call,10.23,844.941188897515,0.005366338563454025,0.2862712886413173,0.151234352871006,0.188210022277832
2029-01-19,2.2904109589041095,1130.0,call,9.995000000000001,844.941188897515,0.005366338563454025,0.2907058857091829,0.15186364197522545,0.1878285563659668
2029-01-19,2.2904109589041095,1135.0,call,9.58,844.941188897515,0.005366338563454025,0.2951209039182997,0.15169505731697838,0.18797351341247556
2029-01-19,2.2904109589041095,1140.0,call,9.135,844.941188897515,0.005366338563454025,0.29951651539133783,0.15132977503530182,0.1878285563659668
2029-01-19,2.2904109589041095,1150.0,call,9.035,844.941188897515,0.005366338563454025,0.30825019536009246,0.15395754635351291,0.18782092704772949
2029-01-19,2.2904109589041095,1160.0,call,8.334999999999999,844.941188897515,0.005366338563454025,0.3169082581032071,0.15377237814265288,0.18782092704772949
2029-01-19,2.2904109589041095,1170.0,call,7.8100000000000005,844.941188897515,0.005366338563454025,0.3254920017945986,0.1542028956657937,0.18797351341247556
2029-01-19,2.2904109589041095,1180.0,call,7.3,844.941188897515,0.005366338563454025,0.3340026914625071,0.15453333913226733,0.18816424636840817
2029-01-19,2.2904109589041095,1190.0,call,6.834999999999999,844.941188897515,0.005366338563454025,0.3424415601083718,0.1549217781066948,0.18846941909790038
2029-01-19,2.2904109589041095,1200.0,call,6.4,844.941188897515,0.005366338563454025,0.3508098097788884,0.15530528049900183,0.18882799705505374
2029-01-19,2.2904109589041095,1360.0,call,1.935,844.941188897515,0.005366338563454025,0.47597295273289436,0.1568853193690637,0.18169458450317383
2029-01-19,2.2904109589041095,1390.0,call,1.49,844.941188897515,0.005366338563454025,0.4977920001275342,0.15637510940782917,0.17945156494140624
2029-01-19,2.2904109589041095,1400.0,call,1.73,844.941188897515,0.005366338563454025,0.5049604896061467,0.1617678457377105,0.18366294860839844
