type,expiry,T,strike,bid,ask,mid,lastPrice,volume,openInterest,impliedVolatility
call,2026-10-13,0.019178082191780823,710.0,69.57,71.69,70.63,70.55,48.0,1,0.46924358886718753
call,2026-10-13,0.019178082191780823,730.0,49.62,51.74,50.68,50.62,30.0,1,0.3635317553710938
call,2026-10-13,0.019178082191780823,734.0,45.63,47.75,46.69,46.7,54.0,3,0.34192552612304683
call,2026-10-13,0.019178082191780823,735.0,44.64,46.8,45.72,45.69,36.0,1,0.3385686260986328
call,2026-10-13,0.019178082191780823,736.0,43.64,45.8,44.72,44.86,20.0,3,0.33301448242187504
call,2026-10-13,0.019178082191780823,739.0,40.66,42.77,41.715,41.84,74.0,3,0.31482618774414056
call,2026-10-13,0.019178082191780823,740.0,39.66,41.78,40.72,40.94,42.0,4,0.30963825134277345
call,2026-10-13,0.019178082191780823,742.0,37.67,39.83,38.75,38.99,36.0,3,0.30036100036621094
call,2026-10-13,0.019178082191780823,743.0,36.68,38.84,37.760000000000005,37.77,32.0,6,0.29505099487304687
call,2026-10-13,0.019178082191780823,745.0,35.43,36.25,35.84,35.77,78.0,201,0.2587354400634766
call,2026-10-13,0.019178082191780823,747.0,32.71,34.87,33.79,33.87,22.0,1,0.2732006274414062
call,2026-10-13,0.019178082191780823,749.0,30.73,32.85,31.79,31.74,24.0,6,0.260749580078125
call,2026-10-13,0.019178082191780823,750.0,29.74,31.9,30.82,30.72,29.0,8,0.2567213000488281
call,2026-10-13,0.019178082191780823,753.0,26.78,28.94,27.86,27.83,16.0,1,0.24024197265624997
call,2026-10-13,0.019178082191780823,755.0,24.83,26.98,25.905,25.9,32.0,20,0.22956092712402343
call,2026-10-13,0.019178082191780823,756.0,23.83,26.0,24.915,25.18,36.0,34,0.22412885253906245
call,2026-10-13,0.019178082191780823,757.0,22.86,25.02,23.939999999999998,24.16,34.0,41,0.21857470886230468
call,2026-10-13,0.019178082191780823,758.0,21.89,24.07,22.98,22.95,56.0,24,0.21399711791992188
call,2026-10-13,0.019178082191780823,759.0,20.91,23.08,21.994999999999997,22.03,90.0,31,0.20801573242187496
call,2026-10-13,0.019178082191780823,760.0,20.69,21.56,21.125,20.85,74.0,126,0.18470053588867186
call,2026-10-13,0.019178082191780823,761.0,18.98,21.15,20.064999999999998,20.33,81.0,76,0.1974567559814453
call,2026-10-13,0.019178082191780823,762.0,18.03,20.2,19.115000000000002,19.14,90.0,80,0.1925129577636719
call,2026-10-13,0.019178082191780823,763.0,17.83,19.18,18.505,19.18,61.0,411,0.18531088134765622
call,2026-10-13,0.019178082191780823,764.0,16.88,18.24,17.56,17.54,50.0,149,0.1804891522216797
call,2026-10-13,0.019178082191780823,765.0,15.95,16.73,16.34,16.51,116.0,598,0.15876085388183597
call,2026-10-13,0.019178082191780823,766.0,15.03,15.59,15.309999999999999,15.27,78.0,205,0.14801877380371098
call,2026-10-13,0.019178082191780823,767.0,14.02,15.19,14.605,15.33,12.0,442,0.15863878479003907
call,2026-10-13,0.019178082191780823,768.0,13.26,13.61,13.434999999999999,14.43,38.0,598,0.13544565734863284
call,2026-10-13,0.019178082191780823,769.0,12.37,12.7,12.535,13.44,45.0,392,0.13123427368164062
call,2026-10-13,0.019178082191780823,770.0,11.5,11.83,11.665,11.74,135.0,563,0.12787737365722657
call,2026-10-13,0.019178082191780823,771.0,10.67,10.97,10.82,10.86,64.0,384,0.12445943908691406
call,2026-10-13,0.019178082191780823,772.0,9.83,10.1,9.965,11.0,41.0,268,0.12043115905761718
call,2026-10-13,0.019178082191780823,773.0,9.07,9.31,9.190000000000001,9.02,27.0,249,0.11805081176757812
call,2026-10-13,0.019178082191780823,774.0,8.29,8.51,8.399999999999999,8.41,340.0,770,0.11493804992675781
call,2026-10-13,0.019178082191780823,775.0,7.53,7.74,7.635,7.66,487.0,1056,0.11206942626953123
call,2026-10-13,0.019178082191780823,776.0,6.81,7.01,6.91,6.85,152.0,488,0.10956700988769531
call,2026-10-13,0.019178082191780823,777.0,6.12,6.32,6.220000000000001,6.4,199.0,871,0.10740028350830078
call,2026-10-13,0.019178082191780823,778.0,5.51,5.62,5.5649999999999995,5.47,807.0,464,0.1043790734863281
call,2026-10-13,0.019178082191780823,779.0,4.86,4.99,4.925000000000001,4.85,2378.0,520,0.1022428643798828
call,2026-10-13,0.019178082191780823,780.0,4.36,4.39,4.375,4.38,2701.0,582,0.10004562072753906
call,2026-10-13,0.019178082191780823,781.0,3.84,3.86,3.8499999999999996,3.85,1612.0,366,0.098641826171875
call,2026-10-13,0.019178082191780823,782.0,3.32,3.33,3.325,3.32,434.0,807,0.09638354797363281
call,2026-10-13,0.019178082191780823,783.0,2.86,2.89,2.875,2.85,398.0,319,0.09534596069335938
call,2026-10-13,0.019178082191780823,784.0,2.45,2.46,2.455,2.47,369.0,470,0.09363699340820314
call,2026-10-13,0.019178082191780823,785.0,2.08,2.09,2.085,2.1,780.0,637,0.09244681976318359
call,2026-10-13,0.019178082191780823,786.0,1.78,1.79,1.7850000000000001,1.78,516.0,635,0.09211112976074219
call,2026-10-13,0.019178082191780823,787.0,1.49,1.51,1.5,1.5,443.0,440,0.09143974975585936
call,2026-10-13,0.019178082191780823,788.0,1.24,1.26,1.25,1.25,1033.0,359,0.09070733520507812
call,2026-10-13,0.019178082191780823,789.0,1.03,1.04,1.0350000000000001,1.04,229.0,486,0.08991388610839844
call,2026-10-13,0.019178082191780823,790.0,0.84,0.85,0.845,0.85,673.0,355,0.0891814715576172
call,2026-10-13,0.019178082191780823,791.0,0.68,0.69,0.685,0.69,140.0,166,0.08851009155273437
call,2026-10-13,0.019178082191780823,792.0,0.55,0.56,0.555,0.55,538.0,255,0.08814388427734376
call,2026-10-13,0.019178082191780823,793.0,0.44,0.46,0.45,0.5,451.0,494,0.08826595336914064
call,2026-10-13,0.019178082191780823,794.0,0.36,0.37,0.365,0.35,68.0,66,0.08814388427734376
call,2026-10-13,0.019178082191780823,795.0,0.29,0.3,0.295,0.32,349.0,362,0.08826595336914064
call,2026-10-13,0.019178082191780823,796.0,0.23,0.24,0.235,0.28,386.0,104,0.08814388427734376
call,2026-10-13,0.019178082191780823,797.0,0.19,0.2,0.195,0.2,229.0,383,0.08899836791992188
call,2026-10-13,0.019178082191780823,798.0,0.15,0.16,0.155,0.17,237.0,189,0.08912043701171876
call,2026-10-13,0.019178082191780823,799.0,0.12,0.13,0.125,0.24,119.0,48,0.08960871337890625
call,2026-10-13,0.019178082191780823,800.0,0.1,0.11,0.10500000000000001,0.1,623.0,739,0.090829404296875
call,2026-10-13,0.019178082191780823,801.0,0.08,0.09,0.08499999999999999,0.1,48.0,11,0.09156181884765624
call,2026-10-13,0.019178082191780823,802.0,0.07,0.08,0.07500000000000001,0.13,33.0,14,0.0932707861328125
call,2026-10-13,0.019178082191780823,803.0,0.06,0.07,0.065,0.05,15.0,44,0.09473561523437501
call,2026-10-13,0.019178082191780823,804.0,0.05,0.06,0.055,0.08,1.0,216,0.09620044433593751
call,2026-10-13,0.019178082191780823,805.0,0.05,0.06,0.055,0.07,8.0,64,0.09961837890625
call,2026-10-13,0.019178082191780823,806.0,0.04,0.05,0.045,0.03,1.0,9,0.1001066552734375
call,2026-10-13,0.019178082191780823,807.0,0.04,0.05,0.045,0.06,6.0,24,0.10352458984374999
call,2026-10-13,0.019178082191780823,810.0,0.03,0.04,0.035,0.02,1.0,104,0.1098721826171875
call,2026-10-13,0.019178082191780823,815.0,0.02,0.03,0.025,0.03,6.0,40,0.1211025390625
call,2026-10-13,0.019178082191780823,820.0,0.02,0.03,0.025,0.04,,72,0.13575083007812502
put,2026-10-13,0.019178082191780823,675.0,0.02,0.03,0.025,0.02,45.0,20,0.34961587890624996
put,2026-10-13,0.019178082191780823,680.0,0.02,0.03,0.025,0.06,2.0,2,0.3320379296875
put,2026-10-13,0.019178082191780823,690.0,0.03,0.04,0.035,0.04,2242.0,51,0.3086006640625
put,2026-10-13,0.019178082191780823,695.0,0.03,0.04,0.035,0.04,1.0,45,0.2929758203124999
put,2026-10-13,0.019178082191780823,700.0,0.03,0.04,0.035,0.05,10029.0,255,0.27637442382812494
put,2026-10-13,0.019178082191780823,705.0,0.04,0.05,0.045,0.08,1.0,69,0.266608896484375
put,2026-10-13,0.019178082191780823,710.0,0.05,0.06,0.055,0.06,2244.0,8,0.25489026367187506
put,2026-10-13,0.019178082191780823,715.0,0.05,0.06,0.055,0.1,1.0,102,0.23731231445312498
put,2026-10-13,0.019178082191780823,720.0,0.06,0.07,0.065,0.07,4.0,341,0.22461712890624996
put,2026-10-13,0.019178082191780823,723.0,0.06,0.07,0.065,0.1,4.0,80,0.21436332519531248
put,2026-10-13,0.019178082191780823,724.0,0.07,0.08,0.07500000000000001,0.11,2.0,419,0.21436332519531248
put,2026-10-13,0.019178082191780823,725.0,0.07,0.08,0.07500000000000001,0.09,6.0,354,0.21094539062499998
put,2026-10-13,0.019178082191780823,726.0,0.07,0.08,0.07500000000000001,0.12,120.0,201,0.20703917968749996
put,2026-10-13,0.019178082191780823,727.0,0.07,0.08,0.07500000000000001,0.23,90.0,92,0.20410952148437497
put,2026-10-13,0.019178082191780823,728.0,0.07,0.08,0.07500000000000001,0.13,3.0,78,0.20020331054687499
put,2026-10-13,0.019178082191780823,729.0,0.07,0.08,0.07500000000000001,0.09,55.0,169,0.19678537597656248
put,2026-10-13,0.019178082191780823,730.0,0.08,0.09,0.08499999999999999,0.09,10.0,497,0.196297099609375
put,2026-10-13,0.019178082191780823,731.0,0.08,0.09,0.08499999999999999,0.15,13.0,190,0.1928791650390625
put,2026-10-13,0.019178082191780823,732.0,0.08,0.09,0.08499999999999999,0.09,1005.0,160,0.1889729541015625
put,2026-10-13,0.019178082191780823,733.0,0.08,0.09,0.08499999999999999,0.11,28.0,341,0.18555501953124998
put,2026-10-13,0.019178082191780823,734.0,0.09,0.1,0.095,0.1,1.0,153,0.18457846679687498
put,2026-10-13,0.019178082191780823,735.0,0.09,0.1,0.095,0.11,5.0,302,0.18116053222656248
put,2026-10-13,0.019178082191780823,736.0,0.09,0.1,0.095,0.11,5.0,77,0.1772543212890625
put,2026-10-13,0.019178082191780823,737.0,0.1,0.11,0.10500000000000001,0.17,3.0,173,0.17627776855468752
put,2026-10-13,0.019178082191780823,738.0,0.1,0.11,0.10500000000000001,0.12,4.0,154,0.17237155761718753
put,2026-10-13,0.019178082191780823,739.0,0.1,0.11,0.10500000000000001,0.11,32.0,178,0.1687094848632813
put,2026-10-13,0.019178082191780823,740.0,0.11,0.12,0.11499999999999999,0.13,16.0,259,0.16700051757812504
put,2026-10-13,0.019178082191780823,741.0,0.11,0.12,0.11499999999999999,0.14,18.0,224,0.16358258300781253
put,2026-10-13,0.019178082191780823,742.0,0.12,0.13,0.125,0.14,21.0,141,0.16162947753906248
put,2026-10-13,0.019178082191780823,743.0,0.12,0.13,0.125,0.13,64.0,88,0.1577232666015625
put,2026-10-13,0.019178082191780823,744.0,0.13,0.14,0.135,0.14,34.0,230,0.1557701611328125
put,2026-10-13,0.019178082191780823,745.0,0.14,0.15,0.14500000000000002,0.14,970.0,5680,0.1538170556640625
put,2026-10-13,0.019178082191780823,746.0,0.14,0.15,0.14500000000000002,0.17,56.0,192,0.14991084472656252
put,2026-10-13,0.019178082191780823,747.0,0.15,0.16,0.155,0.16,6.0,65,0.147469462890625
put,2026-10-13,0.019178082191780823,748.0,0.16,0.17,0.165,0.18,3.0,87,0.1450280810546875
put,2026-10-13,0.019178082191780823,749.0,0.17,0.18,0.175,0.17,27.0,110,0.14258669921875
put,2026-10-13,0.019178082191780823,750.0,0.18,0.19,0.185,0.18,107.0,944,0.139657041015625
put,2026-10-13,0.019178082191780823,751.0,0.19,0.2,0.195,0.2,324.0,585,0.13697152099609378
put,2026-10-13,0.019178082191780823,752.0,0.2,0.21,0.20500000000000002,0.21,360.0,317,0.13404186279296876
put,2026-10-13,0.019178082191780823,753.0,0.22,0.23,0.225,0.22,764.0,427,0.13208875732421876
put,2026-10-13,0.019178082191780823,754.0,0.23,0.24,0.235,0.25,858.0,1089,0.12903703002929687
put,2026-10-13,0.019178082191780823,755.0,0.25,0.26,0.255,0.25,561.0,813,0.12671771728515624
put,2026-10-13,0.019178082191780823,756.0,0.27,0.28,0.275,0.27,855.0,823,0.12427633544921876
put,2026-10-13,0.019178082191780823,757.0,0.3,0.31,0.305,0.29,618.0,567,0.12256736816406251
put,2026-10-13,0.019178082191780823,758.0,0.32,0.33,0.325,0.33,138.0,209,0.11963770996093749
put,2026-10-13,0.019178082191780823,759.0,0.35,0.36,0.355,0.35,277.0,181,0.11744046630859376
put,2026-10-13,0.019178082191780823,760.0,0.38,0.39,0.385,0.38,934.0,969,0.11499908447265625
put,2026-10-13,0.019178082191780823,761.0,0.42,0.43,0.425,0.43,207.0,233,0.1128018408203125
put,2026-10-13,0.019178082191780823,762.0,0.46,0.48,0.47,0.47,803.0,459,0.11109287353515623
put,2026-10-13,0.019178082191780823,763.0,0.52,0.53,0.525,0.51,297.0,251,0.1088956298828125
put,2026-10-13,0.019178082191780823,764.0,0.58,0.59,0.585,0.57,191.0,237,0.10700355895996094
put,2026-10-13,0.019178082191780823,765.0,0.63,0.65,0.64,0.64,267.0,362,0.10474528076171874
put,2026-10-13,0.019178082191780823,766.0,0.7,0.72,0.71,0.7,981.0,317,0.10254803710937499
put,2026-10-13,0.019178082191780823,767.0,0.79,0.81,0.8,0.75,265.0,749,0.10077803527832031
put,2026-10-13,0.019178082191780823,768.0,0.88,0.9,0.89,0.88,137.0,294,0.09858079162597656
put,2026-10-13,0.019178082191780823,769.0,1.0,1.01,1.005,0.98,176.0,566,0.09668872070312501
put,2026-10-13,0.019178082191780823,770.0,1.13,1.14,1.1349999999999998,1.09,992.0,819,0.09497975341796877
put,2026-10-13,0.019178082191780823,771.0,1.28,1.29,1.2850000000000001,1.28,268.0,569,0.09333182067871094
put,2026-10-13,0.019178082191780823,772.0,1.45,1.46,1.455,1.43,408.0,402,0.09168388793945312
put,2026-10-13,0.019178082191780823,773.0,1.62,1.64,1.63,1.62,192.0,261,0.08973078247070312
put,2026-10-13,0.019178082191780823,774.0,1.85,1.86,1.855,1.85,506.0,251,0.0882049188232422
put,2026-10-13,0.019178082191780823,775.0,2.09,2.1,2.0949999999999998,2.09,605.0,222,0.08646543426513673
put,2026-10-13,0.019178082191780823,777.0,2.65,2.66,2.6550000000000002,2.66,583.0,54,0.08271180969238283
put,2026-10-13,0.019178082191780823,778.0,3.02,3.03,3.025,2.97,4683.0,33,0.08167422241210939
put,2026-10-13,0.019178082191780823,780.0,3.82,3.84,3.83,3.8,3037.0,52,0.07846990875244142
put,2026-10-13,0.019178082191780823,782.0,4.73,4.79,4.76,4.78,361.0,7,0.07441111145019531
put,2026-10-13,0.019178082191780823,785.0,6.47,6.69,6.58,5.98,550.0,26,0.07087110778808595
put,2026-10-13,0.019178082191780823,786.0,7.14,7.35,7.244999999999999,7.15,14.0,9,0.06763627685546877
put,2026-10-13,0.019178082191780823,787.0,7.84,8.11,7.975,8.23,5.0,8,0.06580524047851563
put,2026-10-13,0.019178082191780823,810.0,28.84,30.95,29.895,38.61,2.0,0,0.16651224121093755
call,2026-10-14,0.021917808219178082,690.0,89.24,91.97,90.60499999999999,75.1,,6,0.5592085095214845
call,2026-10-14,0.021917808219178082,730.0,49.37,52.09,50.730000000000004,34.96,,2,0.35785554260253905
call,2026-10-14,0.021917808219178082,735.0,44.4,47.16,45.78,35.15,,1,0.33386896606445315
call,2026-10-14,0.021917808219178082,740.0,39.41,42.23,40.81999999999999,30.38,,1,0.30933307861328124
call,2026-10-14,0.021917808219178082,742.0,37.43,40.15,38.79,23.24,,9,0.29529513305664057
call,2026-10-14,0.021917808219178082,745.0,35.58,37.09,36.335,29.93,2.0,128,0.2765575274658203
call,2026-10-14,0.021917808219178082,749.0,30.55,33.26,31.905,22.22,4.0,2,0.2600171655273438
call,2026-10-14,0.021917808219178082,750.0,29.55,32.28,30.915,30.56,15.0,19,0.25501233276367197
call,2026-10-14,0.021917808219178082,751.0,28.58,31.3,29.939999999999998,15.28,,1,0.24988543090820312
call,2026-10-14,0.021917808219178082,753.0,26.53,29.33,27.93,15.31,,1,0.23926541992187497
call,2026-10-14,0.021917808219178082,754.0,25.64,28.36,27.0,26.73,2.0,1,0.23438265625
call,2026-10-14,0.021917808219178082,755.0,24.57,27.36,25.965,25.76,4.0,4,0.22846230529785155
call,2026-10-14,0.021917808219178082,756.0,23.71,26.43,25.07,24.18,6.0,3,0.22467816345214842
call,2026-10-14,0.021917808219178082,757.0,22.72,25.54,24.13,15.82,1.0,1,0.2219316088867187
call,2026-10-14,0.021917808219178082,758.0,21.77,24.42,23.095,14.95,1.0,6,0.2122881506347656
call,2026-10-14,0.021917808219178082,759.0,20.82,23.46,22.14,22.79,4.0,59,0.2074053869628906
call,2026-10-14,0.021917808219178082,760.0,19.89,22.52,21.205,22.38,3.0,77,0.20294986511230467
call,2026-10-14,0.021917808219178082,761.0,18.94,21.58,20.259999999999998,21.31,2.0,84,0.1984333087158203
call,2026-10-14,0.021917808219178082,762.0,19.11,20.52,19.814999999999998,20.23,13.0,247,0.19046830047607421
call,2026-10-14,0.021917808219178082,763.0,18.19,19.6,18.895000000000003,19.3,2.0,190,0.18628743408203124
call,2026-10-14,0.021917808219178082,764.0,17.27,18.67,17.97,17.39,5.0,140,0.18177087768554687
call,2026-10-14,0.021917808219178082,765.0,16.37,16.88,16.625,17.84,16.0,387,0.15387809020996096
call,2026-10-14,0.021917808219178082,766.0,15.52,15.86,15.69,15.93,7.0,203,0.14710325561523438
call,2026-10-14,0.021917808219178082,767.0,14.62,14.96,14.79,15.53,10.0,226,0.14350221740722657
call,2026-10-14,0.021917808219178082,768.0,13.76,14.1,13.93,14.95,6.0,164,0.14069462829589846
call,2026-10-14,0.021917808219178082,769.0,12.89,13.2,13.045,11.83,1.0,469,0.13660531372070314
call,2026-10-14,0.021917808219178082,770.0,12.06,12.37,12.215,13.2,174.0,784,0.13404186279296876
call,2026-10-14,0.021917808219178082,771.0,11.28,11.56,11.42,11.74,6.0,445,0.13160048095703125
call,2026-10-14,0.021917808219178082,772.0,10.48,10.74,10.61,11.27,166.0,270,0.12854875366210936
call,2026-10-14,0.021917808219178082,773.0,9.71,9.95,9.83,10.09,18.0,233,0.12586323364257812
call,2026-10-14,0.021917808219178082,774.0,8.96,9.18,9.07,9.99,162.0,316,0.12323874816894533
call,2026-10-14,0.021917808219178082,775.0,8.24,8.42,8.33,8.75,194.0,650,0.12037012451171875
call,2026-10-14,0.021917808219178082,776.0,7.49,7.74,7.615,8.65,25.0,294,0.11881374359130858
call,2026-10-14,0.021917808219178082,777.0,6.87,7.03,6.95,7.06,145.0,198,0.11609770629882812
call,2026-10-14,0.021917808219178082,778.0,6.25,6.35,6.3,6.39,434.0,438,0.1134732208251953
call,2026-10-14,0.021917808219178082,779.0,5.65,5.76,5.705,6.23,257.0,110,0.11219149536132811
call,2026-10-14,0.021917808219178082,780.0,5.12,5.15,5.135,5.11,709.0,390,0.1099026998901367
call,2026-10-14,0.021917808219178082,781.0,4.55,4.58,4.5649999999999995,4.75,240.0,364,0.10782752532958985
call,2026-10-14,0.021917808219178082,782.0,4.09,4.11,4.1,4.08,232.0,154,0.10715614532470702
call,2026-10-14,0.021917808219178082,783.0,3.61,3.64,3.625,3.57,228.0,394,0.10584390258789061
call,2026-10-14,0.021917808219178082,784.0,3.17,3.19,3.1799999999999997,3.13,257.0,239,0.10428752166748045
call,2026-10-14,0.021917808219178082,785.0,2.78,2.81,2.795,2.82,681.0,1399,0.10352458984374999
call,2026-10-14,0.021917808219178082,786.0,2.41,2.42,2.415,2.42,179.0,364,0.10184613983154298
call,2026-10-14,0.021917808219178082,787.0,2.09,2.11,2.0999999999999996,2.2,114.0,206,0.1012663116455078
call,2026-10-14,0.021917808219178082,788.0,1.82,1.83,1.8250000000000002,1.9,204.0,758,0.10077803527832031
call,2026-10-14,0.021917808219178082,789.0,1.55,1.56,1.5550000000000002,1.54,49.0,125,0.09974044799804688
call,2026-10-14,0.021917808219178082,790.0,1.33,1.34,1.335,1.34,81631.0,801,0.09937424072265624
call,2026-10-14,0.021917808219178082,791.0,1.13,1.15,1.14,1.19,418.0,394,0.09919113708496094
call,2026-10-14,0.021917808219178082,792.0,0.95,0.97,0.96,0.99,184.0,107,0.09858079162597656
call,2026-10-14,0.021917808219178082,793.0,0.78,0.8,0.79,0.79,129.0,83,0.09754320434570313
call,2026-10-14,0.021917808219178082,794.0,0.66,0.68,0.67,0.67,336.0,84,0.09760423889160157
call,2026-10-14,0.021917808219178082,795.0,0.55,0.56,0.555,0.54,338.0,214,0.0969938934326172
call,2026-10-14,0.021917808219178082,796.0,0.46,0.47,0.46499999999999997,0.47,144.0,124,0.09705492797851564
call,2026-10-14,0.021917808219178082,797.0,0.38,0.39,0.385,0.41,709.0,58,0.09693285888671876
call,2026-10-14,0.021917808219178082,798.0,0.31,0.33,0.32,0.34,23.0,32,0.09729906616210937
call,2026-10-14,0.021917808219178082,799.0,0.26,0.27,0.265,0.27,38.0,41,0.0971769970703125
call,2026-10-14,0.021917808219178082,800.0,0.22,0.23,0.225,0.23,891.0,95,0.09778734252929688
call,2026-10-14,0.021917808219178082,802.0,0.15,0.16,0.155,0.24,5.0,125,0.09851975708007812
call,2026-10-14,0.021917808219178082,803.0,0.13,0.14,0.135,0.15,167.0,44,0.09986251708984376
call,2026-10-14,0.021917808219178082,804.0,0.11,0.12,0.11499999999999999,0.17,2.0,12,0.100594931640625
call,2026-10-14,0.021917808219178082,805.0,0.09,0.1,0.095,0.09,38.0,114,0.1010832080078125
call,2026-10-14,0.021917808219178082,806.0,0.08,0.09,0.08499999999999999,0.13,3.0,4,0.10254803710937499
call,2026-10-14,0.021917808219178082,807.0,0.07,0.08,0.07500000000000001,0.11,10.0,24,0.10401286621093749
call,2026-10-14,0.021917808219178082,809.0,0.06,0.07,0.065,0.05,24.0,24,0.108407353515625
call,2026-10-14,0.021917808219178082,810.0,0.05,0.06,0.055,0.06,41.0,45,0.1088956298828125
call,2026-10-14,0.021917808219178082,815.0,0.04,0.05,0.045,0.06,1.0,82,0.1211025390625
call,2026-10-14,0.021917808219178082,820.0,0.03,0.04,0.035,0.04,4.0,68,0.131844619140625
put,2026-10-14,0.021917808219178082,650.0,0.02,0.03,0.025,0.07,550.0,551,0.4062559375
put,2026-10-14,0.021917808219178082,655.0,0.02,0.03,0.025,0.15,,0,0.39063109375
put,2026-10-14,0.021917808219178082,665.0,0.02,0.03,0.025,0.06,42.0,42,0.35938140625
put,2026-10-14,0.021917808219178082,675.0,0.03,0.04,0.035,0.05,40.0,90,0.33887379882812496
put,2026-10-14,0.021917808219178082,690.0,0.04,0.05,0.045,0.08,2.0,31,0.29883513671874995
put,2026-10-14,0.021917808219178082,695.0,0.05,0.06,0.055,0.07,1.0,21,0.2880930566406249
put,2026-10-14,0.021917808219178082,700.0,0.06,0.07,0.065,0.08,2.0,708,0.27735097656249996
put,2026-10-14,0.021917808219178082,705.0,0.06,0.07,0.065,0.08,1.0,85,0.260749580078125
put,2026-10-14,0.021917808219178082,710.0,0.07,0.08,0.07500000000000001,0.13,10.0,63,0.2485426708984375
put,2026-10-14,0.021917808219178082,715.0,0.08,0.09,0.08499999999999999,0.1,13.0,89,0.23535920898437498
put,2026-10-14,0.021917808219178082,720.0,0.09,0.1,0.095,0.16,14.0,94,0.22168747070312497
put,2026-10-14,0.021917808219178082,723.0,0.1,0.11,0.10500000000000001,0.18,1.0,10,0.213875048828125
put,2026-10-14,0.021917808219178082,724.0,0.1,0.11,0.10500000000000001,0.12,1.0,49,0.21094539062499998
put,2026-10-14,0.021917808219178082,725.0,0.1,0.11,0.10500000000000001,0.12,101.0,169,0.20703917968749996
put,2026-10-14,0.021917808219178082,726.0,0.11,0.12,0.11499999999999999,0.18,6.0,28,0.20606262695312497
put,2026-10-14,0.021917808219178082,727.0,0.11,0.12,0.11499999999999999,0.21,2.0,21,0.20264469238281246
put,2026-10-14,0.021917808219178082,728.0,0.11,0.12,0.11499999999999999,0.22,24.0,34,0.1992267578125
put,2026-10-14,0.021917808219178082,729.0,0.12,0.13,0.125,0.15,2.0,61,0.198250205078125
put,2026-10-14,0.021917808219178082,730.0,0.12,0.13,0.125,0.16,4.0,430,0.19458813232421873
put,2026-10-14,0.021917808219178082,731.0,0.12,0.13,0.125,0.14,20.0,66,0.1909260595703125
put,2026-10-14,0.021917808219178082,732.0,0.13,0.14,0.135,0.14,10.0,66,0.18946123046875002
put,2026-10-14,0.021917808219178082,733.0,0.13,0.14,0.135,0.23,170.0,199,0.1860432958984375
put,2026-10-14,0.021917808219178082,734.0,0.14,0.15,0.14500000000000002,0.24,17.0,53,0.18457846679687498
put,2026-10-14,0.021917808219178082,735.0,0.14,0.15,0.14500000000000002,0.17,7.0,558,0.18091639404296872
put,2026-10-14,0.021917808219178082,736.0,0.15,0.16,0.155,0.17,30.0,397,0.17896328857421873
put,2026-10-14,0.021917808219178082,737.0,0.15,0.16,0.155,0.29,1.0,35,0.1753012158203125
put,2026-10-14,0.021917808219178082,738.0,0.16,0.17,0.165,0.2,2.0,158,0.1733481103515625
put,2026-10-14,0.021917808219178082,739.0,0.16,0.17,0.165,0.19,32.0,162,0.16993017578125003
put,2026-10-14,0.021917808219178082,740.0,0.17,0.18,0.175,0.18,28.0,156,0.16773293212890628
put,2026-10-14,0.021917808219178082,741.0,0.18,0.19,0.185,0.21,30.0,42,0.16553568847656253
put,2026-10-14,0.021917808219178082,742.0,0.19,0.2,0.195,0.23,9.0,51,0.16309430664062502
put,2026-10-14,0.021917808219178082,743.0,0.19,0.2,0.195,0.38,184.0,204,0.15943223388671873
put,2026-10-14,0.021917808219178082,744.0,0.2,0.21,0.20500000000000002,0.24,3.0,55,0.15699085205078128
put,2026-10-14,0.021917808219178082,745.0,0.21,0.22,0.215,0.23,29.0,222,0.15430533203125002
put,2026-10-14,0.021917808219178082,746.0,0.22,0.23,0.225,0.28,12.0,72,0.15161981201171876
put,2026-10-14,0.021917808219178082,747.0,0.24,0.25,0.245,0.23,13.0,271,0.15015498291015628
put,2026-10-14,0.021917808219178082,748.0,0.25,0.26,0.255,0.52,21.0,47,0.14722532470703126
put,2026-10-14,0.021917808219178082,749.0,0.27,0.28,0.275,0.35,1.0,45,0.14527221923828126
put,2026-10-14,0.021917808219178082,750.0,0.28,0.29,0.28500000000000003,0.28,176.0,1351,0.14234256103515625
put,2026-10-14,0.021917808219178082,751.0,0.3,0.31,0.305,0.37,18.0,54,0.14002324829101562
put,2026-10-14,0.021917808219178082,752.0,0.32,0.33,0.325,0.68,10.0,38,0.13770393554687502
put,2026-10-14,0.021917808219178082,753.0,0.35,0.36,0.355,0.35,11.0,242,0.13599496826171875
put,2026-10-14,0.021917808219178082,754.0,0.37,0.38,0.375,0.37,226.0,330,0.1333094482421875
put,2026-10-14,0.021917808219178082,755.0,0.39,0.41,0.4,0.4,137.0,4202,0.13123427368164062
put,2026-10-14,0.021917808219178082,756.0,0.43,0.44,0.435,0.43,85.0,251,0.1289149609375
put,2026-10-14,0.021917808219178082,757.0,0.46,0.47,0.46499999999999997,0.47,271.0,275,0.12647357910156248
put,2026-10-14,0.021917808219178082,758.0,0.5,0.52,0.51,0.52,63.0,218,0.12500875
put,2026-10-14,0.021917808219178082,759.0,0.55,0.57,0.56,0.64,46.0,186,0.12329978271484376
put,2026-10-14,0.021917808219178082,760.0,0.6,0.61,0.605,0.57,653.0,650,0.12073633178710938
put,2026-10-14,0.021917808219178082,761.0,0.65,0.67,0.66,0.66,40.0,177,0.11902736450195311
put,2026-10-14,0.021917808219178082,762.0,0.71,0.73,0.72,0.73,68.0,416,0.11695218994140624
put,2026-10-14,0.021917808219178082,763.0,0.78,0.8,0.79,0.8,135.0,268,0.11499908447265625
put,2026-10-14,0.021917808219178082,764.0,0.87,0.88,0.875,0.84,46.0,101,0.11322908264160156
put,2026-10-14,0.021917808219178082,765.0,0.95,0.96,0.955,0.96,7856.0,6447,0.11109287353515623
put,2026-10-14,0.021917808219178082,766.0,1.06,1.07,1.065,1.02,44.0,335,0.10968907897949219
put,2026-10-14,0.021917808219178082,767.0,1.16,1.18,1.17,1.15,133.0,362,0.10785804260253906
put,2026-10-14,0.021917808219178082,768.0,1.29,1.3,1.295,1.25,183.0,168,0.10602700622558593
put,2026-10-14,0.021917808219178082,769.0,1.43,1.45,1.44,1.44,107.0,2700,0.10462321166992186
put,2026-10-14,0.021917808219178082,770.0,1.58,1.59,1.585,1.57,15446.0,2714,0.10248700256347655
put,2026-10-14,0.021917808219178082,771.0,1.75,1.76,1.755,1.76,112.0,2001,0.10077803527832031
put,2026-10-14,0.021917808219178082,772.0,1.96,1.97,1.9649999999999999,1.85,127.0,651,0.09955734436035156
put,2026-10-14,0.021917808219178082,773.0,2.16,2.19,2.175,2.18,283.0,121,0.09806199798583985
put,2026-10-14,0.021917808219178082,774.0,2.4,2.43,2.415,2.38,122.0,175,0.09647509979248048
put,2026-10-14,0.021917808219178082,775.0,2.69,2.7,2.6950000000000003,2.67,465.0,187,0.09497975341796877
put,2026-10-14,0.021917808219178082,776.0,2.99,3.0,2.995,2.82,125.0,318,0.0935759588623047
put,2026-10-14,0.021917808219178082,777.0,3.31,3.33,3.3200000000000003,3.2,408.0,25,0.09217216430664063
put,2026-10-14,0.021917808219178082,779.0,4.07,4.08,4.075,4.03,449.0,9,0.0891814715576172
put,2026-10-14,0.021917808219178082,780.0,4.49,4.52,4.505,4.5,456.0,14,0.08793026336669924
put,2026-10-14,0.021917808219178082,782.0,5.5,5.52,5.51,5.45,58.0,1,0.08558043334960938
put,2026-10-14,0.021917808219178082,784.0,6.48,6.69,6.585000000000001,10.94,1.0,2,0.08350525878906252
put,2026-10-14,0.021917808219178082,785.0,7.12,7.29,7.205,6.82,21.0,89,0.08146060150146486
put,2026-10-14,0.021917808219178082,788.0,9.09,9.35,9.219999999999999,8.57,13.0,1,0.07514352600097658
put,2026-10-14,0.021917808219178082,790.0,10.63,10.98,10.805,10.47,4.0,2,0.07264110961914064
put,2026-10-14,0.021917808219178082,793.0,13.04,13.53,13.285,21.5,8.0,0,0.058359025878906255
put,2026-10-14,0.021917808219178082,815.0,33.6,36.31,34.955,56.62,,0,0.19898261962890623
call,2026-10-15,0.024657534246575342,695.0,84.33,87.06,85.695,65.74,,1,0.5109912182617188
call,2026-10-15,0.024657534246575342,710.0,69.41,72.12,70.765,51.47,,0,0.44043528320312497
call,2026-10-15,0.024657534246575342,728.0,51.35,54.15,52.75,44.89,1.0,1,0.35193519165039056
call,2026-10-15,0.024657534246575342,740.0,39.56,42.28,40.92,25.3,,3,0.2951730639648437
call,2026-10-15,0.024657534246575342,750.0,29.74,32.45,31.095,31.03,17.0,12,0.24719991088867188
call,2026-10-15,0.024657534246575342,754.0,25.76,28.57,27.165,18.45,2.0,1,0.22852333984375
call,2026-10-15,0.024657534246575342,755.0,24.89,27.61,26.25,17.8,33.0,37,0.22400678344726557
call,2026-10-15,0.024657534246575342,756.0,23.92,26.65,25.285,16.6,6.0,3,0.21936815795898437
call,2026-10-15,0.024657534246575342,757.0,22.97,25.7,24.335,15.95,2.0,1,0.21497367065429687
call,2026-10-15,0.024657534246575342,758.0,22.02,24.65,23.335,22.64,1.0,6,0.20777159423828123
call,2026-10-15,0.024657534246575342,759.0,21.06,23.71,22.384999999999998,14.31,4.0,2,0.20356021057128904
call,2026-10-15,0.024657534246575342,760.0,21.25,22.66,21.955,18.31,17.0,219,0.196297099609375
call,2026-10-15,0.024657534246575342,761.0,19.17,21.81,20.490000000000002,19.5,1.0,3,0.19428295959472658
call,2026-10-15,0.024657534246575342,762.0,18.28,20.91,19.595,12.22,1.0,0,0.19077347320556642
call,2026-10-15,0.024657534246575342,763.0,17.37,20.0,18.685000000000002,11.3,8.0,5,0.18689777954101564
call,2026-10-15,0.024657534246575342,764.0,17.63,18.01,17.82,13.0,2.0,2,0.15534291931152344
call,2026-10-15,0.024657534246575342,765.0,16.74,17.11,16.924999999999997,16.29,1.0,642,0.15204705383300782
call,2026-10-15,0.024657534246575342,766.0,15.85,16.2,16.025,10.65,1.0,1,0.1482934292602539
call,2026-10-15,0.024657534246575342,767.0,14.99,15.33,15.16,16.04,16.0,55,0.1453637710571289
call,2026-10-15,0.024657534246575342,768.0,14.11,14.46,14.285,15.31,4.0,82,0.14222049194335937
call,2026-10-15,0.024657534246575342,769.0,13.29,13.61,13.45,13.49,5.0,104,0.1392908337402344
call,2026-10-15,0.024657534246575342,770.0,12.48,12.78,12.629999999999999,13.59,11.0,332,0.13654427917480472
call,2026-10-15,0.024657534246575342,771.0,11.68,11.96,11.82,12.74,16.0,339,0.13376720733642578
call,2026-10-15,0.024657534246575342,772.0,10.9,11.16,11.030000000000001,12.07,13.0,305,0.13111220458984374
call,2026-10-15,0.024657534246575342,773.0,10.15,10.38,10.265,11.32,9.0,274,0.12854875366210936
call,2026-10-15,0.024657534246575342,774.0,9.41,9.65,9.530000000000001,9.06,8.0,94,0.1266566827392578
call,2026-10-15,0.024657534246575342,775.0,8.7,8.88,8.79,8.9,46.0,579,0.12357443817138672
call,2026-10-15,0.024657534246575342,776.0,8.0,8.19,8.094999999999999,8.54,18.0,238,0.12171288452148438
call,2026-10-15,0.024657534246575342,777.0,7.36,7.53,7.445,7.64,13.0,342,0.12000391723632811
call,2026-10-15,0.024657534246575342,778.0,6.71,6.87,6.79,7.06,53.0,359,0.11783719085693359
call,2026-10-15,0.024657534246575342,779.0,6.11,6.24,6.175000000000001,6.2,251.0,725,0.11576201629638672
call,2026-10-15,0.024657534246575342,780.0,5.59,5.62,5.605,5.63,402.0,853,0.11341218627929686
call,2026-10-15,0.024657534246575342,781.0,5.04,5.07,5.055,5.07,370.0,828,0.1118558053588867
call,2026-10-15,0.024657534246575342,782.0,4.54,4.57,4.555,4.7,358.0,354,0.11072666625976563
call,2026-10-15,0.024657534246575342,783.0,4.06,4.08,4.07,4.37,131.0,398,0.10923131988525389
call,2026-10-15,0.024657534246575342,784.0,3.62,3.63,3.625,3.65,66.0,300,0.1079190771484375
call,2026-10-15,0.024657534246575342,785.0,3.21,3.23,3.2199999999999998,3.24,189.0,280,0.10706459350585937
call,2026-10-15,0.024657534246575342,786.0,2.86,2.87,2.865,2.87,243.0,170,0.106454248046875
call,2026-10-15,0.024657534246575342,787.0,2.48,2.51,2.495,2.52,55.0,33,0.10517252258300781
call,2026-10-15,0.024657534246575342,788.0,2.18,2.19,2.185,2.27,175.0,133,0.10419596984863279
call,2026-10-15,0.024657534246575342,789.0,1.91,1.93,1.92,1.9,18.0,42,0.10398234893798827
call,2026-10-15,0.024657534246575342,790.0,1.66,1.68,1.67,1.66,178.0,421,0.10340252075195311
call,2026-10-15,0.024657534246575342,791.0,1.41,1.43,1.42,1.83,199.0,98,0.10218182983398436
call,2026-10-15,0.024657534246575342,792.0,1.22,1.24,1.23,1.57,99.0,451,0.10193769165039063
call,2026-10-15,0.024657534246575342,793.0,1.05,1.07,1.06,1.05,67.0,871,0.10169355346679687
call,2026-10-15,0.024657534246575342,794.0,0.89,0.9,0.895,0.89,31.0,290,0.10077803527832031
call,2026-10-15,0.024657534246575342,795.0,0.75,0.76,0.755,0.76,389.0,60,0.10022872436523436
call,2026-10-15,0.024657534246575342,796.0,0.63,0.65,0.64,0.78,34.0,110,0.10022872436523436
call,2026-10-15,0.024657534246575342,797.0,0.54,0.55,0.545,0.57,6.0,19,0.10004562072753906
call,2026-10-15,0.024657534246575342,799.0,0.38,0.39,0.385,0.48,9.0,69,0.09986251708984376
call,2026-10-15,0.024657534246575342,800.0,0.32,0.33,0.325,0.48,219.0,266,0.09998458618164063
call,2026-10-15,0.024657534246575342,805.0,0.14,0.15,0.14500000000000002,0.2,1.0,202,0.10230389892578123
call,2026-10-15,0.024657534246575342,808.0,0.09,0.1,0.095,0.1,100.0,100,0.10523355712890625
call,2026-10-15,0.024657534246575342,809.0,0.08,0.09,0.08499999999999999,0.11,2.0,0,0.106454248046875
call,2026-10-15,0.024657534246575342,810.0,0.08,0.09,0.08499999999999999,0.08,5.0,11,0.10938390625
call,2026-10-15,0.024657534246575342,815.0,0.05,0.06,0.055,0.06,10.0,1,0.1176846044921875
call,2026-10-15,0.024657534246575342,820.0,0.04,0.05,0.045,0.03,1.0,4,0.1289149609375
call,2026-10-15,0.024657534246575342,825.0,0.03,0.04,0.035,0.03,10.0,90,0.13868048828125001
call,2026-10-15,0.024657534246575342,835.0,0.02,0.03,0.025,0.03,1.0,3,0.159188095703125
put,2026-10-15,0.024657534246575342,670.0,0.04,0.05,0.045,0.07,5.0,6,0.3437565625
put,2026-10-15,0.024657534246575342,675.0,0.05,0.06,0.055,0.08,30.0,124,0.335944140625
put,2026-10-15,0.024657534246575342,680.0,0.05,0.06,0.055,0.16,40.0,40,0.32031929687499994
put,2026-10-15,0.024657534246575342,695.0,0.07,0.08,0.07500000000000001,0.1,1.0,16,0.28321029296874994
put,2026-10-15,0.024657534246575342,700.0,0.08,0.09,0.08499999999999999,0.09,28.0,132,0.2710033837890625
put,2026-10-15,0.024657534246575342,705.0,0.09,0.1,0.095,0.22,23.0,35,0.25830819824218754
put,2026-10-15,0.024657534246575342,710.0,0.1,0.11,0.10500000000000001,0.17,39.0,54,0.245124736328125
put,2026-10-15,0.024657534246575342,715.0,0.11,0.12,0.11499999999999999,0.17,3.0,59,0.23194127441406248
put,2026-10-15,0.024657534246575342,720.0,0.13,0.14,0.135,0.15,168.0,1614,0.2199785034179687
put,2026-10-15,0.024657534246575342,723.0,0.14,0.15,0.14500000000000002,0.42,6.0,6,0.21192194335937498
put,2026-10-15,0.024657534246575342,724.0,0.14,0.15,0.14500000000000002,0.39,2.0,1,0.20850400878906244
put,2026-10-15,0.024657534246575342,725.0,0.14,0.15,0.14500000000000002,0.15,14.0,116,0.20533021240234373
put,2026-10-15,0.024657534246575342,728.0,0.16,0.17,0.165,0.26,101.0,134,0.19873848144531248
put,2026-10-15,0.024657534246575342,729.0,0.16,0.17,0.165,0.61,3.0,3,0.195320546875
put,2026-10-15,0.024657534246575342,730.0,0.17,0.18,0.175,0.19,3.0,188,0.19361157958984376
put,2026-10-15,0.024657534246575342,731.0,0.17,0.18,0.175,0.2,5.0,92,0.1901936450195313
put,2026-10-15,0.024657534246575342,732.0,0.18,0.19,0.185,0.17,3.0,112,0.188484677734375
put,2026-10-15,0.024657534246575342,733.0,0.18,0.19,0.185,0.32,1.0,15,0.1848226049804687
put,2026-10-15,0.024657534246575342,734.0,0.19,0.2,0.195,0.78,40.0,40,0.1828694995117187
put,2026-10-15,0.024657534246575342,735.0,0.2,0.21,0.20500000000000002,0.2,865.0,872,0.180672255859375
put,2026-10-15,0.024657534246575342,736.0,0.2,0.21,0.20500000000000002,0.25,24.0,29,0.1772543212890625
put,2026-10-15,0.024657534246575342,737.0,0.21,0.22,0.215,0.23,51.0,61,0.17505707763671874
put,2026-10-15,0.024657534246575342,738.0,0.22,0.23,0.225,0.22,1.0,95,0.17285983398437502
put,2026-10-15,0.024657534246575342,739.0,0.23,0.24,0.235,0.44,3.0,128,0.17041845214843754
put,2026-10-15,0.024657534246575342,740.0,0.24,0.25,0.245,0.26,82.0,502,0.16797707031250003
put,2026-10-15,0.024657534246575342,741.0,0.25,0.26,0.255,1.01,127.0,114,0.16553568847656253
put,2026-10-15,0.024657534246575342,742.0,0.26,0.27,0.265,0.27,26.0,182,0.16285016845703126
put,2026-10-15,0.024657534246575342,743.0,0.27,0.28,0.275,0.35,1.0,45,0.1601646484375
put,2026-10-15,0.024657534246575342,744.0,0.28,0.29,0.28500000000000003,0.34,4.0,26,0.15747912841796874
put,2026-10-15,0.024657534246575342,745.0,0.3,0.31,0.305,0.3,10.0,621,0.15564809204101562
put,2026-10-15,0.024657534246575342,746.0,0.31,0.32,0.315,0.41,23.0,120,0.15284050292968754
put,2026-10-15,0.024657534246575342,747.0,0.33,0.34,0.335,0.63,4.0,44,0.15076532836914067
put,2026-10-15,0.024657534246575342,748.0,0.35,0.36,0.355,0.35,10.0,28,0.1485680847167969
put,2026-10-15,0.024657534246575342,749.0,0.36,0.37,0.365,0.37,7.0,92,0.145516357421875
put,2026-10-15,0.024657534246575342,750.0,0.38,0.4,0.39,0.4,122.0,512,0.14380739013671873
put,2026-10-15,0.024657534246575342,751.0,0.41,0.42,0.415,0.48,15.0,41,0.1412439392089844
put,2026-10-15,0.024657534246575342,752.0,0.44,0.45,0.445,0.42,42.0,33,0.1392908337402344
put,2026-10-15,0.024657534246575342,753.0,0.47,0.49,0.48,0.49,13.0,17,0.1378260046386719
put,2026-10-15,0.024657534246575342,754.0,0.5,0.51,0.505,0.55,30.0,158,0.1348963464355469
put,2026-10-15,0.024657534246575342,755.0,0.55,0.56,0.555,0.53,32.0,383,0.13355358642578125
put,2026-10-15,0.024657534246575342,756.0,0.57,0.59,0.58,0.69,9.0,172,0.13099013549804686
put,2026-10-15,0.024657534246575342,757.0,0.63,0.64,0.635,0.63,67.0,112,0.12928116821289062
put,2026-10-15,0.024657534246575342,758.0,0.67,0.69,0.6799999999999999,0.78,37.0,27,0.12732806274414063
put,2026-10-15,0.024657534246575342,759.0,0.73,0.74,0.735,0.74,25.0,149,0.12513081909179688
put,2026-10-15,0.024657534246575342,760.0,0.79,0.8,0.795,0.76,96.0,2268,0.12317771362304689
put,2026-10-15,0.024657534246575342,761.0,0.86,0.88,0.87,0.9,189.0,555,0.12183495361328125
put,2026-10-15,0.024657534246575342,762.0,0.94,0.95,0.945,0.93,30.0,262,0.11975977905273436
put,2026-10-15,0.024657534246575342,763.0,1.01,1.02,1.0150000000000001,1.01,14.0,381,0.11744046630859376
put,2026-10-15,0.024657534246575342,764.0,1.11,1.12,1.1150000000000002,1.07,41.0,389,0.11597563720703125
put,2026-10-15,0.024657534246575342,765.0,1.2,1.22,1.21,1.18,256.0,536,0.11414460083007813
put,2026-10-15,0.024657534246575342,766.0,1.32,1.33,1.3250000000000002,1.25,26.0,143,0.11231356445312499
put,2026-10-15,0.024657534246575342,767.0,1.45,1.47,1.46,1.45,25.0,348,0.1110318389892578
put,2026-10-15,0.024657534246575342,768.0,1.58,1.6,1.59,1.51,132.0,504,0.1090787335205078
put,2026-10-15,0.024657534246575342,769.0,1.75,1.76,1.755,1.68,82.0,222,0.1075833871459961
put,2026-10-15,0.024657534246575342,770.0,1.91,1.92,1.915,1.92,467.0,3618,0.10569131622314451
put,2026-10-15,0.024657534246575342,771.0,2.11,2.12,2.115,2.11,96.0,672,0.1043790734863281
put,2026-10-15,0.024657534246575342,772.0,2.31,2.32,2.315,2.25,7524.0,396,0.10260907165527343
put,2026-10-15,0.024657534246575342,773.0,2.54,2.56,2.55,2.48,207.0,224,0.10132734619140624
put,2026-10-15,0.024657534246575342,774.0,2.79,2.81,2.8,2.66,227.0,285,0.09974044799804688
put,2026-10-15,0.024657534246575342,775.0,3.08,3.09,3.085,3.06,1167.0,1214,0.09827561889648437
put,2026-10-15,0.024657534246575342,776.0,3.36,3.39,3.375,3.22,89.0,118,0.09671923797607423
put,2026-10-15,0.024657534246575342,780.0,4.9,4.92,4.91,4.83,2192.0,60,0.09119561157226563
put,2026-10-15,0.024657534246575342,783.0,6.32,6.41,6.365,5.88,4.0,2,0.08683164154052736
put,2026-10-15,0.024657534246575342,784.0,6.83,7.06,6.945,6.5,2.0,19,0.08704526245117189
put,2026-10-15,0.024657534246575342,795.0,14.52,15.58,15.05,33.1,,0,0.06714800048828126
call,2026-10-16,0.0273972602739726,300.0,478.97,481.7,480.33500000000004,468.62,24.0,43,2.415043024902343
call,2026-10-16,0.0273972602739726,305.0,473.92,476.71,475.315,454.74,84.0,62,2.368168142089843
call,2026-10-16,0.0273972602739726,310.0,469.01,471.72,470.365,458.44,24.0,1,2.349613500976562
call,2026-10-16,0.0273972602739726,315.0,464.01,466.72,465.365,447.83,5.0,0,2.311527658691406
call,2026-10-16,0.0273972602739726,320.0,459.01,461.73,460.37,448.74,24.0,3,2.275883216552734
call,2026-10-16,0.0273972602739726,325.0,437.89,442.0,439.945,442.67,,0,1.0000000000000003e-05
call,2026-10-16,0.0273972602739726,330.0,433.2,437.01,435.105,437.51,15.0,0,1.0000000000000003e-05
call,2026-10-16,0.0273972602739726,335.0,427.91,431.56,429.735,432.71,15.0,0,1.0000000000000003e-05
call,2026-10-16,0.0273972602739726,350.0,429.03,431.76,430.395,420.38,3.0,3,2.0712938842773436
call,2026-10-16,0.0273972602739726,355.0,424.07,426.78,425.42499999999995,414.21,,0,2.047368162841797
call,2026-10-16,0.0273972602739726,360.0,419.05,421.85,420.45000000000005,411.77,3.0,0,2.021489321289063
call,2026-10-16,0.0273972602739726,365.0,398.31,400.99,399.65,388.48,,1,1.0000000000000003e-05
call,2026-10-16,0.0273972602739726,380.0,399.1,401.8,400.45000000000005,388.87,6.0,2,1.8916021044921876
call,2026-10-16,0.0273972602739726,390.0,389.02,391.83,390.42499999999995,378.3,1.0,1,1.8217782348632814
call,2026-10-16,0.0273972602739726,405.0,351.06,354.54,352.8,335.63,,1,1.0000000000000003e-05
call,2026-10-16,0.0273972602739726,410.0,346.11,349.62,347.865,330.56,,1,1.0000000000000003e-05
call,2026-10-16,0.0273972602739726,420.0,359.08,361.86,360.47,352.54,4.0,0,1.6557634399414063
call,2026-10-16,0.0273972602739726,440.0,323.5,326.28,324.89,298.33,,1,1.0000000000000003e-05
call,2026-10-16,0.0273972602739726,445.0,334.1,336.9,335.5,314.16,36.0,0,1.5224633251953121
call,2026-10-16,0.0273972602739726,450.0,330.28,331.78,331.03,317.93,1.0,701,1.6008320739746091
call,2026-10-16,0.0273972602739726,455.0,324.21,326.92,325.565,308.15,,0,1.4829127416992187
call,2026-10-16,0.0273972602739726,460.0,319.18,322.0,320.59000000000003,302.99,,0,1.4614284741210937
call,2026-10-16,0.0273972602739726,465.0,314.21,316.92,315.565,298.0,9.0,0,1.429202072753906
call,2026-10-16,0.0273972602739726,475.0,304.14,306.96,305.54999999999995,288.02,,0,1.3737824279785156
call,2026-10-16,0.0273972602739726,480.0,299.23,301.95,300.59000000000003,289.32,2.0,1,1.3559602514648437
call,2026-10-16,0.0273972602739726,485.0,294.25,296.96,295.605,278.24,11.0,0,1.3330111474609372
call,2026-10-16,0.0273972602739726,495.0,284.25,286.96,285.605,273.4,,0,1.2822301513671874
call,2026-10-16,0.0273972602739726,500.0,279.27,281.98,280.625,273.87,1.0,25,1.2607458837890624
call,2026-10-16,0.0273972602739726,505.0,274.18,276.99,275.58500000000004,268.93,1.0,1,1.2287636218261717
call,2026-10-16,0.0273972602739726,510.0,269.28,271.99,270.635,260.15,1.0,2,1.2128945605468748
call,2026-10-16,0.0273972602739726,515.0,264.28,267.0,265.64,248.17,43.0,43,1.189457177734375
call,2026-10-16,0.0273972602739726,520.0,259.3,262.01,260.655,252.78,2.0,72,1.1674846313476563
call,2026-10-16,0.0273972602739726,525.0,254.3,257.02,255.66,245.57,1.0,5,1.144291387939453
call,2026-10-16,0.0273972602739726,530.0,249.23,252.01,250.62,245.5,2.0,84,1.1137739624023437
call,2026-10-16,0.0273972602739726,535.0,244.32,247.03,245.675,240.0,2.0,2,1.0986373193359378
call,2026-10-16,0.0273972602739726,540.0,239.33,242.03,240.68,235.0,2.0,4,1.0759323547363282
call,2026-10-16,0.0273972602739726,550.0,229.33,232.05,230.69,218.5,1.0,1,1.0305224255371095
call,2026-10-16,0.0273972602739726,555.0,224.35,227.06,225.70499999999998,199.43,1.0,3,1.0095264367675783
call,2026-10-16,0.0273972602739726,560.0,219.27,222.07,220.67000000000002,205.45,2.0,31,0.981445498046875
call,2026-10-16,0.0273972602739726,565.0,214.33,217.08,215.705,205.52,2.0,11,0.9636234106445312
call,2026-10-16,0.0273972602739726,570.0,209.37,212.1,210.735,191.0,2.0,23,0.9448247705078124
call,2026-10-16,0.0273972602739726,575.0,204.31,207.08,205.695,195.66,1.0,49,0.9167488793945313
call,2026-10-16,0.0273972602739726,580.0,199.39,202.1,200.745,183.55,1.0,21,0.9008798974609374
call,2026-10-16,0.0273972602739726,585.0,194.4,197.1,195.75,197.2,1.0,24,0.8791515991210936
call,2026-10-16,0.0273972602739726,590.0,190.49,191.99,191.24,179.66,18.0,285,0.911133701171875
call,2026-10-16,0.0273972602739726,595.0,184.41,187.12,185.765,172.57,2.0,58,0.8364274169921874
call,2026-10-16,0.0273972602739726,600.0,180.51,181.41,180.95999999999998,173.15,2.0,429,0.8363053479003906
call,2026-10-16,0.0273972602739726,605.0,174.4,177.19,175.79500000000002,167.96,1.0,42,0.795900478515625
call,2026-10-16,0.0273972602739726,610.0,169.43,172.15,170.79000000000002,165.23,1.0,64,0.773439765625
call,2026-10-16,0.0273972602739726,615.0,165.54,167.04,166.29,151.74,2.0,211,0.8007832421875
call,2026-10-16,0.0273972602739726,620.0,160.55,162.04,161.29500000000002,156.99,7.0,193,0.7784445983886719
call,2026-10-16,0.0273972602739726,625.0,155.55,157.06,156.305,142.84,6.0,240,0.7567163000488282
call,2026-10-16,0.0273972602739726,630.0,149.47,152.19,150.82999999999998,140.17,4.0,46,0.6909210595703126
call,2026-10-16,0.0273972602739726,635.0,145.57,147.07,146.32,135.01,3.0,4351,0.7128934960937501
call,2026-10-16,0.0273972602739726,640.0,140.58,142.07,141.325,128.93,10.0,688,0.6909210595703126
call,2026-10-16,0.0273972602739726,645.0,135.59,137.09,136.34,125.46,4.0,251,0.6696810375976563
call,2026-10-16,0.0273972602739726,650.0,130.6,132.1,131.35,125.81,2.0,377,0.6481968774414062
call,2026-10-16,0.0273972602739726,655.0,124.53,127.24,125.88499999999999,106.53,4.0,28,0.5891154370117189
call,2026-10-16,0.0273972602739726,660.0,120.63,122.12,121.375,120.78,33.0,434,0.6054726953125001
call,2026-10-16,0.0273972602739726,665.0,115.64,117.14,116.39,104.45,30.0,463,0.5843547424316407
call,2026-10-16,0.0273972602739726,670.0,110.65,112.14,111.39500000000001,111.7,1.0,507,0.5625043750000001
call,2026-10-16,0.0273972602739726,675.0,105.66,107.16,106.41,104.38,3.0,529,0.541264353027344
call,2026-10-16,0.0273972602739726,680.0,100.68,102.18,101.43,101.24,10.0,2414,0.520390538330078
call,2026-10-16,0.0273972602739726,685.0,95.69,97.19,96.44,89.03,1.0,1430,0.5403488348388674
call,2026-10-16,0.0273972602739726,690.0,90.7,92.2,91.45,84.64,6.0,1177,0.5174608801269531
call,2026-10-16,0.0273972602739726,695.0,85.72,87.21,86.465,84.45,1.0,918,0.49451189086914066
call,2026-10-16,0.0273972602739726,700.0,80.74,81.77,81.255,81.85,5.0,1623,0.44965149963378903
call,2026-10-16,0.0273972602739726,701.0,79.74,81.24,80.49,75.35,3.0,1080,0.4676566906738281
call,2026-10-16,0.0273972602739726,702.0,77.63,80.36,78.995,59.84,2.0,76,0.4683891052246094
call,2026-10-16,0.0273972602739726,703.0,76.66,79.38,78.02,58.86,4.0,29,0.4644828942871094
call,2026-10-16,0.0273972602739726,704.0,75.54,78.33,76.935,57.64,4.0,73,0.45752495605468757
call,2026-10-16,0.0273972602739726,705.0,75.76,77.24,76.5,71.12,3.0,300,0.4487970159912109
call,2026-10-16,0.0273972602739726,706.0,73.67,76.38,75.025,62.2,6.0,25,0.450200810546875
call,2026-10-16,0.0273972602739726,707.0,72.58,75.38,73.97999999999999,55.97,1.0,42,0.4454401159667969
call,2026-10-16,0.0273972602739726,708.0,71.66,74.37,73.015,59.48,3.0,16,0.4402521795654296
call,2026-10-16,0.0273972602739726,709.0,70.65,73.47,72.06,62.38,10.0,16,0.43970286865234376
call,2026-10-16,0.0273972602739726,710.0,70.78,71.9,71.34,71.79,13.0,1324,0.4099790447998046
call,2026-10-16,0.0273972602739726,711.0,68.69,71.42,70.055,60.99,4.0,7,0.42804527038574225
call,2026-10-16,0.0273972602739726,712.0,68.78,70.28,69.53,63.78,5.0,329,0.41736422485351554
call,2026-10-16,0.0273972602739726,713.0,66.7,69.41,68.055,50.02,1.0,9,0.41797457031249996
call,2026-10-16,0.0273972602739726,714.0,66.79,68.29,67.54,59.65,2.0,193,0.40820904296875
call,2026-10-16,0.0273972602739726,715.0,65.8,66.62,66.21000000000001,60.47,5.0,540,0.37402969726562496
call,2026-10-16,0.0273972602739726,716.0,63.7,66.41,65.055,64.18,1.0,19,0.4035704174804688
call,2026-10-16,0.0273972602739726,717.0,62.72,65.44,64.08,60.25,5.0,9,0.399969379272461
call,2026-10-16,0.0273972602739726,718.0,61.78,64.43,63.105000000000004,63.13,7.0,31,0.3947204083251954
call,2026-10-16,0.0273972602739726,719.0,60.63,63.43,62.03,56.44,1.0,12,0.3898986791992188
call,2026-10-16,0.0273972602739726,720.0,60.82,61.65,61.235,55.51,17.0,553,0.352545537109375
call,2026-10-16,0.0273972602739726,722.0,57.73,60.44,59.084999999999994,40.96,2.0,78,0.37573866455078125
call,2026-10-16,0.0273972602739726,723.0,56.66,59.46,58.06,40.82,4.0,20,0.37164934997558596
call,2026-10-16,0.0273972602739726,724.0,55.76,58.47,57.114999999999995,47.71,1.0,13,0.36713279357910156
call,2026-10-16,0.0273972602739726,725.0,55.85,56.49,56.17,51.5,10.0,1219,0.3225165405273437
call,2026-10-16,0.0273972602739726,726.0,53.76,56.47,55.114999999999995,55.15,5.0,24,0.35736726623535153
call,2026-10-16,0.0273972602739726,727.0,52.72,55.46,54.09,48.06,2.0,86,0.35205726074218746
call,2026-10-16,0.0273972602739726,728.0,52.87,54.37,53.62,49.59,5.0,183,0.3438786315917969
call,2026-10-16,0.0273972602739726,729.0,50.76,53.08,51.92,46.8,1.0,43,0.32813171874999997
call,2026-10-16,0.0273972602739726,730.0,50.88,51.52,51.2,51.81,4.0,1116,0.3009103112792969
call,2026-10-16,0.0273972602739726,731.0,49.89,51.39,50.64,32.84,2.0,290,0.3298406860351562
call,2026-10-16,0.0273972602739726,732.0,48.9,50.4,49.65,43.26,24.0,150,0.32532412963867186
call,2026-10-16,0.0273972602739726,733.0,47.91,49.4,48.655,42.8,3.0,149,0.3203803314208984
call,2026-10-16,0.0273972602739726,734.0,46.92,48.42,47.67,41.59,4.0,227,0.3161079132080078
call,2026-10-16,0.0273972602739726,735.0,45.93,46.35,46.14,46.5,10.0,3656,0.27082028015136717
call,2026-10-16,0.0273972602739726,736.0,44.94,46.44,45.69,39.95,2.0,161,0.3068306622314453
call,2026-10-16,0.0273972602739726,737.0,43.95,45.43,44.69,38.97,2.0,181,0.30152065673828127
call,2026-10-16,0.0273972602739726,738.0,42.96,44.46,43.71,38.0,4.0,410,0.2974923767089843
call,2026-10-16,0.0273972602739726,739.0,41.97,42.61,42.29,37.02,2.0,652,0.2625195819091797
call,2026-10-16,0.0273972602739726,740.0,40.98,41.62,41.3,41.54,28.0,4329,0.2581250946044922
call,2026-10-16,0.0273972602739726,741.0,40.0,41.5,40.75,35.06,2.0,488,0.28363753479003895
call,2026-10-16,0.0273972602739726,742.0,39.02,40.53,39.775000000000006,34.11,4.0,237,0.2795482202148437
call,2026-10-16,0.0273972602739726,743.0,38.03,39.53,38.78,33.14,2.0,565,0.274421318359375
call,2026-10-16,0.0273972602739726,744.0,37.05,38.55,37.8,37.54,2.0,186,0.2699047619628906
call,2026-10-16,0.0273972602739726,745.0,36.07,36.49,36.28,36.32,22.0,2651,0.22956092712402343
call,2026-10-16,0.0273972602739726,746.0,35.1,36.6,35.85,35.52,2.0,349,0.26105475280761714
call,2026-10-16,0.0273972602739726,747.0,34.12,35.61,34.864999999999995,34.56,1.0,242,0.25617198913574224
call,2026-10-16,0.0273972602739726,748.0,33.14,33.5,33.32,33.2,1.0,177,0.2155229815673828
call,2026-10-16,0.0273972602739726,749.0,32.17,32.78,32.475,25.94,5.0,321,0.22003953796386716
call,2026-10-16,0.0273972602739726,750.0,31.39,31.46,31.425,31.78,569.0,7250,0.20447572875976558
call,2026-10-16,0.0273972602739726,751.0,30.23,31.73,30.98,30.7,2.0,445,0.23847197082519528
call,2026-10-16,0.0273972602739726,752.0,29.35,30.75,30.05,29.58,100.0,510,0.23365024169921872
call,2026-10-16,0.0273972602739726,753.0,28.31,28.86,28.585,29.76,2.0,491,0.20246158874511716
call,2026-10-16,0.0273972602739726,754.0,27.35,28.84,28.095,27.5,1.0,732,0.22528850891113278
call,2026-10-16,0.0273972602739726,756.0,25.45,26.92,26.185000000000002,25.91,2.0,1064,0.2163469479370117
call,2026-10-16,0.0273972602739726,757.0,24.5,25.25,24.875,24.97,4.0,749,0.19281813049316404
call,2026-10-16,0.0273972602739726,758.0,23.56,24.31,23.935,23.98,21.0,1536,0.18909502319335939
call,2026-10-16,0.0273972602739726,759.0,22.68,22.95,22.814999999999998,23.92,30.0,1256,0.17383638671875
call,2026-10-16,0.0273972602739726,760.0,21.94,22.01,21.975,22.01,238.0,10162,0.17011327941894533
call,2026-10-16,0.0273972602739726,761.0,20.89,21.13,21.009999999999998,20.94,40.0,2937,0.16785500122070315
call,2026-10-16,0.0273972602739726,762.0,19.99,20.32,20.155,20.76,43.0,3038,0.16724465576171876
call,2026-10-16,0.0273972602739726,764.0,18.18,18.35,18.265,18.86,45.0,2517,0.15662464477539065
call,2026-10-16,0.0273972602739726,765.0,17.33,17.4,17.365,17.7,1358.0,7116,0.15204705383300782
call,2026-10-16,0.0273972602739726,766.0,16.44,16.51,16.475,16.65,84.0,7239,0.1487511883544922
call,2026-10-16,0.0273972602739726,767.0,15.68,15.75,15.715,16.19,84.0,7379,0.1482934292602539
call,2026-10-16,0.0273972602739726,768.0,14.67,14.97,14.82,15.16,103.0,4307,0.14704222106933595
call,2026-10-16,0.0273972602739726,769.0,13.84,14.12,13.98,14.2,178.0,3470,0.14399049377441403
call,2026-10-16,0.0273972602739726,770.0,13.13,13.2,13.165,13.19,740.0,19873,0.13919928192138675
call,2026-10-16,0.0273972602739726,771.0,12.24,12.36,12.3,12.89,128.0,3519,0.13590341644287113
call,2026-10-16,0.0273972602739726,772.0,11.53,11.59,11.559999999999999,12.09,241.0,5965,0.133797724609375
call,2026-10-16,0.0273972602739726,773.0,10.74,10.95,10.844999999999999,10.86,112.0,2739,0.13395031097412108
call,2026-10-16,0.0273972602739726,774.0,9.98,10.19,10.085,10.1,339.0,3737,0.1313563427734375
call,2026-10-16,0.0273972602739726,775.0,9.32,9.39,9.355,9.39,1390.0,20875,0.12766375274658204
call,2026-10-16,0.0273972602739726,776.0,8.6,8.77,8.684999999999999,8.69,944.0,2889,0.12708392456054687
call,2026-10-16,0.0273972602739726,777.0,7.95,8.1,8.025,7.99,634.0,3468,0.12513081909179688
call,2026-10-16,0.0273972602739726,778.0,7.36,7.42,7.390000000000001,7.33,1387.0,5741,0.12259788543701172
call,2026-10-16,0.0273972602739726,779.0,6.7,6.83,6.765000000000001,6.8,1528.0,3273,0.12131615997314452
call,2026-10-16,0.0273972602739726,780.0,6.19,6.22,6.205,6.19,11311.0,18104,0.11924098541259764
call,2026-10-16,0.0273972602739726,781.0,5.59,5.61,5.6,5.62,1897.0,9296,0.11667753448486329
call,2026-10-16,0.0273972602739726,782.0,5.11,5.13,5.12,5.21,1401.0,4140,0.1160671890258789
call,2026-10-16,0.0273972602739726,783.0,4.58,4.6,4.59,4.62,1483.0,7558,0.11402253173828125
call,2026-10-16,0.0273972602739726,784.0,4.13,4.15,4.140000000000001,4.19,672.0,6899,0.11298494445800782
call,2026-10-16,0.0273972602739726,785.0,3.72,3.73,3.725,3.74,8218.0,46468,0.11197787445068358
call,2026-10-16,0.0273972602739726,786.0,3.29,3.31,3.3,3.3,1470.0,5800,0.11045201080322264
call,2026-10-16,0.0273972602739726,787.0,2.96,2.98,2.9699999999999998,2.97,651.0,3088,0.11023838989257811
call,2026-10-16,0.0273972602739726,788.0,2.61,2.62,2.615,2.61,1188.0,1846,0.10880407806396485
call,2026-10-16,0.0273972602739726,789.0,2.3,2.31,2.3049999999999997,2.31,1018.0,2245,0.1079190771484375
call,2026-10-16,0.0273972602739726,790.0,2.02,2.04,2.0300000000000002,2.03,10429.0,28546,0.10733924896240235
call,2026-10-16,0.0273972602739726,791.0,1.77,1.78,1.775,1.78,1842.0,2857,0.106454248046875
call,2026-10-16,0.0273972602739726,792.0,1.55,1.57,1.56,1.56,1211.0,3402,0.10627114440917969
call,2026-10-16,0.0273972602739726,793.0,1.35,1.36,1.355,1.35,815.0,6913,0.10553872985839843
call,2026-10-16,0.0273972602739726,794.0,1.16,1.18,1.17,1.17,4074.0,4154,0.10505045349121094
call,2026-10-16,0.0273972602739726,795.0,1.0,1.01,1.005,1.0,5814.0,23596,0.10425700439453123
call,2026-10-16,0.0273972602739726,796.0,0.85,0.87,0.86,0.86,791.0,6848,0.10389079711914062
call,2026-10-16,0.0273972602739726,797.0,0.74,0.76,0.75,0.76,1652.0,16105,0.10413493530273435
call,2026-10-16,0.0273972602739726,798.0,0.63,0.64,0.635,0.64,1411.0,6560,0.10334148620605467
call,2026-10-16,0.0273972602739726,799.0,0.53,0.55,0.54,0.55,710.0,3351,0.10328045166015623
call,2026-10-16,0.0273972602739726,800.0,0.46,0.47,0.46499999999999997,0.47,5548.0,25171,0.10321941711425779
call,2026-10-16,0.0273972602739726,801.0,0.39,0.41,0.4,0.52,80.0,653,0.10364665893554686
call,2026-10-16,0.0273972602739726,802.0,0.33,0.35,0.33999999999999997,0.35,143.0,1721,0.10376872802734374
call,2026-10-16,0.0273972602739726,803.0,0.29,0.3,0.295,0.29,3675.0,1023,0.10389079711914062
call,2026-10-16,0.0273972602739726,804.0,0.24,0.26,0.25,0.26,2533.0,811,0.1043790734863281
call,2026-10-16,0.0273972602739726,805.0,0.21,0.22,0.215,0.22,359.0,11538,0.10450114257812498
call,2026-10-16,0.0273972602739726,806.0,0.19,0.2,0.195,0.22,2.0,1797,0.10584390258789061
call,2026-10-16,0.0273972602739726,807.0,0.16,0.17,0.165,0.16,42.0,1493,0.10596597167968749
call,2026-10-16,0.0273972602739726,808.0,0.14,0.15,0.14500000000000002,0.15,18.0,841,0.1069425244140625
call,2026-10-16,0.0273972602739726,809.0,0.12,0.13,0.125,0.17,13.0,3956,0.10743080078125
call,2026-10-16,0.0273972602739726,810.0,0.11,0.12,0.11499999999999999,0.11,770.0,16622,0.10913976806640624
call,2026-10-16,0.0273972602739726,815.0,0.07,0.08,0.07500000000000001,0.08,63.0,15997,0.1167080517578125
call,2026-10-16,0.0273972602739726,820.0,0.05,0.06,0.055,0.05,34.0,16144,0.12549702636718751
call,2026-10-16,0.0273972602739726,825.0,0.04,0.05,0.045,0.04,5.0,15541,0.13575083007812502
call,2026-10-16,0.0273972602739726,830.0,0.03,0.04,0.035,0.03,40.0,18386,0.1445398046875
call,2026-10-16,0.0273972602739726,835.0,0.02,0.03,0.025,0.03,2.0,3175,0.15137567382812503
call,2026-10-16,0.0273972602739726,840.0,0.02,0.03,0.025,0.02,33.0,3109,0.16309430664062502
call,2026-10-16,0.0273972602739726,845.0,0.02,0.03,0.025,0.02,19.0,1787,0.174812939453125
put,2026-10-16,0.0273972602739726,595.0,0.02,0.03,0.025,0.03,10.0,1737,0.523442265625
put,2026-10-16,0.0273972602739726,600.0,0.02,0.03,0.025,0.02,85.0,12174,0.507817421875
put,2026-10-16,0.0273972602739726,605.0,0.02,0.03,0.025,0.04,56.0,2827,0.500005
put,2026-10-16,0.0273972602739726,610.0,0.02,0.03,0.025,0.03,4.0,3594,0.48438015625
put,2026-10-16,0.0273972602739726,615.0,0.02,0.03,0.025,0.02,5.0,1456,0.4687553125
put,2026-10-16,0.0273972602739726,620.0,0.03,0.04,0.035,0.03,62.0,2708,0.46680220703125
put,2026-10-16,0.0273972602739726,625.0,0.03,0.04,0.035,0.04,179.0,155800,0.45313046875
put,2026-10-16,0.0273972602739726,630.0,0.03,0.04,0.035,0.04,39.0,33432,0.437505625
put,2026-10-16,0.0273972602739726,635.0,0.04,0.05,0.045,0.04,41.0,2489,0.43164630859375
put,2026-10-16,0.0273972602739726,640.0,0.04,0.05,0.045,0.06,27.0,5993,0.41699801757812494
put,2026-10-16,0.0273972602739726,645.0,0.04,0.05,0.045,0.05,83.0,5680,0.4023497265625
put,2026-10-16,0.0273972602739726,655.0,0.05,0.06,0.055,0.06,6.0,11692,0.3789124609375
put,2026-10-16,0.0273972602739726,660.0,0.05,0.06,0.055,0.06,74.0,12215,0.36426416992187505
put,2026-10-16,0.0273972602739726,665.0,0.06,0.07,0.065,0.07,4.0,5437,0.35547519531249994
put,2026-10-16,0.0273972602739726,670.0,0.06,0.07,0.065,0.07,31.0,16756,0.3398503515625
put,2026-10-16,0.0273972602739726,675.0,0.07,0.08,0.07500000000000001,0.08,38.0,15434,0.33008482421874996
put,2026-10-16,0.0273972602739726,680.0,0.07,0.08,0.07500000000000001,0.08,204.0,29722,0.3149482568359374
put,2026-10-16,0.0273972602739726,685.0,0.08,0.09,0.08499999999999999,0.09,72.0,9840,0.30371790039062496
put,2026-10-16,0.0273972602739726,690.0,0.09,0.1,0.095,0.1,131.0,23783,0.2924875439453124
put,2026-10-16,0.0273972602739726,700.0,0.11,0.12,0.11499999999999999,0.11,3825.0,32080,0.26758544921875
put,2026-10-16,0.0273972602739726,701.0,0.11,0.12,0.11499999999999999,0.12,27.0,2992,0.264655791015625
put,2026-10-16,0.0273972602739726,702.0,0.11,0.12,0.11499999999999999,0.14,2.0,1108,0.2617261328125
put,2026-10-16,0.0273972602739726,703.0,0.11,0.12,0.11499999999999999,0.13,11.0,1366,0.25830819824218754
put,2026-10-16,0.0273972602739726,704.0,0.12,0.13,0.125,0.14,3.0,1527,0.257819921875
put,2026-10-16,0.0273972602739726,705.0,0.12,0.13,0.125,0.12,112.0,13373,0.25489026367187506
put,2026-10-16,0.0273972602739726,706.0,0.12,0.13,0.125,0.18,5.0,1067,0.2514723291015625
put,2026-10-16,0.0273972602739726,708.0,0.13,0.14,0.135,0.15,72.0,3327,0.2475661181640625
put,2026-10-16,0.0273972602739726,709.0,0.13,0.14,0.135,0.13,5.0,2315,0.24463645996093752
put,2026-10-16,0.0273972602739726,710.0,0.13,0.14,0.135,0.13,137.0,19051,0.24146266357421875
put,2026-10-16,0.0273972602739726,711.0,0.13,0.14,0.135,0.14,5.0,3956,0.23828886718749998
put,2026-10-16,0.0273972602739726,712.0,0.14,0.15,0.14500000000000002,0.16,1.0,1305,0.23731231445312498
put,2026-10-16,0.0273972602739726,713.0,0.14,0.15,0.14500000000000002,0.18,1.0,1094,0.23413851806640623
put,2026-10-16,0.0273972602739726,714.0,0.14,0.15,0.14500000000000002,0.14,5.0,5109,0.2309647216796875
put,2026-10-16,0.0273972602739726,715.0,0.15,0.16,0.155,0.16,106.0,8058,0.2299881689453125
put,2026-10-16,0.0273972602739726,716.0,0.15,0.16,0.155,0.18,1.0,10918,0.22657023437499998
put,2026-10-16,0.0273972602739726,717.0,0.15,0.16,0.155,0.17,2.0,1294,0.22339643798828124
put,2026-10-16,0.0273972602739726,718.0,0.16,0.17,0.165,0.17,1.0,4628,0.22217574707031246
put,2026-10-16,0.0273972602739726,719.0,0.16,0.17,0.165,0.18,6.0,1304,0.21875781249999998
put,2026-10-16,0.0273972602739726,720.0,0.17,0.18,0.175,0.17,104.0,30518,0.2172929833984375
put,2026-10-16,0.0273972602739726,721.0,0.17,0.18,0.175,0.19,21.0,1324,0.21411918701171873
put,2026-10-16,0.0273972602739726,722.0,0.17,0.18,0.175,0.2,8.0,20657,0.21094539062499998
put,2026-10-16,0.0273972602739726,723.0,0.18,0.19,0.185,0.18,8.0,5820,0.2092364233398437
put,2026-10-16,0.0273972602739726,724.0,0.18,0.19,0.185,0.2,6.0,26674,0.20606262695312497
put,2026-10-16,0.0273972602739726,725.0,0.19,0.2,0.195,0.19,780.0,58883,0.2043536596679687
put,2026-10-16,0.0273972602739726,726.0,0.19,0.2,0.195,0.2,29.0,12613,0.20093572509765623
put,2026-10-16,0.0273972602739726,727.0,0.2,0.21,0.20500000000000002,0.21,16.0,15765,0.1992267578125
put,2026-10-16,0.0273972602739726,728.0,0.21,0.22,0.215,0.21,43.0,25236,0.19727365234375
put,2026-10-16,0.0273972602739726,729.0,0.21,0.22,0.215,0.21,27.0,33175,0.19385571777343752
put,2026-10-16,0.0273972602739726,730.0,0.22,0.23,0.225,0.22,4426.0,63621,0.19190261230468753
put,2026-10-16,0.0273972602739726,731.0,0.22,0.23,0.225,0.23,55.0,2262,0.188484677734375
put,2026-10-16,0.0273972602739726,732.0,0.23,0.24,0.235,0.23,92.0,56604,0.18628743408203124
put,2026-10-16,0.0273972602739726,733.0,0.24,0.25,0.245,0.26,148.0,22298,0.18433432861328125
put,2026-10-16,0.0273972602739726,734.0,0.24,0.25,0.245,0.24,50.0,15576,0.18079432495117187
put,2026-10-16,0.0273972602739726,735.0,0.25,0.26,0.255,0.25,5102.0,31003,0.17847501220703127
put,2026-10-16,0.0273972602739726,736.0,0.26,0.27,0.265,0.26,10.0,38091,0.17627776855468752
put,2026-10-16,0.0273972602739726,737.0,0.27,0.28,0.275,0.29,20.0,5347,0.17383638671875
put,2026-10-16,0.0273972602739726,738.0,0.28,0.29,0.28500000000000003,0.28,88.0,8860,0.1713950048828125
put,2026-10-16,0.0273972602739726,739.0,0.29,0.3,0.295,0.3,26.0,21018,0.16895362304687503
put,2026-10-16,0.0273972602739726,740.0,0.3,0.31,0.305,0.31,2477.0,59441,0.1662681030273438
put,2026-10-16,0.0273972602739726,741.0,0.32,0.33,0.325,0.31,62.0,4515,0.1645591357421875
put,2026-10-16,0.0273972602739726,742.0,0.33,0.34,0.335,0.33,125.0,9815,0.16187361572265624
put,2026-10-16,0.0273972602739726,743.0,0.35,0.36,0.355,0.35,249.0,4706,0.16004257934570312
put,2026-10-16,0.0273972602739726,744.0,0.36,0.37,0.365,0.37,122.0,4034,0.157234990234375
put,2026-10-16,0.0273972602739726,745.0,0.38,0.39,0.385,0.39,21300.0,60238,0.1550377465820313
put,2026-10-16,0.0273972602739726,746.0,0.4,0.41,0.405,0.39,102.0,2197,0.15284050292968754
put,2026-10-16,0.0273972602739726,747.0,0.42,0.43,0.425,0.42,88.0,4141,0.1506432592773438
put,2026-10-16,0.0273972602739726,748.0,0.45,0.46,0.455,0.43,3638.0,4455,0.1489342919921875
put,2026-10-16,0.0273972602739726,749.0,0.47,0.48,0.475,0.47,329.0,5482,0.1463708410644531
put,2026-10-16,0.0273972602739726,750.0,0.5,0.51,0.505,0.51,21752.0,59283,0.14441773559570312
put,2026-10-16,0.0273972602739726,751.0,0.52,0.53,0.525,0.54,761.0,14188,0.14173221557617188
put,2026-10-16,0.0273972602739726,752.0,0.56,0.57,0.565,0.55,321.0,4709,0.14002324829101562
put,2026-10-16,0.0273972602739726,753.0,0.6,0.61,0.605,0.6,3438.0,31785,0.1381922119140625
put,2026-10-16,0.0273972602739726,754.0,0.63,0.65,0.64,0.63,217.0,3554,0.13617807189941405
put,2026-10-16,0.0273972602739726,755.0,0.68,0.7,0.69,0.68,2714.0,24266,0.13453013916015627
put,2026-10-16,0.0273972602739726,756.0,0.73,0.75,0.74,0.73,592.0,2689,0.13257703369140628
put,2026-10-16,0.0273972602739726,757.0,0.79,0.8,0.795,0.78,232.0,28069,0.13056289367675777
put,2026-10-16,0.0273972602739726,758.0,0.84,0.86,0.85,0.84,643.0,4946,0.1287318572998047
put,2026-10-16,0.0273972602739726,759.0,0.9,0.91,0.905,0.91,527.0,6514,0.12629047546386718
put,2026-10-16,0.0273972602739726,760.0,0.99,1.0,0.995,0.97,6944.0,24214,0.1251918536376953
put,2026-10-16,0.0273972602739726,761.0,1.06,1.07,1.065,1.05,976.0,3984,0.12311667907714845
put,2026-10-16,0.0273972602739726,762.0,1.15,1.16,1.1549999999999998,1.14,815.0,4375,0.12146874633789062
put,2026-10-16,0.0273972602739726,763.0,1.23,1.24,1.2349999999999999,1.24,1392.0,4097,0.11927150268554687
put,2026-10-16,0.0273972602739726,764.0,1.33,1.35,1.34,1.34,916.0,2872,0.11774563903808594
put,2026-10-16,0.0273972602739726,765.0,1.45,1.47,1.46,1.46,4811.0,20110,0.11628080993652344
put,2026-10-16,0.0273972602739726,766.0,1.57,1.59,1.58,1.57,417.0,5525,0.11444977355957033
put,2026-10-16,0.0273972602739726,767.0,1.72,1.73,1.725,1.66,884.0,7831,0.11286287536621094
put,2026-10-16,0.0273972602739726,768.0,1.87,1.89,1.88,1.87,728.0,15727,0.11145908081054687
put,2026-10-16,0.0273972602739726,769.0,2.04,2.05,2.045,2.03,713.0,4434,0.10968907897949219
put,2026-10-16,0.0273972602739726,770.0,2.22,2.23,2.225,2.2,7271.0,19422,0.10804114624023436
put,2026-10-16,0.0273972602739726,771.0,2.41,2.43,2.42,2.37,582.0,3268,0.10651528259277344
put,2026-10-16,0.0273972602739726,772.0,2.65,2.66,2.6550000000000002,2.56,1355.0,4163,0.10523355712890625
put,2026-10-16,0.0273972602739726,773.0,2.86,2.89,2.875,2.8,1089.0,2977,0.10352458984374999
put,2026-10-16,0.0273972602739726,774.0,3.13,3.16,3.145,3.12,4898.0,3642,0.10218182983398436
put,2026-10-16,0.0273972602739726,775.0,3.42,3.43,3.425,3.42,6421.0,9084,0.10041182800292968
put,2026-10-16,0.0273972602739726,776.0,3.75,3.77,3.76,3.74,643.0,1817,0.09955734436035156
put,2026-10-16,0.0273972602739726,777.0,4.06,4.08,4.07,4.05,1199.0,1940,0.09760423889160157
put,2026-10-16,0.0273972602739726,778.0,4.43,4.46,4.445,4.45,3636.0,1113,0.09644458251953125
put,2026-10-16,0.0273972602739726,779.0,4.84,4.86,4.85,4.84,2406.0,1243,0.09513233978271486
put,2026-10-16,0.0273972602739726,780.0,5.24,5.27,5.255,5.24,8319.0,5767,0.09342337249755861
put,2026-10-16,0.0273972602739726,781.0,5.7,5.73,5.715,5.7,1320.0,819,0.09208061248779298
put,2026-10-16,0.0273972602739726,782.0,6.21,6.23,6.220000000000001,6.22,564.0,705,0.090829404296875
put,2026-10-16,0.0273972602739726,783.0,6.67,6.74,6.705,6.6,603.0,336,0.0891814715576172
put,2026-10-16,0.0273972602739726,784.0,7.21,7.35,7.279999999999999,7.18,166.0,257,0.08875422973632813
put,2026-10-16,0.0273972602739726,785.0,7.82,7.94,7.880000000000001,7.8,1239.0,7230,0.08728940063476565
put,2026-10-16,0.0273972602739726,786.0,8.38,8.56,8.47,8.25,284.0,118,0.08570250244140626
put,2026-10-16,0.0273972602739726,787.0,9.02,9.22,9.120000000000001,8.37,249.0,91,0.08417663879394534
put,2026-10-16,0.0273972602739726,788.0,9.74,9.96,9.850000000000001,8.99,102.0,87,0.08374939697265626
put,2026-10-16,0.0273972602739726,789.0,10.39,10.65,10.52,10.03,14.0,3,0.08121646331787111
put,2026-10-16,0.0273972602739726,790.0,11.12,11.35,11.235,10.94,375.0,647,0.07776801147460938
put,2026-10-16,0.0273972602739726,791.0,11.87,12.17,12.02,15.25,2.0,5,0.07679145874023438
put,2026-10-16,0.0273972602739726,792.0,12.71,13.06,12.885000000000002,13.7,5.0,3,0.07734076965332033
put,2026-10-16,0.0273972602739726,793.0,13.43,13.84,13.635,12.8,1.0,0,0.07251904052734376
put,2026-10-16,0.0273972602739726,794.0,14.23,14.67,14.45,13.59,3.0,1,0.06727006958007814
put,2026-10-16,0.0273972602739726,795.0,15.14,15.56,15.350000000000001,14.54,6.0,14,0.06226523681640626
put,2026-10-16,0.0273972602739726,796.0,15.35,16.58,15.965,26.64,180.0,1,0.06739213867187502
put,2026-10-16,0.0273972602739726,797.0,15.87,18.54,17.205,28.02,42.0,0,0.116219775390625
put,2026-10-16,0.0273972602739726,798.0,16.86,19.5,18.18,17.75,1.0,0,0.11927150268554687
put,2026-10-16,0.0273972602739726,799.0,17.75,20.41,19.08,31.25,2.0,0,0.12043115905761718
put,2026-10-16,0.0273972602739726,800.0,18.86,20.3,19.58,20.0,28.0,538,1.0000000000000003e-05
put,2026-10-16,0.0273972602739726,801.0,19.72,22.36,21.04,33.23,,0,0.12702289001464845
put,2026-10-16,0.0273972602739726,802.0,20.71,23.31,22.009999999999998,25.43,1.0,0,0.12915909912109375
put,2026-10-16,0.0273972602739726,803.0,21.73,24.36,23.045,35.26,2.0,0,0.13526255371093754
put,2026-10-16,0.0273972602739726,804.0,22.7,25.32,24.009999999999998,36.26,2.0,0,0.13770393554687502
put,2026-10-16,0.0273972602739726,806.0,24.65,27.44,26.045,34.79,3.0,0,0.15076532836914067
put,2026-10-16,0.0273972602739726,807.0,25.53,28.35,26.94,32.68,6.0,0,0.15100946655273442
put,2026-10-16,0.0273972602739726,809.0,27.59,30.32,28.955,44.65,,0,0.1575401629638672
put,2026-10-16,0.0273972602739726,810.0,28.64,31.43,30.035,40.45,2.0,16,0.16639017211914067
put,2026-10-16,0.0273972602739726,815.0,33.6,36.4,35.0,50.63,1.0,2,0.18433432861328125
put,2026-10-16,0.0273972602739726,820.0,38.6,41.33,39.965,39.75,4.0,0,0.19947089599609374
put,2026-10-16,0.0273972602739726,825.0,43.6,46.4,45.0,50.74,1.0,0,0.2213822979736328
put,2026-10-16,0.0273972602739726,830.0,48.6,51.38,49.99,54.5,20.0,11,0.23810576354980467
put,2026-10-16,0.0273972602739726,835.0,53.59,56.32,54.955,73.56,4.0,0,0.25196060546875
put,2026-10-16,0.0273972602739726,840.0,58.6,61.4,60.0,72.35,1.0,0,0.2738109729003906
put,2026-10-16,0.0273972602739726,845.0,63.6,66.32,64.96,77.08,2.0,0,0.2854075366210937
put,2026-10-16,0.0273972602739726,850.0,68.52,71.32,69.91999999999999,74.5,18.0,8,0.301764794921875
put,2026-10-16,0.0273972602739726,855.0,73.6,76.32,74.96,79.72,3.0,0,0.3178779150390625
put,2026-10-16,0.0273972602739726,860.0,78.6,81.4,80.0,100.0,1.0,0,0.3394841442871094
put,2026-10-16,0.0273972602739726,870.0,88.58,91.32,89.94999999999999,108.55,,0,0.36475244628906256
put,2026-10-16,0.0273972602739726,875.0,93.6,96.32,94.96,113.44,,0,0.379889013671875
put,2026-10-16,0.0273972602739726,880.0,98.61,101.35,99.97999999999999,101.38,91.0,91,0.3973448937988281
put,2026-10-16,0.0273972602739726,885.0,103.6,106.32,104.96,115.24,11.0,0,0.4096738720703125
put,2026-10-16,0.0273972602739726,890.0,108.6,111.32,109.96,128.43,,0,0.4243221630859375
put,2026-10-16,0.0273972602739726,895.0,113.55,116.32,114.935,133.43,4.0,0,0.4387263159179688
put,2026-10-16,0.0273972602739726,925.0,143.61,146.43,145.02,163.51,,0,0.5327195166015625
put,2026-10-16,0.0273972602739726,930.0,148.6,151.4,150.0,164.9,,0,0.5434615966796876
put,2026-10-16,0.0273972602739726,935.0,153.59,156.33,154.96,173.4,,0,0.5498091894531252
put,2026-10-16,0.0273972602739726,940.0,158.53,161.33,159.93,178.5,,0,0.5628705822753908
put,2026-10-16,0.0273972602739726,945.0,163.53,166.33,164.93,183.5,,0,0.5759319750976561
put,2026-10-16,0.0273972602739726,950.0,168.62,171.35,169.985,188.5,,0,0.5910685424804689
put,2026-10-16,0.0273972602739726,960.0,178.64,181.43,180.035,198.49,,0,0.6252478881835939
put,2026-10-16,0.0273972602739726,970.0,188.6,191.32,189.95999999999998,208.58,,0,0.6381872119140625
put,2026-10-16,0.0273972602739726,985.0,203.64,206.45,205.045,223.47,,0,0.6899445068359377
put,2026-10-16,0.0273972602739726,990.0,208.6,211.31,209.95499999999998,216.29,2.0,0,0.68555001953125
put,2026-10-16,0.0273972602739726,1000.0,253.4,262.51,257.955,250.79,,0,1.898682147216797
call,2026-10-23,0.04657534246575343,500.0,279.66,282.38,281.02,270.22,1.0,26,1.0368700500488286
call,2026-10-23,0.04657534246575343,510.0,269.69,272.41,271.05,254.24,1.0,1,0.9998779309082031
call,2026-10-23,0.04657534246575343,515.0,264.7,267.4,266.04999999999995,244.5,,1,0.9799806689453125
call,2026-10-23,0.04657534246575343,520.0,259.65,262.43,261.03999999999996,237.87,,4,0.9589847851562499
call,2026-10-23,0.04657534246575343,525.0,254.59,257.39,255.99,246.04,,1,0.9338385522460937
call,2026-10-23,0.04657534246575343,530.0,249.73,252.45,251.08999999999997,239.24,1.0,9,0.9250495776367188
call,2026-10-23,0.04657534246575343,535.0,244.75,247.48,246.115,223.52,,1,0.908081973876953
call,2026-10-23,0.04657534246575343,540.0,239.74,242.55,241.145,229.23,1.0,49,0.8916026464843749
call,2026-10-23,0.04657534246575343,550.0,229.74,232.49,231.115,219.68,1.0,5,0.8504653625488281
call,2026-10-23,0.04657534246575343,555.0,224.79,227.5,226.14499999999998,199.94,,1,0.8343522424316405
call,2026-10-23,0.04657534246575343,575.0,204.85,207.57,206.20999999999998,198.03,1.0,1,0.7652611364746094
call,2026-10-23,0.04657534246575343,580.0,199.85,202.58,201.215,186.39,,1,0.747194910888672
call,2026-10-23,0.04657534246575343,585.0,194.87,197.58,196.22500000000002,177.01,,1,0.7297390307617188
call,2026-10-23,0.04657534246575343,590.0,189.87,192.67,191.26999999999998,192.4,10.0,10,0.7149686706542968
call,2026-10-23,0.04657534246575343,595.0,184.9,187.62,186.26,169.81,1.0,1,0.6959258923339844
call,2026-10-23,0.04657534246575343,600.0,179.92,182.64,181.27999999999997,169.82,1.0,3,0.6793244958496094
call,2026-10-23,0.04657534246575343,605.0,174.93,177.65,176.29000000000002,167.28,1.0,2,0.6621127539062501
call,2026-10-23,0.04657534246575343,615.0,164.87,167.68,166.275,154.8,3.0,3,0.6252478881835939
call,2026-10-23,0.04657534246575343,620.0,159.98,162.7,161.33999999999997,142.33,4.0,2,0.6118202880859377
call,2026-10-23,0.04657534246575343,625.0,155.0,157.71,156.35500000000002,143.31,2.0,4,0.5950968225097657
call,2026-10-23,0.04657534246575343,630.0,150.0,152.73,151.365,146.44,2.0,20,0.5780071496582031
call,2026-10-23,0.04657534246575343,635.0,145.01,147.74,146.375,128.93,,15,0.5609174768066407
call,2026-10-23,0.04657534246575343,640.0,140.47,142.72,141.595,124.0,,0,0.5564009204101563
call,2026-10-23,0.04657534246575343,645.0,135.06,137.78,136.42000000000002,121.1,1.0,2,0.528447098388672
call,2026-10-23,0.04657534246575343,650.0,130.08,132.82,131.45,120.85,2.0,4,0.5126391510009765
call,2026-10-23,0.04657534246575343,655.0,126.01,127.82,126.91499999999999,112.77,1.0,23,0.5194139855957032
call,2026-10-23,0.04657534246575343,660.0,120.03,122.84,121.435,121.46,2.0,12,0.5422409057617189
call,2026-10-23,0.04657534246575343,670.0,110.16,112.88,111.52,99.01,1.0,9,0.505742247314453
call,2026-10-23,0.04657534246575343,675.0,105.19,107.92,106.555,95.01,2.0,25,0.48816429809570316
call,2026-10-23,0.04657534246575343,680.0,100.21,102.93,101.57,90.09,5.0,26,0.4694877270507813
call,2026-10-23,0.04657534246575343,685.0,95.14,97.96,96.55,96.79,1.0,7,0.4514825360107422
call,2026-10-23,0.04657534246575343,690.0,90.26,92.97,91.61500000000001,77.08,40.0,5,0.4327449304199219
call,2026-10-23,0.04657534246575343,695.0,85.2,88.01,86.605,70.98,1.0,20,0.4149228430175781
call,2026-10-23,0.04657534246575343,700.0,80.32,83.04,81.68,76.27,5.0,50,0.39667351379394533
call,2026-10-23,0.04657534246575343,705.0,75.35,78.08,76.715,76.19,2.0,46,0.3786072882080078
call,2026-10-23,0.04657534246575343,710.0,70.27,73.07,71.66999999999999,71.12,2.0,18,0.3588931298828125
call,2026-10-23,0.04657534246575343,715.0,65.38,68.16,66.77,67.54,1.0,14,0.34204759521484374
call,2026-10-23,0.04657534246575343,720.0,61.53,63.1,62.315,62.82,1.0,177,0.32068550415039054
call,2026-10-23,0.04657534246575343,721.0,59.42,62.23,60.825,60.78,5.0,10,0.3203803314208984
call,2026-10-23,0.04657534246575343,722.0,58.53,61.24,59.885000000000005,46.57,2.0,4,0.3166572241210937
call,2026-10-23,0.04657534246575343,723.0,57.54,60.24,58.89,53.28,10.0,13,0.3126899786376953
call,2026-10-23,0.04657534246575343,724.0,56.54,59.27,57.905,44.68,,0,0.30951618225097655
call,2026-10-23,0.04657534246575343,725.0,56.6,58.16,57.379999999999995,51.08,23.0,133,0.3025582440185547
call,2026-10-23,0.04657534246575343,726.0,54.49,57.29,55.89,42.8,40.0,6,0.3020699676513672
call,2026-10-23,0.04657534246575343,727.0,54.63,56.2,55.415000000000006,42.84,2.0,186,0.29566134033203123
call,2026-10-23,0.04657534246575343,728.0,52.61,55.33,53.97,39.8,1.0,51,0.29505099487304687
call,2026-10-23,0.04657534246575343,729.0,51.63,54.36,52.995000000000005,53.85,2.0,8,0.29181616394042953
call,2026-10-23,0.04657534246575343,730.0,50.64,53.38,52.010000000000005,46.4,10.0,80,0.28824564300537103
call,2026-10-23,0.04657534246575343,731.0,49.67,52.4,51.035,40.53,,6,0.2846751220703124
call,2026-10-23,0.04657534246575343,732.0,48.65,51.4,50.025,38.56,1.0,30,0.2806163247680663
call,2026-10-23,0.04657534246575343,733.0,47.7,50.4,49.05,36.31,2.0,13,0.27652701019287107
call,2026-10-23,0.04657534246575343,734.0,46.7,49.43,48.065,40.76,1.0,8,0.27317011016845705
call,2026-10-23,0.04657534246575343,735.0,46.78,48.34,47.56,41.65,6.0,141,0.2668530346679688
call,2026-10-23,0.04657534246575343,736.0,44.78,47.5,46.14,33.8,1.0,26,0.266608896484375
call,2026-10-23,0.04657534246575343,737.0,43.67,46.48,45.075,32.79,2.0,15,0.26200078826904294
call,2026-10-23,0.04657534246575343,739.0,41.85,44.59,43.22,28.03,2.0,10,0.25623302368164064
call,2026-10-23,0.04657534246575343,740.0,41.92,43.48,42.7,42.12,1.0,197,0.24951922363281248
call,2026-10-23,0.04657534246575343,741.0,39.89,42.63,41.260000000000005,25.32,1.0,6,0.24872577453613282
call,2026-10-23,0.04657534246575343,742.0,39.99,41.54,40.765,29.82,5.0,118,0.24250025085449217
call,2026-10-23,0.04657534246575343,743.0,37.9,40.7,39.3,23.96,1.0,9,0.24182887084960938
call,2026-10-23,0.04657534246575343,744.0,37.03,39.75,38.39,22.28,24.0,35,0.2386550744628906
call,2026-10-23,0.04657534246575343,745.0,37.11,38.67,37.89,37.35,5.0,146,0.2326126544189453
call,2026-10-23,0.04657534246575343,746.0,35.11,37.12,36.114999999999995,27.52,13.0,67,0.2161943615722656
call,2026-10-23,0.04657534246575343,747.0,34.16,36.87,35.515,31.98,40.0,64,0.2282181671142578
call,2026-10-23,0.04657534246575343,748.0,33.22,35.94,34.58,20.02,1.0,58,0.22528850891113278
call,2026-10-23,0.04657534246575343,749.0,32.18,34.99,33.585,22.0,5.0,38,0.2219316088867187
call,2026-10-23,0.04657534246575343,750.0,32.37,33.92,33.144999999999996,33.38,9.0,3046,0.21607229248046872
call,2026-10-23,0.04657534246575343,751.0,31.43,32.97,32.2,26.99,1.0,350,0.21262384063720702
call,2026-10-23,0.04657534246575343,752.0,30.5,31.86,31.18,27.53,44.0,342,0.2059405578613281
call,2026-10-23,0.04657534246575343,753.0,29.57,31.1,30.335,29.4,2.0,100,0.20618469604492184
call,2026-10-23,0.04657534246575343,754.0,28.64,30.0,29.32,21.37,1.0,191,0.19968451690673827
call,2026-10-23,0.04657534246575343,755.0,27.72,29.27,28.494999999999997,29.2,456.0,126,0.20029486236572264
call,2026-10-23,0.04657534246575343,756.0,25.75,28.49,27.119999999999997,26.09,20.0,54,0.19977606872558595
call,2026-10-23,0.04657534246575343,757.0,25.98,26.48,26.23,23.44,9.0,273,0.17591156127929689
call,2026-10-23,0.04657534246575343,758.0,25.04,25.52,25.28,26.3,1.0,304,0.172157936706543
call,2026-10-23,0.04657534246575343,759.0,24.17,24.65,24.41,20.3,4.0,706,0.1700522448730469
call,2026-10-23,0.04657534246575343,760.0,23.31,23.72,23.515,24.86,32.0,3321,0.16669534484863285
call,2026-10-23,0.04657534246575343,761.0,22.42,22.89,22.655,23.3,3.0,492,0.16510844665527347
call,2026-10-23,0.04657534246575343,762.0,21.58,21.94,21.759999999999998,22.85,16.0,332,0.16120223571777342
call,2026-10-23,0.04657534246575343,763.0,20.67,21.06,20.865000000000002,22.12,2.0,543,0.15851671569824222
call,2026-10-23,0.04657534246575343,764.0,19.88,20.21,20.045,19.84,8.0,439,0.15619740295410156
call,2026-10-23,0.04657534246575343,765.0,19.01,19.4,19.205,19.18,25.0,2125,0.1544579183959961
call,2026-10-23,0.04657534246575343,766.0,18.22,18.58,18.4,19.35,10.0,1030,0.15238274383544925
call,2026-10-23,0.04657534246575343,767.0,17.39,17.68,17.535,17.1,15.0,691,0.14887325744628904
call,2026-10-23,0.04657534246575343,768.0,16.58,16.87,16.725,17.16,43.0,2165,0.1466760137939453
call,2026-10-23,0.04657534246575343,769.0,15.8,16.07,15.935,16.94,55.0,720,0.14450928741455077
call,2026-10-23,0.04657534246575343,770.0,15.14,15.27,15.205,15.14,521.0,2598,0.14215945739746094
call,2026-10-23,0.04657534246575343,771.0,14.29,14.54,14.415,14.65,32.0,1533,0.14075566284179689
call,2026-10-23,0.04657534246575343,772.0,13.54,13.78,13.66,14.62,55.0,1714,0.13868048828125001
call,2026-10-23,0.04657534246575343,773.0,12.81,13.0,12.905000000000001,13.82,111.0,1659,0.13611703735351563
call,2026-10-23,0.04657534246575343,774.0,12.03,12.34,12.184999999999999,12.29,24.0,1049,0.13514048461914066
call,2026-10-23,0.04657534246575343,775.0,11.4,11.56,11.48,11.44,527.0,2324,0.13218030914306644
call,2026-10-23,0.04657534246575343,776.0,10.72,10.89,10.805,11.21,712.0,1229,0.13065444549560545
call,2026-10-23,0.04657534246575343,777.0,10.08,10.26,10.17,10.11,393.0,835,0.12943375457763673
call,2026-10-23,0.04657534246575343,778.0,9.45,9.62,9.535,9.68,127.0,695,0.12784685638427734
call,2026-10-23,0.04657534246575343,779.0,8.83,8.94,8.885,9.04,197.0,1466,0.12543599182128906
call,2026-10-23,0.04657534246575343,780.0,8.3,8.34,8.32,8.43,763.0,1415,0.12394064544677735
call,2026-10-23,0.04657534246575343,781.0,7.68,7.72,7.699999999999999,7.75,270.0,1182,0.12186547088623048
call,2026-10-23,0.04657534246575343,782.0,7.16,7.2,7.18,7.17,130.0,953,0.12094995269775391
call,2026-10-23,0.04657534246575343,783.0,6.6,6.63,6.615,6.68,233.0,826,0.11902736450195311
call,2026-10-23,0.04657534246575343,784.0,6.11,6.14,6.125,6.16,285.0,1050,0.11798977722167968
call,2026-10-23,0.04657534246575343,785.0,5.66,5.69,5.675000000000001,5.78,1339.0,1712,0.11722684539794923
call,2026-10-23,0.04657534246575343,786.0,5.21,5.23,5.220000000000001,5.25,322.0,1365,0.11600615447998047
call,2026-10-23,0.04657534246575343,787.0,4.74,4.77,4.755,4.86,194.0,695,0.11448029083251954
call,2026-10-23,0.04657534246575343,788.0,4.35,4.38,4.365,4.43,1283.0,1151,0.11368684173583984
call,2026-10-23,0.04657534246575343,789.0,3.97,4.0,3.9850000000000003,4.08,708.0,1742,0.11274080627441406
call,2026-10-23,0.04657534246575343,790.0,3.6,3.63,3.615,3.65,975.0,4218,0.11161166717529297
call,2026-10-23,0.04657534246575343,791.0,3.3,3.33,3.315,3.35,563.0,1317,0.11133701171874999
call,2026-10-23,0.04657534246575343,792.0,2.99,3.01,3.0,3.11,163.0,744,0.11036045898437499
call,2026-10-23,0.04657534246575343,793.0,2.7,2.72,2.71,2.8,1534.0,865,0.10956700988769531
call,2026-10-23,0.04657534246575343,794.0,2.44,2.47,2.455,2.52,370.0,727,0.10917028533935547
call,2026-10-23,0.04657534246575343,795.0,2.2,2.22,2.21,2.22,1087.0,3851,0.10843787078857423
call,2026-10-23,0.04657534246575343,796.0,1.97,1.98,1.975,1.93,117.0,826,0.10755286987304688
call,2026-10-23,0.04657534246575343,797.0,1.75,1.76,1.755,1.83,243.0,1992,0.10666786895751953
call,2026-10-23,0.04657534246575343,798.0,1.58,1.6,1.59,1.56,177.0,1241,0.10678993804931641
call,2026-10-23,0.04657534246575343,799.0,1.4,1.42,1.41,1.46,185.0,1383,0.10614907531738281
call,2026-10-23,0.04657534246575343,800.0,1.25,1.27,1.26,1.27,3622.0,7282,0.10584390258789061
call,2026-10-23,0.04657534246575343,801.0,1.11,1.13,1.12,1.12,112.0,868,0.1054776953125
call,2026-10-23,0.04657534246575343,802.0,0.98,1.0,0.99,1.0,54.0,1632,0.10505045349121094
call,2026-10-23,0.04657534246575343,803.0,0.87,0.88,0.875,0.92,69.0,662,0.10456217712402342
call,2026-10-23,0.04657534246575343,804.0,0.78,0.79,0.785,0.94,47.0,620,0.10474528076171874
call,2026-10-23,0.04657534246575343,805.0,0.68,0.7,0.69,0.71,76.0,1020,0.10456217712402342
call,2026-10-23,0.04657534246575343,806.0,0.6,0.62,0.61,0.73,10.0,721,0.10450114257812498
call,2026-10-23,0.04657534246575343,807.0,0.53,0.55,0.54,0.74,55.0,407,0.10450114257812498
call,2026-10-23,0.04657534246575343,808.0,0.48,0.49,0.485,0.61,98.0,221,0.10462321166992186
call,2026-10-23,0.04657534246575343,809.0,0.42,0.43,0.425,0.52,9.0,264,0.10450114257812498
call,2026-10-23,0.04657534246575343,810.0,0.37,0.39,0.38,0.39,61.0,694,0.10511148803710937
call,2026-10-23,0.04657534246575343,811.0,0.34,0.35,0.345,0.42,5.0,248,0.1054776953125
call,2026-10-23,0.04657534246575343,812.0,0.29,0.31,0.3,0.36,88.0,648,0.10559976440429686
call,2026-10-23,0.04657534246575343,813.0,0.26,0.28,0.27,0.34,6.0,251,0.10608804077148437
call,2026-10-23,0.04657534246575343,814.0,0.24,0.25,0.245,0.32,5.0,525,0.106454248046875
call,2026-10-23,0.04657534246575343,815.0,0.22,0.23,0.225,0.23,106.0,1205,0.10743080078125
call,2026-10-23,0.04657534246575343,816.0,0.19,0.21,0.2,0.25,4.0,518,0.10816321533203124
call,2026-10-23,0.04657534246575343,817.0,0.18,0.19,0.185,0.24,2.0,103,0.10865149169921876
call,2026-10-23,0.04657534246575343,818.0,0.16,0.17,0.165,0.1,26.0,107,0.10913976806640624
call,2026-10-23,0.04657534246575343,819.0,0.15,0.16,0.155,0.1,171.0,130,0.11036045898437499
call,2026-10-23,0.04657534246575343,820.0,0.13,0.14,0.135,0.17,179.0,364,0.11036045898437499
call,2026-10-23,0.04657534246575343,821.0,0.13,0.14,0.135,0.15,683.0,306,0.11255770263671874
call,2026-10-23,0.04657534246575343,822.0,0.12,0.13,0.125,0.08,1.0,192,0.11353425537109374
call,2026-10-23,0.04657534246575343,823.0,0.11,0.12,0.11499999999999999,0.15,1.0,271,0.11451080810546876
call,2026-10-23,0.04657534246575343,824.0,0.1,0.11,0.10500000000000001,0.13,3.0,26,0.11524322265625
call,2026-10-23,0.04657534246575343,825.0,0.09,0.1,0.095,0.12,3.0,1301,0.1157314990234375
call,2026-10-23,0.04657534246575343,830.0,0.07,0.08,0.07500000000000001,0.05,6.0,1527,0.12256736816406251
call,2026-10-23,0.04657534246575343,835.0,0.05,0.06,0.055,0.04,67.0,528,0.12842668457031248
call,2026-10-23,0.04657534246575343,840.0,0.04,0.05,0.045,0.05,4.0,208,0.13477427734375003
call,2026-10-23,0.04657534246575343,845.0,0.03,0.04,0.035,0.04,25.0,198,0.14063359375
call,2026-10-23,0.04657534246575343,850.0,0.03,0.04,0.035,0.02,126.0,417,0.14991084472656252
call,2026-10-23,0.04657534246575343,855.0,0.02,0.03,0.025,0.02,2.0,229,0.15430533203125002
call,2026-10-23,0.04657534246575343,860.0,0.02,0.03,0.025,0.03,20.0,202,0.16309430664062502
put,2026-10-23,0.04657534246575343,525.0,0.02,0.03,0.025,0.03,137.0,983,0.5820354296875
put,2026-10-23,0.04657534246575343,530.0,0.02,0.03,0.025,0.03,25.0,35,0.5664105859375
put,2026-10-23,0.04657534246575343,535.0,0.02,0.03,0.025,0.05,100.0,1498,0.5546919531250001
put,2026-10-23,0.04657534246575343,540.0,0.02,0.03,0.025,0.02,79.0,85,0.5429733203125001
put,2026-10-23,0.04657534246575343,545.0,0.03,0.04,0.035,0.03,56.0,109,0.5449264257812501
put,2026-10-23,0.04657534246575343,550.0,0.03,0.04,0.035,0.06,1.0,317,0.5312546875
put,2026-10-23,0.04657534246575343,555.0,0.03,0.04,0.035,0.03,1.0,14,0.5195360546875
put,2026-10-23,0.04657534246575343,560.0,0.03,0.04,0.035,0.04,1.0,912,0.507817421875
put,2026-10-23,0.04657534246575343,565.0,0.03,0.04,0.035,0.04,16.0,234,0.500005
put,2026-10-23,0.04657534246575343,570.0,0.03,0.04,0.035,0.04,1.0,44,0.48828636718750007
put,2026-10-23,0.04657534246575343,575.0,0.04,0.05,0.045,0.05,33.0,37,0.48438015625
put,2026-10-23,0.04657534246575343,580.0,0.04,0.05,0.045,0.06,1.0,65,0.4726615234375
put,2026-10-23,0.04657534246575343,585.0,0.04,0.05,0.045,0.18,1.0,12,0.45898978515625005
put,2026-10-23,0.04657534246575343,590.0,0.05,0.06,0.055,0.06,25.0,311,0.45508357421875
put,2026-10-23,0.04657534246575343,595.0,0.05,0.06,0.055,0.06,15.0,91,0.442388388671875
put,2026-10-23,0.04657534246575343,600.0,0.05,0.06,0.055,0.06,25.0,445,0.42969320312500003
put,2026-10-23,0.04657534246575343,605.0,0.06,0.07,0.065,0.07,54.0,310,0.42383388671875
put,2026-10-23,0.04657534246575343,610.0,0.06,0.07,0.065,0.09,56.0,460,0.411138701171875
put,2026-10-23,0.04657534246575343,615.0,0.07,0.08,0.07500000000000001,0.08,1.0,109,0.40430283203125
put,2026-10-23,0.04657534246575343,620.0,0.07,0.08,0.07500000000000001,0.08,4.0,346,0.39160764648437496
put,2026-10-23,0.04657534246575343,625.0,0.08,0.09,0.08499999999999999,0.13,4.0,481,0.383795224609375
put,2026-10-23,0.04657534246575343,630.0,0.08,0.09,0.08499999999999999,0.1,3.0,106,0.372076591796875
put,2026-10-23,0.04657534246575343,635.0,0.09,0.1,0.095,0.11,30.0,308,0.3632876171875
put,2026-10-23,0.04657534246575343,640.0,0.09,0.1,0.095,0.1,260.0,422,0.3505924316406249
put,2026-10-23,0.04657534246575343,645.0,0.1,0.11,0.10500000000000001,0.12,3.0,114,0.34180345703125
put,2026-10-23,0.04657534246575343,650.0,0.11,0.12,0.11499999999999999,0.12,18.0,1648,0.33301448242187504
put,2026-10-23,0.04657534246575343,655.0,0.12,0.13,0.125,0.14,7.0,312,0.3232489550781249
put,2026-10-23,0.04657534246575343,660.0,0.13,0.14,0.135,0.14,10.0,499,0.313483427734375
put,2026-10-23,0.04657534246575343,665.0,0.14,0.15,0.14500000000000002,0.17,5.0,976,0.30371790039062496
put,2026-10-23,0.04657534246575343,670.0,0.15,0.16,0.155,0.17,35.0,1763,0.2934640966796874
put,2026-10-23,0.04657534246575343,675.0,0.16,0.17,0.165,0.17,83.0,2614,0.2827220166015625
put,2026-10-23,0.04657534246575343,680.0,0.17,0.18,0.175,0.17,133.0,2370,0.27197993652343744
put,2026-10-23,0.04657534246575343,685.0,0.19,0.2,0.195,0.19,1083.0,2259,0.2629468237304688
put,2026-10-23,0.04657534246575343,690.0,0.21,0.22,0.215,0.21,200.0,1139,0.2534254345703125
put,2026-10-23,0.04657534246575343,695.0,0.22,0.23,0.225,0.22,81.0,3154,0.2417068017578125
put,2026-10-23,0.04657534246575343,700.0,0.25,0.26,0.255,0.24,217.0,2738,0.2329178271484375
put,2026-10-23,0.04657534246575343,705.0,0.27,0.28,0.275,0.28,1021.0,2149,0.22217574707031246
put,2026-10-23,0.04657534246575343,710.0,0.3,0.31,0.305,0.3,98.0,8115,0.21216608154296873
put,2026-10-23,0.04657534246575343,715.0,0.34,0.35,0.345,0.34,253.0,8237,0.2024005541992187
put,2026-10-23,0.04657534246575343,720.0,0.38,0.39,0.385,0.38,542.0,2369,0.19214675048828128
put,2026-10-23,0.04657534246575343,721.0,0.39,0.4,0.395,0.45,19.0,312,0.1901936450195313
put,2026-10-23,0.04657534246575343,722.0,0.4,0.41,0.405,0.4,45.0,280,0.18824053955078124
put,2026-10-23,0.04657534246575343,723.0,0.41,0.42,0.415,0.44,26.0,215,0.18628743408203124
put,2026-10-23,0.04657534246575343,724.0,0.42,0.43,0.425,0.42,91.0,811,0.1840901904296875
put,2026-10-23,0.04657534246575343,725.0,0.43,0.44,0.435,0.45,866.0,62762,0.1821370849609375
put,2026-10-23,0.04657534246575343,726.0,0.44,0.46,0.45,0.45,27.0,423,0.180672255859375
put,2026-10-23,0.04657534246575343,727.0,0.46,0.47,0.46499999999999997,0.45,26.0,440,0.17847501220703127
put,2026-10-23,0.04657534246575343,728.0,0.47,0.48,0.475,0.48,33.0,403,0.17627776855468752
put,2026-10-23,0.04657534246575343,729.0,0.49,0.5,0.495,0.48,20.0,561,0.174812939453125
put,2026-10-23,0.04657534246575343,730.0,0.5,0.51,0.505,0.51,677.0,3188,0.1724936267089844
put,2026-10-23,0.04657534246575343,731.0,0.52,0.53,0.525,0.5,69.0,265,0.17078465942382814
put,2026-10-23,0.04657534246575343,732.0,0.54,0.55,0.545,0.53,60.0,1368,0.1690756921386719
put,2026-10-23,0.04657534246575343,733.0,0.56,0.57,0.565,0.56,54.0,985,0.16736672485351564
put,2026-10-23,0.04657534246575343,734.0,0.58,0.59,0.585,0.57,19.0,450,0.16553568847656253
put,2026-10-23,0.04657534246575343,735.0,0.6,0.61,0.605,0.6,569.0,2407,0.16358258300781253
put,2026-10-23,0.04657534246575343,736.0,0.62,0.63,0.625,0.63,33.0,703,0.16162947753906248
put,2026-10-23,0.04657534246575343,737.0,0.65,0.66,0.655,0.65,50.0,592,0.1601646484375
put,2026-10-23,0.04657534246575343,738.0,0.67,0.69,0.6799999999999999,0.65,68.0,755,0.15863878479003907
put,2026-10-23,0.04657534246575343,739.0,0.7,0.71,0.705,0.71,123.0,383,0.15650257568359377
put,2026-10-23,0.04657534246575343,740.0,0.73,0.74,0.735,0.73,408.0,9690,0.15479360839843753
put,2026-10-23,0.04657534246575343,741.0,0.76,0.77,0.765,0.75,124.0,869,0.15302360656738284
put,2026-10-23,0.04657534246575343,742.0,0.79,0.8,0.795,0.79,56.0,1654,0.15119257019042973
put,2026-10-23,0.04657534246575343,743.0,0.83,0.84,0.835,0.81,69.0,849,0.14966670654296876
put,2026-10-23,0.04657534246575343,744.0,0.86,0.88,0.87,0.87,204.0,1030,0.1480798083496094
put,2026-10-23,0.04657534246575343,745.0,0.91,0.92,0.915,0.9,308.0,63562,0.14643187561035154
put,2026-10-23,0.04657534246575343,746.0,0.95,0.97,0.96,0.94,185.0,661,0.1450280810546875
put,2026-10-23,0.04657534246575343,747.0,0.99,1.01,1.0,0.96,284.0,2581,0.1431970446777344
put,2026-10-23,0.04657534246575343,748.0,1.04,1.05,1.045,1.05,36.0,463,0.1412439392089844
put,2026-10-23,0.04657534246575343,749.0,1.09,1.11,1.1,1.09,64.0,2725,0.13984014465332031
put,2026-10-23,0.04657534246575343,750.0,1.16,1.17,1.165,1.11,1899.0,3325,0.1383753155517578
put,2026-10-23,0.04657534246575343,751.0,1.2,1.22,1.21,1.2,110.0,423,0.13648324462890626
put,2026-10-23,0.04657534246575343,752.0,1.27,1.29,1.28,1.26,253.0,662,0.13507945007324224
put,2026-10-23,0.04657534246575343,753.0,1.34,1.36,1.35,1.34,2706.0,1805,0.13355358642578125
put,2026-10-23,0.04657534246575343,754.0,1.42,1.43,1.4249999999999998,1.4,129.0,784,0.13190565368652346
put,2026-10-23,0.04657534246575343,755.0,1.49,1.51,1.5,1.44,839.0,6666,0.13044082458496092
put,2026-10-23,0.04657534246575343,756.0,1.59,1.6,1.5950000000000002,1.57,57.0,1311,0.12906754730224607
put,2026-10-23,0.04657534246575343,757.0,1.67,1.69,1.68,1.63,1934.0,535,0.1275416836547852
put,2026-10-23,0.04657534246575343,758.0,1.77,1.79,1.78,1.7,101.0,1206,0.12610737182617188
put,2026-10-23,0.04657534246575343,759.0,1.87,1.89,1.88,1.85,21.0,3164,0.12455099090576172
put,2026-10-23,0.04657534246575343,760.0,1.98,2.0,1.99,1.99,991.0,4392,0.12305564453125001
put,2026-10-23,0.04657534246575343,761.0,2.1,2.12,2.1100000000000003,2.07,78.0,729,0.12162133270263673
put,2026-10-23,0.04657534246575343,762.0,2.22,2.24,2.2300000000000004,2.17,110.0,886,0.12000391723632811
put,2026-10-23,0.04657534246575343,763.0,2.36,2.37,2.365,2.37,3903.0,2437,0.11844753631591798
put,2026-10-23,0.04657534246575343,764.0,2.51,2.53,2.5199999999999996,2.5,241.0,5629,0.11728787994384765
put,2026-10-23,0.04657534246575343,765.0,2.67,2.68,2.675,2.65,1572.0,3037,0.1157314990234375
put,2026-10-23,0.04657534246575343,766.0,2.83,2.85,2.84,2.72,415.0,1007,0.11438873901367189
put,2026-10-23,0.04657534246575343,767.0,3.0,3.03,3.0149999999999997,3.02,2007.0,3521,0.11298494445800782
put,2026-10-23,0.04657534246575343,768.0,3.2,3.23,3.215,3.1,598.0,1558,0.11176425354003905
put,2026-10-23,0.04657534246575343,769.0,3.4,3.42,3.41,3.31,172.0,1734,0.11011632080078124
put,2026-10-23,0.04657534246575343,770.0,3.62,3.64,3.63,3.6,726.0,2470,0.1087430435180664
put,2026-10-23,0.04657534246575343,771.0,3.86,3.89,3.875,3.7,172.0,2583,0.10764442169189453
put,2026-10-23,0.04657534246575343,772.0,4.11,4.14,4.125,4.05,158.0,2043,0.10627114440917969
put,2026-10-23,0.04657534246575343,773.0,4.38,4.41,4.395,4.28,184.0,1489,0.10495890167236327
put,2026-10-23,0.04657534246575343,774.0,4.66,4.7,4.68,4.51,221.0,841,0.1037076934814453
put,2026-10-23,0.04657534246575343,775.0,4.97,4.98,4.975,5.0,2191.0,2231,0.10199872619628905
put,2026-10-23,0.04657534246575343,776.0,5.31,5.34,5.324999999999999,5.22,231.0,1473,0.10120527709960936
put,2026-10-23,0.04657534246575343,777.0,5.66,5.69,5.675000000000001,5.54,1131.0,476,0.0999540689086914
put,2026-10-23,0.04657534246575343,778.0,6.05,6.08,6.0649999999999995,5.9,402.0,769,0.09897751617431641
put,2026-10-23,0.04657534246575343,779.0,6.39,6.43,6.41,6.35,351.0,405,0.09708544525146486
put,2026-10-23,0.04657534246575343,780.0,6.86,6.89,6.875,6.81,787.0,173,0.09647509979248048
put,2026-10-23,0.04657534246575343,781.0,7.26,7.29,7.275,7.27,682.0,270,0.09464406341552736
put,2026-10-23,0.04657534246575343,782.0,7.72,7.76,7.74,7.68,59.0,89,0.09345388977050782
put,2026-10-23,0.04657534246575343,783.0,8.21,8.25,8.23,8.0,128.0,4,0.09217216430664063
put,2026-10-23,0.04657534246575343,784.0,8.67,8.77,8.719999999999999,8.59,131.0,43,0.09095147338867188
put,2026-10-23,0.04657534246575343,785.0,9.21,9.32,9.265,9.23,206.0,166,0.08976129974365235
put,2026-10-23,0.04657534246575343,786.0,9.75,9.94,9.844999999999999,9.65,6.0,19,0.08927302337646485
put,2026-10-23,0.04657534246575343,787.0,10.33,10.54,10.434999999999999,9.86,1.0,29,0.08802181518554689
put,2026-10-23,0.04657534246575343,788.0,10.97,11.2,11.085,11.78,4.0,25,0.08735043518066407
put,2026-10-23,0.04657534246575343,789.0,11.56,11.74,11.65,11.04,3.0,24,0.08408508697509767
put,2026-10-23,0.04657534246575343,790.0,12.22,12.41,12.315000000000001,11.69,246.0,201,0.08252870605468751
put,2026-10-23,0.04657534246575343,791.0,12.89,13.1,12.995000000000001,12.74,7.0,23,0.0807281869506836
put,2026-10-23,0.04657534246575343,792.0,13.57,13.85,13.71,13.05,9.0,0,0.0795685305786133
put,2026-10-23,0.04657534246575343,793.0,14.32,14.62,14.469999999999999,15.34,4.0,0,0.07825628784179689
put,2026-10-23,0.04657534246575343,794.0,15.07,15.38,15.225000000000001,15.35,12.0,0,0.0759980096435547
put,2026-10-23,0.04657534246575343,795.0,15.8,16.21,16.005000000000003,15.27,5.0,4,0.07483835327148439
put,2026-10-23,0.04657534246575343,796.0,16.59,17.04,16.814999999999998,16.4,1.0,0,0.07288524780273437
put,2026-10-23,0.04657534246575343,797.0,17.47,17.88,17.674999999999997,28.97,1.0,0,0.07032179687500001
put,2026-10-23,0.04657534246575343,798.0,18.3,18.73,18.515,29.34,19.0,0,0.06665972412109375
put,2026-10-23,0.04657534246575343,799.0,19.16,19.62,19.39,33.55,1.0,0,0.0629976513671875
put,2026-10-23,0.04657534246575343,800.0,19.01,21.68,20.345,19.3,1.0,1,0.10489786712646484
put,2026-10-23,0.04657534246575343,801.0,19.96,22.59,21.275,21.25,1.0,0,0.10590493713378905
put,2026-10-23,0.04657534246575343,802.0,20.88,23.61,22.244999999999997,30.77,1.0,0,0.10981114807128906
put,2026-10-23,0.04657534246575343,803.0,21.79,24.46,23.125,38.55,,0,0.10877356079101563
put,2026-10-23,0.04657534246575343,805.0,23.74,26.39,25.064999999999998,41.44,1.0,0,0.11298494445800782
put,2026-10-23,0.04657534246575343,806.0,24.64,27.4,26.02,37.86,,0,0.11646391357421876
put,2026-10-23,0.04657534246575343,807.0,25.63,28.37,27.0,36.24,7.0,0,0.11860012268066406
put,2026-10-23,0.04657534246575343,808.0,26.62,29.35,27.985,37.22,18.0,0,0.12104150451660156
put,2026-10-23,0.04657534246575343,809.0,27.62,30.36,28.990000000000002,37.65,2.0,0,0.12445943908691406
put,2026-10-23,0.04657534246575343,810.0,28.59,31.32,29.955,38.87,3.0,0,0.12604633728027342
put,2026-10-23,0.04657534246575343,811.0,29.61,32.35,30.98,39.06,5.0,0,0.13019668640136717
put,2026-10-23,0.04657534246575343,812.0,30.6,33.39,31.995,40.69,1.0,0,0.13465220825195315
put,2026-10-23,0.04657534246575343,813.0,31.61,34.33,32.97,38.33,,0,0.13544565734863284
put,2026-10-23,0.04657534246575343,815.0,33.59,36.31,34.95,43.72,1.0,1,0.14057255920410155
put,2026-10-23,0.04657534246575343,821.0,39.6,42.4,41.0,63.75,1.0,0,0.1615074084472656
put,2026-10-23,0.04657534246575343,850.0,68.6,71.33,69.965,91.9,1.0,0,0.23633576171874998
put,2026-10-23,0.04657534246575343,900.0,118.59,121.32,119.955,138.53,,0,0.35388829711914055
call,2026-10-30,0.06575342465753424,470.0,309.96,312.74,311.35,296.35,2.0,4,1.019780291748047
call,2026-10-30,0.06575342465753424,475.0,304.99,307.72,306.355,294.23,3.0,15,1.0014698364257812
call,2026-10-30,0.06575342465753424,480.0,300.02,302.73,301.375,285.74,1.0,1,0.9848634326171876
call,2026-10-30,0.06575342465753424,490.0,290.0,292.82,291.40999999999997,281.55,70.0,71,0.9514165014648437
call,2026-10-30,0.06575342465753424,495.0,285.05,287.77,286.40999999999997,271.78,,1,0.9333502758789063
call,2026-10-30,0.06575342465753424,500.0,280.0,282.8,281.4,279.72,1.0,3,0.9145516357421876
call,2026-10-30,0.06575342465753424,510.0,270.12,272.84,271.48,254.76,,1,0.885743330078125
call,2026-10-30,0.06575342465753424,520.0,260.15,262.87,261.51,251.59,1.0,10,0.8530288134765626
call,2026-10-30,0.06575342465753424,525.0,255.14,257.88,256.51,238.44,,1,0.835695002441406
call,2026-10-30,0.06575342465753424,530.0,229.04,232.46,230.75,212.98,,2,1.0000000000000003e-05
call,2026-10-30,0.06575342465753424,540.0,240.1,242.89,241.495,223.69,1.0,3,0.7834494311523439
call,2026-10-30,0.06575342465753424,545.0,235.22,237.96,236.59,218.57,1.0,2,0.773439765625
call,2026-10-30,0.06575342465753424,550.0,230.26,232.98,231.62,214.12,3.0,3,0.7587914746093751
call,2026-10-30,0.06575342465753424,555.0,225.28,228.0,226.64,215.84,1.0,3,0.7434107690429688
call,2026-10-30,0.06575342465753424,565.0,215.29,218.04,216.665,202.15,3.0,4,0.711916943359375
call,2026-10-30,0.06575342465753424,570.0,211.36,212.93,212.145,203.35,1.0,1235,0.7241238525390624
call,2026-10-30,0.06575342465753424,575.0,205.35,208.08,206.715,196.81,1.0,31,0.6822541540527345
call,2026-10-30,0.06575342465753424,580.0,201.4,202.96,202.18,184.14,1.0,154,0.6925079577636719
call,2026-10-30,0.06575342465753424,585.0,195.39,198.12,196.755,182.18,1.0,28,0.6522251574707032
call,2026-10-30,0.06575342465753424,590.0,190.42,193.14,191.77999999999997,184.9,25.0,84,0.637576866455078
call,2026-10-30,0.06575342465753424,595.0,186.46,188.04,187.25,169.13,44.0,315,0.64648791015625
call,2026-10-30,0.06575342465753424,600.0,180.46,183.18,181.82,183.0,4.0,24,0.6077309735107423
call,2026-10-30,0.06575342465753424,605.0,175.49,178.22,176.85500000000002,149.83,1.0,10,0.5936319934082033
call,2026-10-30,0.06575342465753424,610.0,170.5,173.26,171.88,161.22,1.0,28,0.579105771484375
call,2026-10-30,0.06575342465753424,615.0,165.53,168.25,166.89,156.11,1.0,5,0.5637250659179689
call,2026-10-30,0.06575342465753424,620.0,160.56,163.28,161.92000000000002,144.38,1.0,25,0.5494429821777345
call,2026-10-30,0.06575342465753424,625.0,141.99,145.22,143.60500000000002,138.49,2.0,0,1.0000000000000003e-05
call,2026-10-30,0.06575342465753424,630.0,150.52,153.33,151.925,134.59,22.0,33,0.5183153637695312
call,2026-10-30,0.06575342465753424,635.0,146.66,148.23,147.445,136.41,1.0,155,0.52539537109375
call,2026-10-30,0.06575342465753424,640.0,141.69,143.26,142.475,143.02,2.0,110,0.5106250109863282
call,2026-10-30,0.06575342465753424,641.0,140.69,142.25,141.47,121.67,4.0,3239,0.5072070764160157
call,2026-10-30,0.06575342465753424,642.0,138.68,141.4,140.04000000000002,120.47,2.0,53,0.5387619366455079
call,2026-10-30,0.06575342465753424,644.0,136.69,139.41,138.05,112.72,,1,0.5324143438720703
call,2026-10-30,0.06575342465753424,645.0,135.69,138.41,137.05,119.67,2.0,21,0.5290574438476563
call,2026-10-30,0.06575342465753424,646.0,134.68,137.42,136.05,117.68,8.0,7,0.5260057165527343
call,2026-10-30,0.06575342465753424,648.0,132.69,135.38,134.035,114.96,,1,0.5180101910400392
call,2026-10-30,0.06575342465753424,649.0,122.68,125.95,124.315,124.55,1.0,0,1.0000000000000003e-05
call,2026-10-30,0.06575342465753424,650.0,130.64,133.45,132.045,133.27,1.0,91,0.5136767382812499
call,2026-10-30,0.06575342465753424,652.0,128.74,131.46,130.10000000000002,114.83,2.0,2,0.5073291455078125
call,2026-10-30,0.06575342465753424,655.0,125.76,128.47,127.11500000000001,120.11,2.0,63,0.49762465270996104
call,2026-10-30,0.06575342465753424,656.0,125.79,127.37,126.58000000000001,109.07,2.0,176,0.4909718872070313
call,2026-10-30,0.06575342465753424,657.0,123.69,126.49,125.09,109.91,2.0,2,0.49158223266601564
call,2026-10-30,0.06575342465753424,658.0,122.7,125.5,124.1,106.05,1.0,1,0.4885915399169922
call,2026-10-30,0.06575342465753424,660.0,120.77,123.51,122.14,106.94,2.0,75,0.4822439471435547
call,2026-10-30,0.06575342465753424,661.0,119.77,122.51,121.14,110.44,4.0,11,0.4788870471191406
call,2026-10-30,0.06575342465753424,662.0,104.82,106.83,105.82499999999999,99.34,6.0,7,1.0000000000000003e-05
call,2026-10-30,0.06575342465753424,663.0,117.73,120.53,119.13,110.91,1.0,1,0.47284462707519537
call,2026-10-30,0.06575342465753424,664.0,116.82,119.54,118.18,107.23,1.0,1,0.4697928997802735
call,2026-10-30,0.06575342465753424,665.0,115.74,118.54,117.14,117.15,4.0,40,0.4664970343017578
call,2026-10-30,0.06575342465753424,666.0,114.81,117.61,116.21000000000001,115.69,1.0,14,0.4652763433837891
call,2026-10-30,0.06575342465753424,667.0,113.84,116.56,115.2,100.05,,1,0.4603935797119141
call,2026-10-30,0.06575342465753424,668.0,112.84,115.57,114.205,95.08,2.0,4,0.45740288696289066
call,2026-10-30,0.06575342465753424,669.0,111.87,114.58,113.225,93.12,1.0,2,0.45435115966796874
call,2026-10-30,0.06575342465753424,670.0,110.87,113.6,112.235,113.2,50.0,62,0.4516046051025391
call,2026-10-30,0.06575342465753424,671.0,109.88,112.6,111.24,91.73,2.0,0,0.44824770507812495
call,2026-10-30,0.06575342465753424,672.0,108.89,111.6,110.245,102.68,1.0,5,0.4449518395996094
call,2026-10-30,0.06575342465753424,673.0,108.02,110.61,109.315,93.0,1.0,29,0.4419001123046875
call,2026-10-30,0.06575342465753424,674.0,106.9,109.62,108.26,99.69,1.0,16,0.43884838500976564
call,2026-10-30,0.06575342465753424,675.0,105.9,108.62,107.26,97.34,1.0,4,0.4354914849853516
call,2026-10-30,0.06575342465753424,677.0,103.92,106.65,105.285,93.11,1.0,2,0.42969320312500003
call,2026-10-30,0.06575342465753424,678.0,102.93,105.65,104.29,93.9,1.0,1,0.426336303100586
call,2026-10-30,0.06575342465753424,679.0,101.93,104.74,103.33500000000001,93.21,1.0,4,0.4255428540039063
call,2026-10-30,0.06575342465753424,680.0,101.97,103.53,102.75,101.26,3.0,115,0.41620456848144527
call,2026-10-30,0.06575342465753424,681.0,99.97,102.68,101.325,84.74,2.0,18,0.41712008666992184
call,2026-10-30,0.06575342465753424,682.0,98.94,101.68,100.31,94.59,1.0,3,0.4137631866455078
call,2026-10-30,0.06575342465753424,683.0,97.95,100.69,99.32,81.66,1.0,2,0.41071145935058595
call,2026-10-30,0.06575342465753424,684.0,96.97,99.78,98.375,89.01,2.0,5,0.40985697570800783
call,2026-10-30,0.06575342465753424,685.0,95.97,98.7,97.33500000000001,90.06,1.0,15,0.40430283203125
call,2026-10-30,0.06575342465753424,686.0,95.0,97.72,96.36,89.09,3.0,15,0.4014952429199219
call,2026-10-30,0.06575342465753424,687.0,94.0,96.74,95.37,85.8,2.0,13,0.3986876538085938
call,2026-10-30,0.06575342465753424,688.0,94.05,95.61,94.83,80.41,58.0,3558,0.39172971557617187
call,2026-10-30,0.06575342465753424,689.0,93.06,94.62,93.84,88.67,319.0,3379,0.38867798828125
call,2026-10-30,0.06575342465753424,690.0,92.07,93.63,92.85,82.36,1.0,728,0.385626260986328
call,2026-10-30,0.06575342465753424,691.0,89.97,92.77,91.37,82.15,2.0,3,0.3859924682617187
call,2026-10-30,0.06575342465753424,692.0,90.09,91.65,90.87,81.73,1.0,142,0.37946177185058594
call,2026-10-30,0.06575342465753424,693.0,89.1,90.68,89.89,76.1,1.0,2176,0.3768983209228516
call,2026-10-30,0.06575342465753424,694.0,87.07,89.8,88.435,84.16,3.0,30,0.376684700012207
call,2026-10-30,0.06575342465753424,695.0,87.12,88.68,87.9,86.8,1.0,2241,0.3701845208740234
call,2026-10-30,0.06575342465753424,696.0,84.98,87.78,86.38,78.59,1.0,24,0.36939107177734376
call,2026-10-30,0.06575342465753424,697.0,84.12,86.83,85.475,73.57,2.0,9,0.3673158972167969
call,2026-10-30,0.06575342465753424,698.0,84.16,85.72,84.94,79.92,262.0,1494,0.3610903735351562
call,2026-10-30,0.06575342465753424,699.0,82.13,84.86,83.495,76.5,3.0,47,0.3612734771728515
call,2026-10-30,0.06575342465753424,700.0,82.18,83.75,82.965,80.88,3.0,1681,0.35510898803710933
call,2026-10-30,0.06575342465753424,701.0,80.09,82.88,81.485,76.24,1.0,0,0.3549869189453124
call,2026-10-30,0.06575342465753424,702.0,79.1,81.91,80.505,70.29,1.0,2,0.3523624334716796
call,2026-10-30,0.06575342465753424,703.0,78.09,80.87,79.48,69.27,1.0,4,0.3479679461669921
call,2026-10-30,0.06575342465753424,704.0,77.21,79.94,78.57499999999999,61.13,3.0,33,0.3462589788818359
call,2026-10-30,0.06575342465753424,705.0,76.2,79.01,77.605,70.0,1.0,68,0.34455001159667964
call,2026-10-30,0.06575342465753424,706.0,75.16,77.95,76.555,63.86,1.0,92,0.3396672479248046
call,2026-10-30,0.06575342465753424,707.0,74.26,76.99,75.625,66.0,1.0,29,0.33719534881591795
call,2026-10-30,0.06575342465753424,708.0,73.28,75.99,74.63499999999999,68.34,2.0,17,0.33374689697265625
call,2026-10-30,0.06575342465753424,709.0,72.18,74.96,73.57,63.45,1.0,17,0.3296270651245117
call,2026-10-30,0.06575342465753424,710.0,72.33,73.91,73.12,71.03,3.0,766,0.3250189569091796
call,2026-10-30,0.06575342465753424,711.0,70.33,73.05,71.69,58.93,1.0,98,0.32483585327148434
call,2026-10-30,0.06575342465753424,712.0,69.34,72.06,70.7,62.1,1.0,41,0.32163153961181634
call,2026-10-30,0.06575342465753424,713.0,68.35,71.08,69.715,52.6,3.0,79,0.3186103295898437
call,2026-10-30,0.06575342465753424,714.0,67.37,70.1,68.735,63.07,2.0,27,0.3156196368408203
call,2026-10-30,0.06575342465753424,715.0,67.42,68.98,68.2,68.25,1.0,992,0.3094551477050781
call,2026-10-30,0.06575342465753424,716.0,65.41,68.14,66.775,58.32,2.0,16,0.309577216796875
call,2026-10-30,0.06575342465753424,717.0,64.45,67.17,65.81,56.95,1.0,24,0.3067391104125976
call,2026-10-30,0.06575342465753424,718.0,63.47,66.18,64.825,54.86,1.0,28,0.3034737622070312
call,2026-10-30,0.06575342465753424,719.0,63.51,65.07,64.28999999999999,56.22,2.0,106,0.29755341125488277
call,2026-10-30,0.06575342465753424,720.0,62.53,64.1,63.315,53.41,4.0,1315,0.2947458221435546
call,2026-10-30,0.06575342465753424,721.0,60.45,63.26,61.855000000000004,53.29,1.0,15,0.2946847875976562
call,2026-10-30,0.06575342465753424,722.0,59.54,62.27,60.905,53.88,6.0,56,0.29135840484619135
call,2026-10-30,0.06575342465753424,723.0,58.54,61.3,59.92,48.7,4.0,40,0.2884592639160155
call,2026-10-30,0.06575342465753424,724.0,57.59,60.33,58.96,50.02,2.0,95,0.28552960571289054
call,2026-10-30,0.06575342465753424,725.0,57.67,59.23,58.45,55.94,1.0,519,0.2799144274902343
call,2026-10-30,0.06575342465753424,726.0,55.59,58.39,56.99,41.2,2.0,79,0.27967028930664056
call,2026-10-30,0.06575342465753424,727.0,54.7,57.43,56.065,56.14,19.0,57,0.2768932174682617
call,2026-10-30,0.06575342465753424,728.0,54.76,56.33,55.545,42.03,10.0,287,0.27127803924560545
call,2026-10-30,0.06575342465753424,729.0,52.78,55.48,54.129999999999995,45.87,1.0,95,0.27069821105957037
call,2026-10-30,0.06575342465753424,730.0,52.9,54.4,53.65,54.32,10.0,869,0.2655102746582031
call,2026-10-30,0.06575342465753424,731.0,50.76,53.57,52.165,38.8,5.0,96,0.26523561920166017
call,2026-10-30,0.06575342465753424,732.0,49.86,52.19,51.025,40.17,1.0,92,0.2541578491210938
call,2026-10-30,0.06575342465753424,733.0,49.95,51.51,50.730000000000004,41.18,1.0,120,0.2568128518676758
call,2026-10-30,0.06575342465753424,734.0,47.88,50.69,49.285,49.66,2.0,44,0.25659923095703124
call,2026-10-30,0.06575342465753424,735.0,48.03,49.6,48.815,48.62,32.0,330,0.2512281909179687
call,2026-10-30,0.06575342465753424,736.0,45.98,48.78,47.379999999999995,48.0,4.0,64,0.2508925009155273
call,2026-10-30,0.06575342465753424,737.0,46.13,47.7,46.915000000000006,46.68,20.0,124,0.24570456451416017
call,2026-10-30,0.06575342465753424,738.0,45.18,46.5,45.84,36.88,1.0,144,0.23828886718749998
call,2026-10-30,0.06575342465753424,739.0,44.24,45.79,45.015,40.04,13.0,213,0.23990628265380853
call,2026-10-30,0.06575342465753424,740.0,43.3,44.75,44.025,44.37,85.0,2144,0.23545076080322264
call,2026-10-30,0.06575342465753424,741.0,42.35,43.92,43.135000000000005,35.0,2.0,144,0.23471834625244142
call,2026-10-30,0.06575342465753424,742.0,41.41,42.97,42.19,35.72,1.0,339,0.2318192053222656
call,2026-10-30,0.06575342465753424,743.0,40.48,42.05,41.265,41.56,2.0,1063,0.22937782348632813
call,2026-10-30,0.06575342465753424,744.0,39.55,41.1,40.325,40.5,1.0,277,0.22641764801025388
call,2026-10-30,0.06575342465753424,745.0,38.62,40.18,39.4,38.9,2.0,1444,0.22391523162841792
call,2026-10-30,0.06575342465753424,746.0,37.69,39.26,38.474999999999994,33.46,1.0,324,0.2213822979736328
call,2026-10-30,0.06575342465753424,747.0,36.77,38.33,37.55,33.78,1.0,328,0.2186357434082031
call,2026-10-30,0.06575342465753424,748.0,34.81,37.61,36.21,31.51,1.0,88,0.21930712341308595
call,2026-10-30,0.06575342465753424,749.0,35.03,35.47,35.25,35.47,1.0,464,0.1964802032470703
call,2026-10-30,0.06575342465753424,750.0,34.19,34.66,34.425,34.5,12.0,2823,0.1958088232421875
call,2026-10-30,0.06575342465753424,751.0,33.25,33.78,33.515,27.0,4.0,371,0.19388623504638675
call,2026-10-30,0.06575342465753424,752.0,32.38,32.81,32.595,33.57,2.0,194,0.19043778320312502
call,2026-10-30,0.06575342465753424,753.0,31.45,31.96,31.705,32.9,1.0,59,0.18891191955566405
call,2026-10-30,0.06575342465753424,754.0,30.62,31.02,30.82,31.8,2.0,212,0.18586019226074219
call,2026-10-30,0.06575342465753424,755.0,29.71,30.13,29.92,30.42,26.0,1016,0.18354087951660153
call,2026-10-30,0.06575342465753424,756.0,28.83,29.24,29.034999999999997,30.38,3.0,86,0.18116053222656248
call,2026-10-30,0.06575342465753424,757.0,27.92,28.38,28.15,29.15,3.0,373,0.17917690948486326
call,2026-10-30,0.06575342465753424,758.0,27.09,27.48,27.285,28.42,3.0,255,0.17652190673828128
call,2026-10-30,0.06575342465753424,759.0,26.3,26.62,26.46,26.65,3.0,518,0.17438569763183598
call,2026-10-30,0.06575342465753424,760.0,25.4,25.76,25.58,25.72,111.0,4034,0.17218845397949223
call,2026-10-30,0.06575342465753424,761.0,24.61,24.91,24.759999999999998,25.53,13.0,477,0.1700217276000977
call,2026-10-30,0.06575342465753424,762.0,23.74,24.06,23.9,25.18,13.0,639,0.16779396667480473
call,2026-10-30,0.06575342465753424,763.0,22.96,23.21,23.085,24.09,50.0,922,0.1654899125671387
call,2026-10-30,0.06575342465753424,764.0,22.07,22.41,22.240000000000002,23.08,32.0,835,0.16379620391845706
call,2026-10-30,0.06575342465753424,765.0,21.32,21.6,21.46,21.4,249.0,2472,0.161843098449707
call,2026-10-30,0.06575342465753424,766.0,20.5,20.8,20.65,21.66,70.0,1865,0.15992051025390625
call,2026-10-30,0.06575342465753424,767.0,19.73,19.98,19.855,19.76,64.0,2154,0.15763171478271482
call,2026-10-30,0.06575342465753424,768.0,18.95,19.27,19.11,19.96,264.0,1750,0.1567161965942383
call,2026-10-30,0.06575342465753424,769.0,18.21,18.54,18.375,18.39,123.0,1724,0.15537343658447267
call,2026-10-30,0.06575342465753424,770.0,17.5,17.58,17.54,17.63,320.0,7174,0.150948432006836
call,2026-10-30,0.06575342465753424,771.0,16.78,16.97,16.875,16.87,99.0,1756,0.15091791473388677
call,2026-10-30,0.06575342465753424,772.0,16.04,16.22,16.13,17.27,134.0,960,0.14896480926513672
call,2026-10-30,0.06575342465753424,773.0,15.34,15.54,15.44,15.53,271.0,882,0.1477593769836426
call,2026-10-30,0.06575342465753424,774.0,14.64,14.8,14.72,14.8,200.0,1850,0.1456689437866211
call,2026-10-30,0.06575342465753424,775.0,14.0,14.1,14.05,14.04,829.0,5732,0.14391420059204102
call,2026-10-30,0.06575342465753424,776.0,13.25,13.43,13.34,13.4,246.0,1901,0.1424035955810547
call,2026-10-30,0.06575342465753424,777.0,12.6,12.77,12.684999999999999,12.74,267.0,1508,0.14084721466064454
call,2026-10-30,0.06575342465753424,778.0,11.99,12.13,12.06,12.0,362.0,1908,0.13938238555908206
call,2026-10-30,0.06575342465753424,779.0,11.37,11.51,11.44,11.45,649.0,1303,0.1380091082763672
call,2026-10-30,0.06575342465753424,780.0,10.86,10.89,10.875,10.83,1535.0,9000,0.13645272735595704
call,2026-10-30,0.06575342465753424,781.0,10.23,10.27,10.25,10.3,894.0,1269,0.13471324279785157
call,2026-10-30,0.06575342465753424,782.0,9.67,9.7,9.684999999999999,9.68,411.0,1971,0.13343151733398437
call,2026-10-30,0.06575342465753424,783.0,9.16,9.18,9.17,9.14,374.0,22645,0.13256177505493166
call,2026-10-30,0.06575342465753424,784.0,8.6,8.64,8.620000000000001,8.64,201.0,1183,0.13126479095458982
call,2026-10-30,0.06575342465753424,785.0,8.1,8.12,8.11,8.14,1136.0,12749,0.13001358276367186
call,2026-10-30,0.06575342465753424,786.0,7.62,7.66,7.640000000000001,7.61,421.0,803,0.12932694412231444
call,2026-10-30,0.06575342465753424,787.0,7.13,7.15,7.140000000000001,7.16,375.0,615,0.1278010804748535
call,2026-10-30,0.06575342465753424,788.0,6.68,6.71,6.695,6.72,557.0,793,0.12696185546875
call,2026-10-30,0.06575342465753424,789.0,6.24,6.27,6.255,6.27,568.0,1277,0.12590900955200196
call,2026-10-30,0.06575342465753424,790.0,5.87,5.9,5.885,5.84,1464.0,24263,0.12555806091308597
call,2026-10-30,0.06575342465753424,791.0,5.48,5.51,5.495,6.0,258.0,842,0.12476461181640625
call,2026-10-30,0.06575342465753424,792.0,5.07,5.09,5.08,5.11,217.0,1206,0.12331504135131838
call,2026-10-30,0.06575342465753424,793.0,4.75,4.77,4.76,4.75,226.0,1032,0.12302512725830078
call,2026-10-30,0.06575342465753424,794.0,4.39,4.41,4.4,4.38,273.0,2007,0.12195702270507813
call,2026-10-30,0.06575342465753424,795.0,4.08,4.1,4.09,4.1,2733.0,11448,0.12137719451904297
call,2026-10-30,0.06575342465753424,796.0,3.78,3.8,3.79,3.88,142.0,1115,0.12073633178710938
call,2026-10-30,0.06575342465753424,797.0,3.48,3.5,3.49,3.57,340.0,1851,0.119851330871582
call,2026-10-30,0.06575342465753424,798.0,3.22,3.24,3.2300000000000004,3.22,81.0,5238,0.11936305450439452
call,2026-10-30,0.06575342465753424,799.0,2.97,2.99,2.9800000000000004,3.05,73.0,1404,0.11878322631835936
call,2026-10-30,0.06575342465753424,800.0,2.73,2.74,2.7350000000000003,2.74,10424.0,42972,0.11798977722167968
call,2026-10-30,0.06575342465753424,801.0,2.52,2.54,2.5300000000000002,2.59,160.0,1345,0.11783719085693359
call,2026-10-30,0.06575342465753424,802.0,2.3,2.32,2.3099999999999996,2.49,252.0,1111,0.11710477630615235
call,2026-10-30,0.06575342465753424,803.0,2.13,2.14,2.135,2.27,215.0,2190,0.1168911553955078
call,2026-10-30,0.06575342465753424,804.0,1.95,1.96,1.955,2.06,319.0,2027,0.11643339630126953
call,2026-10-30,0.06575342465753424,805.0,1.79,1.8,1.795,1.79,591.0,9368,0.11615874084472656
call,2026-10-30,0.06575342465753424,806.0,1.62,1.65,1.635,1.68,36.0,2768,0.1158840853881836
call,2026-10-30,0.06575342465753424,807.0,1.49,1.5,1.495,1.54,132.0,3164,0.11536529174804688
call,2026-10-30,0.06575342465753424,808.0,1.36,1.38,1.37,1.51,18.0,4492,0.11533477447509766
call,2026-10-30,0.06575342465753424,809.0,1.25,1.26,1.255,1.32,267.0,2090,0.11512115356445313
call,2026-10-30,0.06575342465753424,810.0,1.14,1.15,1.145,1.14,428.0,3599,0.1149075326538086
call,2026-10-30,0.06575342465753424,811.0,1.02,1.04,1.03,1.05,263.0,843,0.11448029083251954
call,2026-10-30,0.06575342465753424,812.0,0.95,0.96,0.955,0.97,157.0,351,0.11469391174316407
call,2026-10-30,0.06575342465753424,813.0,0.86,0.88,0.87,0.98,139.0,415,0.1147549462890625
call,2026-10-30,0.06575342465753424,814.0,0.79,0.8,0.795,0.81,25.0,1613,0.11463287719726564
call,2026-10-30,0.06575342465753424,815.0,0.72,0.73,0.725,0.74,951.0,3202,0.11463287719726564
call,2026-10-30,0.06575342465753424,816.0,0.65,0.67,0.66,0.76,7.0,3017,0.11481598083496095
call,2026-10-30,0.06575342465753424,817.0,0.6,0.61,0.605,0.6,204.0,2766,0.11481598083496095
call,2026-10-30,0.06575342465753424,818.0,0.54,0.56,0.55,0.62,1076.0,2356,0.11499908447265625
call,2026-10-30,0.06575342465753424,819.0,0.49,0.51,0.5,0.61,29.0,1622,0.11506011901855469
call,2026-10-30,0.06575342465753424,820.0,0.46,0.47,0.46499999999999997,0.48,168.0,5440,0.11542632629394532
call,2026-10-30,0.06575342465753424,821.0,0.42,0.43,0.425,0.55,197.0,2819,0.11560942993164064
call,2026-10-30,0.06575342465753424,822.0,0.38,0.39,0.385,0.39,97.0,679,0.11560942993164064
call,2026-10-30,0.06575342465753424,823.0,0.35,0.37,0.36,0.27,2.0,910,0.11658598266601564
call,2026-10-30,0.06575342465753424,824.0,0.33,0.34,0.335,0.3,1.0,1554,0.11695218994140624
call,2026-10-30,0.06575342465753424,825.0,0.3,0.31,0.305,0.36,98.0,4413,0.11707425903320312
call,2026-10-30,0.06575342465753424,826.0,0.28,0.29,0.28500000000000003,0.33,46.0,263,0.11780667358398436
call,2026-10-30,0.06575342465753424,827.0,0.26,0.27,0.265,0.33,5.0,6125,0.11841701904296875
call,2026-10-30,0.06575342465753424,828.0,0.24,0.25,0.245,0.28,5.0,100,0.11890529541015624
call,2026-10-30,0.06575342465753424,829.0,0.22,0.23,0.225,0.23,2.0,7136,0.11914943359374999
call,2026-10-30,0.06575342465753424,830.0,0.21,0.22,0.215,0.22,97.0,17726,0.12037012451171875
call,2026-10-30,0.06575342465753424,831.0,0.19,0.2,0.195,0.23,10.0,4097,0.12037012451171875
call,2026-10-30,0.06575342465753424,832.0,0.18,0.19,0.185,0.23,102.0,1605,0.12134667724609374
call,2026-10-30,0.06575342465753424,833.0,0.17,0.18,0.175,0.16,13.0,404,0.12232322998046877
call,2026-10-30,0.06575342465753424,834.0,0.16,0.17,0.165,0.21,8.0,10319,0.12305564453125001
call,2026-10-30,0.06575342465753424,835.0,0.15,0.16,0.155,0.15,132.0,3291,0.12378805908203125
call,2026-10-30,0.06575342465753424,840.0,0.11,0.12,0.11499999999999999,0.12,66.0,886,0.12769427001953126
call,2026-10-30,0.06575342465753424,845.0,0.09,0.1,0.095,0.11,17.0,621,0.1333094482421875
call,2026-10-30,0.06575342465753424,850.0,0.07,0.08,0.07500000000000001,0.07,26.0,2047,0.13770393554687502
call,2026-10-30,0.06575342465753424,855.0,0.05,0.06,0.055,0.05,1.0,1087,0.14112187011718752
call,2026-10-30,0.06575342465753424,860.0,0.04,0.05,0.045,0.04,7.0,1622,0.14600463378906248
call,2026-10-30,0.06575342465753424,865.0,0.03,0.04,0.035,0.03,5.0,1017,0.14991084472656252
call,2026-10-30,0.06575342465753424,870.0,0.03,0.04,0.035,0.04,36.0,659,0.157234990234375
call,2026-10-30,0.06575342465753424,875.0,0.02,0.03,0.025,0.03,24.0,473,0.1601646484375
call,2026-10-30,0.06575342465753424,880.0,0.02,0.03,0.025,0.02,124.0,638,0.16700051757812504
put,2026-10-30,0.06575342465753424,470.0,0.02,0.03,0.025,0.02,3.0,78137,0.6210975390625001
put,2026-10-30,0.06575342465753424,475.0,0.02,0.03,0.025,0.03,27.0,459,0.6093789062500001
put,2026-10-30,0.06575342465753424,480.0,0.02,0.03,0.025,0.03,141.0,557,0.5976602734375001
put,2026-10-30,0.06575342465753424,485.0,0.02,0.03,0.025,0.03,222.0,140,0.585941640625
put,2026-10-30,0.06575342465753424,490.0,0.03,0.04,0.035,0.03,10.0,274,0.5898478515625001
put,2026-10-30,0.06575342465753424,495.0,0.03,0.04,0.035,0.03,12.0,302,0.57812921875
put,2026-10-30,0.06575342465753424,500.0,0.03,0.04,0.035,0.04,214.0,1652,0.5664105859375
put,2026-10-30,0.06575342465753424,505.0,0.03,0.04,0.035,0.04,1.0,1259,0.5546919531250001
put,2026-10-30,0.06575342465753424,510.0,0.04,0.05,0.045,0.04,3.0,930,0.5546919531250001
put,2026-10-30,0.06575342465753424,515.0,0.04,0.05,0.045,0.05,2.0,324,0.5429733203125001
put,2026-10-30,0.06575342465753424,520.0,0.04,0.05,0.045,0.05,2.0,731,0.5312546875
put,2026-10-30,0.06575342465753424,525.0,0.04,0.05,0.045,0.04,72.0,404,0.5195360546875
put,2026-10-30,0.06575342465753424,530.0,0.05,0.06,0.055,0.12,1.0,611,0.516606396484375
put,2026-10-30,0.06575342465753424,535.0,0.05,0.06,0.055,0.08,1.0,216,0.5048877636718749
put,2026-10-30,0.06575342465753424,540.0,0.05,0.06,0.055,0.05,1.0,571,0.49805189453125004
put,2026-10-30,0.06575342465753424,545.0,0.06,0.07,0.065,0.1,101.0,479,0.4931691308593751
put,2026-10-30,0.06575342465753424,550.0,0.06,0.07,0.065,0.08,3.0,1167,0.481450498046875
put,2026-10-30,0.06575342465753424,555.0,0.06,0.07,0.065,0.08,1.0,453,0.47070841796875
put,2026-10-30,0.06575342465753424,560.0,0.07,0.08,0.07500000000000001,0.08,12.0,375,0.46484910156250003
put,2026-10-30,0.06575342465753424,565.0,0.07,0.08,0.07500000000000001,0.1,20.0,252,0.45313046875
put,2026-10-30,0.06575342465753424,570.0,0.08,0.09,0.08499999999999999,0.1,4.0,150607,0.44727115234375
put,2026-10-30,0.06575342465753424,575.0,0.09,0.1,0.095,0.1,21.0,1342,0.44043528320312497
put,2026-10-30,0.06575342465753424,580.0,0.09,0.1,0.095,0.1,12.0,2560,0.42969320312500003
put,2026-10-30,0.06575342465753424,585.0,0.1,0.11,0.10500000000000001,0.11,69.0,568,0.42236905761718746
put,2026-10-30,0.06575342465753424,590.0,0.1,0.11,0.10500000000000001,0.12,100.0,978,0.411138701171875
put,2026-10-30,0.06575342465753424,595.0,0.11,0.12,0.11499999999999999,0.12,20.0,21660,0.40332627929687503
put,2026-10-30,0.06575342465753424,600.0,0.12,0.13,0.125,0.13,69.0,21849,0.39551385742187506
put,2026-10-30,0.06575342465753424,605.0,0.13,0.14,0.135,0.14,14.0,1109,0.387701435546875
put,2026-10-30,0.06575342465753424,610.0,0.14,0.15,0.14500000000000002,0.15,6.0,1248,0.3794007373046875
put,2026-10-30,0.06575342465753424,615.0,0.15,0.16,0.155,0.19,7.0,753,0.3706117626953125
put,2026-10-30,0.06575342465753424,620.0,0.16,0.17,0.165,0.17,43.0,2658,0.3618227880859375
put,2026-10-30,0.06575342465753424,625.0,0.17,0.18,0.175,0.18,14.0,1152,0.3530338134765625
put,2026-10-30,0.06575342465753424,630.0,0.18,0.19,0.185,0.18,7.0,2178,0.3442448388671875
put,2026-10-30,0.06575342465753424,635.0,0.19,0.2,0.195,0.2,4.0,699,0.334967587890625
put,2026-10-30,0.06575342465753424,640.0,0.21,0.22,0.215,0.23,16.0,795,0.32739930419921875
put,2026-10-30,0.06575342465753424,641.0,0.21,0.22,0.215,0.21,1.0,404,0.32520206054687495
put,2026-10-30,0.06575342465753424,642.0,0.21,0.22,0.215,0.33,1.0,134,0.3227606787109374
put,2026-10-30,0.06575342465753424,643.0,0.21,0.22,0.215,0.5,3.0,395,0.3205634350585937
put,2026-10-30,0.06575342465753424,644.0,0.22,0.23,0.225,0.31,16.0,478,0.3200751586914062
put,2026-10-30,0.06575342465753424,645.0,0.22,0.23,0.225,0.22,44.0,726,0.3178779150390625
put,2026-10-30,0.06575342465753424,646.0,0.22,0.23,0.225,0.39,1.0,362,0.3154365332031249
put,2026-10-30,0.06575342465753424,647.0,0.22,0.23,0.225,0.23,249.0,257,0.31323928955078123
put,2026-10-30,0.06575342465753424,648.0,0.23,0.24,0.235,0.59,5.0,413,0.3127510131835937
put,2026-10-30,0.06575342465753424,649.0,0.23,0.24,0.235,0.41,147.0,410,0.31055376953124997
put,2026-10-30,0.06575342465753424,650.0,0.24,0.25,0.245,0.24,505.0,8733,0.30982135498046875
put,2026-10-30,0.06575342465753424,651.0,0.24,0.25,0.245,0.25,5.0,153,0.30762411132812495
put,2026-10-30,0.06575342465753424,652.0,0.24,0.25,0.245,0.32,1.0,531,0.3051827294921875
put,2026-10-30,0.06575342465753424,653.0,0.24,0.25,0.245,0.25,252.0,449,0.30274134765625
put,2026-10-30,0.06575342465753424,654.0,0.25,0.26,0.255,0.42,18.0,189,0.30225307128906254
put,2026-10-30,0.06575342465753424,655.0,0.25,0.26,0.255,0.26,9.0,6210,0.299811689453125
put,2026-10-30,0.06575342465753424,656.0,0.26,0.27,0.265,0.46,7.0,455,0.2990792749023437
put,2026-10-30,0.06575342465753424,657.0,0.26,0.27,0.265,0.6,5.0,505,0.29688203124999996
put,2026-10-30,0.06575342465753424,658.0,0.26,0.27,0.265,0.34,1.0,172,0.29444064941406245
put,2026-10-30,0.06575342465753424,659.0,0.27,0.28,0.275,0.47,97.0,317,0.2937082348632812
put,2026-10-30,0.06575342465753424,660.0,0.27,0.28,0.275,0.29,125.0,1042,0.2912668530273437
put,2026-10-30,0.06575342465753424,661.0,0.27,0.28,0.275,0.31,3.0,82,0.2890696093749999
put,2026-10-30,0.06575342465753424,662.0,0.28,0.29,0.28500000000000003,0.29,11.0,295,0.2880930566406249
put,2026-10-30,0.06575342465753424,663.0,0.28,0.29,0.28500000000000003,0.51,48.0,538,0.2858958129882812
put,2026-10-30,0.06575342465753424,664.0,0.29,0.3,0.295,0.38,11.0,998,0.2849192602539062
put,2026-10-30,0.06575342465753424,665.0,0.29,0.3,0.295,0.33,105.0,838,0.28247787841796873
put,2026-10-30,0.06575342465753424,666.0,0.3,0.31,0.305,0.41,13.0,280,0.2815013256835937
put,2026-10-30,0.06575342465753424,667.0,0.3,0.31,0.305,0.39,10.0,305,0.27930408203124996
put,2026-10-30,0.06575342465753424,668.0,0.31,0.32,0.315,0.31,1.0,76,0.27808339111328123
put,2026-10-30,0.06575342465753424,669.0,0.31,0.32,0.315,0.93,5.0,141,0.2758861474609374
put,2026-10-30,0.06575342465753424,670.0,0.31,0.32,0.315,0.32,16.0,76500,0.273444765625
put,2026-10-30,0.06575342465753424,671.0,0.32,0.33,0.325,0.36,11.0,158,0.27246821289062495
put,2026-10-30,0.06575342465753424,672.0,0.32,0.33,0.325,0.36,12.0,71,0.2700268310546875
put,2026-10-30,0.06575342465753424,673.0,0.33,0.34,0.335,0.34,1.0,820,0.2688061401367187
put,2026-10-30,0.06575342465753424,674.0,0.33,0.34,0.335,0.34,10.0,208,0.266608896484375
put,2026-10-30,0.06575342465753424,675.0,0.34,0.35,0.345,0.35,105.0,1548,0.26538820556640624
put,2026-10-30,0.06575342465753424,676.0,0.34,0.35,0.345,0.53,1.0,91,0.2629468237304688
put,2026-10-30,0.06575342465753424,677.0,0.35,0.36,0.355,0.35,27.0,194,0.2617261328125
put,2026-10-30,0.06575342465753424,678.0,0.36,0.37,0.365,0.4,1.0,290,0.26050544189453123
put,2026-10-30,0.06575342465753424,679.0,0.36,0.37,0.365,0.5,2.0,311,0.2580640600585938
put,2026-10-30,0.06575342465753424,680.0,0.37,0.38,0.375,0.37,89.0,2563,0.256843369140625
put,2026-10-30,0.06575342465753424,681.0,0.37,0.38,0.375,0.53,188.0,373,0.25440198730468755
put,2026-10-30,0.06575342465753424,682.0,0.38,0.39,0.385,0.39,7.0,327,0.25318129638671877
put,2026-10-30,0.06575342465753424,683.0,0.39,0.4,0.395,0.4,1.0,1886,0.25171646728515623
put,2026-10-30,0.06575342465753424,684.0,0.39,0.4,0.395,0.39,29.0,592,0.24927508544921873
put,2026-10-30,0.06575342465753424,685.0,0.4,0.41,0.405,0.41,734.0,12448,0.24793232543945312
put,2026-10-30,0.06575342465753424,686.0,0.4,0.41,0.405,0.45,5.0,335,0.2456130126953125
put,2026-10-30,0.06575342465753424,687.0,0.41,0.42,0.415,1.08,4.0,286,0.24414818359375
put,2026-10-30,0.06575342465753424,688.0,0.42,0.43,0.425,0.43,1.0,3437,0.24268335449218748
put,2026-10-30,0.06575342465753424,689.0,0.42,0.43,0.425,0.45,8.0,3261,0.24024197265624997
put,2026-10-30,0.06575342465753424,690.0,0.43,0.44,0.435,0.43,276.0,5605,0.2387771435546875
put,2026-10-30,0.06575342465753424,691.0,0.44,0.45,0.445,0.63,14.0,418,0.2371902453613281
put,2026-10-30,0.06575342465753424,692.0,0.45,0.46,0.455,0.44,8.0,154,0.2356033471679687
put,2026-10-30,0.06575342465753424,693.0,0.45,0.46,0.455,0.46,10.0,2738,0.23316196533203126
put,2026-10-30,0.06575342465753424,694.0,0.46,0.47,0.46499999999999997,0.5,10.0,248,0.23157506713867188
put,2026-10-30,0.06575342465753424,695.0,0.47,0.48,0.475,0.47,67.0,3358,0.2299881689453125
put,2026-10-30,0.06575342465753424,696.0,0.48,0.49,0.485,0.65,21.0,532,0.22827920166015625
put,2026-10-30,0.06575342465753424,697.0,0.49,0.5,0.495,0.54,2.0,398,0.22669230346679686
put,2026-10-30,0.06575342465753424,698.0,0.5,0.51,0.505,0.51,4.0,1258,0.2249833361816406
put,2026-10-30,0.06575342465753424,699.0,0.51,0.52,0.515,0.51,2.0,455,0.22327436889648436
put,2026-10-30,0.06575342465753424,700.0,0.52,0.53,0.525,0.52,1309.0,12389,0.2215654016113281
put,2026-10-30,0.06575342465753424,701.0,0.53,0.54,0.535,0.59,8.0,802,0.21985643432617186
put,2026-10-30,0.06575342465753424,702.0,0.54,0.55,0.545,0.58,34.0,493,0.2180253979492187
put,2026-10-30,0.06575342465753424,703.0,0.55,0.56,0.555,0.64,2.0,292,0.21631643066406248
put,2026-10-30,0.06575342465753424,704.0,0.56,0.57,0.565,0.59,4.0,341,0.21448539428710936
put,2026-10-30,0.06575342465753424,705.0,0.57,0.58,0.575,0.58,809.0,10510,0.21265435791015624
put,2026-10-30,0.06575342465753424,706.0,0.58,0.59,0.585,0.59,24.0,425,0.2108233215332031
put,2026-10-30,0.06575342465753424,707.0,0.6,0.61,0.605,0.65,3.0,21325,0.20960263061523435
put,2026-10-30,0.06575342465753424,708.0,0.61,0.62,0.615,0.61,5.0,340,0.20777159423828123
put,2026-10-30,0.06575342465753424,709.0,0.63,0.64,0.635,0.63,15.0,590,0.20642883422851557
put,2026-10-30,0.06575342465753424,710.0,0.64,0.65,0.645,0.64,345.0,3635,0.20447572875976558
put,2026-10-30,0.06575342465753424,711.0,0.65,0.66,0.655,0.66,21.0,364,0.20252262329101559
put,2026-10-30,0.06575342465753424,712.0,0.67,0.68,0.675,0.68,34.0,615,0.20117986328124998
put,2026-10-30,0.06575342465753424,713.0,0.68,0.69,0.685,0.69,14.0,1519,0.1992267578125
put,2026-10-30,0.06575342465753424,714.0,0.7,0.71,0.705,0.7,14.0,1021,0.1977619287109375
put,2026-10-30,0.06575342465753424,715.0,0.72,0.73,0.725,0.71,107.0,3714,0.19623606506347657
put,2026-10-30,0.06575342465753424,716.0,0.73,0.75,0.74,0.78,7.0,1407,0.1947102014160156
put,2026-10-30,0.06575342465753424,717.0,0.75,0.76,0.755,0.75,28.0,936,0.19263502685546874
put,2026-10-30,0.06575342465753424,718.0,0.77,0.78,0.775,0.77,35.0,1070,0.19104812866210938
put,2026-10-30,0.06575342465753424,719.0,0.79,0.8,0.795,0.84,11.0,554,0.18933916137695314
put,2026-10-30,0.06575342465753424,720.0,0.81,0.82,0.815,0.82,628.0,8446,0.18775226318359373
put,2026-10-30,0.06575342465753424,721.0,0.83,0.85,0.84,0.85,9.0,630,0.18647053771972655
put,2026-10-30,0.06575342465753424,722.0,0.86,0.87,0.865,0.87,22.0,777,0.18470053588867186
put,2026-10-30,0.06575342465753424,723.0,0.88,0.89,0.885,0.87,13.0,1057,0.1829915686035156
put,2026-10-30,0.06575342465753424,724.0,0.9,0.92,0.91,0.88,82.0,403,0.18158777404785154
put,2026-10-30,0.06575342465753424,725.0,0.93,0.94,0.935,0.94,1604.0,83990,0.17975673767089845
put,2026-10-30,0.06575342465753424,726.0,0.96,0.97,0.965,0.97,44.0,437,0.17829190856933597
put,2026-10-30,0.06575342465753424,727.0,0.99,1.0,0.995,0.98,39.0,12071,0.176766044921875
put,2026-10-30,0.06575342465753424,728.0,1.02,1.03,1.025,1.0,58.0,2138,0.17517914672851562
put,2026-10-30,0.06575342465753424,729.0,1.05,1.06,1.0550000000000002,1.04,53.0,711,0.17359224853515626
put,2026-10-30,0.06575342465753424,730.0,1.09,1.1,1.0950000000000002,1.09,1039.0,17528,0.17231052307128908
put,2026-10-30,0.06575342465753424,731.0,1.11,1.13,1.12,1.17,116.0,1536,0.17060155578613284
put,2026-10-30,0.06575342465753424,732.0,1.15,1.17,1.16,1.14,131.0,949,0.16919776123046876
put,2026-10-30,0.06575342465753424,733.0,1.19,1.21,1.2,1.17,79.0,1318,0.16779396667480473
put,2026-10-30,0.06575342465753424,734.0,1.23,1.24,1.2349999999999999,1.19,268.0,1437,0.16590189575195316
put,2026-10-30,0.06575342465753424,735.0,1.27,1.29,1.28,1.25,485.0,11431,0.16468120483398438
put,2026-10-30,0.06575342465753424,736.0,1.32,1.34,1.33,1.28,69.0,1053,0.16339947937011723
put,2026-10-30,0.06575342465753424,737.0,1.37,1.38,1.375,1.32,105.0,848,0.16169051208496094
put,2026-10-30,0.06575342465753424,738.0,1.42,1.44,1.43,1.41,81.0,1365,0.16059189025878906
put,2026-10-30,0.06575342465753424,739.0,1.47,1.48,1.475,1.5,69.0,1079,0.1588218884277344
put,2026-10-30,0.06575342465753424,740.0,1.52,1.53,1.525,1.52,597.0,7830,0.157234990234375
put,2026-10-30,0.06575342465753424,741.0,1.57,1.59,1.58,1.57,340.0,1176,0.15589223022460938
put,2026-10-30,0.06575342465753424,742.0,1.63,1.65,1.64,1.63,194.0,682,0.15448843566894532
put,2026-10-30,0.06575342465753424,743.0,1.69,1.71,1.7,1.68,73.0,1347,0.15296257202148442
put,2026-10-30,0.06575342465753424,744.0,1.76,1.78,1.77,1.7,111.0,1234,0.1516808465576172
put,2026-10-30,0.06575342465753424,745.0,1.83,1.84,1.835,1.84,997.0,22424,0.1500329138183594
put,2026-10-30,0.06575342465753424,746.0,1.9,1.92,1.91,1.83,377.0,1565,0.14881222290039062
put,2026-10-30,0.06575342465753424,747.0,1.98,1.99,1.9849999999999999,1.94,159.0,1258,0.14725584197998048
put,2026-10-30,0.06575342465753424,748.0,2.07,2.08,2.075,1.98,122.0,1179,0.14609618560791016
put,2026-10-30,0.06575342465753424,749.0,2.15,2.16,2.1550000000000002,2.07,140.0,1107,0.14460083923339845
put,2026-10-30,0.06575342465753424,750.0,2.23,2.24,2.2350000000000003,2.24,2714.0,28100,0.1430444583129883
put,2026-10-30,0.06575342465753424,751.0,2.33,2.35,2.34,2.29,156.0,1440,0.1420068710327148
put,2026-10-30,0.06575342465753424,752.0,2.42,2.44,2.4299999999999997,2.39,771.0,1888,0.14048100738525393
put,2026-10-30,0.06575342465753424,753.0,2.53,2.55,2.54,2.53,340.0,1095,0.13922979919433598
put,2026-10-30,0.06575342465753424,754.0,2.64,2.66,2.6500000000000004,2.59,158.0,2737,0.13788703918457032
put,2026-10-30,0.06575342465753424,755.0,2.75,2.78,2.7649999999999997,2.75,896.0,83654,0.13666634826660157
put,2026-10-30,0.06575342465753424,756.0,2.87,2.9,2.885,2.81,486.0,748,0.13529307098388677
put,2026-10-30,0.06575342465753424,757.0,3.02,3.04,3.0300000000000002,2.98,1544.0,1285,0.13416393188476564
put,2026-10-30,0.06575342465753424,758.0,3.14,3.16,3.1500000000000004,3.14,133.0,2040,0.13257703369140628
put,2026-10-30,0.06575342465753424,759.0,3.29,3.3,3.295,3.28,212.0,1130,0.13123427368164062
put,2026-10-30,0.06575342465753424,760.0,3.43,3.45,3.4400000000000004,3.41,2776.0,17398,0.1299525482177734
put,2026-10-30,0.06575342465753424,761.0,3.59,3.61,3.5999999999999996,3.59,316.0,1164,0.12870134002685546
put,2026-10-30,0.06575342465753424,762.0,3.75,3.77,3.76,3.74,347.0,1958,0.12729754547119143
put,2026-10-30,0.06575342465753424,763.0,3.93,3.95,3.9400000000000004,3.93,161.0,2404,0.12610737182617188
put,2026-10-30,0.06575342465753424,764.0,4.11,4.13,4.12,4.1,331.0,1796,0.12476461181640625
put,2026-10-30,0.06575342465753424,765.0,4.3,4.33,4.3149999999999995,4.31,1570.0,4395,0.12357443817138672
put,2026-10-30,0.06575342465753424,766.0,4.54,4.56,4.55,4.39,664.0,1211,0.12268943725585937
put,2026-10-30,0.06575342465753424,767.0,4.75,4.77,4.76,4.67,223.0,1341,0.12134667724609374
put,2026-10-30,0.06575342465753424,768.0,4.98,5.01,4.995,4.79,523.0,1573,0.1202785726928711
put,2026-10-30,0.06575342465753424,769.0,5.2,5.22,5.21,5.17,186.0,2315,0.11863063995361328
put,2026-10-30,0.06575342465753424,770.0,5.45,5.48,5.465,5.45,2561.0,7266,0.1175015008544922
put,2026-10-30,0.06575342465753424,771.0,5.71,5.73,5.720000000000001,5.62,334.0,2002,0.11609770629882812
put,2026-10-30,0.06575342465753424,772.0,5.97,6.0,5.984999999999999,5.99,201.0,2294,0.1147549462890625
put,2026-10-30,0.06575342465753424,773.0,6.27,6.3,6.285,6.22,786.0,1789,0.11365632446289062
put,2026-10-30,0.06575342465753424,774.0,6.59,6.62,6.605,6.49,191.0,1184,0.11260347854614258
put,2026-10-30,0.06575342465753424,775.0,6.9,6.92,6.91,6.9,1662.0,1580,0.11112339080810546
put,2026-10-30,0.06575342465753424,776.0,7.26,7.28,7.27,7.04,459.0,580,0.11017735534667968
put,2026-10-30,0.06575342465753424,777.0,7.61,7.64,7.625,7.56,229.0,1454,0.10904821624755859
put,2026-10-30,0.06575342465753424,778.0,7.95,7.99,7.970000000000001,7.96,400.0,238,0.1075833871459961
put,2026-10-30,0.06575342465753424,779.0,8.35,8.39,8.370000000000001,8.33,1665.0,353,0.10653054122924804
put,2026-10-30,0.06575342465753424,780.0,8.78,8.8,8.79,8.74,1409.0,1523,0.10537088485717774
put,2026-10-30,0.06575342465753424,781.0,9.16,9.2,9.18,9.1,267.0,406,0.1038602798461914
put,2026-10-30,0.06575342465753424,782.0,9.61,9.64,9.625,9.67,178.0,328,0.10260907165527343
put,2026-10-30,0.06575342465753424,783.0,10.06,10.11,10.085,10.13,125.0,95,0.10147993255615234
put,2026-10-30,0.06575342465753424,784.0,10.58,10.62,10.6,10.45,45.0,317,0.100594931640625
put,2026-10-30,0.06575342465753424,785.0,11.08,11.1,11.09,10.95,171.0,294,0.09906906799316406
put,2026-10-30,0.06575342465753424,786.0,11.54,11.72,11.629999999999999,11.14,34.0,29,0.09906906799316406
put,2026-10-30,0.06575342465753424,787.0,12.14,12.31,12.225000000000001,12.27,3.0,717,0.09842820526123047
put,2026-10-30,0.06575342465753424,788.0,12.66,12.8,12.73,12.91,4.0,532,0.09618518569946291
put,2026-10-30,0.06575342465753424,789.0,13.24,13.47,13.355,13.0,9.0,240,0.09604785797119142
put,2026-10-30,0.06575342465753424,790.0,13.85,13.99,13.92,13.74,73.0,463,0.0935759588623047
put,2026-10-30,0.06575342465753424,791.0,14.47,14.62,14.545,17.94,3.0,92,0.09226371612548828
put,2026-10-30,0.06575342465753424,792.0,15.07,15.33,15.2,15.46,88.0,369,0.09180595703125
put,2026-10-30,0.06575342465753424,793.0,15.76,15.94,15.85,15.19,11.0,107,0.08948664428710937
put,2026-10-30,0.06575342465753424,794.0,16.45,16.69,16.57,33.84,1.0,192,0.08899836791992188
put,2026-10-30,0.06575342465753424,795.0,17.13,17.35,17.240000000000002,16.58,4.0,146,0.08661802062988282
put,2026-10-30,0.06575342465753424,796.0,17.83,18.14,17.985,30.0,55.0,59,0.08612974426269533
put,2026-10-30,0.06575342465753424,797.0,18.59,18.9,18.744999999999997,28.5,2.0,1,0.08469543243408204
put,2026-10-30,0.06575342465753424,798.0,19.43,19.67,19.55,30.17,4.0,0,0.08295594787597659
put,2026-10-30,0.06575342465753424,799.0,20.14,20.44,20.29,21.0,7.0,0,0.08066715240478516
put,2026-10-30,0.06575342465753424,800.0,20.9,21.27,21.085,21.0,11.0,16,0.07920232330322266
put,2026-10-30,0.06575342465753424,801.0,21.7,22.11,21.905,30.09,2.0,2,0.07740180419921877
put,2026-10-30,0.06575342465753424,802.0,22.59,23.02,22.805,31.01,9.0,0,0.07721870056152345
put,2026-10-30,0.06575342465753424,803.0,23.42,23.82,23.62,34.85,283.0,0,0.07245800598144532
put,2026-10-30,0.06575342465753424,804.0,24.28,24.71,24.495,35.35,301.0,1,0.06977248596191407
put,2026-10-30,0.06575342465753424,805.0,24.1,26.74,25.42,30.48,1.0,4,0.10495890167236327
put,2026-10-30,0.06575342465753424,806.0,24.91,27.55,26.23,25.33,2.0,0,0.10303631347656249
put,2026-10-30,0.06575342465753424,807.0,25.85,28.62,27.235,37.35,2.0,0,0.10755286987304688
put,2026-10-30,0.06575342465753424,808.0,26.78,29.51,28.145000000000003,38.9,1.0,0,0.10736976623535156
put,2026-10-30,0.06575342465753424,809.0,27.73,30.48,29.105,41.25,1.0,0,0.10920080261230468
put,2026-10-30,0.06575342465753424,810.0,28.69,31.42,30.055,45.27,6.0,6,0.11011632080078124
put,2026-10-30,0.06575342465753424,811.0,29.64,32.39,31.015,40.91,3.0,0,0.11182528808593749
put,2026-10-30,0.06575342465753424,812.0,30.59,33.37,31.979999999999997,41.19,60.0,0,0.11383942810058593
put,2026-10-30,0.06575342465753424,813.0,31.63,34.35,32.99,38.1,1.0,1,0.1157314990234375
put,2026-10-30,0.06575342465753424,814.0,32.6,35.37,33.985,42.66,89.0,0,0.11890529541015624
put,2026-10-30,0.06575342465753424,815.0,33.87,36.32,35.095,43.86,30.0,1,0.1198208135986328
put,2026-10-30,0.06575342465753424,816.0,34.61,37.41,36.01,45.46,6.0,0,0.1251918536376953
put,2026-10-30,0.06575342465753424,817.0,35.6,38.41,37.004999999999995,46.12,22.0,0,0.12769427001953126
put,2026-10-30,0.06575342465753424,818.0,36.61,39.33,37.97,46.37,9.0,0,0.12757220092773439
put,2026-10-30,0.06575342465753424,819.0,37.64,40.44,39.04,50.75,2.0,0,0.13367565551757812
put,2026-10-30,0.06575342465753424,820.0,38.59,41.31,39.95,60.12,4.0,0,0.13172255004882813
put,2026-10-30,0.06575342465753424,825.0,43.6,46.32,44.96,44.13,4.0,4,0.14405152832031248
put,2026-10-30,0.06575342465753424,826.0,44.6,47.32,45.96,59.01,,0,0.14643187561035154
put,2026-10-30,0.06575342465753424,830.0,48.6,51.4,50.0,61.23,,0,0.1588218884277344
put,2026-10-30,0.06575342465753424,834.0,52.6,55.32,53.96,72.44,,0,0.16492534301757814
put,2026-10-30,0.06575342465753424,835.0,53.6,56.32,54.96,65.38,1.0,0,0.16724465576171876
put,2026-10-30,0.06575342465753424,840.0,58.6,61.32,59.96,58.86,2.0,2,0.17847501220703127
put,2026-10-30,0.06575342465753424,845.0,63.65,66.4,65.025,80.35,2.0,0,0.19294019958496095
put,2026-10-30,0.06575342465753424,850.0,68.6,71.32,69.96,76.31,1.0,0,0.20032537963867186
put,2026-10-30,0.06575342465753424,855.0,73.6,76.32,74.96,90.53,3.0,0,0.2110064251708984
put,2026-10-30,0.06575342465753424,860.0,78.6,81.32,79.96,84.5,15.0,10,0.2215654016113281
put,2026-10-30,0.06575342465753424,865.0,83.6,86.32,84.96,99.26,10.0,0,0.23188023986816403
put,2026-10-30,0.06575342465753424,875.0,93.6,96.32,94.96,113.44,4.0,0,0.25220474365234374
put,2026-10-30,0.06575342465753424,900.0,143.85,147.3,145.575,145.02,,0,0.793672717590332
put,2026-10-30,0.06575342465753424,930.0,148.6,151.32,149.95999999999998,159.98,,0,0.35535312622070303
call,2026-11-06,0.08493150684931507,640.0,141.3,144.1,142.7,134.54,2.0,0,0.5032398309326171
call,2026-11-06,0.08493150684931507,660.0,121.59,124.32,122.955,109.67,,1,0.44824770507812495
call,2026-11-06,0.08493150684931507,675.0,106.77,109.48,108.125,92.52,,3,0.40643904113769536
call,2026-11-06,0.08493150684931507,680.0,101.74,104.54,103.14,91.8,,12,0.39252316467285153
call,2026-11-06,0.08493150684931507,685.0,96.9,99.61,98.255,87.16,1.0,5,0.37879039184570307
call,2026-11-06,0.08493150684931507,690.0,91.89,94.7,93.295,85.7,1.0,1,0.36536279174804687
call,2026-11-06,0.08493150684931507,695.0,87.06,89.78,88.42,75.88,,1,0.3515995016479492
call,2026-11-06,0.08493150684931507,700.0,82.17,84.88,83.525,84.7,5.0,10,0.3381108670043945
call,2026-11-06,0.08493150684931507,705.0,77.19,79.99,78.59,79.14,1.0,2,0.324652749633789
call,2026-11-06,0.08493150684931507,710.0,72.41,75.12,73.765,70.24,3.0,7,0.3113777359008788
call,2026-11-06,0.08493150684931507,718.0,64.66,67.36,66.00999999999999,57.35,4.0,4,0.2902292657470703
call,2026-11-06,0.08493150684931507,719.0,63.69,66.41,65.05,48.06,,3,0.2878794357299803
call,2026-11-06,0.08493150684931507,721.0,61.78,64.49,63.135,52.17,,1,0.28278305114746094
call,2026-11-06,0.08493150684931507,722.0,60.8,63.52,62.16,48.63,,1,0.28003649658203117
call,2026-11-06,0.08493150684931507,723.0,59.84,62.56,61.2,50.98,,3,0.27747304565429687
call,2026-11-06,0.08493150684931507,724.0,58.8,61.6,60.2,47.92,,12,0.2748790774536133
call,2026-11-06,0.08493150684931507,725.0,57.85,60.65,59.25,54.31,5.0,10,0.2724376956176757
call,2026-11-06,0.08493150684931507,726.0,56.97,59.69,58.33,47.56,,1,0.2698132101440429
call,2026-11-06,0.08493150684931507,727.0,56.01,58.74,57.375,48.32,,1,0.26734131103515624
call,2026-11-06,0.08493150684931507,728.0,55.07,57.79,56.43,43.47,,1,0.26483889465332033
call,2026-11-06,0.08493150684931507,729.0,54.12,56.84,55.480000000000004,46.57,1.0,1,0.2623059609985352
call,2026-11-06,0.08493150684931507,730.0,53.16,55.89,54.525,49.38,10.0,35,0.25977302734375
call,2026-11-06,0.08493150684931507,731.0,52.14,54.95,53.545,53.32,35.0,2,0.25739268005371096
call,2026-11-06,0.08493150684931507,733.0,50.34,53.07,51.705,52.19,2.0,2,0.25250991638183595
call,2026-11-06,0.08493150684931507,734.0,49.4,52.12,50.76,39.74,,10,0.24991594818115231
call,2026-11-06,0.08493150684931507,735.0,48.45,51.19,49.82,45.78,4.0,15,0.2475661181640625
call,2026-11-06,0.08493150684931507,736.0,47.53,50.25,48.89,35.88,,2,0.24506370178222658
call,2026-11-06,0.08493150684931507,737.0,46.51,49.31,47.91,44.89,12.0,12,0.2425307681274414
call,2026-11-06,0.08493150684931507,738.0,45.59,48.39,46.99,32.41,8.0,7,0.2402724899291992
call,2026-11-06,0.08493150684931507,739.0,44.73,47.46,46.095,47.32,1.0,27,0.2378311080932617
call,2026-11-06,0.08493150684931507,740.0,43.82,46.54,45.18,41.22,8.0,48,0.2355117953491211
call,2026-11-06,0.08493150684931507,741.0,42.9,45.4,44.15,44.5,1.0,7,0.22994239303588865
call,2026-11-06,0.08493150684931507,742.0,41.9,44.7,43.3,29.92,,3,0.2307816180419922
call,2026-11-06,0.08493150684931507,743.0,42.14,43.78,42.96,29.27,,15,0.22837075347900393
call,2026-11-06,0.08493150684931507,744.0,41.26,41.74,41.5,29.86,,12,0.20975521697998045
call,2026-11-06,0.08493150684931507,745.0,40.32,40.85,40.585,37.2,1.0,116,0.20786314605712886
call,2026-11-06,0.08493150684931507,746.0,39.42,39.94,39.68,26.34,,3,0.20566590240478516
call,2026-11-06,0.08493150684931507,747.0,38.52,39.04,38.78,30.72,1.0,2,0.20356021057128904
call,2026-11-06,0.08493150684931507,748.0,37.65,38.11,37.879999999999995,34.69,2.0,4,0.20099675964355468
call,2026-11-06,0.08493150684931507,749.0,36.8,37.2,37.0,32.45,1.0,2,0.19867744689941402
call,2026-11-06,0.08493150684931507,750.0,35.93,36.36,36.144999999999996,37.34,5.0,66,0.19727365234375
call,2026-11-06,0.08493150684931507,751.0,35.03,35.43,35.230000000000004,31.09,1.0,3,0.19458813232421873
call,2026-11-06,0.08493150684931507,752.0,34.16,34.55,34.355,26.5,2.0,9,0.19254347503662111
call,2026-11-06,0.08493150684931507,753.0,33.3,33.72,33.51,33.61,1.0,8,0.1911091632080078
call,2026-11-06,0.08493150684931507,754.0,32.42,32.81,32.615,33.65,3.0,13,0.18856097091674806
call,2026-11-06,0.08493150684931507,755.0,31.58,31.96,31.77,32.83,4.0,80,0.18674519317626953
call,2026-11-06,0.08493150684931507,756.0,30.76,32.22,31.490000000000002,28.1,2.0,5,0.1990589128112793
call,2026-11-06,0.08493150684931507,757.0,29.89,30.25,30.07,24.97,2.0,27,0.1828389822387695
call,2026-11-06,0.08493150684931507,758.0,29.08,29.39,29.235,29.75,5.0,22,0.1807180317687988
call,2026-11-06,0.08493150684931507,759.0,28.2,28.59,28.395,29.24,3.0,28,0.17929897857666016
call,2026-11-06,0.08493150684931507,760.0,27.43,27.73,27.58,27.85,22.0,379,0.17707121765136719
call,2026-11-06,0.08493150684931507,761.0,26.52,26.92,26.72,27.94,6.0,295,0.17536225036621095
call,2026-11-06,0.08493150684931507,762.0,25.81,26.09,25.95,25.72,5.0,133,0.17337862762451173
call,2026-11-06,0.08493150684931507,763.0,25.01,25.28,25.145000000000003,24.92,1.0,168,0.17154759124755858
call,2026-11-06,0.08493150684931507,764.0,24.22,24.48,24.35,24.71,2.0,202,0.16974707214355472
call,2026-11-06,0.08493150684931507,765.0,23.45,23.67,23.560000000000002,24.49,22.0,471,0.1677634494018555
call,2026-11-06,0.08493150684931507,766.0,22.61,22.94,22.775,21.86,5.0,82,0.16664956893920901
call,2026-11-06,0.08493150684931507,767.0,21.86,22.15,22.005,22.22,30.0,366,0.1647422393798828
call,2026-11-06,0.08493150684931507,768.0,21.12,21.37,21.245,21.34,46.0,127,0.16285016845703126
call,2026-11-06,0.08493150684931507,769.0,20.4,20.65,20.525,20.48,16.0,310,0.16156844299316403
call,2026-11-06,0.08493150684931507,770.0,19.68,19.86,19.77,19.98,83.0,1253,0.1594017166137695
call,2026-11-06,0.08493150684931507,771.0,18.93,19.18,19.055,19.26,57.0,302,0.15836412933349608
call,2026-11-06,0.08493150684931507,772.0,18.2,18.47,18.335,18.5,5.0,286,0.1568993002319336
call,2026-11-06,0.08493150684931507,773.0,17.51,17.72,17.615000000000002,17.04,2.0,1748,0.1548851602172852
call,2026-11-06,0.08493150684931507,774.0,16.86,17.02,16.939999999999998,17.92,108.0,118,0.15332877929687502
call,2026-11-06,0.08493150684931507,775.0,16.19,16.33,16.259999999999998,16.49,310.0,1292,0.15177239837646483
call,2026-11-06,0.08493150684931507,776.0,15.52,15.68,15.6,16.47,21.0,383,0.1505364488220215
call,2026-11-06,0.08493150684931507,777.0,14.87,15.1,14.985,15.25,23.0,257,0.14994136199951175
call,2026-11-06,0.08493150684931507,778.0,14.22,14.38,14.3,14.23,417.0,443,0.14771360107421877
call,2026-11-06,0.08493150684931507,779.0,13.58,13.83,13.705,13.66,371.0,439,0.14721006607055664
call,2026-11-06,0.08493150684931507,780.0,13.03,13.13,13.08,13.08,662.0,579,0.14495178787231444
call,2026-11-06,0.08493150684931507,781.0,12.41,12.55,12.48,12.67,356.0,67,0.14386842468261718
call,2026-11-06,0.08493150684931507,782.0,11.86,11.98,11.92,11.92,61.0,113,0.1427698028564453
call,2026-11-06,0.08493150684931507,783.0,11.32,11.4,11.36,11.74,20.0,43,0.14141178421020512
call,2026-11-06,0.08493150684931507,784.0,10.75,10.86,10.805,11.09,208.0,192,0.14035893829345703
call,2026-11-06,0.08493150684931507,785.0,10.2,10.29,10.245,10.26,190.0,364,0.1388330746459961
call,2026-11-06,0.08493150684931507,786.0,9.74,9.82,9.780000000000001,9.75,104.0,90,0.13826850509643557
call,2026-11-06,0.08493150684931507,787.0,9.19,9.28,9.235,9.25,95.0,190,0.13678841735839847
call,2026-11-06,0.08493150684931507,788.0,8.76,8.85,8.805,8.92,261.0,357,0.13637643417358397
call,2026-11-06,0.08493150684931507,789.0,8.29,8.37,8.329999999999998,8.3,18.0,62,0.13526255371093754
call,2026-11-06,0.08493150684931507,790.0,7.85,7.91,7.88,7.85,711.0,563,0.13420970779418945
call,2026-11-06,0.08493150684931507,791.0,7.41,7.5,7.455,7.55,173.0,218,0.13358410369873047
call,2026-11-06,0.08493150684931507,792.0,7.0,7.08,7.04,6.75,3.0,209,0.1326838441467285
call,2026-11-06,0.08493150684931507,793.0,6.59,6.67,6.63,6.91,72.0,2224,0.13173780868530272
call,2026-11-06,0.08493150684931507,794.0,6.2,6.27,6.234999999999999,6.79,62.0,138,0.1307459973144531
call,2026-11-06,0.08493150684931507,795.0,5.85,5.91,5.88,5.85,416.0,763,0.1300746173095703
call,2026-11-06,0.08493150684931507,796.0,5.49,5.57,5.53,5.64,296.0,213,0.12949478912353518
call,2026-11-06,0.08493150684931507,797.0,5.15,5.2,5.175000000000001,5.38,80.0,198,0.12836565002441402
call,2026-11-06,0.08493150684931507,798.0,4.84,4.89,4.865,5.48,48.0,206,0.12781633911132811
call,2026-11-06,0.08493150684931507,799.0,4.54,4.58,4.5600000000000005,4.91,27.0,727,0.12711444183349607
call,2026-11-06,0.08493150684931507,800.0,4.25,4.29,4.27,4.27,884.0,1776,0.1265040963745117
call,2026-11-06,0.08493150684931507,801.0,3.97,4.03,4.0,3.98,133.0,401,0.1261378890991211
call,2026-11-06,0.08493150684931507,802.0,3.71,3.75,3.73,3.73,96.0,370,0.1253139227294922
call,2026-11-06,0.08493150684931507,803.0,3.47,3.51,3.49,3.7,69.0,130,0.12491719818115235
call,2026-11-06,0.08493150684931507,804.0,3.24,3.28,3.26,3.24,63.0,492,0.12445943908691406
call,2026-11-06,0.08493150684931507,805.0,3.02,3.06,3.04,3.01,256.0,595,0.124032197265625
call,2026-11-06,0.08493150684931507,806.0,2.81,2.85,2.83,2.82,38.0,78,0.12357443817138672
call,2026-11-06,0.08493150684931507,807.0,2.62,2.65,2.635,2.8,34.0,131,0.12308616180419923
call,2026-11-06,0.08493150684931507,808.0,2.43,2.47,2.45,2.73,40.0,177,0.12278098907470703
call,2026-11-06,0.08493150684931507,809.0,2.25,2.29,2.27,2.28,3.0,519,0.12232322998046877
call,2026-11-06,0.08493150684931507,810.0,2.09,2.13,2.11,2.11,529.0,772,0.12201805725097657
call,2026-11-06,0.08493150684931507,811.0,1.95,1.98,1.9649999999999999,2.2,158.0,345,0.12177391906738282
call,2026-11-06,0.08493150684931507,812.0,1.8,1.84,1.82,1.8,16.0,110,0.12152978088378906
call,2026-11-06,0.08493150684931507,813.0,1.67,1.71,1.69,2.0,5.0,106,0.12137719451904297
call,2026-11-06,0.08493150684931507,814.0,1.55,1.58,1.565,1.65,1.0,51,0.12104150451660156
call,2026-11-06,0.08493150684931507,815.0,1.44,1.46,1.45,1.44,345.0,953,0.12073633178710938
call,2026-11-06,0.08493150684931507,820.0,0.98,1.0,0.99,1.0,225.0,273,0.1203090899658203
call,2026-11-06,0.08493150684931507,825.0,0.67,0.69,0.6799999999999999,0.67,94.0,263,0.12073633178710938
call,2026-11-06,0.08493150684931507,830.0,0.46,0.48,0.47,0.47,88.0,65,0.12171288452148438
call,2026-11-06,0.08493150684931507,835.0,0.33,0.35,0.33999999999999997,0.36,21.0,153,0.12378805908203125
call,2026-11-06,0.08493150684931507,840.0,0.24,0.26,0.25,0.28,23.0,48,0.1263515100097656
call,2026-11-06,0.08493150684931507,845.0,0.18,0.2,0.19,0.21,1.0,7,0.12952530639648438
call,2026-11-06,0.08493150684931507,850.0,0.14,0.15,0.14500000000000002,0.16,11.0,217,0.13208875732421876
call,2026-11-06,0.08493150684931507,855.0,0.11,0.12,0.11499999999999999,0.11,1.0,47,0.13575083007812502
call,2026-11-06,0.08493150684931507,860.0,0.09,0.1,0.095,0.1,2.0,49,0.139657041015625
call,2026-11-06,0.08493150684931507,865.0,0.07,0.08,0.07500000000000001,0.06,1.0,50,0.1430749755859375
call,2026-11-06,0.08493150684931507,870.0,0.05,0.07,0.060000000000000005,0.06,3.0,51,0.147469462890625
call,2026-11-06,0.08493150684931507,875.0,0.04,0.06,0.05,0.04,9.0,52,0.1518639501953125
call,2026-11-06,0.08493150684931507,885.0,0.03,0.04,0.035,0.02,50.0,72,0.15821154296875
call,2026-11-06,0.08493150684931507,895.0,0.02,0.03,0.025,0.03,,10,0.16602396484375004
put,2026-11-06,0.08493150684931507,500.0,0.06,0.07,0.065,0.06,3.0,261,0.5283250292968751
put,2026-11-06,0.08493150684931507,510.0,0.06,0.08,0.07,0.08,1.0,6,0.5097705273437501
put,2026-11-06,0.08493150684931507,525.0,0.08,0.09,0.08499999999999999,0.1,1.0,15,0.49023947265625006
put,2026-11-06,0.08493150684931507,530.0,0.08,0.1,0.09,0.1,4.0,7,0.48438015625
put,2026-11-06,0.08493150684931507,535.0,0.09,0.1,0.095,0.12,1.0,2,0.47363807617187503
put,2026-11-06,0.08493150684931507,540.0,0.09,0.11,0.1,0.1,10.0,16,0.46680220703125
put,2026-11-06,0.08493150684931507,545.0,0.1,0.11,0.10500000000000001,0.14,150.0,400,0.45606012695312503
put,2026-11-06,0.08493150684931507,550.0,0.11,0.12,0.11499999999999999,0.12,30.0,186,0.450200810546875
put,2026-11-06,0.08493150684931507,555.0,0.11,0.13,0.12,0.12,67.0,23,0.44287666503906253
put,2026-11-06,0.08493150684931507,560.0,0.12,0.14,0.13,0.15,2.0,10,0.43555251953125
put,2026-11-06,0.08493150684931507,565.0,0.13,0.14,0.135,0.15,30.0,47,0.42529871582031253
put,2026-11-06,0.08493150684931507,570.0,0.14,0.15,0.14500000000000002,0.15,1.0,13,0.41797457031249996
put,2026-11-06,0.08493150684931507,575.0,0.15,0.16,0.155,0.17,1.0,156,0.4101621484375
put,2026-11-06,0.08493150684931507,580.0,0.16,0.17,0.165,0.21,7.0,18,0.4023497265625
put,2026-11-06,0.08493150684931507,585.0,0.17,0.18,0.175,0.19,1.0,36,0.39453730468750003
put,2026-11-06,0.08493150684931507,590.0,0.18,0.19,0.185,0.2,11.0,11,0.38672488281249995
put,2026-11-06,0.08493150684931507,595.0,0.19,0.21,0.2,0.21,1.0,3,0.3803772900390625
put,2026-11-06,0.08493150684931507,600.0,0.21,0.22,0.215,0.21,33.0,386,0.372076591796875
put,2026-11-06,0.08493150684931507,605.0,0.22,0.23,0.225,0.24,1.0,19,0.3635317553710938
put,2026-11-06,0.08493150684931507,610.0,0.23,0.25,0.24,0.26,5.0,89,0.3569400244140625
put,2026-11-06,0.08493150684931507,615.0,0.25,0.26,0.255,0.28,2.0,567,0.3479069116210937
put,2026-11-06,0.08493150684931507,620.0,0.26,0.28,0.27,0.28,25.0,123,0.340826904296875
put,2026-11-06,0.08493150684931507,625.0,0.28,0.3,0.29000000000000004,0.29,11.0,662,0.3332586206054688
put,2026-11-06,0.08493150684931507,630.0,0.3,0.32,0.31,0.33,5.0,440,0.3254461987304687
put,2026-11-06,0.08493150684931507,635.0,0.32,0.34,0.33,0.35,1.0,940,0.317389638671875
put,2026-11-06,0.08493150684931507,640.0,0.34,0.36,0.35,0.43,10.0,358,0.30933307861328124
put,2026-11-06,0.08493150684931507,645.0,0.36,0.38,0.37,0.46,2.0,5245,0.30103238037109376
put,2026-11-06,0.08493150684931507,650.0,0.39,0.41,0.4,0.4,14.0,8137,0.2934640966796874
put,2026-11-06,0.08493150684931507,655.0,0.42,0.44,0.43,0.44,309.0,70,0.2858958129882812
put,2026-11-06,0.08493150684931507,660.0,0.45,0.47,0.45999999999999996,0.47,302.0,389,0.2778392529296875
put,2026-11-06,0.08493150684931507,665.0,0.49,0.5,0.495,0.49,308.0,291,0.2696606237792969
put,2026-11-06,0.08493150684931507,670.0,0.52,0.54,0.53,0.52,371.0,73,0.26197027099609377
put,2026-11-06,0.08493150684931507,675.0,0.55,0.58,0.565,0.57,23.0,1081,0.25403578002929694
put,2026-11-06,0.08493150684931507,680.0,0.61,0.62,0.615,0.61,789.0,1026,0.24573508178710937
put,2026-11-06,0.08493150684931507,685.0,0.65,0.68,0.665,0.69,22.0,389,0.23841093627929685
put,2026-11-06,0.08493150684931507,690.0,0.72,0.73,0.725,0.72,101.0,565,0.23011023803710937
put,2026-11-06,0.08493150684931507,695.0,0.79,0.8,0.795,0.78,85.0,655,0.22260298889160152
put,2026-11-06,0.08493150684931507,700.0,0.87,0.88,0.875,0.86,1110.0,13018,0.21509573974609375
put,2026-11-06,0.08493150684931507,705.0,0.96,0.97,0.965,0.95,176.0,429,0.20746642150878902
put,2026-11-06,0.08493150684931507,710.0,1.07,1.09,1.08,1.06,122.0,492,0.20050848327636717
put,2026-11-06,0.08493150684931507,715.0,1.2,1.22,1.21,1.17,181.0,647,0.1931843377685547
put,2026-11-06,0.08493150684931507,716.0,1.22,1.25,1.2349999999999999,1.29,15.0,101,0.19178054321289065
put,2026-11-06,0.08493150684931507,717.0,1.25,1.28,1.2650000000000001,1.28,16.0,64,0.1903767486572266
put,2026-11-06,0.08493150684931507,718.0,1.28,1.31,1.295,1.3,15.0,187,0.18891191955566405
put,2026-11-06,0.08493150684931507,719.0,1.31,1.34,1.3250000000000002,1.35,20.0,63,0.18738605590820312
put,2026-11-06,0.08493150684931507,720.0,1.35,1.37,1.36,1.36,143.0,639,0.18586019226074219
put,2026-11-06,0.08493150684931507,721.0,1.38,1.41,1.395,1.39,26.0,168,0.18457846679687498
put,2026-11-06,0.08493150684931507,722.0,1.41,1.45,1.43,1.45,33.0,222,0.18329674133300777
put,2026-11-06,0.08493150684931507,723.0,1.46,1.49,1.475,1.45,21.0,129,0.1819539813232422
put,2026-11-06,0.08493150684931507,724.0,1.5,1.52,1.51,1.53,23.0,307,0.18030604858398439
put,2026-11-06,0.08493150684931507,725.0,1.54,1.57,1.5550000000000002,1.53,532.0,3314,0.17920742675781248
put,2026-11-06,0.08493150684931507,726.0,1.58,1.61,1.5950000000000002,1.59,15.0,109,0.17774259765625
put,2026-11-06,0.08493150684931507,727.0,1.62,1.65,1.635,1.61,29.0,272,0.17621673400878907
put,2026-11-06,0.08493150684931507,728.0,1.67,1.69,1.68,1.63,47.0,214,0.17469087036132813
put,2026-11-06,0.08493150684931507,729.0,1.72,1.74,1.73,1.68,47.0,299,0.17340914489746095
put,2026-11-06,0.08493150684931507,730.0,1.76,1.79,1.775,1.73,442.0,2181,0.17206638488769532
put,2026-11-06,0.08493150684931507,731.0,1.82,1.85,1.835,1.78,63.0,316,0.17090672851562502
put,2026-11-06,0.08493150684931507,732.0,1.87,1.91,1.8900000000000001,1.86,234.0,294,0.16974707214355472
put,2026-11-06,0.08493150684931507,733.0,1.93,1.96,1.9449999999999998,1.88,71.0,238,0.1682212084960938
put,2026-11-06,0.08493150684931507,734.0,1.98,2.01,1.9949999999999999,1.98,39.0,426,0.16669534484863285
put,2026-11-06,0.08493150684931507,735.0,2.05,2.08,2.065,2.05,753.0,920,0.16559672302246098
put,2026-11-06,0.08493150684931507,736.0,2.1,2.13,2.115,2.1,17.0,148,0.16394879028320314
put,2026-11-06,0.08493150684931507,737.0,2.17,2.21,2.19,2.17,26.0,228,0.16297223754882814
put,2026-11-06,0.08493150684931507,738.0,2.24,2.27,2.255,2.23,19.0,197,0.16144637390136718
put,2026-11-06,0.08493150684931507,739.0,2.3,2.34,2.32,2.29,48.0,379,0.16010361389160155
put,2026-11-06,0.08493150684931507,740.0,2.38,2.4,2.3899999999999997,2.33,253.0,1551,0.15851671569824222
put,2026-11-06,0.08493150684931507,741.0,2.46,2.5,2.48,2.45,26.0,166,0.15766223205566404
put,2026-11-06,0.08493150684931507,742.0,2.54,2.56,2.55,2.53,18.0,138,0.1559532647705078
put,2026-11-06,0.08493150684931507,743.0,2.62,2.66,2.64,2.56,24.0,185,0.15497671203613284
put,2026-11-06,0.08493150684931507,744.0,2.71,2.76,2.735,2.64,88.0,283,0.15393912475585939
put,2026-11-06,0.08493150684931507,745.0,2.79,2.84,2.815,2.82,210.0,567,0.15241326110839848
put,2026-11-06,0.08493150684931507,746.0,2.89,2.94,2.915,2.86,17.0,314,0.15122308746337892
put,2026-11-06,0.08493150684931507,747.0,2.99,3.02,3.005,2.92,75.0,154,0.1496056719970703
put,2026-11-06,0.08493150684931507,748.0,3.09,3.13,3.11,3.08,73.0,501,0.148446015625
put,2026-11-06,0.08493150684931507,749.0,3.2,3.24,3.22,3.21,34.0,118,0.14722532470703126
put,2026-11-06,0.08493150684931507,750.0,3.31,3.36,3.335,3.33,3171.0,12433,0.14606566833496093
put,2026-11-06,0.08493150684931507,751.0,3.44,3.48,3.46,3.45,38.0,106,0.1448449774169922
put,2026-11-06,0.08493150684931507,752.0,3.54,3.6,3.5700000000000003,3.89,19.0,128,0.143563251953125
put,2026-11-06,0.08493150684931507,753.0,3.68,3.72,3.7,3.68,232.0,436,0.14218997467041017
put,2026-11-06,0.08493150684931507,754.0,3.81,3.86,3.835,3.73,26.0,97,0.14103031829833984
put,2026-11-06,0.08493150684931507,755.0,3.95,3.99,3.97,3.97,214.0,573,0.139657041015625
put,2026-11-06,0.08493150684931507,756.0,4.09,4.14,4.115,4.06,19.0,146,0.13846686737060548
put,2026-11-06,0.08493150684931507,757.0,4.24,4.3,4.27,4.21,61.0,314,0.1373682455444336
put,2026-11-06,0.08493150684931507,758.0,4.42,4.46,4.4399999999999995,4.35,49.0,616,0.13614755462646483
put,2026-11-06,0.08493150684931507,759.0,4.56,4.62,4.59,4.53,23.0,207,0.13483531188964848
put,2026-11-06,0.08493150684931507,760.0,4.73,4.81,4.77,4.76,381.0,1513,0.13385875915527345
put,2026-11-06,0.08493150684931507,761.0,4.91,4.97,4.9399999999999995,4.92,82.0,393,0.13236341278076175
put,2026-11-06,0.08493150684931507,762.0,5.1,5.17,5.135,5.12,41.0,1596,0.13129530822753904
put,2026-11-06,0.08493150684931507,763.0,5.3,5.37,5.335,5.31,38.0,428,0.13013565185546871
put,2026-11-06,0.08493150684931507,764.0,5.5,5.57,5.535,5.44,74.0,245,0.12885392639160154
put,2026-11-06,0.08493150684931507,765.0,5.71,5.78,5.745,5.73,561.0,1677,0.12760271820068358
put,2026-11-06,0.08493150684931507,766.0,5.94,6.0,5.970000000000001,5.95,34.0,185,0.1263515100097656
put,2026-11-06,0.08493150684931507,767.0,6.17,6.24,6.205,6.2,52.0,211,0.12523762954711914
put,2026-11-06,0.08493150684931507,768.0,6.41,6.51,6.46,6.34,180.0,430,0.12436788726806641
put,2026-11-06,0.08493150684931507,769.0,6.67,6.75,6.71,6.6,43.0,279,0.12299460998535157
put,2026-11-06,0.08493150684931507,770.0,6.94,7.03,6.985,6.97,258.0,734,0.12198753997802736
put,2026-11-06,0.08493150684931507,771.0,7.2,7.28,7.24,7.18,94.0,213,0.12049219360351562
put,2026-11-06,0.08493150684931507,772.0,7.5,7.6,7.55,7.49,107.0,248,0.11968348587036132
put,2026-11-06,0.08493150684931507,773.0,7.79,7.87,7.83,7.68,37.0,92,0.11815762222290038
put,2026-11-06,0.08493150684931507,774.0,8.11,8.2,8.155,7.9,11.0,307,0.11716581085205077
put,2026-11-06,0.08493150684931507,775.0,8.44,8.55,8.495000000000001,8.4,334.0,890,0.11626555130004884
put,2026-11-06,0.08493150684931507,776.0,8.78,8.87,8.825,8.66,83.0,325,0.11487701538085937
put,2026-11-06,0.08493150684931507,777.0,9.14,9.25,9.195,9.13,212.0,282,0.11399201446533203
put,2026-11-06,0.08493150684931507,778.0,9.51,9.62,9.565,9.57,321.0,264,0.11283235809326173
put,2026-11-06,0.08493150684931507,779.0,9.9,10.0,9.95,9.92,134.0,23,0.11164218444824218
put,2026-11-06,0.08493150684931507,780.0,10.3,10.39,10.345,10.35,253.0,119,0.11039097625732422
put,2026-11-06,0.08493150684931507,781.0,10.7,10.78,10.739999999999998,10.76,486.0,7,0.10895666442871094
put,2026-11-06,0.08493150684931507,782.0,11.12,11.31,11.215,11.07,26.0,4,0.1088803712463379
put,2026-11-06,0.08493150684931507,783.0,11.56,11.7,11.629999999999999,11.47,206.0,3,0.1070951107788086
put,2026-11-06,0.08493150684931507,784.0,12.04,12.17,12.105,11.7,22.0,2,0.10599648895263672
put,2026-11-06,0.08493150684931507,785.0,12.52,12.63,12.575,12.34,73.0,6,0.10460795303344725
put,2026-11-06,0.08493150684931507,786.0,13.02,13.15,13.085,20.79,2.0,2,0.10367717620849609
put,2026-11-06,0.08493150684931507,787.0,13.49,13.69,13.59,16.59,2.0,3,0.10277691665649413
put,2026-11-06,0.08493150684931507,790.0,15.19,15.37,15.28,14.99,94.0,25,0.09949630981445312
put,2026-11-06,0.08493150684931507,795.0,18.27,18.45,18.36,18.08,1.0,96,0.09262992340087889
put,2026-11-06,0.08493150684931507,796.0,18.9,19.16,19.03,22.86,30.0,80,0.09171440521240234
put,2026-11-06,0.08493150684931507,800.0,21.81,22.12,21.965,21.95,6.0,14,0.08695371063232424
put,2026-11-06,0.08493150684931507,806.0,26.52,26.93,26.725,35.14,1.0,0,0.07410593872070315
put,2026-11-06,0.08493150684931507,811.0,29.88,32.62,31.25,37.19,1.0,1,0.10459269439697264
put,2026-11-06,0.08493150684931507,812.0,30.82,33.63,32.225,33.01,2.0,1,0.10718666259765625
call,2026-11-13,0.10410958904109589,685.0,97.78,100.49,99.13499999999999,89.34,1.0,1,0.36048002807617185
call,2026-11-13,0.10410958904109589,700.0,83.09,85.85,84.47,75.65,4.0,5,0.32367619689941396
call,2026-11-13,0.10410958904109589,710.0,73.33,76.13,74.72999999999999,64.95,1.0,1,0.29895720581054686
call,2026-11-13,0.10410958904109589,720.0,63.86,66.59,65.225,55.25,1.0,2,0.2761302856445312
call,2026-11-13,0.10410958904109589,725.0,59.05,61.86,60.455,46.55,,3,0.2647778601074219
call,2026-11-13,0.10410958904109589,730.0,54.43,57.18,55.805,47.16,3.0,3,0.25370009002685545
call,2026-11-13,0.10410958904109589,735.0,49.71,52.52,51.115,38.58,,3,0.2424086990356445
call,2026-11-13,0.10410958904109589,740.0,45.15,46.86,46.004999999999995,47.03,1.0,7,0.21756763885498048
call,2026-11-13,0.10410958904109589,745.0,41.87,42.3,42.084999999999994,33.97,17.0,17,0.2069628865051269
call,2026-11-13,0.10410958904109589,749.0,38.36,38.78,38.57,38.81,7.0,5,0.19947089599609374
call,2026-11-13,0.10410958904109589,750.0,37.43,37.92,37.675,37.8,6.0,8,0.1977619287109375
call,2026-11-13,0.10410958904109589,752.0,35.78,36.24,36.010000000000005,32.31,1.0,13,0.19463390823364257
call,2026-11-13,0.10410958904109589,755.0,33.28,33.62,33.45,27.86,3.0,19,0.18845416046142577
call,2026-11-13,0.10410958904109589,756.0,32.4,33.83,33.114999999999995,26.96,2.0,1,0.19849434326171872
call,2026-11-13,0.10410958904109589,757.0,31.53,31.96,31.745,29.05,3.0,2,0.18508200180053708
call,2026-11-13,0.10410958904109589,759.0,29.93,30.25,30.09,30.5,5.0,38,0.18094691131591795
call,2026-11-13,0.10410958904109589,760.0,29.12,29.42,29.270000000000003,30.16,4.0,79,0.1790853576660156
call,2026-11-13,0.10410958904109589,761.0,28.36,28.65,28.505,25.6,2.0,7,0.17781889083862307
call,2026-11-13,0.10410958904109589,762.0,27.53,27.86,27.695,23.96,5.0,64,0.1762625099182129
call,2026-11-13,0.10410958904109589,763.0,26.76,27.05,26.905,20.13,3.0,16,0.1744467321777344
call,2026-11-13,0.10410958904109589,764.0,25.95,26.22,26.085,21.51,1.0,11,0.1723410403442383
call,2026-11-13,0.10410958904109589,765.0,25.22,25.43,25.325,25.62,44.0,54,0.17060155578613284
call,2026-11-13,0.10410958904109589,766.0,24.37,24.71,24.54,25.56,52.0,35,0.1695334512329102
call,2026-11-13,0.10410958904109589,767.0,23.7,23.91,23.805,23.67,122.0,127,0.16754982849121097
call,2026-11-13,0.10410958904109589,768.0,22.93,23.22,23.075,23.79,1.0,12,0.16663431030273443
call,2026-11-13,0.10410958904109589,769.0,22.22,22.48,22.35,22.5,24.0,30,0.1651389639282227
call,2026-11-13,0.10410958904109589,770.0,21.45,21.68,21.564999999999998,21.58,119.0,104,0.16294172027587894
call,2026-11-13,0.10410958904109589,771.0,20.78,21.03,20.905,22.06,2.0,89,0.16220930572509767
call,2026-11-13,0.10410958904109589,772.0,20.04,20.24,20.14,20.22,3.0,26,0.15996628616333008
call,2026-11-13,0.10410958904109589,773.0,19.35,19.63,19.490000000000002,19.29,2.0,65,0.15944749252319335
call,2026-11-13,0.10410958904109589,774.0,18.68,18.89,18.785,19.45,21.0,115,0.1575401629638672
call,2026-11-13,0.10410958904109589,775.0,18.01,18.17,18.090000000000003,18.22,34.0,167,0.1557701611328125
call,2026-11-13,0.10410958904109589,776.0,17.32,17.49,17.405,18.31,3.0,28,0.1542748147583008
call,2026-11-13,0.10410958904109589,777.0,16.67,16.85,16.76,16.94,6.0,161,0.15311515838623052
call,2026-11-13,0.10410958904109589,778.0,16.06,16.2,16.13,17.1,7.0,124,0.15174188110351564
call,2026-11-13,0.10410958904109589,779.0,15.45,15.66,15.555,15.51,51.0,177,0.15134515655517583
call,2026-11-13,0.10410958904109589,780.0,14.81,14.94,14.875,14.86,112.0,244,0.14910213699340819
call,2026-11-13,0.10410958904109589,781.0,14.22,14.26,14.24,14.28,95.0,36,0.14713377288818358
call,2026-11-13,0.10410958904109589,782.0,13.64,13.68,13.66,13.66,164.0,82,0.14605040969848632
call,2026-11-13,0.10410958904109589,783.0,13.06,13.1,13.08,14.04,61.0,36,0.14486023605346682
call,2026-11-13,0.10410958904109589,784.0,12.55,12.59,12.57,12.9,30.0,44,0.1442498905944824
call,2026-11-13,0.10410958904109589,785.0,12.02,12.06,12.04,12.0,192.0,276,0.14333437240600588
call,2026-11-13,0.10410958904109589,786.0,11.45,11.49,11.469999999999999,12.2,30.0,34,0.14190006057739257
call,2026-11-13,0.10410958904109589,787.0,10.96,11.01,10.985,11.07,44.0,19,0.1412439392089844
call,2026-11-13,0.10410958904109589,788.0,10.45,10.5,10.475,11.06,20.0,52,0.14019109329223634
call,2026-11-13,0.10410958904109589,789.0,9.97,10.02,9.995000000000001,10.1,280.0,67,0.139306092376709
call,2026-11-13,0.10410958904109589,790.0,9.48,9.51,9.495000000000001,9.6,727.0,373,0.13799384963989259
call,2026-11-13,0.10410958904109589,791.0,9.02,9.06,9.04,9.17,75.0,77,0.1371698832702637
call,2026-11-13,0.10410958904109589,792.0,8.61,8.65,8.629999999999999,8.6,290.0,82,0.13663583099365234
call,2026-11-13,0.10410958904109589,793.0,8.15,8.18,8.165,8.29,148.0,172,0.13535410552978522
call,2026-11-13,0.10410958904109589,794.0,7.74,7.77,7.755,7.75,341.0,36,0.1345759150695801
call,2026-11-13,0.10410958904109589,795.0,7.35,7.39,7.369999999999999,7.37,268.0,308,0.1339808282470703
call,2026-11-13,0.10410958904109589,796.0,6.95,6.98,6.965,7.09,42.0,56,0.13294324096679688
call,2026-11-13,0.10410958904109589,797.0,6.59,6.62,6.605,6.72,294.0,150,0.1323023782348633
call,2026-11-13,0.10410958904109589,798.0,6.26,6.29,6.275,6.51,109.0,39,0.13187513641357423
call,2026-11-13,0.10410958904109589,799.0,5.92,5.96,5.9399999999999995,6.5,82.0,86,0.13132582550048827
call,2026-11-13,0.10410958904109589,800.0,5.56,5.59,5.574999999999999,5.66,243.0,979,0.13016616912841794
call,2026-11-13,0.10410958904109589,801.0,5.26,5.29,5.275,5.37,184.0,42,0.12967789276123048
call,2026-11-13,0.10410958904109589,802.0,4.98,5.0,4.99,5.07,21.0,140,0.12918961639404297
call,2026-11-13,0.10410958904109589,803.0,4.68,4.71,4.695,4.56,33.0,63,0.12856401229858394
call,2026-11-13,0.10410958904109589,804.0,4.41,4.43,4.42,4.5,88.0,110,0.1279231495666504
call,2026-11-13,0.10410958904109589,805.0,4.17,4.19,4.18,4.17,202.0,896,0.12766375274658204
call,2026-11-13,0.10410958904109589,806.0,3.92,3.94,3.9299999999999997,3.93,76.0,139,0.12711444183349607
call,2026-11-13,0.10410958904109589,807.0,3.67,3.7,3.685,3.75,33.0,68,0.12659564819335936
call,2026-11-13,0.10410958904109589,808.0,3.44,3.47,3.455,3.52,23.0,70,0.12604633728027342
call,2026-11-13,0.10410958904109589,809.0,3.23,3.25,3.24,3.4,16.0,202,0.12549702636718751
call,2026-11-13,0.10410958904109589,810.0,3.04,3.07,3.0549999999999997,3.05,447.0,1282,0.12540547454833983
call,2026-11-13,0.10410958904109589,811.0,2.85,2.88,2.865,2.86,47.0,102,0.12503926727294923
call,2026-11-13,0.10410958904109589,812.0,2.67,2.69,2.6799999999999997,2.73,56.0,139,0.12455099090576172
call,2026-11-13,0.10410958904109589,813.0,2.5,2.52,2.51,2.52,49.0,45,0.12421530090332032
call,2026-11-13,0.10410958904109589,814.0,2.34,2.36,2.3499999999999996,2.49,8.0,71,0.12391012817382813
call,2026-11-13,0.10410958904109589,815.0,2.17,2.19,2.1799999999999997,2.18,63.0,527,0.12329978271484376
call,2026-11-13,0.10410958904109589,820.0,1.55,1.58,1.565,1.67,410.0,385,0.12259788543701172
call,2026-11-13,0.10410958904109589,825.0,1.11,1.12,1.1150000000000002,1.12,39.0,58,0.12201805725097657
call,2026-11-13,0.10410958904109589,830.0,0.79,0.8,0.795,0.8,57.0,130,0.12214012634277345
call,2026-11-13,0.10410958904109589,835.0,0.57,0.58,0.575,0.65,16.0,55,0.12299460998535157
call,2026-11-13,0.10410958904109589,840.0,0.42,0.43,0.425,0.51,34.0,9,0.1245204736328125
call,2026-11-13,0.10410958904109589,845.0,0.31,0.33,0.32,0.35,10.0,4,0.12671771728515624
call,2026-11-13,0.10410958904109589,850.0,0.24,0.25,0.245,0.22,1.0,119,0.12867082275390623
call,2026-11-13,0.10410958904109589,855.0,0.19,0.2,0.195,0.21,2.0,2,0.13160048095703125
call,2026-11-13,0.10410958904109589,860.0,0.14,0.16,0.15000000000000002,0.12,1.0,1,0.13453013916015627
call,2026-11-13,0.10410958904109589,865.0,0.11,0.13,0.12,0.1,1.0,1,0.1374597973632813
call,2026-11-13,0.10410958904109589,885.0,0.05,0.06,0.055,0.04,24.0,24,0.149422568359375
call,2026-11-13,0.10410958904109589,890.0,0.04,0.05,0.045,0.04,48.0,48,0.15235222656250003
call,2026-11-13,0.10410958904109589,895.0,0.03,0.04,0.035,0.03,40.0,40,0.15430533203125002
call,2026-11-13,0.10410958904109589,910.0,0.02,0.03,0.025,0.03,8.0,8,0.16602396484375004
put,2026-11-13,0.10410958904109589,500.0,0.09,0.1,0.095,0.09,1.0,40,0.499028447265625
put,2026-11-13,0.10410958904109589,530.0,0.13,0.14,0.135,0.14,3.0,4,0.454107021484375
put,2026-11-13,0.10410958904109589,535.0,0.14,0.15,0.14500000000000002,0.18,1.0,2,0.44727115234375
put,2026-11-13,0.10410958904109589,545.0,0.16,0.17,0.165,0.2,2810.0,2830,0.4335994140625
put,2026-11-13,0.10410958904109589,550.0,0.17,0.18,0.175,0.21,3182.0,2422,0.42627526855468756
put,2026-11-13,0.10410958904109589,555.0,0.18,0.19,0.185,0.22,62.0,120,0.4184628466796875
put,2026-11-13,0.10410958904109589,575.0,0.23,0.24,0.235,0.28,72.0,66,0.3898986791992188
put,2026-11-13,0.10410958904109589,580.0,0.24,0.25,0.245,0.36,24.0,24,0.38184211914062494
put,2026-11-13,0.10410958904109589,590.0,0.28,0.29,0.28500000000000003,0.36,2.0,4,0.36890279541015625
put,2026-11-13,0.10410958904109589,605.0,0.33,0.34,0.335,0.35,55.0,44,0.3464420825195312
put,2026-11-13,0.10410958904109589,610.0,0.35,0.36,0.355,0.42,2.0,61,0.3391179370117187
put,2026-11-13,0.10410958904109589,615.0,0.37,0.38,0.375,0.39,1.0,274,0.3315496533203125
put,2026-11-13,0.10410958904109589,620.0,0.4,0.41,0.405,0.44,3.0,275,0.32520206054687495
put,2026-11-13,0.10410958904109589,625.0,0.42,0.43,0.425,0.45,4.0,89,0.317389638671875
put,2026-11-13,0.10410958904109589,630.0,0.45,0.46,0.455,0.48,1.0,557,0.3103096313476562
put,2026-11-13,0.10410958904109589,635.0,0.48,0.49,0.485,0.71,252.0,252,0.30322962402343745
put,2026-11-13,0.10410958904109589,640.0,0.51,0.52,0.515,0.54,2.0,203,0.2957834094238281
put,2026-11-13,0.10410958904109589,645.0,0.54,0.55,0.545,0.67,168.0,268,0.2882151257324218
put,2026-11-13,0.10410958904109589,650.0,0.58,0.59,0.585,0.6,5.0,145,0.28125718749999995
put,2026-11-13,0.10410958904109589,655.0,0.62,0.63,0.625,0.75,1.0,3,0.2739330419921875
put,2026-11-13,0.10410958904109589,660.0,0.66,0.67,0.665,0.66,4.0,40,0.2664868273925781
put,2026-11-13,0.10410958904109589,665.0,0.71,0.72,0.715,0.71,3.0,10,0.2594068200683594
put,2026-11-13,0.10410958904109589,670.0,0.76,0.77,0.765,0.81,10.0,77,0.25196060546875
put,2026-11-13,0.10410958904109589,675.0,0.82,0.83,0.825,0.85,25.0,22,0.24488059814453128
put,2026-11-13,0.10410958904109589,680.0,0.88,0.9,0.89,0.89,15.0,24,0.23792265991210934
put,2026-11-13,0.10410958904109589,685.0,0.96,0.97,0.965,0.97,25.0,14,0.23059851440429688
put,2026-11-13,0.10410958904109589,690.0,1.04,1.05,1.045,1.04,7.0,281,0.22339643798828124
put,2026-11-13,0.10410958904109589,695.0,1.13,1.15,1.14,1.13,11.0,98,0.21656056884765623
put,2026-11-13,0.10410958904109589,700.0,1.24,1.25,1.245,1.24,55.0,195,0.20929745788574217
put,2026-11-13,0.10410958904109589,705.0,1.37,1.38,1.375,1.4,18.0,82,0.202583657836914
put,2026-11-13,0.10410958904109589,710.0,1.53,1.54,1.5350000000000001,1.53,63.0,239,0.19623606506347657
put,2026-11-13,0.10410958904109589,715.0,1.69,1.71,1.7,1.72,31.0,106,0.18946123046875002
put,2026-11-13,0.10410958904109589,716.0,1.73,1.76,1.745,1.74,8.0,31,0.18842364318847654
put,2026-11-13,0.10410958904109589,717.0,1.77,1.8,1.7850000000000001,2.01,19.0,3,0.1871419177246094
put,2026-11-13,0.10410958904109589,718.0,1.81,1.83,1.82,1.87,17.0,2,0.18555501953124998
put,2026-11-13,0.10410958904109589,719.0,1.86,1.88,1.87,1.87,3.0,12,0.18442588043212887
put,2026-11-13,0.10410958904109589,720.0,1.91,1.93,1.92,1.89,98.0,414,0.18329674133300777
put,2026-11-13,0.10410958904109589,721.0,1.95,1.96,1.955,1.98,13.0,12,0.18158777404785154
put,2026-11-13,0.10410958904109589,722.0,1.99,2.01,2.0,2.09,9.0,21,0.1803670831298828
put,2026-11-13,0.10410958904109589,723.0,2.05,2.07,2.0599999999999996,2.07,11.0,22,0.17939053039550779
put,2026-11-13,0.10410958904109589,724.0,2.09,2.11,2.0999999999999996,2.13,8.0,81,0.17786466674804688
put,2026-11-13,0.10410958904109589,725.0,2.16,2.17,2.165,2.11,99.0,339,0.176766044921875
put,2026-11-13,0.10410958904109589,726.0,2.2,2.22,2.21,2.2,11.0,69,0.17539276763916017
put,2026-11-13,0.10410958904109589,727.0,2.26,2.28,2.2699999999999996,2.3,7.0,40,0.17420259399414065
put,2026-11-13,0.10410958904109589,728.0,2.32,2.33,2.325,2.31,17.0,22,0.17276828216552736
put,2026-11-13,0.10410958904109589,729.0,2.37,2.39,2.38,2.57,10.0,76,0.17151707397460939
put,2026-11-13,0.10410958904109589,730.0,2.44,2.45,2.4450000000000003,2.36,51.0,677,0.17023534851074223
put,2026-11-13,0.10410958904109589,731.0,2.49,2.51,2.5,2.52,9.0,92,0.1688925885009766
put,2026-11-13,0.10410958904109589,732.0,2.57,2.59,2.58,2.56,14.0,100,0.16791603576660158
put,2026-11-13,0.10410958904109589,733.0,2.64,2.66,2.6500000000000004,2.62,14.0,94,0.16666482757568363
put,2026-11-13,0.10410958904109589,734.0,2.7,2.73,2.715,2.69,14.0,41,0.16541361938476565
put,2026-11-13,0.10410958904109589,735.0,2.78,2.79,2.785,2.77,110.0,429,0.1638877557373047
put,2026-11-13,0.10410958904109589,736.0,2.85,2.88,2.865,2.84,10.0,105,0.16291120300292972
put,2026-11-13,0.10410958904109589,737.0,2.93,2.96,2.9450000000000003,3.04,6.0,74,0.16169051208496094
put,2026-11-13,0.10410958904109589,738.0,3.01,3.03,3.0199999999999996,2.99,15.0,63,0.16022568298339845
put,2026-11-13,0.10410958904109589,739.0,3.1,3.12,3.1100000000000003,3.11,12.0,123,0.15909654388427735
put,2026-11-13,0.10410958904109589,740.0,3.19,3.21,3.2,3.13,281.0,736,0.1579063702392578
put,2026-11-13,0.10410958904109589,741.0,3.27,3.3,3.285,3.3,18.0,42,0.15665516204833985
put,2026-11-13,0.10410958904109589,742.0,3.39,3.41,3.4000000000000004,3.31,19.0,29,0.15567860931396482
put,2026-11-13,0.10410958904109589,743.0,3.47,3.49,3.4800000000000004,3.44,11.0,389,0.15415274566650394
put,2026-11-13,0.10410958904109589,744.0,3.57,3.59,3.58,3.55,79.0,153,0.15293205474853522
put,2026-11-13,0.10410958904109589,745.0,3.68,3.69,3.685,3.68,385.0,344,0.15161981201171876
put,2026-11-13,0.10410958904109589,746.0,3.79,3.81,3.8,3.92,4.0,32,0.1505517074584961
put,2026-11-13,0.10410958904109589,747.0,3.9,3.92,3.91,3.78,119.0,48,0.14930049926757813
put,2026-11-13,0.10410958904109589,748.0,4.02,4.04,4.029999999999999,4.02,46.0,14,0.14814084289550783
put,2026-11-13,0.10410958904109589,749.0,4.14,4.16,4.15,4.13,360.0,15,0.14688963470458982
put,2026-11-13,0.10410958904109589,750.0,4.27,4.28,4.275,4.27,262.0,423,0.14557739196777342
put,2026-11-13,0.10410958904109589,751.0,4.39,4.42,4.404999999999999,4.41,5.0,22,0.14450928741455077
put,2026-11-13,0.10410958904109589,752.0,4.54,4.56,4.55,4.45,224.0,46,0.1433496310424805
put,2026-11-13,0.10410958904109589,753.0,4.69,4.71,4.7,4.59,55.0,81,0.14225100921630857
put,2026-11-13,0.10410958904109589,754.0,4.85,4.88,4.865,4.79,395.0,81,0.14136600830078128
put,2026-11-13,0.10410958904109589,755.0,4.98,5.01,4.995,4.97,87.0,136,0.1398706619262695
put,2026-11-13,0.10410958904109589,756.0,5.14,5.17,5.154999999999999,5.08,12.0,23,0.13869574691772463
put,2026-11-13,0.10410958904109589,757.0,5.31,5.34,5.324999999999999,5.26,311.0,57,0.13758186645507814
put,2026-11-13,0.10410958904109589,758.0,5.48,5.51,5.495,5.35,17.0,53,0.13636117553710939
put,2026-11-13,0.10410958904109589,759.0,5.66,5.69,5.675000000000001,5.6,39.0,39,0.13520151916503909
put,2026-11-13,0.10410958904109589,760.0,5.84,5.87,5.855,5.86,108.0,325,0.1339808282470703
put,2026-11-13,0.10410958904109589,761.0,6.04,6.07,6.055,5.9,51.0,133,0.13288220642089843
put,2026-11-13,0.10410958904109589,762.0,6.26,6.28,6.27,6.1,33.0,26,0.131844619140625
put,2026-11-13,0.10410958904109589,763.0,6.45,6.48,6.465,6.46,40.0,68,0.1305781523132324
put,2026-11-13,0.10410958904109589,764.0,6.69,6.72,6.705,6.52,78.0,46,0.12967789276123048
put,2026-11-13,0.10410958904109589,765.0,6.9,6.93,6.915,6.83,63.0,88,0.12836565002441402
put,2026-11-13,0.10410958904109589,766.0,7.14,7.16,7.15,7.0,52.0,54,0.12717547637939453
put,2026-11-13,0.10410958904109589,767.0,7.37,7.41,7.390000000000001,7.35,14.0,59,0.12610737182617188
put,2026-11-13,0.10410958904109589,768.0,7.66,7.68,7.67,7.46,573.0,421,0.12514607772827147
put,2026-11-13,0.10410958904109589,769.0,7.88,7.92,7.9,7.75,4.0,253,0.12377280044555664
put,2026-11-13,0.10410958904109589,770.0,8.16,8.2,8.18,8.13,330.0,495,0.1227199545288086
put,2026-11-13,0.10410958904109589,771.0,8.43,8.48,8.455,8.43,81.0,58,0.12156029815673827
put,2026-11-13,0.10410958904109589,772.0,8.75,8.78,8.765,8.73,12.0,139,0.12049219360351562
put,2026-11-13,0.10410958904109589,773.0,9.08,9.12,9.1,8.97,59.0,145,0.11971400314331054
put,2026-11-13,0.10410958904109589,774.0,9.38,9.4,9.39,9.25,21.0,49,0.11821865676879884
put,2026-11-13,0.10410958904109589,775.0,9.7,9.73,9.715,9.67,380.0,154,0.11712003494262696
put,2026-11-13,0.10410958904109589,776.0,10.08,10.11,10.094999999999999,9.97,42.0,26,0.11638762039184572
put,2026-11-13,0.10410958904109589,778.0,10.76,10.8,10.780000000000001,10.54,252.0,13,0.11385468673706053
put,2026-11-13,0.10410958904109589,779.0,11.13,11.18,11.155000000000001,11.13,33.0,3,0.11274080627441406
put,2026-11-13,0.10410958904109589,780.0,11.54,11.58,11.559999999999999,11.54,309.0,33,0.11170321899414062
put,2026-11-13,0.10410958904109589,782.0,12.41,12.46,12.435,12.28,18.0,90,0.10997899307250975
put,2026-11-13,0.10410958904109589,783.0,12.81,12.84,12.825,12.8,2.0,119,0.10831580169677735
put,2026-11-13,0.10410958904109589,787.0,14.71,14.77,14.74,15.34,81.0,1,0.10415019393920896
put,2026-11-13,0.10410958904109589,790.0,16.27,16.39,16.33,15.83,5.0,3,0.10105269073486328
put,2026-11-13,0.10410958904109589,800.0,22.61,22.79,22.7,22.37,27.0,1,0.08896785064697266
put,2026-11-13,0.10410958904109589,808.0,28.85,29.27,29.060000000000002,29.62,1.0,1,0.0803924969482422
put,2026-11-13,0.10410958904109589,810.0,30.53,30.97,30.75,35.3,4.0,3,0.07612007873535158
call,2026-11-20,0.1232876712328767,300.0,480.3,483.02,481.65999999999997,463.12,5.0,89,1.3653596185302734
call,2026-11-20,0.1232876712328767,310.0,470.27,473.08,471.67499999999995,452.38,,2,1.3236117803955076
call,2026-11-20,0.1232876712328767,320.0,460.41,463.13,461.77,453.18,10.0,10,1.291019169921875
call,2026-11-20,0.1232876712328767,325.0,431.32,434.78,433.04999999999995,419.74,,1,1.0000000000000003e-05
call,2026-11-20,0.1232876712328767,340.0,416.6,420.11,418.355,400.8,,1,1.0000000000000003e-05
call,2026-11-20,0.1232876712328767,345.0,435.56,438.27,436.91499999999996,417.85,,0,1.2038614025878904
call,2026-11-20,0.1232876712328767,350.0,430.59,433.3,431.945,425.67,2.0,2,1.1871378533935546
call,2026-11-20,0.1232876712328767,360.0,420.63,423.42,422.025,403.71,,1,1.1557659399414062
call,2026-11-20,0.1232876712328767,380.0,377.36,380.87,379.115,349.59,,1,1.0000000000000003e-05
call,2026-11-20,0.1232876712328767,400.0,380.88,383.59,382.235,376.46,3.0,25,1.0284472406005862
call,2026-11-20,0.1232876712328767,410.0,355.02,357.71,356.365,345.76,,1,1.0000000000000003e-05
call,2026-11-20,0.1232876712328767,415.0,365.84,368.64,367.24,342.16,1.0,1,0.9785158398437501
call,2026-11-20,0.1232876712328767,425.0,355.94,358.75,357.345,343.99,3.0,8,0.9525151232910156
call,2026-11-20,0.1232876712328767,430.0,340.02,343.54,341.78,311.32,,1,1.0000000000000003e-05
call,2026-11-20,0.1232876712328767,435.0,346.09,348.84,347.465,335.0,1.0,22,0.927613028564453
call,2026-11-20,0.1232876712328767,445.0,336.15,338.86,337.505,323.45,,4,0.898316446533203
call,2026-11-20,0.1232876712328767,450.0,331.18,333.9,332.53999999999996,314.44,2.0,16,0.88476677734375
call,2026-11-20,0.1232876712328767,460.0,321.25,323.97,322.61,310.14,1.0,16,0.8577895080566407
call,2026-11-20,0.1232876712328767,465.0,316.28,319.0,317.64,305.16,1.0,4,0.8441177697753905
call,2026-11-20,0.1232876712328767,470.0,311.23,314.03,312.63,292.39,1.0,6,0.8286149951171874
call,2026-11-20,0.1232876712328767,480.0,301.38,304.12,302.75,285.48,1.0,9,0.8048725567626953
call,2026-11-20,0.1232876712328767,485.0,296.42,299.15,297.78499999999997,285.35,3.0,9,0.7918721984863282
call,2026-11-20,0.1232876712328767,490.0,280.74,284.26,282.5,254.08,20.0,33,1.0000000000000003e-05
call,2026-11-20,0.1232876712328767,495.0,286.36,289.15,287.755,269.63,5.0,6,0.7613549255371095
call,2026-11-20,0.1232876712328767,500.0,281.44,284.23,282.83500000000004,275.19,1.0,45,0.7507349145507812
call,2026-11-20,0.1232876712328767,505.0,276.47,279.28,277.875,259.88,2.0,3,0.7382838671874999
call,2026-11-20,0.1232876712328767,510.0,271.57,274.31,272.94,267.7,30.0,34,0.7269314416503907
call,2026-11-20,0.1232876712328767,515.0,266.55,269.34,267.945,245.68,4.0,97,0.713015565185547
call,2026-11-20,0.1232876712328767,520.0,261.58,264.39,262.985,252.21,1.0,53,0.7007476214599608
call,2026-11-20,0.1232876712328767,525.0,256.62,259.42,258.02,235.84,4.0,6,0.6882965740966798
call,2026-11-20,0.1232876712328767,530.0,251.63,254.41,253.01999999999998,233.58,24.0,82,0.674502766723633
call,2026-11-20,0.1232876712328767,535.0,246.78,249.5,248.14,234.19,1.0,10,0.6655306884765627
call,2026-11-20,0.1232876712328767,540.0,241.82,244.54,243.18,232.27,1.0,7,0.6533848138427736
call,2026-11-20,0.1232876712328767,545.0,236.87,239.58,238.22500000000002,232.32,1.0,5,0.6414830773925781
call,2026-11-20,0.1232876712328767,550.0,231.9,234.61,233.255,221.25,1.0,26,0.6290320300292969
call,2026-11-20,0.1232876712328767,555.0,226.94,229.66,228.3,221.72,1.0,11,0.6171913281250001
call,2026-11-20,0.1232876712328767,560.0,221.88,224.66,223.26999999999998,217.87,1.0,20,0.6027261407470705
call,2026-11-20,0.1232876712328767,565.0,216.91,219.7,218.305,196.11,5.0,14,0.5907023352050782
call,2026-11-20,0.1232876712328767,570.0,212.08,214.79,213.435,194.23,1.0,6,0.5818523260498047
call,2026-11-20,0.1232876712328767,575.0,207.1,209.83,208.465,198.54,2.0,44,0.5696454168701173
call,2026-11-20,0.1232876712328767,580.0,202.16,204.88,203.51999999999998,186.05,1.0,53,0.5582319567871095
call,2026-11-20,0.1232876712328767,585.0,197.21,199.94,198.575,183.24,1.0,15,0.5468795312500001
call,2026-11-20,0.1232876712328767,590.0,192.26,194.98,193.62,175.94,2.0,6,0.5352219329833985
call,2026-11-20,0.1232876712328767,595.0,187.31,190.03,188.67000000000002,171.22,66.0,74,0.5236864038085938
call,2026-11-20,0.1232876712328767,600.0,183.34,185.03,184.185,173.6,3.0,1557,0.5254564056396485
call,2026-11-20,0.1232876712328767,605.0,177.41,180.13,178.76999999999998,168.16,1.0,4,0.5006763800048828
call,2026-11-20,0.1232876712328767,610.0,172.47,175.19,173.82999999999998,166.94,1.0,36,0.5248460601806642
call,2026-11-20,0.1232876712328767,615.0,167.53,170.25,168.89,155.09,1.0,28,0.5127917373657226
call,2026-11-20,0.1232876712328767,620.0,162.59,165.3,163.945,160.12,6.0,45,0.5004932763671875
call,2026-11-20,0.1232876712328767,625.0,157.64,160.41,159.02499999999998,154.0,2.0,7,0.48956809265136725
call,2026-11-20,0.1232876712328767,630.0,153.68,155.32,154.5,145.85,2.0,785,0.47412635253906255
call,2026-11-20,0.1232876712328767,635.0,148.74,150.38,149.56,134.0,2.0,141,0.46210254699707043
call,2026-11-20,0.1232876712328767,640.0,143.81,145.45,144.63,136.07,2.0,414,0.45026184509277345
call,2026-11-20,0.1232876712328767,645.0,137.91,140.63,139.26999999999998,124.21,8.0,69,0.4407404559326171
call,2026-11-20,0.1232876712328767,650.0,133.96,135.66,134.81,124.27,1.0,2077,0.4279842358398438
call,2026-11-20,0.1232876712328767,655.0,129.04,130.67,129.855,130.75,5.0,185,0.4148312911987304
call,2026-11-20,0.1232876712328767,660.0,124.13,125.76,124.945,125.55,3.0,338,0.4032652447509766
call,2026-11-20,0.1232876712328767,665.0,119.22,120.89,120.055,119.35,30.0,124,0.3923705783081054
call,2026-11-20,0.1232876712328767,670.0,114.32,115.94,115.13,109.25,2.0,457,0.3799195309448242
call,2026-11-20,0.1232876712328767,675.0,108.45,111.17,109.81,92.52,1.0,93,0.3706422799682617
call,2026-11-20,0.1232876712328767,680.0,104.54,106.16,105.35,86.98,3.0,494,0.3570010589599609
call,2026-11-20,0.1232876712328767,685.0,99.67,101.29,100.48,100.0,6.0,301,0.34570966796874997
call,2026-11-20,0.1232876712328767,690.0,94.8,96.42,95.61,89.47,7.0,1412,0.3342962078857422
call,2026-11-20,0.1232876712328767,695.0,89.96,91.57,90.76499999999999,89.94,1.0,141,0.32306585144042954
call,2026-11-20,0.1232876712328767,700.0,85.45,85.58,85.515,85.4,1.0,5648,0.2936472003173828
call,2026-11-20,0.1232876712328767,701.0,83.1,85.9,84.5,70.46,,18,0.31165239135742184
call,2026-11-20,0.1232876712328767,702.0,82.19,84.9,83.545,70.56,,1,0.3088753195190429
call,2026-11-20,0.1232876712328767,703.0,81.17,83.98,82.575,68.64,,3,0.3073189385986328
call,2026-11-20,0.1232876712328767,704.0,80.29,83.02,81.655,68.71,,1,0.30512169494628905
call,2026-11-20,0.1232876712328767,705.0,80.32,81.16,80.74,80.21,2.0,489,0.28934426483154285
call,2026-11-20,0.1232876712328767,710.0,75.53,77.14,76.33500000000001,76.23,2.0,408,0.2900766793823242
call,2026-11-20,0.1232876712328767,714.0,70.74,73.46,72.1,56.16,,5,0.28327132751464834
call,2026-11-20,0.1232876712328767,715.0,70.77,72.42,71.595,72.06,11.0,156,0.2798686515808105
call,2026-11-20,0.1232876712328767,717.0,67.9,70.62,69.26,60.44,16.0,16,0.2768932174682617
call,2026-11-20,0.1232876712328767,719.0,66.0,68.73,67.36500000000001,59.13,1.0,1,0.2726207992553711
call,2026-11-20,0.1232876712328767,720.0,66.05,67.6,66.82499999999999,67.5,20.0,1937,0.2679974324035644
call,2026-11-20,0.1232876712328767,721.0,64.13,66.89,65.50999999999999,58.26,1.0,2,0.2689587265014648
call,2026-11-20,0.1232876712328767,725.0,61.36,62.29,61.825,62.68,4.0,1640,0.24948870635986325
call,2026-11-20,0.1232876712328767,726.0,59.43,62.23,60.83,54.89,6.0,6,0.25870492279052737
call,2026-11-20,0.1232876712328767,727.0,58.5,61.25,59.875,49.77,,1,0.2559888854980469
call,2026-11-20,0.1232876712328767,728.0,57.6,60.32,58.96,48.47,,4,0.2538984523010254
call,2026-11-20,0.1232876712328767,729.0,56.67,59.39,58.03,43.58,,8,0.25179276046752924
call,2026-11-20,0.1232876712328767,730.0,56.84,57.61,57.225,57.16,28.0,1413,0.23905179901123047
call,2026-11-20,0.1232876712328767,731.0,54.82,57.57,56.195,47.55,4.0,33,0.24802387725830077
call,2026-11-20,0.1232876712328767,732.0,54.88,56.5,55.69,43.33,1.0,140,0.24414818359375
call,2026-11-20,0.1232876712328767,733.0,54.12,54.54,54.33,47.92,1.0,114,0.2293473062133789
call,2026-11-20,0.1232876712328767,734.0,53.21,53.69,53.45,46.36,1.0,4,0.22824868438720702
call,2026-11-20,0.1232876712328767,735.0,52.32,52.71,52.515,52.78,27.0,2061,0.22553264709472653
call,2026-11-20,0.1232876712328767,736.0,51.39,51.99,51.69,43.17,4.0,4,0.22592937164306642
call,2026-11-20,0.1232876712328767,737.0,50.49,50.95,50.72,38.96,,2,0.22245040252685544
call,2026-11-20,0.1232876712328767,738.0,49.61,50.05,49.83,49.68,9.0,27,0.2206193661499023
call,2026-11-20,0.1232876712328767,739.0,48.72,49.12,48.92,41.02,4.0,5,0.21840686386108393
call,2026-11-20,0.1232876712328767,740.0,47.83,48.26,48.045,48.81,126.0,2188,0.2170030693054199
call,2026-11-20,0.1232876712328767,741.0,46.94,47.38,47.16,32.7,,2,0.2153246192932129
call,2026-11-20,0.1232876712328767,742.0,46.0,46.49,46.245000000000005,43.3,2.0,58,0.2135088415527344
call,2026-11-20,0.1232876712328767,743.0,45.18,45.6,45.39,45.55,6.0,11,0.211647287902832
call,2026-11-20,0.1232876712328767,745.0,43.38,43.79,43.585,43.91,18.0,3073,0.20752745605468748
call,2026-11-20,0.1232876712328767,746.0,42.5,42.94,42.72,42.92,4.0,253,0.20603210968017577
call,2026-11-20,0.1232876712328767,747.0,41.64,42.05,41.845,37.45,2.0,6,0.20407900421142577
call,2026-11-20,0.1232876712328767,748.0,40.78,41.17,40.975,37.1,3.0,2,0.20218693328857418
call,2026-11-20,0.1232876712328767,749.0,39.92,40.31,40.115,40.12,5.0,10,0.20047796600341794
call,2026-11-20,0.1232876712328767,750.0,39.05,39.43,39.239999999999995,39.83,16.0,6269,0.19850960189819333
call,2026-11-20,0.1232876712328767,751.0,38.16,38.61,38.385,35.15,10.0,19,0.19715158325195312
call,2026-11-20,0.1232876712328767,752.0,37.36,37.78,37.57,27.05,,12,0.19565623687744144
call,2026-11-20,0.1232876712328767,753.0,36.53,36.88,36.705,28.94,1.0,12,0.19338270004272462
call,2026-11-20,0.1232876712328767,754.0,35.75,36.08,35.915,30.96,2.0,15,0.19211623321533206
call,2026-11-20,0.1232876712328767,755.0,34.92,35.2,35.06,35.89,16.0,1997,0.18996476547241214
call,2026-11-20,0.1232876712328767,756.0,34.05,34.37,34.209999999999994,27.2,2.0,15,0.1883015740966797
call,2026-11-20,0.1232876712328767,757.0,33.23,33.55,33.39,26.56,7.0,32,0.18668415863037108
call,2026-11-20,0.1232876712328767,758.0,32.46,32.74,32.6,29.55,2.0,16,0.18512777770996092
call,2026-11-20,0.1232876712328767,759.0,31.66,31.94,31.8,30.88,1.0,21,0.1836324313354492
call,2026-11-20,0.1232876712328767,760.0,30.88,30.98,30.93,31.06,103.0,6498,0.1804891522216797
call,2026-11-20,0.1232876712328767,761.0,30.05,30.32,30.185000000000002,31.06,70.0,702,0.1802755313110352
call,2026-11-20,0.1232876712328767,762.0,29.23,29.52,29.375,30.4,10.0,149,0.17862759857177735
call,2026-11-20,0.1232876712328767,763.0,28.47,28.73,28.6,29.37,11.0,198,0.17701018310546873
call,2026-11-20,0.1232876712328767,764.0,27.7,27.98,27.84,27.98,1.0,135,0.17574371627807617
call,2026-11-20,0.1232876712328767,765.0,27.02,27.13,27.075,27.13,248.0,6595,0.1734549208068848
call,2026-11-20,0.1232876712328767,766.0,26.12,26.44,26.28,27.3,17.0,229,0.17264621307373051
call,2026-11-20,0.1232876712328767,767.0,25.44,25.66,25.55,25.65,2.0,469,0.17090672851562502
call,2026-11-20,0.1232876712328767,768.0,24.63,24.94,24.785,25.92,41.0,932,0.16968603759765627
call,2026-11-20,0.1232876712328767,769.0,23.98,24.23,24.105,23.92,123.0,538,0.16848060531616216
call,2026-11-20,0.1232876712328767,770.0,23.27,23.37,23.32,23.45,426.0,13420,0.1658103439331055
call,2026-11-20,0.1232876712328767,771.0,22.54,22.73,22.634999999999998,23.49,9.0,396,0.1651389639282227
call,2026-11-20,0.1232876712328767,772.0,21.84,22.09,21.965,23.0,13.0,626,0.1643912907409668
call,2026-11-20,0.1232876712328767,773.0,21.13,21.32,21.225,22.09,15.0,1001,0.16237715072631836
call,2026-11-20,0.1232876712328767,774.0,20.48,20.72,20.6,20.28,63.0,630,0.161843098449707
call,2026-11-20,0.1232876712328767,775.0,19.83,19.95,19.89,19.85,420.0,10568,0.1596916307067871
call,2026-11-20,0.1232876712328767,776.0,19.13,19.29,19.21,19.21,784.0,1569,0.15845568115234376
call,2026-11-20,0.1232876712328767,777.0,18.48,18.63,18.555,18.55,88.0,1190,0.15715869705200197
call,2026-11-20,0.1232876712328767,778.0,17.84,17.99,17.915,18.8,58.0,677,0.1559532647705078
call,2026-11-20,0.1232876712328767,779.0,17.21,17.42,17.315,17.91,293.0,559,0.15531240203857422
call,2026-11-20,0.1232876712328767,780.0,16.63,16.73,16.68,16.67,1205.0,12954,0.15349662429809574
call,2026-11-20,0.1232876712328767,781.0,15.97,16.02,15.995000000000001,16.19,94.0,453,0.15140619110107423
call,2026-11-20,0.1232876712328767,782.0,15.4,15.44,15.42,15.47,66.0,527,0.15042963836669926
call,2026-11-20,0.1232876712328767,783.0,14.86,14.9,14.879999999999999,15.01,122.0,345,0.1497124824523926
call,2026-11-20,0.1232876712328767,784.0,14.24,14.27,14.254999999999999,14.32,65.0,855,0.148095066986084
call,2026-11-20,0.1232876712328767,785.0,13.68,13.72,13.7,13.88,581.0,10683,0.14710325561523438
call,2026-11-20,0.1232876712328767,786.0,13.19,13.23,13.21,13.38,54.0,955,0.14656920333862306
call,2026-11-20,0.1232876712328767,787.0,12.65,12.7,12.675,13.18,39.0,333,0.14557739196777342
call,2026-11-20,0.1232876712328767,788.0,12.11,12.14,12.125,12.69,92.0,463,0.14421937332153317
call,2026-11-20,0.1232876712328767,789.0,11.64,11.68,11.66,11.73,125.0,428,0.14368532104492188
call,2026-11-20,0.1232876712328767,790.0,11.15,11.19,11.17,11.12,2007.0,13319,0.1427698028564453
call,2026-11-20,0.1232876712328767,791.0,10.65,10.69,10.67,10.84,537.0,463,0.14167118103027343
call,2026-11-20,0.1232876712328767,792.0,10.21,10.24,10.225000000000001,10.24,237.0,692,0.1409235078430176
call,2026-11-20,0.1232876712328767,793.0,9.73,9.76,9.745000000000001,9.76,165.0,902,0.1397943687438965
call,2026-11-20,0.1232876712328767,794.0,9.28,9.31,9.295,9.44,259.0,512,0.1388483332824707
call,2026-11-20,0.1232876712328767,795.0,8.88,8.91,8.895,9.04,1608.0,8464,0.13828376373291018
call,2026-11-20,0.1232876712328767,796.0,8.45,8.48,8.465,8.59,261.0,566,0.1373072109985352
call,2026-11-20,0.1232876712328767,797.0,8.07,8.11,8.09,8.21,443.0,810,0.1368189346313477
call,2026-11-20,0.1232876712328767,798.0,7.72,7.74,7.73,7.81,165.0,642,0.1362238478088379
call,2026-11-20,0.1232876712328767,799.0,7.33,7.36,7.345000000000001,7.44,161.0,904,0.13541514007568362
call,2026-11-20,0.1232876712328767,800.0,6.97,7.0,6.984999999999999,6.98,1337.0,18906,0.13471324279785157
call,2026-11-20,0.1232876712328767,805.0,5.38,5.41,5.395,5.46,1401.0,7326,0.13169203277587893
call,2026-11-20,0.1232876712328767,810.0,4.07,4.08,4.075,4.09,6262.0,28546,0.1287623745727539
call,2026-11-20,0.1232876712328767,815.0,3.06,3.08,3.0700000000000003,3.06,3670.0,8273,0.12708392456054687
call,2026-11-20,0.1232876712328767,820.0,2.25,2.27,2.26,2.27,4268.0,22204,0.12534444000244144
call,2026-11-20,0.1232876712328767,825.0,1.65,1.67,1.66,1.68,1104.0,6699,0.12436788726806641
call,2026-11-20,0.1232876712328767,830.0,1.21,1.23,1.22,1.24,442.0,5783,0.12397116271972657
call,2026-11-20,0.1232876712328767,835.0,0.89,0.9,0.895,0.91,332.0,5430,0.12384909362792969
call,2026-11-20,0.1232876712328767,840.0,0.66,0.67,0.665,0.65,495.0,2158,0.12445943908691406
call,2026-11-20,0.1232876712328767,845.0,0.49,0.51,0.5,0.5,259.0,1966,0.12574116455078127
call,2026-11-20,0.1232876712328767,850.0,0.38,0.39,0.385,0.41,1077.0,6841,0.12720599365234375
call,2026-11-20,0.1232876712328767,855.0,0.29,0.3,0.295,0.32,1.0,1194,0.1287928918457031
call,2026-11-20,0.1232876712328767,860.0,0.23,0.24,0.235,0.23,592.0,1318,0.13111220458984374
call,2026-11-20,0.1232876712328767,865.0,0.18,0.19,0.185,0.19,4.0,1542,0.1331873791503906
call,2026-11-20,0.1232876712328767,870.0,0.15,0.16,0.155,0.16,4.0,693,0.1362391064453125
call,2026-11-20,0.1232876712328767,875.0,0.12,0.13,0.125,0.12,76.0,23249,0.13868048828125001
call,2026-11-20,0.1232876712328767,880.0,0.1,0.11,0.10500000000000001,0.11,15.0,1239,0.141610146484375
call,2026-11-20,0.1232876712328767,885.0,0.08,0.09,0.08499999999999999,0.06,1.0,802,0.14405152832031248
call,2026-11-20,0.1232876712328767,890.0,0.06,0.07,0.065,0.07,1.0,904,0.145516357421875
call,2026-11-20,0.1232876712328767,895.0,0.05,0.06,0.055,0.04,24.0,1112,0.148446015625
call,2026-11-20,0.1232876712328767,900.0,0.04,0.05,0.045,0.06,46.0,2470,0.15088739746093754
call,2026-11-20,0.1232876712328767,905.0,0.04,0.05,0.045,0.05,29.0,1245,0.1557701611328125
call,2026-11-20,0.1232876712328767,910.0,0.03,0.04,0.035,0.03,24.0,316,0.157234990234375
call,2026-11-20,0.1232876712328767,915.0,0.02,0.03,0.025,0.03,26.0,294,0.15821154296875
call,2026-11-20,0.1232876712328767,920.0,0.02,0.03,0.025,0.02,11.0,1617,0.16309430664062502
call,2026-11-20,0.1232876712328767,925.0,0.02,0.03,0.025,0.03,25.0,87,0.16797707031250003
call,2026-11-20,0.1232876712328767,930.0,0.02,0.03,0.025,0.01,1.0,134,0.17285983398437502
put,2026-11-20,0.1232876712328767,345.0,0.02,0.03,0.025,0.03,10.0,432,0.7187528125
put,2026-11-20,0.1232876712328767,350.0,0.02,0.03,0.025,0.02,3.0,927,0.7070341796875
put,2026-11-20,0.1232876712328767,355.0,0.02,0.03,0.025,0.04,24.0,1038,0.6953155468750001
put,2026-11-20,0.1232876712328767,360.0,0.02,0.03,0.025,0.04,100.0,2237,0.6835969140625001
put,2026-11-20,0.1232876712328767,365.0,0.02,0.03,0.025,0.04,500.0,8637,0.6718782812500002
put,2026-11-20,0.1232876712328767,370.0,0.02,0.03,0.025,0.03,600.0,10602,0.6601596484375001
put,2026-11-20,0.1232876712328767,375.0,0.03,0.04,0.035,0.04,120.0,1566,0.6679720703125002
put,2026-11-20,0.1232876712328767,380.0,0.03,0.04,0.035,0.05,103.0,150607,0.6562534375000001
put,2026-11-20,0.1232876712328767,385.0,0.03,0.04,0.035,0.04,112.0,424,0.6445348046875
put,2026-11-20,0.1232876712328767,390.0,0.03,0.04,0.035,0.05,165.0,104250,0.632816171875
put,2026-11-20,0.1232876712328767,395.0,0.04,0.05,0.045,0.04,3153.0,3234,0.6347692773437501
put,2026-11-20,0.1232876712328767,400.0,0.04,0.05,0.045,0.05,3.0,76774,0.6250037500000001
put,2026-11-20,0.1232876712328767,405.0,0.04,0.05,0.045,0.05,135.0,377,0.6132851171875001
put,2026-11-20,0.1232876712328767,410.0,0.04,0.05,0.045,0.05,143.0,1647,0.6015664843750002
put,2026-11-20,0.1232876712328767,415.0,0.05,0.06,0.055,0.06,70.0,981,0.6015664843750002
put,2026-11-20,0.1232876712328767,420.0,0.05,0.06,0.055,0.05,31.0,3198,0.5918009570312501
put,2026-11-20,0.1232876712328767,425.0,0.05,0.06,0.055,0.08,1202.0,719,0.5800823242187501
put,2026-11-20,0.1232876712328767,430.0,0.06,0.07,0.065,0.07,3.0,2793,0.57812921875
put,2026-11-20,0.1232876712328767,435.0,0.06,0.07,0.065,0.09,2.0,294,0.56836369140625
put,2026-11-20,0.1232876712328767,440.0,0.06,0.07,0.065,0.07,400.0,209,0.5576216113281252
put,2026-11-20,0.1232876712328767,445.0,0.07,0.08,0.07500000000000001,0.07,2.0,764,0.5546919531250001
put,2026-11-20,0.1232876712328767,450.0,0.07,0.08,0.07500000000000001,0.08,2.0,1322,0.5449264257812501
put,2026-11-20,0.1232876712328767,455.0,0.08,0.09,0.08499999999999999,0.09,2.0,244,0.5410202148437502
put,2026-11-20,0.1232876712328767,460.0,0.08,0.09,0.08499999999999999,0.1,10.0,887,0.5302781347656251
put,2026-11-20,0.1232876712328767,465.0,0.09,0.1,0.095,0.11,2510.0,5566,0.52539537109375
put,2026-11-20,0.1232876712328767,470.0,0.09,0.1,0.095,0.1,10.0,3266,0.51562984375
put,2026-11-20,0.1232876712328767,475.0,0.1,0.11,0.10500000000000001,0.11,30.0,3247,0.5107470800781251
put,2026-11-20,0.1232876712328767,480.0,0.1,0.11,0.10500000000000001,0.12,21.0,5318,0.5009815527343751
put,2026-11-20,0.1232876712328767,485.0,0.11,0.12,0.11499999999999999,0.11,20.0,207,0.49805189453125004
put,2026-11-20,0.1232876712328767,490.0,0.12,0.13,0.125,0.12,20.0,176,0.49170430175781255
put,2026-11-20,0.1232876712328767,495.0,0.13,0.14,0.135,0.13,10.0,198,0.485356708984375
put,2026-11-20,0.1232876712328767,500.0,0.13,0.14,0.135,0.14,78.0,304158,0.47559118164062497
put,2026-11-20,0.1232876712328767,505.0,0.14,0.15,0.14500000000000002,0.28,40.0,319,0.46973186523437505
put,2026-11-20,0.1232876712328767,510.0,0.15,0.16,0.155,0.21,1.0,200285,0.46289599609375004
put,2026-11-20,0.1232876712328767,515.0,0.16,0.17,0.165,0.18,2.0,8067,0.45606012695312503
put,2026-11-20,0.1232876712328767,520.0,0.17,0.18,0.175,0.19,201.0,153158,0.44922425781249997
put,2026-11-20,0.1232876712328767,525.0,0.18,0.19,0.185,0.22,210.0,414,0.442388388671875
put,2026-11-20,0.1232876712328767,530.0,0.19,0.2,0.195,0.2,6.0,3297,0.43506424316406256
put,2026-11-20,0.1232876712328767,535.0,0.21,0.22,0.215,0.24,1.0,623,0.43018147949218755
put,2026-11-20,0.1232876712328767,540.0,0.22,0.23,0.225,0.26,17.0,1557,0.422857333984375
put,2026-11-20,0.1232876712328767,545.0,0.23,0.24,0.235,0.28,16.0,1252,0.4155331884765625
put,2026-11-20,0.1232876712328767,550.0,0.24,0.25,0.245,0.25,17.0,4757,0.40772076660156253
put,2026-11-20,0.1232876712328767,555.0,0.26,0.27,0.265,0.3,2003.0,2758,0.4018614501953125
put,2026-11-20,0.1232876712328767,560.0,0.27,0.28,0.275,0.27,19.0,4815,0.3942931665039063
put,2026-11-20,0.1232876712328767,565.0,0.29,0.3,0.295,0.32,10.0,2030,0.3881897119140625
put,2026-11-20,0.1232876712328767,570.0,0.31,0.32,0.315,0.33,7.0,1553,0.38184211914062494
put,2026-11-20,0.1232876712328767,575.0,0.33,0.34,0.335,0.32,8.0,983,0.37500625
put,2026-11-20,0.1232876712328767,580.0,0.35,0.36,0.355,0.35,9.0,17506,0.3684145190429688
put,2026-11-20,0.1232876712328767,585.0,0.37,0.38,0.375,0.37,7.0,985,0.36157864990234373
put,2026-11-20,0.1232876712328767,590.0,0.39,0.4,0.395,0.4,12.0,1662,0.3544986425781249
put,2026-11-20,0.1232876712328767,595.0,0.41,0.42,0.415,0.44,3.0,695,0.34729656616210935
put,2026-11-20,0.1232876712328767,600.0,0.43,0.44,0.435,0.44,125.0,10197,0.34009448974609374
put,2026-11-20,0.1232876712328767,605.0,0.46,0.47,0.46499999999999997,0.47,2.0,1356,0.33374689697265625
put,2026-11-20,0.1232876712328767,610.0,0.49,0.5,0.495,0.52,8.0,2272,0.327155166015625
put,2026-11-20,0.1232876712328767,615.0,0.51,0.52,0.515,0.51,10.0,3383,0.3193427441406249
put,2026-11-20,0.1232876712328767,620.0,0.55,0.56,0.555,0.56,227.0,163824,0.3133613586425781
put,2026-11-20,0.1232876712328767,625.0,0.58,0.59,0.585,0.58,15.0,2256,0.3062813513183594
put,2026-11-20,0.1232876712328767,630.0,0.62,0.63,0.625,0.63,40.0,102722,0.299811689453125
put,2026-11-20,0.1232876712328767,635.0,0.65,0.66,0.655,0.66,35.0,5344,0.2923654748535155
put,2026-11-20,0.1232876712328767,640.0,0.69,0.7,0.695,0.7,595.0,80575,0.2854075366210937
put,2026-11-20,0.1232876712328767,645.0,0.74,0.75,0.745,0.75,186.0,2601,0.2790599438476562
put,2026-11-20,0.1232876712328767,650.0,0.79,0.8,0.795,0.78,2332.0,18640,0.27234614379882804
put,2026-11-20,0.1232876712328767,655.0,0.84,0.85,0.845,0.85,134.0,9886,0.26538820556640624
put,2026-11-20,0.1232876712328767,660.0,0.91,0.92,0.915,0.9,59.0,13127,0.2592237164306641
put,2026-11-20,0.1232876712328767,665.0,0.97,0.98,0.975,0.97,547.0,2828,0.25226577819824214
put,2026-11-20,0.1232876712328767,670.0,1.04,1.05,1.045,1.03,1111.0,8553,0.24549094360351562
put,2026-11-20,0.1232876712328767,675.0,1.12,1.13,1.125,1.1,570.0,5359,0.23889921264648437
put,2026-11-20,0.1232876712328767,680.0,1.2,1.21,1.205,1.19,291.0,51129,0.23200230895996093
put,2026-11-20,0.1232876712328767,685.0,1.3,1.32,1.31,1.29,615.0,8629,0.22583781982421874
put,2026-11-20,0.1232876712328767,690.0,1.41,1.42,1.415,1.38,362.0,22746,0.21894091613769529
put,2026-11-20,0.1232876712328767,695.0,1.54,1.55,1.545,1.51,195.0,6569,0.2125933233642578
put,2026-11-20,0.1232876712328767,700.0,1.68,1.7,1.69,1.69,2566.0,47014,0.20636779968261715
put,2026-11-20,0.1232876712328767,701.0,1.72,1.73,1.725,1.72,242.0,205,0.20508607421874997
put,2026-11-20,0.1232876712328767,702.0,1.74,1.76,1.75,1.7,50.0,194,0.20374331420898437
put,2026-11-20,0.1232876712328767,703.0,1.78,1.79,1.7850000000000001,1.8,8.0,302,0.2024005541992187
put,2026-11-20,0.1232876712328767,704.0,1.81,1.83,1.82,1.8,168.0,406,0.20130193237304686
put,2026-11-20,0.1232876712328767,705.0,1.85,1.86,1.855,1.84,1166.0,9104,0.19995917236328126
put,2026-11-20,0.1232876712328767,706.0,1.88,1.89,1.8849999999999998,1.9,51.0,290,0.19855537780761717
put,2026-11-20,0.1232876712328767,707.0,1.92,1.93,1.9249999999999998,1.94,291.0,1306,0.19736520416259767
put,2026-11-20,0.1232876712328767,708.0,1.95,1.97,1.96,2.09,2.0,534,0.19617503051757812
put,2026-11-20,0.1232876712328767,709.0,2.0,2.02,2.01,2.0,173.0,299,0.19519847778320312
put,2026-11-20,0.1232876712328767,710.0,2.03,2.04,2.035,2.02,504.0,10680,0.1934589932250977
put,2026-11-20,0.1232876712328767,711.0,2.08,2.09,2.085,2.08,107.0,264,0.1924214059448242
put,2026-11-20,0.1232876712328767,712.0,2.12,2.13,2.125,2.12,154.0,546,0.19113968048095703
put,2026-11-20,0.1232876712328767,713.0,2.16,2.18,2.17,2.3,20.0,242,0.1900410586547852
put,2026-11-20,0.1232876712328767,714.0,2.21,2.22,2.215,2.2,7.0,412,0.18869829864501952
put,2026-11-20,0.1232876712328767,715.0,2.25,2.27,2.26,2.22,127.0,29964,0.18756915954589842
put,2026-11-20,0.1232876712328767,716.0,2.31,2.33,2.3200000000000003,2.27,21.0,374,0.18659260681152345
put,2026-11-20,0.1232876712328767,717.0,2.36,2.37,2.365,2.33,80.0,285,0.18515829498291014
put,2026-11-20,0.1232876712328767,718.0,2.4,2.41,2.4050000000000002,2.4,49.0,362,0.18372398315429686
put,2026-11-20,0.1232876712328767,719.0,2.45,2.47,2.46,2.48,56.0,224,0.18265587860107418
put,2026-11-20,0.1232876712328767,720.0,2.51,2.52,2.5149999999999997,2.51,768.0,36564,0.181374153137207
put,2026-11-20,0.1232876712328767,721.0,2.56,2.58,2.5700000000000003,2.56,31.0,627,0.18024501403808596
put,2026-11-20,0.1232876712328767,722.0,2.62,2.63,2.625,2.61,83.0,726,0.1789022540283203
put,2026-11-20,0.1232876712328767,723.0,2.68,2.69,2.685,2.66,177.0,5846,0.17771208038330077
put,2026-11-20,0.1232876712328767,724.0,2.74,2.76,2.75,2.72,64.0,519,0.17670501037597658
put,2026-11-20,0.1232876712328767,725.0,2.8,2.81,2.8049999999999997,2.8,1730.0,25439,0.17524018127441404
put,2026-11-20,0.1232876712328767,726.0,2.87,2.89,2.88,2.84,55.0,8944,0.17432466308593753
put,2026-11-20,0.1232876712328767,727.0,2.93,2.95,2.9400000000000004,2.9,120.0,7782,0.17301242034912112
put,2026-11-20,0.1232876712328767,728.0,3.01,3.02,3.0149999999999997,2.95,39.0,10786,0.1718527639770508
put,2026-11-20,0.1232876712328767,729.0,3.07,3.09,3.08,3.05,105.0,9365,0.17063207305908207
put,2026-11-20,0.1232876712328767,730.0,3.15,3.17,3.16,3.15,849.0,51593,0.1695639685058594
put,2026-11-20,0.1232876712328767,731.0,3.23,3.24,3.2350000000000003,3.21,198.0,575,0.16828224304199224
put,2026-11-20,0.1232876712328767,732.0,3.3,3.31,3.3049999999999997,3.28,232.0,1529,0.16697000030517584
put,2026-11-20,0.1232876712328767,733.0,3.38,3.39,3.385,3.3,13291.0,25787,0.16577982666015628
put,2026-11-20,0.1232876712328767,734.0,3.46,3.48,3.4699999999999998,3.47,151.0,3684,0.16471172210693358
put,2026-11-20,0.1232876712328767,735.0,3.54,3.56,3.55,3.54,1259.0,10788,0.16346051391601565
put,2026-11-20,0.1232876712328767,736.0,3.63,3.65,3.6399999999999997,3.64,188.0,13226,0.1623008575439453
put,2026-11-20,0.1232876712328767,737.0,3.72,3.74,3.7300000000000004,3.68,91.0,4117,0.1611106838989258
put,2026-11-20,0.1232876712328767,738.0,3.82,3.84,3.83,3.74,598.0,798,0.16004257934570312
put,2026-11-20,0.1232876712328767,739.0,3.91,3.93,3.92,3.84,244.0,819,0.15876085388183597
put,2026-11-20,0.1232876712328767,740.0,4.02,4.04,4.029999999999999,4.02,19978.0,36877,0.1577232666015625
put,2026-11-20,0.1232876712328767,741.0,4.11,4.14,4.125,4.08,31.0,437,0.15650257568359377
put,2026-11-20,0.1232876712328767,742.0,4.24,4.25,4.245,4.14,127.0,477,0.15538869522094728
put,2026-11-20,0.1232876712328767,743.0,4.36,4.38,4.37,4.24,54.0,333,0.15448843566894532
put,2026-11-20,0.1232876712328767,744.0,4.46,4.48,4.470000000000001,4.38,354.0,780,0.15313041702270513
put,2026-11-20,0.1232876712328767,745.0,4.58,4.59,4.585,4.58,1267.0,31695,0.1518639501953125
put,2026-11-20,0.1232876712328767,746.0,4.69,4.72,4.705,4.61,64.0,868,0.15081110427856448
put,2026-11-20,0.1232876712328767,747.0,4.82,4.84,4.83,4.79,232.0,596,0.14957515472412108
put,2026-11-20,0.1232876712328767,748.0,4.95,4.97,4.96,4.83,361.0,1027,0.1484154983520508
put,2026-11-20,0.1232876712328767,749.0,5.09,5.11,5.1,5.08,94.0,597,0.14731687652587894
put,2026-11-20,0.1232876712328767,750.0,5.23,5.25,5.24,5.24,5903.0,45973,0.14618773742675778
put,2026-11-20,0.1232876712328767,751.0,5.37,5.4,5.385,5.29,86.0,644,0.14510437423706057
put,2026-11-20,0.1232876712328767,752.0,5.54,5.56,5.55,5.47,352.0,510,0.1440820455932617
put,2026-11-20,0.1232876712328767,753.0,5.68,5.7,5.6899999999999995,5.56,290.0,541,0.1427698028564453
put,2026-11-20,0.1232876712328767,754.0,5.84,5.86,5.85,5.71,76.0,783,0.1416406637573242
put,2026-11-20,0.1232876712328767,755.0,5.99,6.02,6.005,6.0,1168.0,13870,0.1404352314758301
put,2026-11-20,0.1232876712328767,756.0,6.17,6.2,6.1850000000000005,6.14,1091.0,429,0.13939764419555667
put,2026-11-20,0.1232876712328767,757.0,6.35,6.38,6.365,6.23,353.0,336,0.1382990223693848
put,2026-11-20,0.1232876712328767,758.0,6.54,6.57,6.555,6.54,76.0,560,0.13724617645263676
put,2026-11-20,0.1232876712328767,759.0,6.73,6.75,6.74,6.66,45.0,785,0.13601022689819336
put,2026-11-20,0.1232876712328767,760.0,6.94,6.97,6.955,6.9,2121.0,20347,0.13514048461914066
put,2026-11-20,0.1232876712328767,761.0,7.12,7.15,7.135,7.09,126.0,674,0.13376720733642578
put,2026-11-20,0.1232876712328767,762.0,7.34,7.37,7.355,7.28,90.0,465,0.13274487869262697
put,2026-11-20,0.1232876712328767,763.0,7.56,7.59,7.574999999999999,7.53,531.0,945,0.1316462568664551
put,2026-11-20,0.1232876712328767,764.0,7.79,7.82,7.805,7.79,246.0,1675,0.1305781523132324
put,2026-11-20,0.1232876712328767,765.0,8.03,8.06,8.045,7.97,9763.0,24953,0.12952530639648438
put,2026-11-20,0.1232876712328767,766.0,8.26,8.3,8.280000000000001,8.16,582.0,1492,0.12839616729736325
put,2026-11-20,0.1232876712328767,767.0,8.52,8.55,8.535,8.38,435.0,956,0.12729754547119143
put,2026-11-20,0.1232876712328767,768.0,8.76,8.8,8.780000000000001,8.55,257.0,1173,0.12610737182617188
put,2026-11-20,0.1232876712328767,769.0,9.03,9.07,9.05,8.89,1614.0,2936,0.12500875
put,2026-11-20,0.1232876712328767,770.0,9.33,9.36,9.344999999999999,9.32,10131.0,15645,0.124032197265625
put,2026-11-20,0.1232876712328767,771.0,9.61,9.65,9.629999999999999,9.5,229.0,1395,0.12296409271240236
put,2026-11-20,0.1232876712328767,772.0,9.91,9.95,9.93,9.72,57.0,432,0.1218959881591797
put,2026-11-20,0.1232876712328767,773.0,10.25,10.29,10.27,10.21,71.0,1166,0.1211025390625
put,2026-11-20,0.1232876712328767,774.0,10.57,10.62,10.594999999999999,10.33,89.0,619,0.12012598632812499
put,2026-11-20,0.1232876712328767,775.0,10.91,10.94,10.925,10.83,5727.0,6692,0.11895107131958008
put,2026-11-20,0.1232876712328767,776.0,11.21,11.25,11.23,11.21,238.0,196,0.11759305267333985
put,2026-11-20,0.1232876712328767,777.0,11.56,11.61,11.585,11.57,201.0,130,0.11658598266601564
put,2026-11-20,0.1232876712328767,778.0,11.93,11.97,11.95,11.74,621.0,145,0.11547210220336915
put,2026-11-20,0.1232876712328767,779.0,12.31,12.35,12.33,12.3,288.0,414,0.11441925628662111
put,2026-11-20,0.1232876712328767,780.0,12.7,12.74,12.719999999999999,12.7,3622.0,4775,0.11336641036987305
put,2026-11-20,0.1232876712328767,781.0,13.13,13.17,13.15,13.12,274.0,163,0.11255770263671874
put,2026-11-20,0.1232876712328767,782.0,13.54,13.58,13.559999999999999,13.44,185.0,12,0.11142856353759764
put,2026-11-20,0.1232876712328767,783.0,13.95,14.01,13.98,13.75,140.0,15,0.11039097625732422
put,2026-11-20,0.1232876712328767,784.0,14.42,14.46,14.440000000000001,14.32,9.0,54,0.10938390625
put,2026-11-20,0.1232876712328767,785.0,14.86,14.91,14.885,14.88,223.0,963,0.10827002578735351
put,2026-11-20,0.1232876712328767,786.0,15.31,15.37,15.34,15.37,89.0,34,0.10711036941528321
put,2026-11-20,0.1232876712328767,787.0,15.81,15.87,15.84,15.53,144.0,263,0.10617959259033202
put,2026-11-20,0.1232876712328767,788.0,16.32,16.38,16.35,16.14,172.0,3,0.10520303985595703
put,2026-11-20,0.1232876712328767,789.0,16.81,16.87,16.84,19.81,1.0,2,0.10390605575561523
put,2026-11-20,0.1232876712328767,790.0,17.37,17.49,17.43,17.3,40.0,4346,0.1037076934814453
put,2026-11-20,0.1232876712328767,791.0,17.85,18.04,17.945,29.96,,1,0.1027006234741211
put,2026-11-20,0.1232876712328767,793.0,19.01,19.13,19.07,18.55,1.0,27,0.1000913966369629
put,2026-11-20,0.1232876712328767,794.0,19.57,19.77,19.67,26.5,1.0,1,0.09949630981445312
put,2026-11-20,0.1232876712328767,795.0,20.24,20.38,20.31,19.7,12.0,209,0.09844346389770509
put,2026-11-20,0.1232876712328767,796.0,20.82,21.0,20.91,21.8,1.0,1,0.0973295834350586
put,2026-11-20,0.1232876712328767,798.0,22.09,22.26,22.175,28.54,1.0,1,0.09473561523437501
put,2026-11-20,0.1232876712328767,799.0,22.73,22.96,22.845,30.26,5.0,5,0.09394216613769531
put,2026-11-20,0.1232876712328767,800.0,23.44,23.67,23.555,23.47,136.0,725,0.09308768249511719
put,2026-11-20,0.1232876712328767,805.0,27.06,27.29,27.174999999999997,26.34,25.0,27,0.0864043997192383
put,2026-11-20,0.1232876712328767,810.0,31.01,31.31,31.16,30.18,12.0,8,0.07874456420898437
put,2026-11-20,0.1232876712328767,815.0,34.12,36.92,35.519999999999996,41.16,4.0,4,0.1010832080078125
put,2026-11-20,0.1232876712328767,820.0,38.76,41.47,40.114999999999995,43.86,6.0,5,0.1010832080078125
put,2026-11-20,0.1232876712328767,825.0,43.63,46.35,44.99,45.01,1.0,2,0.10700355895996094
put,2026-11-20,0.1232876712328767,830.0,48.6,51.33,49.965,61.79,1.0,0,0.11512115356445313
put,2026-11-20,0.1232876712328767,835.0,53.6,56.35,54.975,72.34,1.0,0,0.12415426635742188
put,2026-11-20,0.1232876712328767,840.0,58.6,61.32,59.96,66.5,2.0,0,0.1315394464111328
put,2026-11-20,0.1232876712328767,850.0,68.6,71.41,70.005,76.31,2.0,0,0.1506432592773438
put,2026-11-20,0.1232876712328767,900.0,118.59,121.32,119.955,133.0,,0,0.22168747070312497
put,2026-11-20,0.1232876712328767,905.0,123.6,126.33,124.965,143.65,,0,0.22901161621093752
put,2026-11-20,0.1232876712328767,920.0,138.6,141.4,140.0,159.07,,0,0.25263198547363286
put,2026-11-20,0.1232876712328767,950.0,168.6,171.35,169.975,188.38,1.0,0,0.28919167846679683
put,2026-11-20,0.1232876712328767,960.0,189.24,192.76,191.0,195.82,,0,0.523442265625
put,2026-11-20,0.1232876712328767,995.0,213.6,216.4,215.0,232.85,20.0,0,0.34668622070312494
put,2026-11-20,0.1232876712328767,1000.0,218.6,221.33,219.965,237.81,20.0,0,0.34839518798828123
call,2026-11-30,0.1506849315068493,475.0,291.08,295.45,293.265,292.06,2.0,0,1.0000000000000003e-05
call,2026-11-30,0.1506849315068493,480.0,301.84,304.55,303.195,293.6,29.0,29,0.7485376708984376
call,2026-11-30,0.1506849315068493,485.0,281.33,285.5,283.41499999999996,282.21,,0,1.0000000000000003e-05
call,2026-11-30,0.1506849315068493,500.0,282.0,284.72,283.36,276.64,1.0,2,0.7012358978271485
call,2026-11-30,0.1506849315068493,520.0,262.1,264.9,263.5,247.31,2.0,8,0.6539341247558594
call,2026-11-30,0.1506849315068493,545.0,237.33,240.14,238.735,221.76,27.0,31,0.5980875152587892
call,2026-11-30,0.1506849315068493,550.0,232.47,235.17,233.82,219.78,2.0,4,0.5881999188232423
call,2026-11-30,0.1506849315068493,555.0,227.49,230.22,228.85500000000002,207.07,4.0,5,0.5767864587402343
call,2026-11-30,0.1506849315068493,560.0,212.43,215.92,214.175,192.07,1.0,3,1.0000000000000003e-05
call,2026-11-30,0.1506849315068493,570.0,198.5,201.64,200.07,187.96,2.0,1,1.0000000000000003e-05
call,2026-11-30,0.1506849315068493,575.0,207.64,210.45,209.045,195.77,1.0,2,0.5329026202392577
call,2026-11-30,0.1506849315068493,580.0,202.79,205.51,204.14999999999998,183.04,4.0,15,0.5235643347167969
call,2026-11-30,0.1506849315068493,584.0,198.75,201.55,200.15,188.53,11.0,11,0.5138598419189453
call,2026-11-30,0.1506849315068493,585.0,197.85,200.56,199.20499999999998,184.84,1.0,8,0.5128832891845703
call,2026-11-30,0.1506849315068493,591.0,191.92,194.64,193.27999999999997,172.3,,4,0.5002491381835938
call,2026-11-30,0.1506849315068493,592.0,190.93,193.65,192.29000000000002,175.05,,1,0.530827445678711
call,2026-11-30,0.1506849315068493,595.0,174.22,177.37,175.79500000000002,165.59,1.0,2,1.0000000000000003e-05
call,2026-11-30,0.1506849315068493,598.0,185.0,187.72,186.36,170.16,,1,0.5172472592163085
call,2026-11-30,0.1506849315068493,600.0,183.04,185.75,184.39499999999998,170.18,10.0,21,0.5128832891845703
call,2026-11-30,0.1506849315068493,605.0,178.1,180.81,179.45499999999998,163.58,1.0,8,0.5015918981933594
call,2026-11-30,0.1506849315068493,609.0,174.15,176.87,175.51,165.18,2.0,15,0.49286395812988293
call,2026-11-30,0.1506849315068493,610.0,157.9,161.75,159.825,171.85,,0,1.0000000000000003e-05
call,2026-11-30,0.1506849315068493,615.0,168.14,170.96,169.55,153.0,2.0,4,0.47971101348876954
call,2026-11-30,0.1506849315068493,617.0,166.26,168.98,167.62,157.43,,0,0.4751334225463867
call,2026-11-30,0.1506849315068493,620.0,163.31,166.02,164.66500000000002,148.74,1.0,12,0.46845013977050787
call,2026-11-30,0.1506849315068493,622.0,161.34,164.05,162.695,154.99,,1,0.46405565246582037
call,2026-11-30,0.1506849315068493,625.0,158.36,161.13,159.745,143.07,1.0,1,0.45819633605957044
call,2026-11-30,0.1506849315068493,630.0,153.45,156.18,154.815,143.0,2.0,5,0.44672184143066407
call,2026-11-30,0.1506849315068493,635.0,148.5,151.26,149.88,125.42,1.0,3,0.43579665771484377
call,2026-11-30,0.1506849315068493,637.0,146.57,149.29,147.93,124.99,,1,0.43140217041015627
call,2026-11-30,0.1506849315068493,640.0,144.63,146.28,145.45499999999998,134.9,1.0,165,0.42377285217285154
call,2026-11-30,0.1506849315068493,645.0,129.7,133.22,131.45999999999998,114.62,1.0,16,1.0000000000000003e-05
call,2026-11-30,0.1506849315068493,650.0,133.81,136.53,135.17000000000002,131.33,1.0,15,0.40344834838867194
call,2026-11-30,0.1506849315068493,655.0,129.92,131.57,130.745,115.25,2.0,855,0.3917602328491211
call,2026-11-30,0.1506849315068493,658.0,125.98,128.7,127.34,110.35,,23,0.38651126190185536
call,2026-11-30,0.1506849315068493,660.0,125.02,126.6,125.81,111.19,1.0,981,0.37985849639892577
call,2026-11-30,0.1506849315068493,665.0,120.14,121.78,120.96000000000001,100.26,321.0,1606,0.3704286590576171
call,2026-11-30,0.1506849315068493,666.0,118.14,120.9,119.52000000000001,108.83,1.0,2,0.36984883087158205
call,2026-11-30,0.1506849315068493,668.0,116.2,118.92,117.56,107.57,,1,0.3651796881103516
call,2026-11-30,0.1506849315068493,670.0,115.26,116.84,116.05000000000001,95.5,86.0,1377,0.35892364715576175
call,2026-11-30,0.1506849315068493,672.0,100.95,104.14,102.545,95.99,2.0,1,1.0000000000000003e-05
call,2026-11-30,0.1506849315068493,673.0,112.33,113.9,113.11500000000001,108.76,16.0,332,0.35239295074462884
call,2026-11-30,0.1506849315068493,674.0,111.36,112.95,112.155,106.62,7.0,108,0.3506839834594726
call,2026-11-30,0.1506849315068493,675.0,110.39,111.97,111.18,97.93,1.0,209,0.34848673980712885
call,2026-11-30,0.1506849315068493,677.0,93.89,97.25,95.57,76.73,,1,1.0000000000000003e-05
call,2026-11-30,0.1506849315068493,678.0,107.47,109.12,108.295,99.25,1.0,127,0.3432988034057617
call,2026-11-30,0.1506849315068493,679.0,106.5,108.15,107.325,83.94,4.0,110,0.34122362884521484
call,2026-11-30,0.1506849315068493,680.0,104.52,107.25,105.88499999999999,100.62,1.0,95,0.3402165588378906
call,2026-11-30,0.1506849315068493,681.0,103.54,106.27,104.905,88.14,2.0,32,0.3379887979125976
call,2026-11-30,0.1506849315068493,683.0,101.52,104.32,102.91999999999999,92.5,4.0,40,0.3336858624267578
call,2026-11-30,0.1506849315068493,684.0,86.99,89.95,88.47,94.14,56.0,0,1.0000000000000003e-05
call,2026-11-30,0.1506849315068493,685.0,99.67,102.38,101.025,84.15,1.0,28,0.32950499603271477
call,2026-11-30,0.1506849315068493,686.0,84.48,87.97,86.225,92.47,4.0,0,1.0000000000000003e-05
call,2026-11-30,0.1506849315068493,688.0,96.74,99.48,98.11,82.79,1.0,33,0.3233710241699218
call,2026-11-30,0.1506849315068493,690.0,94.84,97.57,96.205,86.51,1.0,30,0.3195563650512695
call,2026-11-30,0.1506849315068493,691.0,93.85,96.65,95.25,77.9,3.0,52,0.3181220532226562
call,2026-11-30,0.1506849315068493,693.0,92.96,94.56,93.75999999999999,83.74,1.0,197,0.3117744604492187
call,2026-11-30,0.1506849315068493,694.0,90.99,93.73,92.36,83.53,4.0,14,0.3115913568115234
call,2026-11-30,0.1506849315068493,695.0,90.02,92.75,91.38499999999999,77.01,1.0,17,0.30930256134033207
call,2026-11-30,0.1506849315068493,696.0,90.07,91.66,90.865,80.14,3.0,102,0.3055184194946289
call,2026-11-30,0.1506849315068493,697.0,88.02,90.83,89.425,83.26,1.0,21,0.30525902267456057
call,2026-11-30,0.1506849315068493,698.0,87.14,89.87,88.505,74.68,3.0,17,0.30322962402343745
call,2026-11-30,0.1506849315068493,699.0,87.19,88.84,88.015,79.09,1.0,127,0.30025418991088865
call,2026-11-30,0.1506849315068493,700.0,86.24,87.86,87.05,81.38,4.0,313,0.2979501358032226
call,2026-11-30,0.1506849315068493,701.0,84.19,86.99,85.59,69.15,3.0,21,0.2970956521606445
call,2026-11-30,0.1506849315068493,703.0,82.32,85.08,83.69999999999999,74.17,4.0,23,0.2930978894042968
call,2026-11-30,0.1506849315068493,704.0,68.87,71.19,70.03,78.88,1.0,0,1.0000000000000003e-05
call,2026-11-30,0.1506849315068493,705.0,81.46,83.05,82.255,68.12,1.0,278,0.2875132284545897
call,2026-11-30,0.1506849315068493,706.0,79.49,82.22,80.85499999999999,71.13,1.0,41,0.28708598663330076
call,2026-11-30,0.1506849315068493,707.0,78.53,81.28,79.905,67.64,3.0,42,0.2852549502563476
call,2026-11-30,0.1506849315068493,708.0,77.51,80.33,78.92,69.75,4.0,12,0.28325606887817373
call,2026-11-30,0.1506849315068493,709.0,76.66,79.38,78.02,68.26,1.0,22,0.28125718749999995
call,2026-11-30,0.1506849315068493,710.0,76.72,78.32,77.52,61.27,1.0,106,0.2779002874755859
call,2026-11-30,0.1506849315068493,711.0,74.77,77.48,76.125,60.16,5.0,14,0.27724416610717767
call,2026-11-30,0.1506849315068493,713.0,72.87,75.6,74.235,64.91,1.0,26,0.27342950698852536
call,2026-11-30,0.1506849315068493,714.0,71.94,74.68,73.31,63.84,1.0,11,0.27173579833984374
call,2026-11-30,0.1506849315068493,715.0,72.0,73.66,72.83,56.07,1.0,156,0.2688366574096679
call,2026-11-30,0.1506849315068493,716.0,71.06,72.72,71.89,59.99,2.0,157,0.26689881057739256
call,2026-11-30,0.1506849315068493,717.0,69.12,71.82,70.47,58.07,1.0,85,0.2654187228393554
call,2026-11-30,0.1506849315068493,718.0,68.1,70.91,69.505,56.33,1.0,59,0.26380130737304686
call,2026-11-30,0.1506849315068493,719.0,67.17,69.98,68.575,54.34,4.0,16,0.2619397537231446
call,2026-11-30,0.1506849315068493,720.0,67.32,68.9,68.11,59.06,2.0,402,0.25830819824218754
call,2026-11-30,0.1506849315068493,721.0,65.38,68.15,66.765,55.79,5.0,21,0.2584913018798829
call,2026-11-30,0.1506849315068493,722.0,64.43,67.17,65.80000000000001,51.28,1.0,25,0.2560194027709961
call,2026-11-30,0.1506849315068493,723.0,63.53,66.26,64.89500000000001,62.78,1.0,1,0.25431043548583987
call,2026-11-30,0.1506849315068493,724.0,63.6,65.27,64.435,49.23,4.0,175,0.25171646728515623
call,2026-11-30,0.1506849315068493,725.0,62.68,64.26,63.47,52.8,1.0,241,0.2488478436279297
call,2026-11-30,0.1506849315068493,726.0,61.75,63.35,62.55,62.05,2.0,213,0.24712361770629881
call,2026-11-30,0.1506849315068493,727.0,59.84,62.57,61.205,52.82,1.0,10,0.24680318634033205
call,2026-11-30,0.1506849315068493,728.0,60.08,60.52,60.3,53.44,5.0,230,0.23236851623535154
call,2026-11-30,0.1506849315068493,729.0,59.16,59.65,59.405,46.75,2.0,30,0.23110204940795898
call,2026-11-30,0.1506849315068493,730.0,58.25,58.69,58.47,50.18,1.0,667,0.22882851257324222
call,2026-11-30,0.1506849315068493,731.0,57.34,57.81,57.575,52.89,1.0,74,0.2274247180175781
call,2026-11-30,0.1506849315068493,732.0,56.45,56.87,56.66,40.34,30.0,351,0.225319026184082
call,2026-11-30,0.1506849315068493,733.0,55.53,55.96,55.745000000000005,55.84,1.0,205,0.22354902435302731
call,2026-11-30,0.1506849315068493,734.0,54.62,55.21,54.915,47.73,10.0,44,0.22347273117065425
call,2026-11-30,0.1506849315068493,735.0,53.71,54.25,53.980000000000004,54.25,1.0,896,0.2211076425170898
call,2026-11-30,0.1506849315068493,736.0,51.59,53.31,52.45,47.66,1.0,275,0.21894091613769529
call,2026-11-30,0.1506849315068493,737.0,50.76,52.41,51.584999999999994,47.54,1.0,369,0.2171861729431152
call,2026-11-30,0.1506849315068493,738.0,51.06,51.48,51.269999999999996,41.03,2.0,93,0.21509573974609375
call,2026-11-30,0.1506849315068493,739.0,50.19,50.59,50.39,42.52,1.0,98,0.2133867724609375
call,2026-11-30,0.1506849315068493,740.0,49.28,49.7,49.49,49.74,6.0,556,0.21167780517578122
call,2026-11-30,0.1506849315068493,741.0,48.38,48.81,48.595,41.61,1.0,166,0.20992306198120114
call,2026-11-30,0.1506849315068493,742.0,47.46,47.95,47.705,47.16,2.0,106,0.2084582328796386
call,2026-11-30,0.1506849315068493,743.0,46.64,47.05,46.845,33.4,2.0,256,0.20656616195678706
call,2026-11-30,0.1506849315068493,744.0,45.76,46.2,45.980000000000004,46.64,1.0,514,0.20514710876464842
call,2026-11-30,0.1506849315068493,745.0,44.89,45.33,45.11,45.42,9.0,596,0.2034991760253906
call,2026-11-30,0.1506849315068493,746.0,44.05,44.55,44.3,30.56,1.0,509,0.20270572692871092
call,2026-11-30,0.1506849315068493,747.0,43.19,43.57,43.379999999999995,39.04,2.0,710,0.19991339645385742
call,2026-11-30,0.1506849315068493,748.0,42.33,42.74,42.535,36.62,1.0,104,0.19857063644409179
call,2026-11-30,0.1506849315068493,749.0,41.53,41.88,41.705,42.48,2.0,157,0.19690744506835936
call,2026-11-30,0.1506849315068493,750.0,40.68,41.12,40.9,41.01,4.0,821,0.1961445132446289
call,2026-11-30,0.1506849315068493,751.0,39.78,40.18,39.980000000000004,40.78,3.0,216,0.1936573554992676
call,2026-11-30,0.1506849315068493,752.0,39.0,39.39,39.195,30.92,6.0,196,0.19255873367309573
call,2026-11-30,0.1506849315068493,753.0,38.13,38.46,38.295,32.22,2.0,278,0.1901020932006836
call,2026-11-30,0.1506849315068493,754.0,37.34,37.67,37.505,31.17,3.0,152,0.18892717819213867
call,2026-11-30,0.1506849315068493,755.0,36.52,36.92,36.72,36.22,10.0,327,0.18807269454956055
call,2026-11-30,0.1506849315068493,756.0,35.67,35.97,35.82,30.69,1.0,375,0.18535665725708006
call,2026-11-30,0.1506849315068493,757.0,34.84,35.19,35.015,30.96,1.0,225,0.18415122497558595
call,2026-11-30,0.1506849315068493,758.0,34.05,34.37,34.209999999999994,31.8,3.0,2051,0.18254906814575195
call,2026-11-30,0.1506849315068493,759.0,33.29,33.59,33.44,28.14,2.0,201,0.18125208404541016
call,2026-11-30,0.1506849315068493,760.0,32.51,32.79,32.65,33.3,8.0,2675,0.17974147903442383
call,2026-11-30,0.1506849315068493,761.0,31.7,31.95,31.825,32.97,4.0,332,0.17783414947509768
call,2026-11-30,0.1506849315068493,762.0,30.92,31.16,31.04,25.99,6.0,585,0.17633880310058597
call,2026-11-30,0.1506849315068493,763.0,30.13,30.41,30.27,25.13,2.0,863,0.17514862945556642
call,2026-11-30,0.1506849315068493,764.0,29.39,29.67,29.53,30.0,2.0,522,0.17397371444702148
call,2026-11-30,0.1506849315068493,765.0,28.63,28.91,28.77,29.0,9.0,1208,0.17260043716430667
call,2026-11-30,0.1506849315068493,766.0,27.83,28.08,27.955,28.35,11.0,412,0.17057103851318361
call,2026-11-30,0.1506849315068493,767.0,27.05,27.35,27.200000000000003,27.89,2.0,336,0.16935034759521483
call,2026-11-30,0.1506849315068493,768.0,26.37,26.65,26.509999999999998,26.18,1.0,637,0.16832801895141608
call,2026-11-30,0.1506849315068493,769.0,25.66,25.87,25.765,26.6,15.0,423,0.166573275756836
call,2026-11-30,0.1506849315068493,770.0,24.95,25.11,25.03,25.91,38.0,1595,0.16494060165405272
call,2026-11-30,0.1506849315068493,771.0,24.18,24.42,24.3,25.5,10.0,571,0.1638419798278809
call,2026-11-30,0.1506849315068493,772.0,23.48,23.72,23.6,23.65,10.0,940,0.1626060302734375
call,2026-11-30,0.1506849315068493,773.0,22.8,23.04,22.92,22.83,5.0,1165,0.1614768911743164
call,2026-11-30,0.1506849315068493,774.0,22.12,22.35,22.235,23.25,17.0,527,0.16021042434692384
call,2026-11-30,0.1506849315068493,775.0,21.47,21.61,21.54,21.55,236.0,1032,0.15845568115234376
call,2026-11-30,0.1506849315068493,776.0,20.75,20.93,20.84,21.2,5.0,517,0.15714343841552736
call,2026-11-30,0.1506849315068493,777.0,20.15,20.33,20.24,20.93,21.0,624,0.1564262825012207
call,2026-11-30,0.1506849315068493,778.0,19.51,19.71,19.61,20.38,126.0,636,0.1554802470397949
call,2026-11-30,0.1506849315068493,779.0,18.85,19.01,18.93,19.1,62.0,1342,0.1538170556640625
call,2026-11-30,0.1506849315068493,780.0,18.24,18.38,18.31,18.35,143.0,3908,0.15265739929199224
call,2026-11-30,0.1506849315068493,781.0,17.63,17.74,17.685,17.68,82.0,729,0.15134515655517583
call,2026-11-30,0.1506849315068493,782.0,17.08,17.12,17.1,17.27,24.0,487,0.15012446563720705
call,2026-11-30,0.1506849315068493,783.0,16.48,16.53,16.505000000000003,16.79,4.0,553,0.14907161972045896
call,2026-11-30,0.1506849315068493,784.0,15.91,15.95,15.93,16.31,2.0,124,0.1480340324401856
call,2026-11-30,0.1506849315068493,785.0,15.31,15.35,15.33,15.32,110.0,1103,0.14676756561279297
call,2026-11-30,0.1506849315068493,786.0,14.75,14.79,14.77,14.78,333.0,312,0.1457452369689941
call,2026-11-30,0.1506849315068493,787.0,14.23,14.28,14.254999999999999,14.42,22.0,270,0.14505859832763673
call,2026-11-30,0.1506849315068493,788.0,13.71,13.76,13.735,14.47,16.0,338,0.14420411468505856
call,2026-11-30,0.1506849315068493,789.0,13.18,13.23,13.205,13.23,6.0,1391,0.1431970446777344
call,2026-11-30,0.1506849315068493,790.0,12.65,12.7,12.675,12.71,160.0,2529,0.1420984228515625
call,2026-11-30,0.1506849315068493,791.0,12.18,12.22,12.2,12.8,22.0,508,0.14135074966430666
call,2026-11-30,0.1506849315068493,792.0,11.68,11.71,11.695,12.03,2.0,189,0.1402521278381348
call,2026-11-30,0.1506849315068493,793.0,11.2,11.23,11.215,12.21,35.0,672,0.1393213510131836
call,2026-11-30,0.1506849315068493,794.0,10.73,10.77,10.75,11.54,134.0,288,0.1384821260070801
call,2026-11-30,0.1506849315068493,795.0,10.3,10.34,10.32,10.85,142.0,1041,0.1378260046386719
call,2026-11-30,0.1506849315068493,796.0,9.89,9.94,9.915,10.59,281.0,354,0.1373377282714844
call,2026-11-30,0.1506849315068493,797.0,9.45,9.49,9.469999999999999,10.33,114.0,382,0.13631539962768557
call,2026-11-30,0.1506849315068493,798.0,9.08,9.12,9.1,9.88,94.0,117,0.13590341644287113
call,2026-11-30,0.1506849315068493,799.0,8.65,8.68,8.665,8.64,9.0,413,0.13480479461669925
call,2026-11-30,0.1506849315068493,800.0,8.27,8.3,8.285,8.28,239.0,2684,0.13413341461181644
call,2026-11-30,0.1506849315068493,801.0,7.9,7.93,7.915,7.92,94.0,743,0.13346203460693357
call,2026-11-30,0.1506849315068493,802.0,7.55,7.58,7.5649999999999995,8.27,90.0,926,0.13288220642089843
call,2026-11-30,0.1506849315068493,803.0,7.22,7.25,7.234999999999999,7.21,36.0,823,0.1324091886901856
call,2026-11-30,0.1506849315068493,804.0,6.87,6.9,6.885,7.46,23.0,189,0.1316462568664551
call,2026-11-30,0.1506849315068493,805.0,6.54,6.57,6.555,6.57,159.0,438,0.13097487686157228
call,2026-11-30,0.1506849315068493,806.0,6.25,6.28,6.265000000000001,6.69,42.0,21117,0.13062392822265623
call,2026-11-30,0.1506849315068493,807.0,5.94,5.97,5.955,6.03,25.0,468,0.1299525482177734
call,2026-11-30,0.1506849315068493,808.0,5.65,5.68,5.665,6.08,9.0,1318,0.1294032373046875
call,2026-11-30,0.1506849315068493,809.0,5.39,5.42,5.404999999999999,4.6,38.0,413,0.12906754730224607
call,2026-11-30,0.1506849315068493,810.0,5.12,5.14,5.13,5.49,76.0,758,0.12842668457031248
call,2026-11-30,0.1506849315068493,811.0,4.87,4.89,4.88,5.16,40.0,651,0.12801470138549803
call,2026-11-30,0.1506849315068493,812.0,4.62,4.65,4.635,5.23,5.0,1781,0.1276179768371582
call,2026-11-30,0.1506849315068493,813.0,4.38,4.41,4.395,4.58,79.0,144,0.12711444183349607
call,2026-11-30,0.1506849315068493,814.0,4.16,4.18,4.17,4.69,28.0,199,0.1266566827392578
call,2026-11-30,0.1506849315068493,815.0,3.93,3.96,3.9450000000000003,4.36,155.0,638,0.1261836650085449
call,2026-11-30,0.1506849315068493,816.0,3.73,3.76,3.745,4.11,55.0,248,0.12586323364257812
call,2026-11-30,0.1506849315068493,817.0,3.54,3.57,3.5549999999999997,3.58,7.0,417,0.1255885781860352
call,2026-11-30,0.1506849315068493,818.0,3.35,3.37,3.3600000000000003,3.38,1.0,109,0.12508504318237307
call,2026-11-30,0.1506849315068493,819.0,3.17,3.2,3.185,3.21,6.0,709,0.12487142227172851
call,2026-11-30,0.1506849315068493,820.0,3.0,3.02,3.01,3.06,227.0,2345,0.12442892181396485
call,2026-11-30,0.1506849315068493,825.0,2.26,2.28,2.2699999999999996,2.49,337.0,1015,0.12305564453125001
call,2026-11-30,0.1506849315068493,830.0,1.71,1.72,1.7149999999999999,1.71,52.0,3314,0.12226219543457033
call,2026-11-30,0.1506849315068493,835.0,1.28,1.3,1.29,1.42,258.0,1519,0.12198753997802736
call,2026-11-30,0.1506849315068493,840.0,0.97,0.98,0.975,0.98,220.0,543,0.12195702270507813
call,2026-11-30,0.1506849315068493,845.0,0.73,0.75,0.74,0.75,268.0,442,0.12256736816406251
call,2026-11-30,0.1506849315068493,850.0,0.56,0.57,0.565,0.58,16.0,5008,0.12317771362304689
call,2026-11-30,0.1506849315068493,855.0,0.44,0.45,0.445,0.49,9.0,185,0.12464254272460937
call,2026-11-30,0.1506849315068493,860.0,0.35,0.36,0.355,0.36,8.0,684,0.12641254455566403
call,2026-11-30,0.1506849315068493,865.0,0.28,0.29,0.28500000000000003,0.31,2.0,802,0.1283046154785156
call,2026-11-30,0.1506849315068493,870.0,0.22,0.23,0.225,0.25,5.0,1190,0.129891513671875
call,2026-11-30,0.1506849315068493,875.0,0.18,0.19,0.185,0.21,4.0,746,0.13208875732421876
call,2026-11-30,0.1506849315068493,880.0,0.14,0.16,0.15000000000000002,0.13,17.0,1147,0.13453013916015627
call,2026-11-30,0.1506849315068493,885.0,0.12,0.13,0.125,0.11,6.0,240,0.1362391064453125
call,2026-11-30,0.1506849315068493,890.0,0.1,0.11,0.10500000000000001,0.08,10.0,269,0.13868048828125001
call,2026-11-30,0.1506849315068493,895.0,0.08,0.09,0.08499999999999999,0.07,17.0,3332,0.14063359375
call,2026-11-30,0.1506849315068493,900.0,0.07,0.08,0.07500000000000001,0.07,112.0,4021,0.143563251953125
call,2026-11-30,0.1506849315068493,905.0,0.05,0.06,0.055,0.04,48.0,167,0.14405152832031248
call,2026-11-30,0.1506849315068493,910.0,0.05,0.06,0.055,0.05,24.0,248,0.1489342919921875
call,2026-11-30,0.1506849315068493,915.0,0.04,0.05,0.045,0.05,36.0,448,0.15039912109375003
call,2026-11-30,0.1506849315068493,920.0,0.03,0.04,0.035,0.05,10.0,698,0.15137567382812503
put,2026-11-30,0.1506849315068493,475.0,0.14,0.15,0.14500000000000002,0.14,21.0,1192,0.4804739453125
put,2026-11-30,0.1506849315068493,480.0,0.15,0.16,0.155,0.22,1.0,64,0.47412635253906255
put,2026-11-30,0.1506849315068493,485.0,0.16,0.17,0.165,0.19,5.0,274,0.467778759765625
put,2026-11-30,0.1506849315068493,490.0,0.17,0.18,0.175,0.2,1.0,177,0.46143116699218756
put,2026-11-30,0.1506849315068493,495.0,0.18,0.19,0.185,0.18,1.0,139,0.45508357421875
put,2026-11-30,0.1506849315068493,500.0,0.19,0.2,0.195,0.22,15.0,494,0.44824770507812495
put,2026-11-30,0.1506849315068493,505.0,0.2,0.21,0.20500000000000002,0.23,2.0,121,0.4414118359375
put,2026-11-30,0.1506849315068493,510.0,0.21,0.22,0.215,0.23,1.0,502,0.43457596679687505
put,2026-11-30,0.1506849315068493,515.0,0.23,0.24,0.235,0.25,1.0,122,0.4299373413085938
put,2026-11-30,0.1506849315068493,520.0,0.24,0.25,0.245,0.25,1.0,55,0.422857333984375
put,2026-11-30,0.1506849315068493,525.0,0.25,0.26,0.255,0.27,4.0,366,0.4157773266601562
put,2026-11-30,0.1506849315068493,530.0,0.27,0.28,0.275,0.28,34.0,584,0.41040628662109374
put,2026-11-30,0.1506849315068493,535.0,0.28,0.29,0.28500000000000003,0.29,4.0,462,0.4030821411132813
put,2026-11-30,0.1506849315068493,540.0,0.3,0.31,0.305,0.3,200.0,503,0.397466962890625
put,2026-11-30,0.1506849315068493,545.0,0.32,0.33,0.325,0.32,4.0,485,0.39160764648437496
put,2026-11-30,0.1506849315068493,550.0,0.33,0.34,0.335,0.34,25.0,1313,0.38403936279296874
put,2026-11-30,0.1506849315068493,555.0,0.35,0.36,0.355,0.62,1.0,758,0.37793590820312495
put,2026-11-30,0.1506849315068493,560.0,0.37,0.38,0.375,0.37,2.0,966,0.3715883154296875
put,2026-11-30,0.1506849315068493,565.0,0.39,0.4,0.395,0.39,2.0,881,0.36499658447265626
put,2026-11-30,0.1506849315068493,570.0,0.42,0.43,0.425,0.44,1.0,76080,0.35962554443359374
put,2026-11-30,0.1506849315068493,575.0,0.44,0.45,0.445,0.44,5.0,881,0.3530338134765625
put,2026-11-30,0.1506849315068493,580.0,0.46,0.47,0.46499999999999997,0.48,15.0,2869,0.3461979443359374
put,2026-11-30,0.1506849315068493,581.0,0.47,0.48,0.475,0.68,18.0,18,0.3454655297851562
put,2026-11-30,0.1506849315068493,582.0,0.47,0.48,0.475,0.48,2.0,18,0.3437565625
put,2026-11-30,0.1506849315068493,584.0,0.48,0.49,0.485,0.7,,200,0.34107104248046877
put,2026-11-30,0.1506849315068493,585.0,0.49,0.5,0.495,0.51,7.0,1501,0.3403386279296875
put,2026-11-30,0.1506849315068493,586.0,0.49,0.5,0.495,0.62,1.0,3,0.33850759155273435
put,2026-11-30,0.1506849315068493,587.0,0.5,0.51,0.505,1.23,1.0,1,0.33765310791015624
put,2026-11-30,0.1506849315068493,588.0,0.51,0.52,0.515,0.62,1.0,2,0.336920693359375
put,2026-11-30,0.1506849315068493,589.0,0.51,0.52,0.515,1.31,2.0,2,0.3350896569824219
put,2026-11-30,0.1506849315068493,590.0,0.52,0.53,0.525,0.6,71.0,626,0.33423517333984376
put,2026-11-30,0.1506849315068493,591.0,0.52,0.53,0.525,0.97,2.0,23,0.3324041369628906
put,2026-11-30,0.1506849315068493,592.0,0.53,0.54,0.535,0.86,2.0,2,0.3315496533203125
put,2026-11-30,0.1506849315068493,593.0,0.53,0.54,0.535,1.02,5.0,12,0.3298406860351562
put,2026-11-30,0.1506849315068493,595.0,0.55,0.56,0.555,0.65,11.0,599,0.3278875805664062
put,2026-11-30,0.1506849315068493,596.0,0.55,0.56,0.555,0.64,280.0,296,0.32617861328125
put,2026-11-30,0.1506849315068493,598.0,0.57,0.58,0.575,0.66,212.0,880,0.3242255078124999
put,2026-11-30,0.1506849315068493,599.0,0.57,0.58,0.575,1.01,7.0,11,0.3225165405273437
put,2026-11-30,0.1506849315068493,600.0,0.58,0.59,0.585,0.57,4.0,2299,0.3215399877929687
put,2026-11-30,0.1506849315068493,601.0,0.58,0.59,0.585,2.02,1.0,3,0.3198310205078124
put,2026-11-30,0.1506849315068493,602.0,0.59,0.6,0.595,0.69,84.0,118,0.3188544677734374
put,2026-11-30,0.1506849315068493,603.0,0.6,0.61,0.605,0.88,3.0,22,0.3178779150390625
put,2026-11-30,0.1506849315068493,604.0,0.6,0.61,0.605,1.39,,1,0.31604687866210934
put,2026-11-30,0.1506849315068493,605.0,0.61,0.62,0.615,0.7,62.0,1106,0.3149482568359374
put,2026-11-30,0.1506849315068493,606.0,0.62,0.63,0.625,0.66,20.0,57,0.3139717041015625
put,2026-11-30,0.1506849315068493,607.0,0.62,0.63,0.625,1.01,1.0,13,0.3122627368164062
put,2026-11-30,0.1506849315068493,608.0,0.63,0.64,0.635,1.13,360.0,361,0.31116411499023433
put,2026-11-30,0.1506849315068493,609.0,0.64,0.65,0.645,1.23,5.0,215,0.3100654931640625
put,2026-11-30,0.1506849315068493,610.0,0.65,0.66,0.655,0.75,4.0,1186,0.3090889404296875
put,2026-11-30,0.1506849315068493,611.0,0.65,0.66,0.655,1.25,20.0,27,0.30725790405273434
put,2026-11-30,0.1506849315068493,612.0,0.66,0.67,0.665,0.67,1.0,20711,0.3061592822265625
put,2026-11-30,0.1506849315068493,614.0,0.67,0.68,0.675,1.07,3.0,6,0.30335169311523436
put,2026-11-30,0.1506849315068493,615.0,0.68,0.69,0.685,0.72,1.0,797,0.30225307128906254
put,2026-11-30,0.1506849315068493,616.0,0.69,0.7,0.695,0.72,20.0,128,0.3011544494628906
put,2026-11-30,0.1506849315068493,617.0,0.7,0.71,0.705,0.71,268.0,1,0.30005582763671873
put,2026-11-30,0.1506849315068493,618.0,0.71,0.72,0.715,0.73,300.0,63,0.29895720581054686
put,2026-11-30,0.1506849315068493,619.0,0.71,0.72,0.715,1.01,148.0,156,0.2971261694335937
put,2026-11-30,0.1506849315068493,620.0,0.72,0.73,0.725,0.84,22.0,699,0.2960275476074219
put,2026-11-30,0.1506849315068493,621.0,0.73,0.74,0.735,1.13,,3,0.29480685668945306
put,2026-11-30,0.1506849315068493,622.0,0.74,0.75,0.745,0.77,300.0,4,0.2937082348632812
put,2026-11-30,0.1506849315068493,623.0,0.75,0.76,0.755,1.09,2.0,1,0.2924875439453124
put,2026-11-30,0.1506849315068493,624.0,0.76,0.77,0.765,0.77,301.0,102,0.2913889221191405
put,2026-11-30,0.1506849315068493,625.0,0.77,0.78,0.775,0.9,3.0,733,0.29016823120117186
put,2026-11-30,0.1506849315068493,626.0,0.78,0.79,0.785,0.81,300.0,25,0.288947540283203
put,2026-11-30,0.1506849315068493,627.0,0.79,0.8,0.795,0.82,1.0,56,0.2877268493652343
put,2026-11-30,0.1506849315068493,628.0,0.8,0.81,0.805,0.83,300.0,9,0.28650615844726557
put,2026-11-30,0.1506849315068493,630.0,0.81,0.82,0.815,0.86,21.0,448,0.28357650024414055
put,2026-11-30,0.1506849315068493,631.0,0.82,0.83,0.825,1.34,2.0,534,0.2823558093261719
put,2026-11-30,0.1506849315068493,632.0,0.83,0.84,0.835,0.87,300.0,5,0.2810740838623046
put,2026-11-30,0.1506849315068493,633.0,0.84,0.85,0.845,1.23,2.0,11,0.2797923583984374
put,2026-11-30,0.1506849315068493,634.0,0.86,0.87,0.865,0.85,1.0,257,0.27912097839355465
put,2026-11-30,0.1506849315068493,635.0,0.86,0.87,0.865,0.89,7.0,216,0.27735097656249996
put,2026-11-30,0.1506849315068493,636.0,0.88,0.89,0.885,1.72,1.0,135,0.2766185620117187
put,2026-11-30,0.1506849315068493,637.0,0.88,0.9,0.89,1.48,103.0,203,0.2752758020019531
put,2026-11-30,0.1506849315068493,638.0,0.9,0.91,0.905,1.05,1.0,49,0.2740551110839844
put,2026-11-30,0.1506849315068493,639.0,0.9,0.92,0.91,1.07,1.0,31,0.2727123510742187
put,2026-11-30,0.1506849315068493,640.0,0.92,0.93,0.925,0.93,43.0,503,0.27136959106445313
put,2026-11-30,0.1506849315068493,641.0,0.92,0.94,0.9299999999999999,0.93,1.0,9,0.2701489001464844
put,2026-11-30,0.1506849315068493,642.0,0.93,0.95,0.94,0.98,8.0,121,0.2688061401367187
put,2026-11-30,0.1506849315068493,643.0,0.95,0.96,0.955,2.35,18.0,20,0.26746338012695314
put,2026-11-30,0.1506849315068493,644.0,0.96,0.97,0.965,1.42,1.0,5,0.2661206201171875
put,2026-11-30,0.1506849315068493,645.0,0.97,0.99,0.98,1.04,1.0,73,0.2652661364746094
put,2026-11-30,0.1506849315068493,646.0,0.98,1.0,0.99,1.73,2.0,55,0.26392337646484376
put,2026-11-30,0.1506849315068493,647.0,1.0,1.01,1.005,1.18,2.0,373,0.26258061645507813
put,2026-11-30,0.1506849315068493,648.0,1.01,1.02,1.0150000000000001,1.5,6.0,26,0.2612378564453125
put,2026-11-30,0.1506849315068493,649.0,1.02,1.03,1.025,1.63,1.0,64,0.2598340618896484
put,2026-11-30,0.1506849315068493,650.0,1.03,1.05,1.04,1.04,8.0,497,0.25891854370117195
put,2026-11-30,0.1506849315068493,651.0,1.04,1.06,1.05,1.85,42.0,66,0.25757578369140627
put,2026-11-30,0.1506849315068493,652.0,1.06,1.07,1.065,1.53,4.0,210,0.2561109545898438
put,2026-11-30,0.1506849315068493,653.0,1.08,1.09,1.085,1.12,1.0,268,0.2551954364013672
put,2026-11-30,0.1506849315068493,654.0,1.09,1.1,1.0950000000000002,1.13,1.0,3,0.25379164184570313
put,2026-11-30,0.1506849315068493,655.0,1.11,1.12,1.1150000000000002,1.15,1.0,770,0.2528150891113281
put,2026-11-30,0.1506849315068493,656.0,1.12,1.13,1.125,1.11,2.0,8,0.25135026000976557
put,2026-11-30,0.1506849315068493,657.0,1.14,1.15,1.145,2.19,2.0,12,0.2503737072753906
put,2026-11-30,0.1506849315068493,658.0,1.15,1.16,1.1549999999999998,1.18,10.0,129,0.24890887817382812
put,2026-11-30,0.1506849315068493,659.0,1.16,1.18,1.17,2.08,1.0,59,0.2478712908935547
put,2026-11-30,0.1506849315068493,660.0,1.18,1.19,1.185,1.18,47.0,1872,0.24640646179199222
put,2026-11-30,0.1506849315068493,661.0,1.2,1.21,1.205,2.26,2.0,386,0.24536887451171874
put,2026-11-30,0.1506849315068493,662.0,1.21,1.22,1.2149999999999999,2.18,1.0,1,0.24390404541015626
put,2026-11-30,0.1506849315068493,663.0,1.22,1.24,1.23,1.61,2.0,336,0.24280542358398435
put,2026-11-30,0.1506849315068493,664.0,1.24,1.26,1.25,2.31,2.0,280,0.2417068017578125
put,2026-11-30,0.1506849315068493,665.0,1.26,1.27,1.2650000000000001,1.26,3.0,997,0.24018093811035152
put,2026-11-30,0.1506849315068493,666.0,1.27,1.29,1.28,1.28,2.0,17,0.23908231628417967
put,2026-11-30,0.1506849315068493,667.0,1.3,1.31,1.3050000000000002,2.32,30.0,242,0.23792265991210934
put,2026-11-30,0.1506849315068493,668.0,1.32,1.33,1.3250000000000002,1.62,1.0,225,0.23676300354003904
put,2026-11-30,0.1506849315068493,669.0,1.33,1.34,1.335,1.36,1.0,48,0.2352371398925781
put,2026-11-30,0.1506849315068493,670.0,1.35,1.37,1.36,1.34,14.0,950,0.23438265625
put,2026-11-30,0.1506849315068493,671.0,1.37,1.38,1.375,2.46,85.0,85,0.23285679260253905
put,2026-11-30,0.1506849315068493,672.0,1.39,1.4,1.395,1.44,3.0,226,0.23169713623046873
put,2026-11-30,0.1506849315068493,673.0,1.4,1.42,1.41,1.41,3.0,159,0.2304764453125
put,2026-11-30,0.1506849315068493,674.0,1.42,1.44,1.43,1.51,2.0,235,0.22925575439453127
put,2026-11-30,0.1506849315068493,675.0,1.44,1.46,1.45,1.44,2743.0,75680,0.22797402893066404
put,2026-11-30,0.1506849315068493,676.0,1.46,1.48,1.47,1.5,3.0,142,0.2267533380126953
put,2026-11-30,0.1506849315068493,677.0,1.49,1.51,1.5,2.74,69.0,212,0.2257767852783203
put,2026-11-30,0.1506849315068493,678.0,1.51,1.53,1.52,1.5,12.0,185,0.22449505981445309
put,2026-11-30,0.1506849315068493,679.0,1.53,1.55,1.54,1.52,3.0,738,0.22321333435058593
put,2026-11-30,0.1506849315068493,680.0,1.55,1.57,1.56,1.56,7.0,1503,0.2219316088867187
put,2026-11-30,0.1506849315068493,681.0,1.57,1.59,1.58,3.25,1.0,481,0.2205888488769531
put,2026-11-30,0.1506849315068493,682.0,1.61,1.62,1.6150000000000002,1.68,2.0,65,0.21955126159667968
put,2026-11-30,0.1506849315068493,683.0,1.63,1.64,1.6349999999999998,1.63,16.0,300,0.21823901885986324
put,2026-11-30,0.1506849315068493,684.0,1.65,1.67,1.66,1.76,2.0,18836,0.21717091430664062
put,2026-11-30,0.1506849315068493,685.0,1.68,1.7,1.69,1.7,4.0,4351,0.21607229248046872
put,2026-11-30,0.1506849315068493,686.0,1.71,1.72,1.7149999999999999,1.84,1.0,260,0.21472953247070312
put,2026-11-30,0.1506849315068493,687.0,1.73,1.75,1.74,1.76,1.0,79,0.21363091064453127
put,2026-11-30,0.1506849315068493,688.0,1.76,1.78,1.77,1.82,1.0,290,0.21247125427246094
put,2026-11-30,0.1506849315068493,689.0,1.78,1.8,1.79,2.53,1.0,270,0.21106745971679686
put,2026-11-30,0.1506849315068493,690.0,1.82,1.83,1.8250000000000002,1.81,14.0,613,0.20990780334472653
put,2026-11-30,0.1506849315068493,691.0,1.84,1.86,1.85,2.04,2.0,81,0.2087481469726562
put,2026-11-30,0.1506849315068493,692.0,1.88,1.89,1.8849999999999998,2.94,2.0,901,0.20752745605468748
put,2026-11-30,0.1506849315068493,693.0,1.9,1.92,1.91,2.34,3.0,1451,0.2063067651367187
put,2026-11-30,0.1506849315068493,694.0,1.93,1.96,1.9449999999999998,1.99,4.0,95,0.20533021240234373
put,2026-11-30,0.1506849315068493,695.0,1.97,1.98,1.975,2.06,5.0,672,0.20386538330078124
put,2026-11-30,0.1506849315068493,696.0,2.01,2.03,2.0199999999999996,1.99,9.0,114,0.20307193420410152
put,2026-11-30,0.1506849315068493,697.0,2.04,2.06,2.05,2.13,8.0,179,0.20179020874023437
put,2026-11-30,0.1506849315068493,698.0,2.07,2.1,2.085,2.05,5.0,265,0.20075262145996092
put,2026-11-30,0.1506849315068493,699.0,2.11,2.13,2.12,2.17,6.0,95,0.1994098614501953
put,2026-11-30,0.1506849315068493,700.0,2.16,2.17,2.165,2.15,175.0,9932,0.19831123962402342
put,2026-11-30,0.1506849315068493,701.0,2.19,2.21,2.2,2.28,6.0,983,0.19721261779785154
put,2026-11-30,0.1506849315068493,702.0,2.23,2.25,2.24,2.46,4.0,153,0.19605296142578127
put,2026-11-30,0.1506849315068493,703.0,2.27,2.29,2.2800000000000002,2.24,4.0,24,0.19489330505371094
put,2026-11-30,0.1506849315068493,704.0,2.31,2.33,2.3200000000000003,2.26,5.0,298,0.19373364868164064
put,2026-11-30,0.1506849315068493,705.0,2.35,2.37,2.3600000000000003,2.3,14.0,2018,0.1925129577636719
put,2026-11-30,0.1506849315068493,706.0,2.39,2.41,2.4000000000000004,2.45,3.0,253,0.19129226684570313
put,2026-11-30,0.1506849315068493,707.0,2.43,2.45,2.4400000000000004,4.44,2.0,197,0.1900715759277344
put,2026-11-30,0.1506849315068493,708.0,2.48,2.5,2.49,2.46,8.0,54,0.18903398864746096
put,2026-11-30,0.1506849315068493,709.0,2.52,2.53,2.525,2.68,1.0,471,0.1875386422729492
put,2026-11-30,0.1506849315068493,710.0,2.57,2.59,2.58,2.55,44.0,611,0.18665364135742188
put,2026-11-30,0.1506849315068493,711.0,2.62,2.64,2.63,2.61,20.0,268,0.18549398498535152
put,2026-11-30,0.1506849315068493,712.0,2.68,2.7,2.6900000000000004,2.8,3.0,1267,0.18454794952392578
put,2026-11-30,0.1506849315068493,713.0,2.72,2.74,2.7300000000000004,2.69,2.0,211,0.18317467224121092
put,2026-11-30,0.1506849315068493,714.0,2.78,2.79,2.785,2.82,4.0,416,0.18198449859619142
put,2026-11-30,0.1506849315068493,715.0,2.83,2.85,2.84,2.81,58.0,482,0.18097742858886717
put,2026-11-30,0.1506849315068493,716.0,2.88,2.9,2.8899999999999997,2.91,7.0,202,0.17972622039794922
put,2026-11-30,0.1506849315068493,717.0,2.95,2.96,2.955,4.05,1.0,241,0.17862759857177735
put,2026-11-30,0.1506849315068493,718.0,3.0,3.02,3.01,3.06,16.0,1614,0.17752897674560547
put,2026-11-30,0.1506849315068493,719.0,3.07,3.08,3.075,3.11,2.0,198,0.1763693203735352
put,2026-11-30,0.1506849315068493,720.0,3.13,3.14,3.135,3.11,193.0,2826,0.17520966400146482
put,2026-11-30,0.1506849315068493,721.0,3.18,3.2,3.1900000000000004,3.23,2.0,241,0.17401949035644532
put,2026-11-30,0.1506849315068493,722.0,3.25,3.28,3.2649999999999997,3.99,18.0,142,0.17313448944091797
put,2026-11-30,0.1506849315068493,723.0,3.32,3.34,3.33,3.37,5.0,315,0.17188328125000002
put,2026-11-30,0.1506849315068493,724.0,3.38,3.41,3.395,3.33,9.0,407,0.17075414215087892
put,2026-11-30,0.1506849315068493,725.0,3.45,3.46,3.455,3.42,210.0,4564,0.16931983032226564
put,2026-11-30,0.1506849315068493,726.0,3.52,3.55,3.535,3.5,9.0,658,0.16846534667968754
put,2026-11-30,0.1506849315068493,727.0,3.62,3.64,3.63,3.58,8.0,21008,0.16754982849121097
put,2026-11-30,0.1506849315068493,728.0,3.68,3.7,3.6900000000000004,3.86,72.0,808,0.16617655120849611
put,2026-11-30,0.1506849315068493,729.0,3.75,3.78,3.7649999999999997,3.74,24.0,638,0.16507792938232424
put,2026-11-30,0.1506849315068493,730.0,3.84,3.85,3.8449999999999998,3.8,114.0,1449,0.16376568664550784
put,2026-11-30,0.1506849315068493,731.0,3.94,3.95,3.9450000000000003,3.9,26.0,118,0.1628806857299805
put,2026-11-30,0.1506849315068493,732.0,4.0,4.03,4.015000000000001,3.95,8.0,108,0.16169051208496094
put,2026-11-30,0.1506849315068493,733.0,4.11,4.13,4.12,4.1,116.0,535,0.16071395935058597
put,2026-11-30,0.1506849315068493,734.0,4.19,4.22,4.205,4.22,44.0,116,0.1595848202514648
put,2026-11-30,0.1506849315068493,735.0,4.29,4.32,4.305,4.27,39.0,6216,0.15854723297119144
put,2026-11-30,0.1506849315068493,736.0,4.39,4.42,4.404999999999999,4.31,6.0,461,0.15747912841796874
put,2026-11-30,0.1506849315068493,737.0,4.49,4.52,4.505,4.42,8.0,510,0.1563499893188477
put,2026-11-30,0.1506849315068493,738.0,4.59,4.61,4.6,4.62,2.0,495,0.1550987811279297
put,2026-11-30,0.1506849315068493,739.0,4.71,4.73,4.720000000000001,4.77,11.0,500,0.15415274566650394
put,2026-11-30,0.1506849315068493,740.0,4.8,4.82,4.8100000000000005,4.77,83.0,2686,0.1528099856567383
put,2026-11-30,0.1506849315068493,741.0,4.91,4.94,4.925000000000001,4.87,6.0,255,0.15180291564941406
put,2026-11-30,0.1506849315068493,742.0,5.04,5.06,5.05,4.95,4.0,695,0.15075006973266608
put,2026-11-30,0.1506849315068493,743.0,5.17,5.19,5.18,5.56,33.0,390,0.14977351699829106
put,2026-11-30,0.1506849315068493,744.0,5.28,5.3,5.29,5.17,465.0,671,0.14852230880737305
put,2026-11-30,0.1506849315068493,745.0,5.4,5.42,5.41,5.36,218.0,1795,0.14734739379882814
put,2026-11-30,0.1506849315068493,746.0,5.52,5.55,5.535,5.54,168.0,1142,0.14624877197265623
put,2026-11-30,0.1506849315068493,747.0,5.66,5.69,5.675000000000001,5.67,7.0,246,0.1452111846923828
put,2026-11-30,0.1506849315068493,748.0,5.8,5.83,5.8149999999999995,5.79,351.0,648,0.14412782150268555
put,2026-11-30,0.1506849315068493,749.0,5.95,5.98,5.965,5.95,65.0,556,0.14310549285888674
put,2026-11-30,0.1506849315068493,750.0,6.1,6.13,6.115,6.07,963.0,3864,0.14203738830566404
put,2026-11-30,0.1506849315068493,751.0,6.25,6.29,6.27,6.46,3.0,301,0.14103031829833984
put,2026-11-30,0.1506849315068493,752.0,6.41,6.44,6.425000000000001,6.42,249.0,440,0.1398706619262695
put,2026-11-30,0.1506849315068493,753.0,6.58,6.6,6.59,6.57,8.0,108,0.13875678146362308
put,2026-11-30,0.1506849315068493,754.0,6.74,6.77,6.755,6.74,160.0,306,0.13770393554687502
put,2026-11-30,0.1506849315068493,755.0,6.94,6.97,6.955,6.83,336.0,676,0.1368799691772461
put,2026-11-30,0.1506849315068493,756.0,7.1,7.13,7.115,6.97,30.0,292,0.13562876098632815
put,2026-11-30,0.1506849315068493,757.0,7.29,7.31,7.3,7.16,3.0,362,0.13449962188720704
put,2026-11-30,0.1506849315068493,758.0,7.48,7.5,7.49,7.84,4.0,238,0.13343151733398437
put,2026-11-30,0.1506849315068493,759.0,7.67,7.71,7.6899999999999995,7.66,131.0,298,0.1324854818725586
put,2026-11-30,0.1506849315068493,760.0,7.88,7.91,7.895,7.88,283.0,2754,0.13138686004638672
put,2026-11-30,0.1506849315068493,761.0,8.09,8.11,8.1,8.06,40.0,1243,0.1302272036743164
put,2026-11-30,0.1506849315068493,762.0,8.3,8.33,8.315000000000001,8.3,33.0,504,0.12920487503051759
put,2026-11-30,0.1506849315068493,763.0,8.56,8.59,8.575,8.35,5.0,169,0.12847246047973632
put,2026-11-30,0.1506849315068493,764.0,8.76,8.79,8.774999999999999,8.73,21.0,145,0.1271449591064453
put,2026-11-30,0.1506849315068493,765.0,9.0,9.03,9.015,9.03,138.0,831,0.12609211318969726
put,2026-11-30,0.1506849315068493,766.0,9.25,9.29,9.27,9.15,91.0,697,0.12516133636474608
put,2026-11-30,0.1506849315068493,767.0,9.49,9.53,9.51,9.42,74.0,656,0.12398642135620117
put,2026-11-30,0.1506849315068493,768.0,9.76,9.8,9.780000000000001,9.67,24.0,476,0.12300986862182617
put,2026-11-30,0.1506849315068493,769.0,10.03,10.07,10.05,9.93,93.0,948,0.12195702270507813
put,2026-11-30,0.1506849315068493,770.0,10.34,10.38,10.36,10.33,343.0,1665,0.12116357360839844
put,2026-11-30,0.1506849315068493,771.0,10.61,10.66,10.635,10.64,46.0,400,0.12004969314575195
put,2026-11-30,0.1506849315068493,772.0,10.91,10.96,10.935,10.92,405.0,958,0.11902736450195311
put,2026-11-30,0.1506849315068493,773.0,11.23,11.27,11.25,11.11,7.0,531,0.11800503585815428
put,2026-11-30,0.1506849315068493,774.0,11.53,11.58,11.555,11.38,9.0,511,0.1168911553955078
put,2026-11-30,0.1506849315068493,775.0,11.87,11.91,11.89,11.81,361.0,1527,0.1158840853881836
put,2026-11-30,0.1506849315068493,776.0,12.2,12.25,12.225,11.9,12.0,555,0.11486175674438476
put,2026-11-30,0.1506849315068493,777.0,12.57,12.6,12.585,12.38,17.0,192,0.11383942810058593
put,2026-11-30,0.1506849315068493,778.0,12.92,12.98,12.95,12.88,28.0,160,0.11296968582153322
put,2026-11-30,0.1506849315068493,779.0,13.34,13.38,13.36,13.15,95.0,1091,0.1121762367248535
put,2026-11-30,0.1506849315068493,780.0,13.73,13.76,13.745000000000001,13.7,516.0,869,0.11112339080810546
put,2026-11-30,0.1506849315068493,781.0,14.13,14.17,14.15,14.04,57.0,626,0.1102231312561035
put,2026-11-30,0.1506849315068493,782.0,14.5,14.55,14.525,14.38,69.0,370,0.10898718170166015
put,2026-11-30,0.1506849315068493,783.0,14.89,14.96,14.925,14.65,14.0,188,0.10788855987548829
put,2026-11-30,0.1506849315068493,784.0,15.36,15.39,15.375,15.08,3.0,482,0.10683571395874025
put,2026-11-30,0.1506849315068493,785.0,15.81,15.85,15.83,15.65,36.0,361,0.10595071304321288
put,2026-11-30,0.1506849315068493,786.0,16.26,16.32,16.29,16.25,324.0,77,0.10501993621826172
put,2026-11-30,0.1506849315068493,787.0,16.72,16.78,16.75,19.58,31.0,23,0.10390605575561523
put,2026-11-30,0.1506849315068493,788.0,17.21,17.26,17.235,16.85,43.0,248,0.10283795120239259
put,2026-11-30,0.1506849315068493,789.0,17.72,17.77,17.744999999999997,28.59,31.0,32,0.1019071743774414
put,2026-11-30,0.1506849315068493,790.0,18.26,18.3,18.28,18.11,19.0,292,0.10102217346191406
put,2026-11-30,0.1506849315068493,791.0,18.72,18.87,18.795,19.15,10.0,2,0.10036605209350585
put,2026-11-30,0.1506849315068493,792.0,19.26,19.38,19.32,19.97,20.0,7,0.09906906799316406
put,2026-11-30,0.1506849315068493,794.0,20.43,20.62,20.525,35.07,3.0,25,0.09801622207641603
put,2026-11-30,0.1506849315068493,795.0,20.97,21.1,21.035,21.8,1.0,67,0.0960173406982422
put,2026-11-30,0.1506849315068493,796.0,21.6,21.73,21.665,36.84,1.0,12,0.09523915023803711
put,2026-11-30,0.1506849315068493,800.0,24.07,24.29,24.18,24.5,1.0,47,0.09105828384399414
put,2026-11-30,0.1506849315068493,801.0,24.76,24.94,24.85,29.28,1.0,2,0.08966974792480469
put,2026-11-30,0.1506849315068493,805.0,27.57,27.77,27.67,31.56,2.0,8,0.0847717256164551
put,2026-11-30,0.1506849315068493,807.0,29.02,29.31,29.165,37.53,,1,0.08262025787353516
put,2026-11-30,0.1506849315068493,810.0,31.33,31.68,31.505,36.4,1.0,3,0.078408874206543
put,2026-11-30,0.1506849315068493,812.0,31.77,33.36,32.565,40.87,,0,0.07587594055175782
put,2026-11-30,0.1506849315068493,813.0,32.62,34.21,33.415,41.8,2.0,0,0.07428904235839845
put,2026-11-30,0.1506849315068493,814.0,34.66,35.07,34.864999999999995,42.74,,0,0.0725800750732422
put,2026-11-30,0.1506849315068493,815.0,35.51,35.91,35.709999999999994,48.09,1.0,0,0.06971145141601565
put,2026-11-30,0.1506849315068493,816.0,36.33,36.79,36.56,45.2,1.0,0,0.0672090350341797
put,2026-11-30,0.1506849315068493,820.0,38.84,41.59,40.215,39.5,2.0,0,0.09418630432128906
put,2026-11-30,0.1506849315068493,825.0,43.66,46.46,45.06,56.18,1.0,0,0.09961837890625
put,2026-11-30,0.1506849315068493,830.0,48.66,51.4,50.03,61.0,15.0,0,0.10614907531738281
put,2026-11-30,0.1506849315068493,835.0,53.6,56.41,55.004999999999995,53.95,2.0,3,0.11414460083007813
put,2026-11-30,0.1506849315068493,845.0,74.45,77.97,76.21000000000001,110.81,1.0,0,0.28577374389648436
put,2026-11-30,0.1506849315068493,850.0,84.61,87.82,86.215,110.88,1.0,0,0.3453129434204102
put,2026-11-30,0.1506849315068493,860.0,78.6,81.4,80.0,85.16,1.0,2,0.1506432592773438
put,2026-11-30,0.1506849315068493,865.0,83.58,86.31,84.945,90.18,1.0,0,0.15467153930664065
put,2026-11-30,0.1506849315068493,900.0,133.5,137.66,135.57999999999998,133.42,1.0,0,0.44980408599853516
put,2026-11-30,0.1506849315068493,920.0,138.6,141.33,139.965,158.41,1.0,0,0.2260819580078125
call,2026-12-18,0.2,150.0,629.74,632.57,631.155,626.0,2.0,3,1.738038419189453
call,2026-12-18,0.2,200.0,580.27,583.07,581.6700000000001,580.6,1.0,754,1.503664591064453
call,2026-12-18,0.2,210.0,570.26,573.07,571.665,561.61,1.0,382,1.451174619140625
call,2026-12-18,0.2,220.0,519.23,522.72,520.975,515.9,71.0,82,1.0000000000000003e-05
call,2026-12-18,0.2,230.0,550.51,553.28,551.895,536.7,2.0,14,1.3776886584472656
call,2026-12-18,0.2,240.0,523.79,526.89,525.3399999999999,511.4,1.0,27,1.0000000000000003e-05
call,2026-12-18,0.2,245.0,424.91,428.79,426.85,422.0,4.0,21,1.0000000000000003e-05
call,2026-12-18,0.2,250.0,530.63,533.44,532.0350000000001,520.47,1.0,147,1.300906815795898
call,2026-12-18,0.2,255.0,525.74,528.55,527.145,515.69,3.0,4,1.288821915283203
call,2026-12-18,0.2,260.0,520.77,523.58,522.175,504.85,1.0,15,1.2703893902587888
call,2026-12-18,0.2,265.0,430.6,434.44,432.52,427.58,2.0,120,1.0000000000000003e-05
call,2026-12-18,0.2,270.0,476.35,489.87,483.11,486.29,2.0,65,1.0000000000000003e-05
call,2026-12-18,0.2,275.0,505.85,508.67,507.26,490.09,2.0,124,1.2163125122070313
call,2026-12-18,0.2,280.0,500.9,503.71,502.30499999999995,488.33,2.0,56,1.200077241821289
call,2026-12-18,0.2,285.0,385.58,389.46,387.52,353.65,2.0,103,1.0000000000000003e-05
call,2026-12-18,0.2,290.0,490.94,493.75,492.345,478.48,2.0,16,1.1649211676025393
call,2026-12-18,0.2,295.0,393.0,397.73,395.365,404.0,1.0,78,1.0000000000000003e-05
call,2026-12-18,0.2,300.0,481.13,483.88,482.505,471.1,21.0,220,1.1390423907470704
call,2026-12-18,0.2,305.0,476.18,478.98,477.58000000000004,454.68,1.0,6,1.1258588629150392
call,2026-12-18,0.2,310.0,471.17,473.97,472.57000000000005,461.42,2.0,69,1.107426337890625
call,2026-12-18,0.2,315.0,466.28,469.07,467.67499999999995,449.87,1.0,147,1.0964400646972656
call,2026-12-18,0.2,320.0,461.22,464.03,462.625,445.4,18.0,29,1.0759323547363282
call,2026-12-18,0.2,325.0,456.29,459.11,457.70000000000005,445.5,1.0,57,1.0634812451171878
call,2026-12-18,0.2,330.0,451.29,454.11,452.70000000000005,441.45,1.0,15,1.0466356262207035
call,2026-12-18,0.2,335.0,422.77,426.28,424.525,414.01,1.0,11,1.0000000000000003e-05
call,2026-12-18,0.2,350.0,431.55,434.35,432.95000000000005,432.41,2.0,72,0.9956055126953125
call,2026-12-18,0.2,355.0,426.6,429.39,427.995,423.98,1.0,12,0.9821168780517577
call,2026-12-18,0.2,360.0,405.64,408.74,407.19,396.38,10.0,21,1.0000000000000003e-05
call,2026-12-18,0.2,370.0,411.66,414.46,413.06,393.76,1.0,109,0.9391485577392578
call,2026-12-18,0.2,375.0,406.79,409.59,408.19,397.44,2.0,14,0.9304206176757812
call,2026-12-18,0.2,380.0,401.79,404.61,403.20000000000005,384.83,2.0,39,0.9160164648437501
call,2026-12-18,0.2,385.0,396.89,399.64,398.265,375.75,7.0,26,0.90429783203125
call,2026-12-18,0.2,390.0,391.91,394.73,393.32000000000005,372.09,4.0,143,0.8922129919433592
call,2026-12-18,0.2,400.0,381.98,384.8,383.39,368.16,12.0,13705,0.8665784826660157
call,2026-12-18,0.2,405.0,377.12,379.93,378.525,362.09,4.0,254,0.8582167498779296
call,2026-12-18,0.2,410.0,372.1,374.92,373.51,357.69,2.0,183,0.8435074243164062
call,2026-12-18,0.2,415.0,367.15,369.97,368.56,350.57,1.0,329,0.8316667224121093
call,2026-12-18,0.2,420.0,362.24,365.03,363.635,348.95,1.0,173,0.8209856768798827
call,2026-12-18,0.2,425.0,357.25,360.06,358.655,343.09,1.0,279,0.8081073876953124
call,2026-12-18,0.2,430.0,352.38,355.2,353.78999999999996,343.45,1.0,215,0.7998677239990235
call,2026-12-18,0.2,435.0,347.34,350.14,348.74,342.07,1.0,144,0.7845480529785156
call,2026-12-18,0.2,440.0,342.49,345.29,343.89,329.36,1.0,336,0.7768577001953125
call,2026-12-18,0.2,445.0,337.47,340.28,338.875,330.24,7.0,117,0.7631249273681642
call,2026-12-18,0.2,450.0,332.53,335.33,333.92999999999995,322.55,1.0,461,0.7520776745605469
call,2026-12-18,0.2,455.0,327.64,330.44,329.03999999999996,316.54,2.0,84,0.7429224926757811
call,2026-12-18,0.2,460.0,322.63,325.44,324.03499999999997,310.16,2.0,224,0.729922134399414
call,2026-12-18,0.2,465.0,317.66,320.48,319.07000000000005,297.1,2.0,92,0.7183866052246093
call,2026-12-18,0.2,470.0,312.71,315.53,314.12,301.7,2.0,245,0.7074003869628906
call,2026-12-18,0.2,475.0,307.86,310.66,309.26,301.0,1.0,1084,0.6994048614501953
call,2026-12-18,0.2,480.0,302.83,305.65,304.24,290.55,1.0,184,0.6862824340820313
call,2026-12-18,0.2,485.0,297.99,300.8,299.395,300.76,1.0,878,0.6787751849365236
call,2026-12-18,0.2,490.0,292.96,295.77,294.365,295.86,1.0,820,0.6655306884765627
call,2026-12-18,0.2,495.0,288.08,290.9,289.49,273.96,3.0,1956,0.6570774038696289
call,2026-12-18,0.2,500.0,283.16,285.96,284.56,275.67,1.0,3699,0.6469761865234375
call,2026-12-18,0.2,505.0,278.15,280.95,279.54999999999995,272.26,173.0,1302,0.6346472082519532
call,2026-12-18,0.2,510.0,273.28,276.1,274.69,260.71,1.0,1962,0.6265906481933594
call,2026-12-18,0.2,515.0,268.27,271.09,269.67999999999995,257.29,4.0,2038,0.6144447735595704
call,2026-12-18,0.2,520.0,263.31,266.13,264.72,263.58,7.0,3017,0.6037026934814456
call,2026-12-18,0.2,525.0,258.39,261.2,259.79499999999996,256.0,8.0,853,0.5939371661376953
call,2026-12-18,0.2,530.0,253.54,256.34,254.94,249.95,1.0,2117,0.5860026751708984
call,2026-12-18,0.2,535.0,248.54,251.34,249.94,245.34,1.0,2370,0.5744061114501953
call,2026-12-18,0.2,540.0,243.56,246.38,244.97,244.02,5.0,3463,0.563602996826172
call,2026-12-18,0.2,545.0,238.67,241.48,240.075,234.61,10.0,1644,0.5546309185791016
call,2026-12-18,0.2,550.0,233.84,236.62,235.23000000000002,235.56,15.0,3957,0.5468795312500001
call,2026-12-18,0.2,555.0,228.89,231.71,230.3,215.69,1.0,1646,0.5370834866333009
call,2026-12-18,0.2,560.0,223.9,226.72,225.31,224.85,5.0,1900,0.5259446820068359
call,2026-12-18,0.2,565.0,219.02,221.84,220.43,205.78,1.0,1684,0.517308293762207
call,2026-12-18,0.2,570.0,214.08,216.9,215.49,215.93,5.0,5199,0.5073596627807617
call,2026-12-18,0.2,575.0,209.17,211.9,210.535,209.65,1.0,845,0.5245408874511719
call,2026-12-18,0.2,580.0,204.16,206.98,205.57,202.33,1.0,1987,0.5144701873779296
call,2026-12-18,0.2,585.0,199.27,202.08,200.675,201.16,2.0,941,0.504765694580078
call,2026-12-18,0.2,590.0,194.4,197.19,195.79500000000002,187.0,15.0,2421,0.49527482269287115
call,2026-12-18,0.2,595.0,189.54,192.35,190.945,186.94,16.0,1513,0.4866384344482422
call,2026-12-18,0.2,600.0,184.63,187.45,186.04,186.67,6.0,4500,0.4769034243774414
call,2026-12-18,0.2,605.0,179.67,182.49,181.07999999999998,181.98,2.0,2735,0.4661308270263672
call,2026-12-18,0.2,610.0,174.77,177.57,176.17000000000002,177.53,16.0,1358,0.45606012695312503
call,2026-12-18,0.2,615.0,169.92,172.74,171.32999999999998,164.04,1.0,1463,0.4474847732543945
call,2026-12-18,0.2,620.0,164.95,167.76,166.355,152.3,3.0,2731,0.4364375204467773
call,2026-12-18,0.2,625.0,160.05,162.87,161.46,158.0,1.0,1617,0.4268245794677735
call,2026-12-18,0.2,630.0,155.16,157.98,156.57,154.92,2.0,906,0.4171811212158203
call,2026-12-18,0.2,635.0,150.38,153.17,151.77499999999998,142.2,3.0,1762,0.40869731933593745
call,2026-12-18,0.2,640.0,145.45,148.26,146.855,141.65,16.0,2240,0.3986876538085938
call,2026-12-18,0.2,645.0,140.54,143.36,141.95,135.1,1.0,1154,0.3888000573730469
call,2026-12-18,0.2,650.0,135.77,138.59,137.18,127.71,12.0,3509,0.38068246276855466
call,2026-12-18,0.2,655.0,130.92,133.74,132.32999999999998,132.64,4.0,1075,0.37134417724609375
call,2026-12-18,0.2,660.0,126.09,128.9,127.495,128.67,18.0,1287,0.3620974435424804
call,2026-12-18,0.2,665.0,121.16,123.98,122.57,123.5,3.0,1569,0.3517520880126953
call,2026-12-18,0.2,670.0,116.41,119.2,117.805,118.88,1.0,2241,0.34311569976806633
call,2026-12-18,0.2,675.0,111.62,114.4,113.01,112.23,24.0,4076,0.33411310424804685
call,2026-12-18,0.2,680.0,106.84,109.65,108.245,109.5,3.0,4690,0.32556826782226556
call,2026-12-18,0.2,685.0,101.97,104.79,103.38,102.89,1.0,2813,0.3156501541137695
call,2026-12-18,0.2,690.0,97.21,100.03,98.62,89.77,2.0,3465,0.3067391104125976
call,2026-12-18,0.2,695.0,92.54,95.35,93.945,91.69,2.0,2161,0.298560481262207
call,2026-12-18,0.2,700.0,87.83,90.64,89.235,89.63,9.0,10082,0.2898630584716796
call,2026-12-18,0.2,702.0,85.88,88.7,87.28999999999999,79.11,1.0,10,0.28574322662353513
call,2026-12-18,0.2,705.0,83.08,85.9,84.49000000000001,85.73,15.0,3570,0.28066210067749015
call,2026-12-18,0.2,710.0,78.43,81.24,79.83500000000001,80.16,19.0,7383,0.2720714883422851
call,2026-12-18,0.2,713.0,75.69,78.5,77.095,64.92,,1,0.26737182830810546
call,2026-12-18,0.2,715.0,73.82,76.64,75.22999999999999,76.3,7.0,2504,0.2638470832824707
call,2026-12-18,0.2,718.0,71.13,73.89,72.50999999999999,61.46,,2,0.2588575091552735
call,2026-12-18,0.2,719.0,70.23,72.98,71.605,64.53,3.0,3,0.25724009368896483
call,2026-12-18,0.2,720.0,69.25,72.05,70.65,71.78,22.0,4482,0.2554243159484864
call,2026-12-18,0.2,721.0,68.4,71.15,69.775,61.06,10.0,5,0.2538831936645508
call,2026-12-18,0.2,723.0,66.51,69.27,67.89,55.93,,1,0.24999224136352538
call,2026-12-18,0.2,724.0,65.72,67.34,66.53,65.01,5.0,10,0.23880766082763671
call,2026-12-18,0.2,725.0,64.78,67.5,66.14,65.68,2.0,5049,0.247077841796875
call,2026-12-18,0.2,727.0,62.94,65.7,64.32,64.39,13.0,1,0.2438430108642578
call,2026-12-18,0.2,728.0,62.08,64.86,63.47,52.6,,1,0.24272913040161131
call,2026-12-18,0.2,730.0,60.32,61.94,61.129999999999995,62.97,73.0,8418,0.2293473062133789
call,2026-12-18,0.2,732.0,58.46,61.26,59.86,45.76,,52,0.23600007171630855
call,2026-12-18,0.2,735.0,57.01,57.43,57.22,57.02,271.0,4586,0.22093979751586912
call,2026-12-18,0.2,736.0,56.17,57.73,56.95,44.42,,35,0.22962196166992188
call,2026-12-18,0.2,737.0,54.11,56.86,55.485,45.27,,1,0.22809609802246095
call,2026-12-18,0.2,738.0,54.43,55.91,55.17,54.06,1.0,1,0.22586833709716797
call,2026-12-18,0.2,739.0,53.54,55.12,54.33,39.86,,132,0.2249833361816406
call,2026-12-18,0.2,740.0,52.68,53.06,52.870000000000005,53.11,107.0,6891,0.21334099655151367
call,2026-12-18,0.2,741.0,50.67,53.37,52.019999999999996,40.51,,42,0.22170272933959956
call,2026-12-18,0.2,742.0,49.82,52.53,51.175,41.24,1.0,3,0.22032945205688476
call,2026-12-18,0.2,743.0,48.99,51.68,50.335,46.72,1.0,4,0.21884936431884766
call,2026-12-18,0.2,744.0,49.3,50.79,50.045,49.79,2.0,28,0.21701832794189452
call,2026-12-18,0.2,745.0,48.43,48.79,48.61,48.4,137.0,8285,0.20607788558959955
call,2026-12-18,0.2,746.0,47.58,49.08,48.33,40.45,,2,0.213875048828125
call,2026-12-18,0.2,747.0,45.72,48.22,46.97,47.06,2.0,6,0.21222711608886718
call,2026-12-18,0.2,748.0,45.94,46.3,46.12,45.29,2.0,1,0.2020343469238281
call,2026-12-18,0.2,749.0,45.02,45.41,45.215,46.23,3.0,35,0.20014227600097656
call,2026-12-18,0.2,750.0,44.29,44.64,44.465,44.4,207.0,29662,0.19919624053955076
call,2026-12-18,0.2,751.0,43.45,43.77,43.61,44.46,2.0,1,0.19744149734497068
call,2026-12-18,0.2,752.0,42.57,42.93,42.75,34.56,,5,0.19588511642456058
call,2026-12-18,0.2,753.0,41.8,42.14,41.97,42.69,1.0,19,0.19469494277954102
call,2026-12-18,0.2,754.0,40.97,41.32,41.144999999999996,29.08,1.0,2,0.19324537231445313
call,2026-12-18,0.2,755.0,40.25,40.6,40.425,40.5,55.0,10464,0.19254347503662111
call,2026-12-18,0.2,756.0,39.4,39.72,39.56,38.9,1.0,25,0.1905751109313965
call,2026-12-18,0.2,757.0,38.63,38.92,38.775000000000006,39.58,1.0,16,0.18920183364868165
call,2026-12-18,0.2,758.0,37.84,38.16,38.0,39.3,1.0,21,0.18808795318603516
call,2026-12-18,0.2,759.0,37.1,37.42,37.260000000000005,27.98,,13,0.1871114004516602
call,2026-12-18,0.2,760.0,36.28,36.56,36.42,37.68,24.0,15475,0.18517355361938476
call,2026-12-18,0.2,761.0,35.46,35.77,35.615,28.85,42.0,42,0.18375450042724606
call,2026-12-18,0.2,762.0,34.79,35.09,34.94,31.24,3.0,161,0.18311363769531247
call,2026-12-18,0.2,763.0,33.94,34.23,34.084999999999994,33.5,1.0,83,0.18109949768066402
call,2026-12-18,0.2,764.0,33.19,33.48,33.334999999999994,30.8,1.0,122,0.17986354812622068
call,2026-12-18,0.2,765.0,32.44,32.73,32.584999999999994,32.88,67.0,13283,0.17859708129882812
call,2026-12-18,0.2,766.0,31.78,32.0,31.89,26.39,1.0,1615,0.1774526835632324
call,2026-12-18,0.2,767.0,30.98,31.29,31.134999999999998,25.71,6.0,412,0.1763998376464844
call,2026-12-18,0.2,768.0,30.31,30.52,30.415,30.8,4.0,385,0.17488923263549805
call,2026-12-18,0.2,769.0,29.6,29.85,29.725,27.59,11.0,311,0.17405000762939454
call,2026-12-18,0.2,770.0,28.9,29.06,28.979999999999997,28.97,265.0,33884,0.17231052307128908
call,2026-12-18,0.2,771.0,28.15,28.38,28.265,29.29,5.0,1426,0.17131871170043944
call,2026-12-18,0.2,772.0,27.45,27.68,27.564999999999998,28.6,2.0,510,0.17015905532836917
call,2026-12-18,0.2,773.0,26.78,27.01,26.895000000000003,28.15,10.0,540,0.16915198532104492
call,2026-12-18,0.2,774.0,26.05,26.3,26.175,27.31,7.0,696,0.16782448394775396
call,2026-12-18,0.2,775.0,25.53,25.62,25.575000000000003,25.49,1100.0,12408,0.16668008621215824
call,2026-12-18,0.2,776.0,24.79,25.02,24.905,26.12,4.0,403,0.16605448211669926
call,2026-12-18,0.2,777.0,24.13,24.36,24.244999999999997,24.31,2.0,1719,0.16494060165405272
call,2026-12-18,0.2,778.0,23.46,23.63,23.545,23.87,9.0,537,0.16329266891479494
call,2026-12-18,0.2,779.0,22.82,22.98,22.9,23.88,14.0,527,0.16217878845214845
call,2026-12-18,0.2,780.0,22.22,22.34,22.28,22.26,646.0,30374,0.16106490798950196
call,2026-12-18,0.2,781.0,21.63,21.68,21.655,21.61,29.0,691,0.15978318252563478
call,2026-12-18,0.2,782.0,21.01,21.05,21.03,21.22,30.0,471,0.15865404342651368
call,2026-12-18,0.2,783.0,20.44,20.49,20.465,21.34,7.0,248,0.15796740478515625
call,2026-12-18,0.2,784.0,19.84,19.89,19.865000000000002,19.85,113.0,274,0.15695270545959475
call,2026-12-18,0.2,785.0,19.23,19.26,19.245,19.39,634.0,18896,0.1556633506774902
call,2026-12-18,0.2,786.0,18.67,18.72,18.695,18.84,12.0,401,0.15497671203613284
call,2026-12-18,0.2,787.0,18.1,18.13,18.115000000000002,18.16,9.0,229,0.15386283157348635
call,2026-12-18,0.2,788.0,17.55,17.59,17.57,17.57,130.0,382,0.15306175315856937
call,2026-12-18,0.2,789.0,17.0,17.04,17.02,17.13,23.0,399,0.15212334701538088
call,2026-12-18,0.2,790.0,16.49,16.53,16.509999999999998,16.48,463.0,14046,0.15143670837402345
call,2026-12-18,0.2,791.0,15.96,16.01,15.985000000000001,15.93,13.0,381,0.15059748336791995
call,2026-12-18,0.2,792.0,15.46,15.49,15.475000000000001,15.51,20.0,477,0.1497124824523926
call,2026-12-18,0.2,793.0,14.95,14.98,14.965,15.34,22.0,416,0.14884274017333982
call,2026-12-18,0.2,794.0,14.45,14.48,14.465,14.83,13.0,596,0.14797299789428714
call,2026-12-18,0.2,795.0,13.95,13.98,13.965,14.04,456.0,10890,0.14705747970581057
call,2026-12-18,0.2,796.0,13.51,13.55,13.530000000000001,13.64,761.0,1246,0.14658446197509767
call,2026-12-18,0.2,797.0,13.01,13.04,13.024999999999999,13.18,180.0,831,0.14547058151245118
call,2026-12-18,0.2,798.0,12.56,12.6,12.58,12.58,1294.0,2485,0.14480683082580567
call,2026-12-18,0.2,799.0,12.14,12.18,12.16,12.21,20.0,654,0.1442346319580078
call,2026-12-18,0.2,800.0,11.75,11.78,11.765,11.75,1255.0,75688,0.1437463555908203
call,2026-12-18,0.2,801.0,11.29,11.32,11.305,12.17,12.0,755,0.14273928558349608
call,2026-12-18,0.2,802.0,10.92,10.95,10.934999999999999,11.0,16.0,753,0.14237307830810547
call,2026-12-18,0.2,803.0,10.48,10.51,10.495000000000001,11.42,21.0,410,0.1413812669372559
call,2026-12-18,0.2,804.0,10.09,10.13,10.11,10.73,125.0,833,0.14078618011474608
call,2026-12-18,0.2,805.0,9.76,9.8,9.780000000000001,9.77,173.0,16241,0.14054204193115233
call,2026-12-18,0.2,806.0,9.39,9.42,9.405000000000001,10.01,131.0,568,0.13982488601684573
call,2026-12-18,0.2,807.0,9.03,9.06,9.045,9.67,20.0,444,0.13921454055786137
call,2026-12-18,0.2,808.0,8.68,8.71,8.695,9.31,237.0,962,0.13860419509887695
call,2026-12-18,0.2,809.0,8.36,8.4,8.379999999999999,8.99,243.0,498,0.13825324645996095
call,2026-12-18,0.2,810.0,8.02,8.05,8.035,8.12,524.0,23914,0.1375208319091797
call,2026-12-18,0.2,811.0,7.7,7.72,7.71,7.68,209.0,493,0.13686471054077148
call,2026-12-18,0.2,812.0,7.39,7.42,7.404999999999999,7.99,56.0,892,0.1364069514465332
call,2026-12-18,0.2,813.0,7.1,7.13,7.115,7.15,198.0,695,0.13597970962524414
call,2026-12-18,0.2,814.0,6.81,6.83,6.82,7.32,16.0,330,0.13538462280273442
call,2026-12-18,0.2,815.0,6.55,6.59,6.57,6.53,170.0,18014,0.13526255371093754
call,2026-12-18,0.2,816.0,6.28,6.3,6.29,6.34,254.0,615,0.13462169097900395
call,2026-12-18,0.2,817.0,6.0,6.03,6.015000000000001,6.1,288.0,564,0.1340876387023926
call,2026-12-18,0.2,818.0,5.77,5.81,5.789999999999999,5.78,141.0,506,0.13395031097412108
call,2026-12-18,0.2,819.0,5.51,5.55,5.529999999999999,5.59,54.0,1172,0.13338574142456056
call,2026-12-18,0.2,820.0,5.31,5.33,5.32,5.28,1035.0,14320,0.13312634460449219
call,2026-12-18,0.2,821.0,5.07,5.11,5.09,5.14,68.0,1646,0.13280591323852542
call,2026-12-18,0.2,822.0,4.83,4.86,4.845000000000001,5.36,18.0,491,0.132119274597168
call,2026-12-18,0.2,823.0,4.65,4.67,4.66,4.65,10.0,841,0.13196668823242189
call,2026-12-18,0.2,824.0,4.45,4.47,4.46,4.46,10.0,572,0.1316462568664551
call,2026-12-18,0.2,825.0,4.25,4.28,4.265000000000001,4.32,1055.0,15594,0.1313716014099121
call,2026-12-18,0.2,830.0,3.38,3.4,3.3899999999999997,3.45,223.0,34167,0.1297694445800781
call,2026-12-18,0.2,835.0,2.67,2.7,2.685,2.73,47.0,10985,0.12867082275390623
call,2026-12-18,0.2,840.0,2.11,2.13,2.12,2.14,619.0,5640,0.1277858218383789
call,2026-12-18,0.2,845.0,1.66,1.68,1.67,1.82,596.0,6655,0.1272670281982422
call,2026-12-18,0.2,850.0,1.31,1.33,1.32,1.34,236.0,13254,0.12711444183349607
call,2026-12-18,0.2,855.0,1.03,1.05,1.04,1.03,406.0,5846,0.12708392456054687
call,2026-12-18,0.2,860.0,0.82,0.84,0.83,0.83,39.0,3192,0.12757220092773439
call,2026-12-18,0.2,865.0,0.66,0.67,0.665,0.67,5.0,4102,0.12806047729492187
call,2026-12-18,0.2,870.0,0.53,0.55,0.54,0.55,7.0,3867,0.12928116821289062
call,2026-12-18,0.2,875.0,0.43,0.45,0.44,0.5,33.0,7319,0.13037979003906247
call,2026-12-18,0.2,880.0,0.36,0.37,0.365,0.36,31.0,5548,0.1316615155029297
call,2026-12-18,0.2,885.0,0.3,0.31,0.305,0.34,5.0,4545,0.1333094482421875
call,2026-12-18,0.2,890.0,0.25,0.26,0.255,0.26,23.0,2291,0.13477427734375003
call,2026-12-18,0.2,895.0,0.21,0.22,0.215,0.2,1.0,1491,0.13648324462890626
call,2026-12-18,0.2,900.0,0.18,0.19,0.185,0.18,8.0,13445,0.13855841918945314
call,2026-12-18,0.2,905.0,0.15,0.16,0.155,0.17,1.0,2628,0.1401453173828125
call,2026-12-18,0.2,910.0,0.13,0.14,0.135,0.14,2.0,4022,0.14234256103515625
call,2026-12-18,0.2,915.0,0.11,0.12,0.11499999999999999,0.12,12.0,2367,0.14405152832031248
call,2026-12-18,0.2,920.0,0.09,0.1,0.095,0.12,10.0,704,0.14527221923828126
call,2026-12-18,0.2,925.0,0.08,0.09,0.08499999999999999,0.1,1.0,1229,0.14771360107421877
call,2026-12-18,0.2,930.0,0.07,0.08,0.07500000000000001,0.07,6.0,1726,0.14991084472656252
call,2026-12-18,0.2,935.0,0.06,0.07,0.065,0.08,5.0,2011,0.1518639501953125
call,2026-12-18,0.2,940.0,0.05,0.06,0.055,0.06,1.0,439,0.15332877929687502
call,2026-12-18,0.2,945.0,0.05,0.06,0.055,0.05,1.0,82,0.157234990234375
call,2026-12-18,0.2,950.0,0.04,0.05,0.045,0.05,10.0,11247,0.15821154296875
call,2026-12-18,0.2,955.0,0.04,0.05,0.045,0.04,2.0,148,0.16162947753906248
call,2026-12-18,0.2,960.0,0.03,0.04,0.035,0.04,24.0,945,0.16211775390625
call,2026-12-18,0.2,965.0,0.03,0.04,0.035,0.03,1.0,571,0.16602396484375004
call,2026-12-18,0.2,970.0,0.03,0.04,0.035,0.04,3.0,14214,0.16895362304687503
call,2026-12-18,0.2,975.0,0.02,0.03,0.025,0.03,1940.0,1349,0.16797707031250003
call,2026-12-18,0.2,980.0,0.02,0.03,0.025,0.03,1924.0,1322,0.17188328125000002
call,2026-12-18,0.2,985.0,0.02,0.03,0.025,0.03,100.0,640,0.1757894921875
call,2026-12-18,0.2,990.0,0.02,0.03,0.025,0.02,2.0,868,0.178719150390625
call,2026-12-18,0.2,995.0,0.02,0.03,0.025,0.02,140.0,2482,0.18164880859375
call,2026-12-18,0.2,1000.0,0.02,0.03,0.025,0.02,37.0,14968,0.18555501953124998
put,2026-12-18,0.2,245.0,0.02,0.03,0.025,0.03,2.0,906,0.79687703125
put,2026-12-18,0.2,250.0,0.02,0.03,0.025,0.02,200.0,5760,0.7812521875
put,2026-12-18,0.2,255.0,0.02,0.03,0.025,0.04,144.0,1789,0.7656273437500001
put,2026-12-18,0.2,260.0,0.02,0.03,0.025,0.04,4.0,5243,0.7539087109375
put,2026-12-18,0.2,265.0,0.02,0.03,0.025,0.04,1.0,275,0.7421900781249999
put,2026-12-18,0.2,270.0,0.03,0.04,0.035,0.03,48.0,597,0.7500025
put,2026-12-18,0.2,275.0,0.03,0.04,0.035,0.04,3.0,5548,0.7382838671874999
put,2026-12-18,0.2,280.0,0.03,0.04,0.035,0.05,305.0,4477,0.7246121289062499
put,2026-12-18,0.2,285.0,0.03,0.04,0.035,0.05,61.0,721,0.710940390625
put,2026-12-18,0.2,290.0,0.04,0.05,0.045,0.04,67.0,14817,0.7148466015625
put,2026-12-18,0.2,295.0,0.04,0.05,0.045,0.05,47.0,2417,0.70312796875
put,2026-12-18,0.2,300.0,0.04,0.05,0.045,0.04,108.0,9227,0.6914093359375001
put,2026-12-18,0.2,305.0,0.04,0.05,0.045,0.05,100.0,718,0.6796907031250001
put,2026-12-18,0.2,310.0,0.05,0.06,0.055,0.05,6.0,2234,0.6796907031250001
put,2026-12-18,0.2,315.0,0.05,0.06,0.055,0.07,300.0,1239,0.6699251757812501
put,2026-12-18,0.2,320.0,0.05,0.06,0.055,0.09,7.0,1677,0.65820654296875
put,2026-12-18,0.2,325.0,0.06,0.07,0.065,0.06,44.0,3251,0.6562534375000001
put,2026-12-18,0.2,330.0,0.06,0.07,0.065,0.06,3.0,1134,0.64648791015625
put,2026-12-18,0.2,335.0,0.06,0.07,0.065,0.08,1.0,328,0.6347692773437501
put,2026-12-18,0.2,340.0,0.07,0.08,0.07500000000000001,0.09,1.0,2409,0.632816171875
put,2026-12-18,0.2,345.0,0.07,0.08,0.07500000000000001,0.11,10.0,3157,0.622074091796875
put,2026-12-18,0.2,350.0,0.08,0.09,0.08499999999999999,0.09,15.0,157937,0.6191444335937502
put,2026-12-18,0.2,355.0,0.08,0.09,0.08499999999999999,0.09,12.0,1952,0.6084023535156251
put,2026-12-18,0.2,360.0,0.09,0.1,0.095,0.1,10.0,3495,0.6044961425781252
put,2026-12-18,0.2,365.0,0.09,0.1,0.095,0.11,16.0,1946,0.5937540625000001
put,2026-12-18,0.2,370.0,0.1,0.11,0.10500000000000001,0.1,3601.0,2892,0.5898478515625001
put,2026-12-18,0.2,375.0,0.1,0.11,0.10500000000000001,0.12,240.0,8326,0.579105771484375
put,2026-12-18,0.2,380.0,0.11,0.12,0.11499999999999999,0.12,71.0,9740,0.5751995605468749
put,2026-12-18,0.2,385.0,0.11,0.12,0.11499999999999999,0.11,29.0,11679,0.5644574804687501
put,2026-12-18,0.2,390.0,0.12,0.13,0.125,0.14,4951.0,8833,0.559574716796875
put,2026-12-18,0.2,395.0,0.13,0.14,0.135,0.15,1825.0,8746,0.5546919531250001
put,2026-12-18,0.2,400.0,0.13,0.14,0.135,0.14,1021.0,28834,0.5449264257812501
put,2026-12-18,0.2,405.0,0.14,0.15,0.14500000000000002,0.16,31.0,1271,0.5390671093750001
put,2026-12-18,0.2,410.0,0.15,0.16,0.155,0.18,13.0,16372,0.53320779296875
put,2026-12-18,0.2,415.0,0.16,0.17,0.165,0.18,13.0,5047,0.5273484765625001
put,2026-12-18,0.2,420.0,0.17,0.18,0.175,0.2,29.0,3960,0.5214891601562499
put,2026-12-18,0.2,425.0,0.18,0.19,0.185,0.21,39.0,8184,0.5151415673828125
put,2026-12-18,0.2,430.0,0.19,0.2,0.195,0.25,3.0,2422,0.508793974609375
put,2026-12-18,0.2,435.0,0.2,0.21,0.20500000000000002,0.23,15.0,1122,0.5024463818359376
put,2026-12-18,0.2,440.0,0.21,0.22,0.215,0.52,46.0,672,0.49707534179687507
put,2026-12-18,0.2,445.0,0.22,0.23,0.225,0.25,4.0,1850,0.4907277490234375
put,2026-12-18,0.2,450.0,0.23,0.24,0.235,0.24,516.0,26270,0.48389187988281257
put,2026-12-18,0.2,455.0,0.24,0.25,0.245,0.28,45.0,819,0.4770560107421875
put,2026-12-18,0.2,460.0,0.26,0.27,0.265,0.3,2.0,2779,0.4721732470703125
put,2026-12-18,0.2,465.0,0.27,0.28,0.275,0.29,1.0,1234,0.46533737792968755
put,2026-12-18,0.2,470.0,0.28,0.29,0.28500000000000003,0.3,1002.0,6885,0.4585015087890626
put,2026-12-18,0.2,475.0,0.3,0.31,0.305,0.3,7.0,4497,0.45337460693359377
put,2026-12-18,0.2,480.0,0.32,0.33,0.325,0.32,45.0,311405,0.4480035668945312
put,2026-12-18,0.2,485.0,0.33,0.34,0.335,0.34,33.0,3686,0.4409235595703125
put,2026-12-18,0.2,490.0,0.35,0.36,0.355,0.46,4.0,10979,0.43530838134765626
put,2026-12-18,0.2,495.0,0.37,0.38,0.375,0.38,302.0,1817,0.4294490649414063
put,2026-12-18,0.2,500.0,0.39,0.4,0.395,0.4,43.0,19827,0.42358974853515624
put,2026-12-18,0.2,505.0,0.41,0.42,0.415,0.42,16.0,1849,0.4177304321289062
put,2026-12-18,0.2,510.0,0.43,0.44,0.435,0.48,5.0,3922,0.4116269775390625
put,2026-12-18,0.2,515.0,0.45,0.46,0.455,0.47,800.0,4568,0.40552352294921873
put,2026-12-18,0.2,520.0,0.47,0.48,0.475,0.49,22.0,11744,0.3991759301757813
put,2026-12-18,0.2,525.0,0.5,0.51,0.505,0.51,10.0,5611,0.3940490283203125
put,2026-12-18,0.2,530.0,0.52,0.53,0.525,0.54,7.0,6166,0.387701435546875
put,2026-12-18,0.2,535.0,0.55,0.56,0.555,0.57,204.0,3481,0.3820862573242187
put,2026-12-18,0.2,540.0,0.58,0.59,0.585,0.6,3.0,6257,0.3764710791015625
put,2026-12-18,0.2,545.0,0.61,0.62,0.615,0.68,483.0,6016,0.3706117626953125
put,2026-12-18,0.2,550.0,0.64,0.65,0.645,0.65,7.0,15354,0.36475244628906256
put,2026-12-18,0.2,555.0,0.67,0.68,0.675,0.7,1.0,6970,0.3588931298828125
put,2026-12-18,0.2,560.0,0.7,0.71,0.705,0.72,38.0,12184,0.35278967529296873
put,2026-12-18,0.2,565.0,0.74,0.75,0.745,0.77,40.0,3239,0.34729656616210935
put,2026-12-18,0.2,570.0,0.78,0.79,0.785,0.81,3.0,7326,0.34168138793945313
put,2026-12-18,0.2,575.0,0.82,0.83,0.825,0.83,26.0,7731,0.335944140625
put,2026-12-18,0.2,580.0,0.86,0.87,0.865,0.85,13.0,10328,0.33008482421874996
put,2026-12-18,0.2,585.0,0.9,0.91,0.905,0.96,41.0,5910,0.324103438720703
put,2026-12-18,0.2,590.0,0.95,0.96,0.955,0.94,64.0,11798,0.3184882604980468
put,2026-12-18,0.2,595.0,1.0,1.01,1.005,1.07,6.0,4068,0.31287308227539057
put,2026-12-18,0.2,600.0,1.05,1.06,1.0550000000000002,1.06,311.0,30581,0.3070137658691406
put,2026-12-18,0.2,605.0,1.11,1.12,1.1150000000000002,1.15,39.0,9607,0.30152065673828127
put,2026-12-18,0.2,610.0,1.16,1.18,1.17,1.2,8.0,158211,0.295905478515625
put,2026-12-18,0.2,615.0,1.23,1.24,1.2349999999999999,1.26,6.0,5732,0.29004616210937495
put,2026-12-18,0.2,620.0,1.3,1.31,1.3050000000000002,1.3,37.0,27311,0.2845530529785155
put,2026-12-18,0.2,625.0,1.37,1.39,1.38,1.36,7.0,24087,0.2791820129394531
put,2026-12-18,0.2,630.0,1.45,1.46,1.455,1.46,27.0,61911,0.27332269653320307
put,2026-12-18,0.2,635.0,1.54,1.55,1.545,1.56,7.0,6364,0.2679516564941406
put,2026-12-18,0.2,640.0,1.62,1.64,1.63,1.64,9.0,8094,0.2623975128173829
put,2026-12-18,0.2,645.0,1.72,1.73,1.725,1.88,1.0,7799,0.25659923095703124
put,2026-12-18,0.2,650.0,1.83,1.84,1.835,1.85,468.0,19844,0.2512281909179687
put,2026-12-18,0.2,655.0,1.95,1.96,1.955,1.95,624.0,5893,0.2459181854248047
put,2026-12-18,0.2,660.0,2.07,2.08,2.075,2.05,356.0,17005,0.24033352447509765
put,2026-12-18,0.2,665.0,2.21,2.23,2.2199999999999998,2.18,590.0,17672,0.2352371398925781
put,2026-12-18,0.2,670.0,2.35,2.37,2.3600000000000003,2.35,28.0,37139,0.2296524789428711
put,2026-12-18,0.2,675.0,2.52,2.54,2.5300000000000002,2.54,22.0,10381,0.22443402526855466
put,2026-12-18,0.2,680.0,2.69,2.71,2.7,2.69,2046.0,13383,0.21891039886474606
put,2026-12-18,0.2,685.0,2.89,2.9,2.895,2.84,331.0,7098,0.2135088415527344
put,2026-12-18,0.2,690.0,3.11,3.13,3.12,3.12,503.0,12017,0.208442974243164
put,2026-12-18,0.2,695.0,3.34,3.36,3.3499999999999996,3.33,238.0,13890,0.2030414169311523
put,2026-12-18,0.2,700.0,3.61,3.62,3.615,3.57,2799.0,42835,0.1977619287109375
put,2026-12-18,0.2,701.0,3.67,3.68,3.675,3.66,11.0,204,0.19678537597656248
put,2026-12-18,0.2,702.0,3.73,3.74,3.7350000000000003,3.86,26.0,362,0.1957783059692383
put,2026-12-18,0.2,703.0,3.78,3.79,3.785,3.92,10.0,160,0.19461864959716796
put,2026-12-18,0.2,704.0,3.86,3.87,3.865,3.83,12.0,298,0.19385571777343752
put,2026-12-18,0.2,705.0,3.91,3.92,3.915,3.91,478.0,4660,0.19266554412841796
put,2026-12-18,0.2,706.0,3.96,3.97,3.965,4.09,10.0,340,0.19144485321044924
put,2026-12-18,0.2,707.0,4.03,4.05,4.04,4.01,11.0,100,0.19065140411376952
put,2026-12-18,0.2,708.0,4.09,4.11,4.1,4.09,16.0,99,0.18953752365112309
put,2026-12-18,0.2,709.0,4.16,4.17,4.165,4.07,11.0,146,0.18842364318847654
put,2026-12-18,0.2,710.0,4.22,4.24,4.23,4.23,530.0,21377,0.18741657318115235
put,2026-12-18,0.2,711.0,4.29,4.31,4.3,4.32,10.0,388,0.18637898590087892
put,2026-12-18,0.2,712.0,4.36,4.38,4.37,4.51,213.0,391,0.18534139862060545
put,2026-12-18,0.2,713.0,4.45,4.46,4.455,4.42,68.0,201,0.18441062179565426
put,2026-12-18,0.2,714.0,4.51,4.53,4.52,4.53,11.0,252,0.183327258605957
put,2026-12-18,0.2,715.0,4.59,4.6,4.595,4.52,240.0,5413,0.18222863677978518
put,2026-12-18,0.2,716.0,4.67,4.68,4.675,4.66,11.0,306,0.18122156677246093
put,2026-12-18,0.2,717.0,4.74,4.76,4.75,4.71,44.0,202,0.18021449676513673
put,2026-12-18,0.2,718.0,4.82,4.84,4.83,4.79,299.0,225,0.17917690948486326
put,2026-12-18,0.2,719.0,4.91,4.92,4.915,4.87,18.0,394,0.17810880493164064
put,2026-12-18,0.2,720.0,4.99,5.01,5.0,4.91,2436.0,9452,0.1771627694702148
put,2026-12-18,0.2,721.0,5.08,5.1,5.09,5.1,74.0,234,0.17618621673583984
put,2026-12-18,0.2,722.0,5.17,5.18,5.175,5.12,52.0,231,0.17505707763671874
put,2026-12-18,0.2,723.0,5.26,5.27,5.265,5.18,41.0,159,0.17401949035644532
put,2026-12-18,0.2,724.0,5.35,5.36,5.355,5.35,18.0,158,0.1729819030761719
put,2026-12-18,0.2,725.0,5.45,5.47,5.46,5.45,109.0,6790,0.17212741943359378
put,2026-12-18,0.2,726.0,5.54,5.56,5.55,5.53,19.0,201,0.1710287976074219
put,2026-12-18,0.2,727.0,5.64,5.66,5.65,5.62,12.0,230,0.1700217276000977
put,2026-12-18,0.2,728.0,5.74,5.76,5.75,5.72,25.0,366,0.16898414031982423
put,2026-12-18,0.2,729.0,5.84,5.86,5.85,5.79,25.0,4177,0.16791603576660158
put,2026-12-18,0.2,730.0,5.97,5.98,5.975,5.95,223.0,19666,0.16706155212402346
put,2026-12-18,0.2,731.0,6.08,6.09,6.085,6.05,13.0,331,0.16605448211669926
put,2026-12-18,0.2,732.0,6.18,6.19,6.1850000000000005,6.13,159.0,567,0.16492534301757814
put,2026-12-18,0.2,733.0,6.29,6.3,6.295,6.25,51.0,689,0.16385723846435551
put,2026-12-18,0.2,734.0,6.41,6.43,6.42,6.3,62.0,365,0.16297223754882814
put,2026-12-18,0.2,735.0,6.54,6.56,6.55,6.43,308.0,49486,0.16207197799682616
put,2026-12-18,0.2,736.0,6.65,6.67,6.66,6.6,48.0,172,0.1609275802612305
put,2026-12-18,0.2,737.0,6.77,6.79,6.779999999999999,6.72,15.0,288,0.1598594757080078
put,2026-12-18,0.2,738.0,6.89,6.92,6.904999999999999,6.89,15.0,185,0.1588676643371582
put,2026-12-18,0.2,739.0,7.04,7.06,7.05,7.23,10.0,312,0.15793688751220702
put,2026-12-18,0.2,740.0,7.18,7.19,7.1850000000000005,7.18,1682.0,17898,0.156884041595459
put,2026-12-18,0.2,741.0,7.31,7.33,7.32,7.27,52.0,276,0.15589223022460938
put,2026-12-18,0.2,742.0,7.44,7.47,7.455,7.38,93.0,941,0.1548699015808106
put,2026-12-18,0.2,743.0,7.61,7.63,7.62,7.8,9.0,316,0.1540001593017578
put,2026-12-18,0.2,744.0,7.74,7.76,7.75,7.96,9.0,275,0.15282524429321293
put,2026-12-18,0.2,745.0,7.9,7.92,7.91,7.8,144.0,5511,0.15189446746826174
put,2026-12-18,0.2,746.0,8.06,8.07,8.065000000000001,7.98,35.0,869,0.1508263629150391
put,2026-12-18,0.2,747.0,8.22,8.24,8.23,8.13,31.0,235,0.14991084472656252
put,2026-12-18,0.2,748.0,8.38,8.41,8.395,8.28,73.0,653,0.14896480926513672
put,2026-12-18,0.2,749.0,8.56,8.58,8.57,8.45,105.0,732,0.14797299789428714
put,2026-12-18,0.2,750.0,8.72,8.74,8.73,8.72,462.0,23141,0.14685911743164062
put,2026-12-18,0.2,751.0,8.9,8.92,8.91,8.82,102.0,504,0.1458825646972656
put,2026-12-18,0.2,752.0,9.09,9.1,9.094999999999999,8.92,153.0,311,0.14487549468994143
put,2026-12-18,0.2,753.0,9.28,9.3,9.29,9.19,18.0,414,0.14399049377441403
put,2026-12-18,0.2,754.0,9.5,9.51,9.504999999999999,9.37,134.0,260,0.14315126876831058
put,2026-12-18,0.2,755.0,9.7,9.71,9.705,9.68,259.0,7732,0.14218997467041017
put,2026-12-18,0.2,756.0,9.87,9.89,9.879999999999999,9.88,179.0,406,0.14101505966186523
put,2026-12-18,0.2,757.0,10.08,10.11,10.094999999999999,9.99,181.0,688,0.14013005874633788
put,2026-12-18,0.2,758.0,10.31,10.32,10.315000000000001,10.22,30.0,476,0.1391229887390137
put,2026-12-18,0.2,759.0,10.52,10.53,10.524999999999999,10.52,138.0,472,0.13807014282226562
put,2026-12-18,0.2,760.0,10.74,10.77,10.754999999999999,10.64,844.0,20151,0.13721565917968753
put,2026-12-18,0.2,761.0,10.97,11.0,10.985,10.84,114.0,392,0.1362391064453125
put,2026-12-18,0.2,762.0,11.2,11.22,11.21,11.07,49.0,324,0.13512522598266608
put,2026-12-18,0.2,763.0,11.46,11.48,11.47,11.33,975.0,782,0.13428600097656251
put,2026-12-18,0.2,764.0,11.7,11.73,11.715,11.51,176.0,400,0.1333247068786621
put,2026-12-18,0.2,765.0,11.96,11.97,11.965,11.95,480.0,9274,0.13222608505249023
put,2026-12-18,0.2,766.0,12.23,12.25,12.24,12.11,229.0,886,0.13138686004638672
put,2026-12-18,0.2,767.0,12.49,12.52,12.504999999999999,12.47,373.0,536,0.1304255659484863
put,2026-12-18,0.2,768.0,12.78,12.81,12.795,12.68,112.0,630,0.12955582366943358
put,2026-12-18,0.2,769.0,13.04,13.08,13.059999999999999,13.07,150.0,312,0.12848771911621093
put,2026-12-18,0.2,770.0,13.38,13.41,13.395,13.34,2579.0,10891,0.12781633911132811
put,2026-12-18,0.2,771.0,13.64,13.68,13.66,13.63,160.0,831,0.12664142410278317
put,2026-12-18,0.2,772.0,13.95,14.0,13.975,13.84,305.0,296,0.1257716818237305
put,2026-12-18,0.2,773.0,14.31,14.34,14.325,14.15,257.0,670,0.12499349136352539
put,2026-12-18,0.2,774.0,14.58,14.62,14.6,14.49,182.0,680,0.12371176589965821
put,2026-12-18,0.2,775.0,14.93,14.97,14.95,14.95,1182.0,5011,0.12288779953002929
put,2026-12-18,0.2,776.0,15.27,15.3,15.285,15.29,465.0,467,0.12186547088623048
put,2026-12-18,0.2,777.0,15.61,15.65,15.629999999999999,15.43,92.0,563,0.1209194354248047
put,2026-12-18,0.2,778.0,15.98,16.01,15.995000000000001,16.02,213.0,363,0.11997339996337889
put,2026-12-18,0.2,779.0,16.37,16.39,16.380000000000003,16.37,797.0,461,0.11911891632080077
put,2026-12-18,0.2,780.0,16.76,16.79,16.775,16.77,1649.0,12299,0.1183254672241211
put,2026-12-18,0.2,781.0,17.12,17.16,17.14,17.15,130.0,282,0.11725736267089844
put,2026-12-18,0.2,782.0,17.54,17.58,17.56,17.56,309.0,33,0.11647917221069337
put,2026-12-18,0.2,783.0,17.93,17.96,17.945,17.97,113.0,260,0.11533477447509766
put,2026-12-18,0.2,784.0,18.35,18.4,18.375,18.09,265.0,15,0.1145565840148926
put,2026-12-18,0.2,785.0,18.82,18.83,18.825,18.64,174.0,1498,0.113641065826416
put,2026-12-18,0.2,787.0,19.67,19.72,19.695,19.46,41.0,39,0.11176425354003905
put,2026-12-18,0.2,789.0,20.61,20.66,20.634999999999998,20.46,148.0,2,0.10994847579956055
put,2026-12-18,0.2,790.0,21.11,21.16,21.134999999999998,21.16,179.0,1311,0.10913976806640624
put,2026-12-18,0.2,795.0,23.69,23.78,23.735,23.26,105.0,781,0.1046689875793457
put,2026-12-18,0.2,796.0,24.16,24.32,24.240000000000002,32.3,,1,0.10361614166259764
put,2026-12-18,0.2,799.0,25.89,26.06,25.975,33.13,1.0,1,0.10080855255126953
put,2026-12-18,0.2,800.0,26.5,26.67,26.585,26.08,120.0,2561,0.0999082929992676
put,2026-12-18,0.2,801.0,27.09,27.28,27.185000000000002,35.01,8.0,5,0.09888596435546876
put,2026-12-18,0.2,803.0,28.38,28.55,28.465,43.23,,4,0.09694811752319338
put,2026-12-18,0.2,805.0,29.73,29.95,29.84,33.78,2.0,180,0.09571216796875001
put,2026-12-18,0.2,806.0,30.33,30.54,30.435,43.83,,1,0.09388113159179687
put,2026-12-18,0.2,807.0,31.0,31.27,31.134999999999998,39.88,,1,0.09324026885986328
put,2026-12-18,0.2,808.0,31.74,31.97,31.854999999999997,31.82,6.0,1,0.09217216430664063
put,2026-12-18,0.2,809.0,32.44,32.64,32.54,32.44,7.0,2,0.09064630065917968
put,2026-12-18,0.2,810.0,33.15,33.41,33.28,32.79,2.0,344,0.0900054379272461
put,2026-12-18,0.2,811.0,33.94,34.21,34.075,43.72,1.0,9,0.08960871337890625
put,2026-12-18,0.2,812.0,34.63,34.9,34.765,42.24,75.0,75,0.08777767700195313
put,2026-12-18,0.2,813.0,35.43,35.68,35.555,43.58,2.0,23,0.08683164154052736
put,2026-12-18,0.2,814.0,36.13,36.39,36.260000000000005,43.64,35.0,35,0.0847869842529297
put,2026-12-18,0.2,815.0,36.92,37.22,37.07,41.43,26.0,80,0.0841156042480469
put,2026-12-18,0.2,816.0,37.69,38.0,37.845,47.07,21.0,21,0.08255922332763674
put,2026-12-18,0.2,820.0,39.7,41.31,40.505,48.5,10.0,12,0.07666938964843752
put,2026-12-18,0.2,825.0,44.08,46.88,45.480000000000004,55.84,2.0,0,0.0943999252319336
put,2026-12-18,0.2,830.0,48.72,51.46,50.09,48.95,7.0,17,0.09369802795410156
put,2026-12-18,0.2,835.0,53.61,56.35,54.980000000000004,63.94,325.0,0,0.09803148071289064
put,2026-12-18,0.2,840.0,58.65,61.44,60.045,69.21,1.0,0,0.10672890350341799
put,2026-12-18,0.2,845.0,63.6,66.42,65.01,71.74,2.0,0,0.1128018408203125
put,2026-12-18,0.2,850.0,68.58,71.4,69.99000000000001,85.73,3.0,3,0.1186611572265625
put,2026-12-18,0.2,855.0,73.59,76.4,74.995,90.75,3.0,0,0.12494771545410156
put,2026-12-18,0.2,860.0,78.58,81.4,79.99000000000001,88.71,112.0,0,0.1311732391357422
put,2026-12-18,0.2,870.0,88.53,91.33,89.93,98.06,88.0,0,0.14118290466308597
put,2026-12-18,0.2,900.0,118.58,121.4,119.99000000000001,129.64,5.0,0,0.17774259765625
put,2026-12-18,0.2,910.0,242.52,247.5,245.01,252.32,8.0,0,1.1482739119720458
put,2026-12-18,0.2,925.0,230.21,235.46,232.835,253.05,,0,0.9833528276062011
put,2026-12-18,0.2,930.0,176.39,179.69,178.04,191.5,1.0,0,0.5349625361633301
put,2026-12-18,0.2,935.0,241.5,246.39,243.945,247.55,1.0,0,1.0108386860656737
put,2026-12-18,0.2,995.0,213.58,216.39,214.985,225.12,1.0,0,0.2732006274414062
put,2026-12-18,0.2,1000.0,218.62,221.43,220.025,230.15,1.0,0,0.27967028930664056
call,2026-12-31,0.2356164383561644,460.0,322.12,326.25,324.185,313.36,1.0,23,0.677859666748047
call,2026-12-31,0.2356164383561644,470.0,277.2,280.59,278.895,253.11,,0,1.0000000000000003e-05
call,2026-12-31,0.2356164383561644,475.0,292.87,295.99,294.43,283.28,,0,1.0000000000000003e-05
call,2026-12-31,0.2356164383561644,480.0,302.46,306.46,304.46,294.0,20.0,20,0.6392247991943358
call,2026-12-31,0.2356164383561644,485.0,283.11,286.22,284.665,274.52,1.0,1,1.0000000000000003e-05
call,2026-12-31,0.2356164383561644,500.0,282.71,286.67,284.69,278.66,15.0,203,0.6001016552734376
call,2026-12-31,0.2356164383561644,515.0,232.62,236.05,234.335,234.89,2.0,2,1.0000000000000003e-05
call,2026-12-31,0.2356164383561644,520.0,262.91,266.96,264.935,249.56,2.0,18,0.5619855813598633
call,2026-12-31,0.2356164383561644,525.0,257.99,262.08,260.03499999999997,239.76,1.0,7,0.5534712622070312
call,2026-12-31,0.2356164383561644,535.0,248.13,252.19,250.16,230.87,1.0,2,0.5347336566162109
call,2026-12-31,0.2356164383561644,540.0,243.2,247.3,245.25,236.28,2.0,20,0.5260057165527343
call,2026-12-31,0.2356164383561644,545.0,219.11,222.62,220.865,223.7,3.0,4,1.0000000000000003e-05
call,2026-12-31,0.2356164383561644,560.0,223.53,227.54,225.535,218.54,11.0,24,0.5278062356567383
call,2026-12-31,0.2356164383561644,565.0,218.6,222.66,220.63,206.16,3.0,72,0.5188646746826171
call,2026-12-31,0.2356164383561644,575.0,208.78,212.86,210.82,202.72,1.0,793,0.5002796554565431
call,2026-12-31,0.2356164383561644,580.0,203.87,207.86,205.865,185.42,6.0,26,0.4893544717407228
call,2026-12-31,0.2356164383561644,585.0,199.06,202.97,201.015,187.61,1.0,21,0.4802603244018554
call,2026-12-31,0.2356164383561644,590.0,194.06,198.04,196.05,178.82,1.0,35,0.47055583160400394
call,2026-12-31,0.2356164383561644,595.0,189.19,193.21,191.2,184.06,1.0,69,0.4624077197265626
call,2026-12-31,0.2356164383561644,600.0,184.31,188.34,186.325,175.31,3.0,441,0.45361874511718747
call,2026-12-31,0.2356164383561644,605.0,179.34,183.45,181.39499999999998,168.15,1.0,2179,0.4444940805053711
call,2026-12-31,0.2356164383561644,610.0,174.48,178.48,176.48,166.5,1.0,387,0.4341792422485352
call,2026-12-31,0.2356164383561644,615.0,169.59,173.64,171.615,155.33,1.0,205,0.42578699218750005
call,2026-12-31,0.2356164383561644,620.0,164.71,168.76,166.735,160.47,1.0,268,0.41678439666748035
call,2026-12-31,0.2356164383561644,624.0,144.94,148.4,146.67000000000002,137.76,1.0,785,1.0000000000000003e-05
call,2026-12-31,0.2356164383561644,625.0,159.82,163.91,161.865,145.4,2.0,78,0.4081480084228516
call,2026-12-31,0.2356164383561644,628.0,156.98,160.91,158.945,145.51,2.0,179,0.4017393811035156
call,2026-12-31,0.2356164383561644,632.0,141.32,144.51,142.915,128.67,4.0,6,1.0000000000000003e-05
call,2026-12-31,0.2356164383561644,633.0,152.12,156.13,154.125,133.6,1.0,32,0.3940185110473633
call,2026-12-31,0.2356164383561644,634.0,151.08,155.13,153.10500000000002,144.95,3.0,5,0.3918823019409179
call,2026-12-31,0.2356164383561644,635.0,150.2,154.19,152.195,150.72,1.0,50,0.39052428329467775
call,2026-12-31,0.2356164383561644,636.0,137.56,140.76,139.16,121.71,2.0,33,1.0000000000000003e-05
call,2026-12-31,0.2356164383561644,637.0,123.0,126.52,124.75999999999999,111.3,2.0,14,1.0000000000000003e-05
call,2026-12-31,0.2356164383561644,638.0,138.96,142.49,140.72500000000002,120.33,1.0,4,0.22046677978515622
call,2026-12-31,0.2356164383561644,639.0,146.33,150.3,148.315,136.94,6.0,22,0.38339850006103515
call,2026-12-31,0.2356164383561644,640.0,145.25,149.24,147.245,142.47,1.0,346,0.38049935913085936
call,2026-12-31,0.2356164383561644,642.0,143.29,147.32,145.305,139.9,19.0,57,0.3772492695617676
call,2026-12-31,0.2356164383561644,643.0,142.35,146.34,144.345,139.54,1.0,12,0.3753724572753906
call,2026-12-31,0.2356164383561644,644.0,116.99,120.51,118.75,98.1,1.0,0,1.0000000000000003e-05
call,2026-12-31,0.2356164383561644,645.0,140.41,144.48,142.445,137.71,2.0,59,0.3728547822570801
call,2026-12-31,0.2356164383561644,646.0,124.97,128.43,126.7,109.11,1.0,14,1.0000000000000003e-05
call,2026-12-31,0.2356164383561644,647.0,130.44,133.96,132.2,126.25,1.0,17,0.2237016107177734
call,2026-12-31,0.2356164383561644,648.0,137.5,141.54,139.51999999999998,135.04,10.0,33,0.367193828125
call,2026-12-31,0.2356164383561644,650.0,135.57,139.64,137.605,137.26,1.0,670,0.36414210083007814
call,2026-12-31,0.2356164383561644,651.0,123.59,126.79,125.19,118.6,100.0,74,1.0000000000000003e-05
call,2026-12-31,0.2356164383561644,652.0,133.63,137.71,135.67000000000002,124.58,1.0,8,0.36069364898681633
call,2026-12-31,0.2356164383561644,653.0,132.74,136.75,134.745,123.76,1.0,6,0.35904571624755854
call,2026-12-31,0.2356164383561644,654.0,103.96,107.29,105.625,106.61,6.0,8,1.0000000000000003e-05
call,2026-12-31,0.2356164383561644,655.0,130.75,134.8,132.775,109.02,50.0,193,0.35535312622070303
call,2026-12-31,0.2356164383561644,656.0,117.66,119.68,118.67,111.5,1.0,11,1.0000000000000003e-05
call,2026-12-31,0.2356164383561644,657.0,128.79,132.87,130.82999999999998,125.04,1.0,9,0.35190467437744133
call,2026-12-31,0.2356164383561644,658.0,120.09,123.61,121.85,95.62,2.0,10,0.22403730072021477
call,2026-12-31,0.2356164383561644,660.0,125.92,130.01,127.965,117.62,3.0,121,0.3470982038879394
call,2026-12-31,0.2356164383561644,661.0,111.6,115.03,113.315,98.58,2.0,13,1.0000000000000003e-05
call,2026-12-31,0.2356164383561644,662.0,110.72,114.14,112.43,104.43,2.0,9,1.0000000000000003e-05
call,2026-12-31,0.2356164383561644,663.0,123.01,127.11,125.06,110.48,5.0,16,0.34180345703125
call,2026-12-31,0.2356164383561644,665.0,121.19,125.18,123.185,104.79,1.0,276,0.33829397064208977
call,2026-12-31,0.2356164383561644,666.0,120.16,124.23,122.195,103.66,1.0,9,0.33670707244873044
call,2026-12-31,0.2356164383561644,667.0,119.31,123.24,121.275,110.87,1.0,19,0.3346624151611328
call,2026-12-31,0.2356164383561644,668.0,105.44,108.86,107.15,91.32,2.0,23,1.0000000000000003e-05
call,2026-12-31,0.2356164383561644,669.0,107.04,110.26,108.65,100.0,2.0,213,1.0000000000000003e-05
call,2026-12-31,0.2356164383561644,670.0,116.33,120.41,118.37,117.32,1.0,620,0.33008482421874996
call,2026-12-31,0.2356164383561644,671.0,115.37,119.46,117.41499999999999,93.14,24.0,240,0.3284674087524414
call,2026-12-31,0.2356164383561644,672.0,101.95,105.42,103.685,86.78,1.0,8,1.0000000000000003e-05
call,2026-12-31,0.2356164383561644,673.0,103.4,106.63,105.015,94.73,2.0,9,0.1167080517578125
call,2026-12-31,0.2356164383561644,674.0,102.5,105.73,104.11500000000001,97.65,1.0,12,0.12915909912109375
call,2026-12-31,0.2356164383561644,675.0,111.54,115.6,113.57,100.09,2.0,757,0.3213263668823242
call,2026-12-31,0.2356164383561644,676.0,103.34,106.87,105.105,99.4,1.0,62,0.21927660614013672
call,2026-12-31,0.2356164383561644,677.0,96.75,99.95,98.35,111.54,1.0,0,1.0000000000000003e-05
call,2026-12-31,0.2356164383561644,678.0,108.68,112.78,110.73,97.08,2.0,166,0.31674877593994133
call,2026-12-31,0.2356164383561644,679.0,107.86,111.82,109.84,105.65,1.0,13,0.31497877410888664
call,2026-12-31,0.2356164383561644,680.0,106.78,110.82,108.8,110.0,1.0,995,0.3128120477294921
call,2026-12-31,0.2356164383561644,681.0,105.83,109.85,107.84,103.25,3.0,135,0.3109352354431152
call,2026-12-31,0.2356164383561644,682.0,104.99,108.82,106.905,92.35,3.0,56,0.30844807769775384
call,2026-12-31,0.2356164383561644,683.0,104.08,107.86,105.97,91.71,1.0,23,0.30667807586669915
call,2026-12-31,0.2356164383561644,684.0,103.11,106.92,105.015,103.96,1.0,0,0.30512169494628905
call,2026-12-31,0.2356164383561644,685.0,102.1,105.7,103.9,103.32,1.0,436,0.3006509144592285
call,2026-12-31,0.2356164383561644,686.0,91.67,94.96,93.315,78.89,4.0,113,0.16458965301513673
call,2026-12-31,0.2356164383561644,687.0,100.21,104.08,102.145,92.72,1.0,109,0.3001931553649902
call,2026-12-31,0.2356164383561644,688.0,99.33,103.13,101.22999999999999,84.86,5.0,70,0.29849944671630857
call,2026-12-31,0.2356164383561644,689.0,98.32,102.19,100.255,102.62,6.0,119,0.2969125485229491
call,2026-12-31,0.2356164383561644,690.0,97.47,101.25,99.36,89.24,2.0,339,0.2953256503295898
call,2026-12-31,0.2356164383561644,692.0,95.52,99.36,97.44,96.18,1.0,144,0.2919992675781249
call,2026-12-31,0.2356164383561644,693.0,94.58,98.43,96.505,84.56,1.0,57,0.2904886625671386
call,2026-12-31,0.2356164383561644,695.0,93.5,96.55,95.025,89.44,4.0,255,0.2872385729980468
call,2026-12-31,0.2356164383561644,696.0,91.77,95.61,93.69,83.65,1.0,861,0.285590640258789
call,2026-12-31,0.2356164383561644,698.0,89.9,93.74,91.82,82.31,1.0,172,0.2824015852355957
call,2026-12-31,0.2356164383561644,699.0,89.01,92.81,90.91,69.71,1.0,257,0.2808452043151855
call,2026-12-31,0.2356164383561644,700.0,87.95,91.99,89.97,90.27,14.0,1612,0.28031115203857415
call,2026-12-31,0.2356164383561644,701.0,87.15,90.95,89.05000000000001,81.33,2.0,209,0.27768666656494134
call,2026-12-31,0.2356164383561644,702.0,86.22,90.02,88.12,72.79,9.0,560,0.27611502700805657
call,2026-12-31,0.2356164383561644,703.0,85.15,89.21,87.18,73.8,1.0,278,0.2756420092773437
call,2026-12-31,0.2356164383561644,704.0,84.32,88.16,86.24,76.97,1.0,326,0.2729107133483886
call,2026-12-31,0.2356164383561644,705.0,83.48,87.23,85.355,81.09,2.0,575,0.2713085565185547
call,2026-12-31,0.2356164383561644,706.0,82.46,86.31,84.38499999999999,70.63,1.0,22,0.26978269287109374
call,2026-12-31,0.2356164383561644,707.0,81.61,85.39,83.5,83.65,2.0,132,0.2682415705871582
call,2026-12-31,0.2356164383561644,708.0,80.97,84.46,82.715,76.94,2.0,182,0.266608896484375
call,2026-12-31,0.2356164383561644,709.0,79.74,83.54,81.64,73.89,1.0,14,0.2650525155639648
call,2026-12-31,0.2356164383561644,710.0,78.83,82.59,80.71000000000001,80.8,50.0,263,0.2632214791870118
call,2026-12-31,0.2356164383561644,711.0,77.86,81.71,79.785,62.43,2.0,179,0.26201604690551755
call,2026-12-31,0.2356164383561644,712.0,78.54,80.78,79.66,64.97,2.0,11,0.26035285552978515
call,2026-12-31,0.2356164383561644,713.0,76.03,79.84,77.935,63.0,2.0,33,0.25858285369873046
call,2026-12-31,0.2356164383561644,714.0,75.16,78.9,77.03,63.05,2.0,55,0.2568128518676758
call,2026-12-31,0.2356164383561644,715.0,74.22,77.98,76.1,76.1,11.0,1133,0.2551954364013672
call,2026-12-31,0.2356164383561644,716.0,73.28,77.06,75.17,62.1,2.0,44,0.25357802093505866
call,2026-12-31,0.2356164383561644,717.0,72.64,76.14,74.39,74.56,2.0,40,0.25196060546875
call,2026-12-31,0.2356164383561644,718.0,71.49,75.2,73.345,67.29,1.0,238,0.25014482772827146
call,2026-12-31,0.2356164383561644,719.0,70.61,74.27,72.44,66.34,1.0,77,0.24842060180664063
call,2026-12-31,0.2356164383561644,720.0,70.0,73.4,71.7,71.46,1.0,1994,0.24719991088867188
call,2026-12-31,0.2356164383561644,721.0,68.84,72.44,70.64,57.42,4.0,79,0.24518577087402343
call,2026-12-31,0.2356164383561644,722.0,69.51,71.52,70.515,57.65,1.0,199,0.24350732086181642
call,2026-12-31,0.2356164383561644,723.0,67.4,70.62,69.01,56.26,3.0,47,0.2419967158508301
call,2026-12-31,0.2356164383561644,724.0,66.33,69.71,68.02,55.6,4.0,242,0.24037930038452143
call,2026-12-31,0.2356164383561644,725.0,65.5,68.79,67.14500000000001,67.25,2.0,381,0.2386703330993652
call,2026-12-31,0.2356164383561644,727.0,63.65,66.96,65.30499999999999,57.05,5.0,2,0.23531343307495117
call,2026-12-31,0.2356164383561644,728.0,62.87,66.06,64.465,58.24,3.0,29,0.23372653488159179
call,2026-12-31,0.2356164383561644,730.0,62.43,64.27,63.349999999999994,63.75,4.0,859,0.23062903167724608
call,2026-12-31,0.2356164383561644,731.0,60.33,63.37,61.849999999999994,51.41,,1,0.22901161621093752
call,2026-12-31,0.2356164383561644,732.0,59.32,62.49,60.905,52.43,,1,0.22753152847290037
call,2026-12-31,0.2356164383561644,733.0,58.47,61.57,60.019999999999996,54.12,2.0,1,0.22573100936889645
call,2026-12-31,0.2356164383561644,734.0,57.64,60.69,59.165,47.56,,64,0.22423566299438474
call,2026-12-31,0.2356164383561644,735.0,56.79,59.81,58.3,58.0,8.0,1975,0.22272505798339842
call,2026-12-31,0.2356164383561644,736.0,55.94,58.9,57.42,43.63,,20,0.22097031478881834
call,2026-12-31,0.2356164383561644,737.0,55.1,58.02,56.56,50.2,2.0,30,0.2194291925048828
call,2026-12-31,0.2356164383561644,738.0,54.26,57.15,55.705,44.4,,28,0.2179491047668457
call,2026-12-31,0.2356164383561644,739.0,53.47,56.33,54.9,42.01,,3,0.21683522430419921
call,2026-12-31,0.2356164383561644,740.0,53.86,54.29,54.075,55.15,8.0,1580,0.2063220237731933
call,2026-12-31,0.2356164383561644,741.0,53.01,54.52,53.765,44.54,1.0,246,0.21326470336914063
call,2026-12-31,0.2356164383561644,742.0,52.15,53.65,52.9,46.38,2.0,1,0.21170832244873045
call,2026-12-31,0.2356164383561644,743.0,51.33,52.79,52.06,46.0,1.0,31,0.21022823471069335
call,2026-12-31,0.2356164383561644,744.0,49.31,50.85,50.08,39.7,,64,0.20058477645874018
call,2026-12-31,0.2356164383561644,745.0,49.57,49.97,49.769999999999996,50.25,2.0,1557,0.19896736099243162
call,2026-12-31,0.2356164383561644,748.0,47.09,47.48,47.285,36.26,,120,0.19507640869140624
call,2026-12-31,0.2356164383561644,750.0,45.47,45.85,45.66,47.07,34.0,3350,0.1925892509460449
call,2026-12-31,0.2356164383561644,751.0,44.72,45.04,44.879999999999995,32.81,,62,0.19135330139160156
call,2026-12-31,0.2356164383561644,752.0,43.9,44.23,44.065,35.21,,1,0.190086834564209
call,2026-12-31,0.2356164383561644,755.0,41.51,41.83,41.67,42.66,13.0,1166,0.1863637272644043
call,2026-12-31,0.2356164383561644,757.0,39.99,40.25,40.120000000000005,40.87,1.0,2,0.18389182815551758
call,2026-12-31,0.2356164383561644,758.0,39.17,39.48,39.325,28.52,,12,0.18276268905639648
call,2026-12-31,0.2356164383561644,759.0,38.42,38.7,38.56,34.0,1.0,9,0.1815267395019531
call,2026-12-31,0.2356164383561644,760.0,37.65,37.93,37.79,38.85,30.0,4520,0.18033656585693358
call,2026-12-31,0.2356164383561644,761.0,36.86,37.21,37.035,32.1,1.0,6,0.17945156494140624
call,2026-12-31,0.2356164383561644,762.0,36.14,36.41,36.275,30.84,4.0,107,0.17800199447631837
call,2026-12-31,0.2356164383561644,763.0,35.4,35.66,35.53,33.27,4.0,23,0.17685759674072266
call,2026-12-31,0.2356164383561644,764.0,34.65,34.9,34.775,35.66,1.0,15,0.1756063885498047
call,2026-12-31,0.2356164383561644,765.0,33.94,34.17,34.055,34.1,70.0,1733,0.17453828399658206
call,2026-12-31,0.2356164383561644,766.0,33.17,33.43,33.3,34.0,5.0,469,0.17337862762451173
call,2026-12-31,0.2356164383561644,767.0,32.41,32.7,32.555,33.31,1.0,60,0.17223422988891607
call,2026-12-31,0.2356164383561644,768.0,31.76,32.02,31.89,30.96,1.0,74,0.17141026351928712
call,2026-12-31,0.2356164383561644,769.0,31.07,31.35,31.21,31.37,5.0,98,0.17061681442260745
call,2026-12-31,0.2356164383561644,770.0,30.35,30.55,30.450000000000003,30.41,66.0,1981,0.16890784713745122
call,2026-12-31,0.2356164383561644,771.0,29.65,29.9,29.775,30.75,1.0,44,0.16817543258666995
call,2026-12-31,0.2356164383561644,772.0,28.95,29.16,29.055,28.94,16.0,23,0.16680215530395515
call,2026-12-31,0.2356164383561644,773.0,28.24,28.48,28.36,29.04,9.0,235,0.1657874559783936
call,2026-12-31,0.2356164383561644,774.0,27.58,27.8,27.689999999999998,28.56,2.0,23,0.1647422393798828
call,2026-12-31,0.2356164383561644,775.0,26.92,27.12,27.020000000000003,27.17,107.0,3295,0.1636588761901856
call,2026-12-31,0.2356164383561644,776.0,26.21,26.46,26.335,27.53,12.0,278,0.16266706481933596
call,2026-12-31,0.2356164383561644,777.0,25.61,25.82,25.715,26.49,3.0,315,0.16176680526733395
call,2026-12-31,0.2356164383561644,778.0,25.0,25.15,25.075,25.53,3.0,422,0.1606224075317383
call,2026-12-31,0.2356164383561644,779.0,24.29,24.53,24.41,24.67,4.0,10,0.15978318252563478
call,2026-12-31,0.2356164383561644,780.0,23.71,23.89,23.8,23.8,407.0,2519,0.15876085388183597
call,2026-12-31,0.2356164383561644,781.0,23.05,23.27,23.16,23.15,8.0,70,0.15782244773864748
call,2026-12-31,0.2356164383561644,782.0,22.52,22.56,22.54,23.53,20.0,36,0.1562584375
call,2026-12-31,0.2356164383561644,783.0,21.94,21.98,21.96,22.0,4.0,369,0.15549550567626952
call,2026-12-31,0.2356164383561644,784.0,21.36,21.41,21.384999999999998,21.52,21.0,154,0.1547630911254883
call,2026-12-31,0.2356164383561644,785.0,20.74,20.78,20.759999999999998,20.74,258.0,1671,0.15358817611694336
call,2026-12-31,0.2356164383561644,786.0,20.2,20.24,20.22,20.25,5.0,445,0.15296257202148442
call,2026-12-31,0.2356164383561644,787.0,19.64,19.69,19.665,17.4,1.0,108,0.15221489883422856
call,2026-12-31,0.2356164383561644,788.0,19.07,19.12,19.095,20.07,8.0,207,0.151299380645752
call,2026-12-31,0.2356164383561644,789.0,18.52,18.58,18.549999999999997,19.01,69.0,138,0.1505364488220215
call,2026-12-31,0.2356164383561644,790.0,17.96,18.01,17.985,18.04,1863.0,3354,0.1495141201782227
call,2026-12-31,0.2356164383561644,791.0,17.4,17.45,17.424999999999997,18.24,8.0,114,0.14850705017089844
call,2026-12-31,0.2356164383561644,792.0,16.95,17.0,16.975,14.97,43.0,100,0.14820187744140628
call,2026-12-31,0.2356164383561644,793.0,16.42,16.48,16.450000000000003,17.27,3.0,124,0.14736265243530272
call,2026-12-31,0.2356164383561644,794.0,15.89,15.93,15.91,15.65,1.0,54,0.14627928924560546
call,2026-12-31,0.2356164383561644,795.0,15.44,15.49,15.465,16.06,47.0,1579,0.1458825646972656
call,2026-12-31,0.2356164383561644,796.0,14.94,14.97,14.955,14.96,2.0,255,0.14489075332641604
call,2026-12-31,0.2356164383561644,797.0,14.48,14.52,14.5,15.28,25.0,129,0.14432618377685547
call,2026-12-31,0.2356164383561644,798.0,14.03,14.09,14.059999999999999,14.8,47.0,37,0.14384553672790526
call,2026-12-31,0.2356164383561644,799.0,13.55,13.58,13.565000000000001,14.34,24.0,48,0.1427545442199707
call,2026-12-31,0.2356164383561644,800.0,13.16,13.21,13.185,13.16,211.0,7332,0.14258669921875
call,2026-12-31,0.2356164383561644,801.0,12.69,12.74,12.715,12.91,1.0,24,0.14167118103027343
call,2026-12-31,0.2356164383561644,802.0,12.3,12.35,12.325,13.05,49.0,20888,0.14125919784545898
call,2026-12-31,0.2356164383561644,803.0,11.88,11.92,11.9,10.25,4.0,44,0.14051152465820313
call,2026-12-31,0.2356164383561644,804.0,11.48,11.51,11.495000000000001,9.79,5.0,642,0.13984014465332031
call,2026-12-31,0.2356164383561644,805.0,11.09,11.13,11.11,11.75,115.0,3279,0.13933660964965822
call,2026-12-31,0.2356164383561644,806.0,10.69,10.73,10.71,11.5,1.0,194,0.13861945373535156
call,2026-12-31,0.2356164383561644,807.0,10.36,10.41,10.385,10.42,41.0,62,0.13845160873413087
call,2026-12-31,0.2356164383561644,808.0,9.99,10.04,10.015,10.48,2.0,31,0.13785652191162112
call,2026-12-31,0.2356164383561644,809.0,9.61,9.65,9.629999999999999,9.6,1.0,20,0.13704781417846684
call,2026-12-31,0.2356164383561644,810.0,9.26,9.3,9.280000000000001,9.31,93.0,2867,0.13646798599243165
call,2026-12-31,0.2356164383561644,811.0,8.94,8.98,8.96,9.29,3.0,257,0.13607126144409182
call,2026-12-31,0.2356164383561644,812.0,8.63,8.67,8.65,6.11,15.0,112,0.1357050541687012
call,2026-12-31,0.2356164383561644,813.0,8.32,8.35,8.335,8.39,2.0,189,0.13518626052856447
call,2026-12-31,0.2356164383561644,814.0,8.01,8.04,8.024999999999999,6.74,5.0,573,0.13469798416137696
call,2026-12-31,0.2356164383561644,815.0,7.73,7.76,7.745,8.29,20.0,4390,0.1343928114318848
call,2026-12-31,0.2356164383561644,816.0,7.43,7.46,7.445,5.51,5.0,117,0.13387401779174807
call,2026-12-31,0.2356164383561644,817.0,7.16,7.19,7.175000000000001,6.93,5.0,738,0.13352306915283202
call,2026-12-31,0.2356164383561644,818.0,6.9,6.94,6.92,6.61,1.0,1601,0.1333094482421875
call,2026-12-31,0.2356164383561644,819.0,6.63,6.67,6.65,4.5,119.0,564,0.1328516891479492
call,2026-12-31,0.2356164383561644,820.0,6.35,6.39,6.369999999999999,6.75,477.0,2614,0.13224134368896484
call,2026-12-31,0.2356164383561644,821.0,6.12,6.16,6.140000000000001,6.48,2.0,117,0.1320277227783203
call,2026-12-31,0.2356164383561644,822.0,5.9,5.94,5.92,6.4,1.0,390,0.131844619140625
call,2026-12-31,0.2356164383561644,823.0,5.66,5.69,5.675000000000001,6.0,1.0,474,0.13132582550048827
call,2026-12-31,0.2356164383561644,824.0,5.43,5.47,5.449999999999999,3.66,123.0,562,0.13102065277099606
call,2026-12-31,0.2356164383561644,825.0,5.23,5.27,5.25,5.28,123.0,3426,0.13083754913330076
call,2026-12-31,0.2356164383561644,826.0,4.99,5.03,5.01,5.18,2.0,1076,0.1302272036743164
call,2026-12-31,0.2356164383561644,827.0,4.79,4.83,4.8100000000000005,4.93,4.0,5,0.1299525482177734
call,2026-12-31,0.2356164383561644,828.0,4.62,4.65,4.635,4.96,45.0,46,0.12979996185302733
call,2026-12-31,0.2356164383561644,829.0,4.42,4.45,4.4350000000000005,4.44,65.0,572,0.1294032373046875
call,2026-12-31,0.2356164383561644,830.0,4.26,4.28,4.27,4.26,126.0,3534,0.1292353923034668
call,2026-12-31,0.2356164383561644,831.0,4.06,4.1,4.08,4.24,203.0,295,0.1289149609375
call,2026-12-31,0.2356164383561644,832.0,3.89,3.93,3.91,3.91,158.0,13,0.12865556411743162
call,2026-12-31,0.2356164383561644,833.0,3.73,3.77,3.75,3.96,15.0,71,0.1284419432067871
call,2026-12-31,0.2356164383561644,834.0,3.57,3.6,3.585,3.11,4.0,7,0.12806047729492187
call,2026-12-31,0.2356164383561644,835.0,3.43,3.47,3.45,3.83,43.0,3525,0.12806047729492187
call,2026-12-31,0.2356164383561644,836.0,3.29,3.33,3.31,3.62,259.0,7,0.1279078909301758
call,2026-12-31,0.2356164383561644,837.0,3.16,3.19,3.175,3.39,3.0,64,0.12770952865600588
call,2026-12-31,0.2356164383561644,838.0,3.01,3.05,3.03,2.44,2.0,17,0.1274501318359375
call,2026-12-31,0.2356164383561644,839.0,2.88,2.91,2.895,3.23,2.0,5,0.12711444183349607
call,2026-12-31,0.2356164383561644,840.0,2.77,2.8,2.785,2.77,92.0,2380,0.12712970046997069
call,2026-12-31,0.2356164383561644,841.0,2.65,2.68,2.665,1.7,1.0,2,0.12696185546875
call,2026-12-31,0.2356164383561644,842.0,2.53,2.55,2.54,1.69,1.0,1,0.12659564819335936
call,2026-12-31,0.2356164383561644,843.0,2.42,2.45,2.435,1.98,1.0,1,0.12656513092041016
call,2026-12-31,0.2356164383561644,844.0,2.31,2.34,2.325,1.52,1.0,1,0.1263515100097656
call,2026-12-31,0.2356164383561644,845.0,2.22,2.24,2.2300000000000004,2.21,7.0,1629,0.12624469955444334
call,2026-12-31,0.2356164383561644,846.0,2.12,2.14,2.13,1.03,,1,0.12607685455322265
call,2026-12-31,0.2356164383561644,847.0,2.02,2.05,2.035,1.31,,1,0.1260158200073242
call,2026-12-31,0.2356164383561644,849.0,1.85,1.88,1.865,1.47,2.0,3,0.12586323364257812
call,2026-12-31,0.2356164383561644,850.0,1.76,1.79,1.775,1.99,462.0,12158,0.1256496127319336
call,2026-12-31,0.2356164383561644,851.0,1.69,1.71,1.7,1.75,1.0,5,0.12552754364013674
call,2026-12-31,0.2356164383561644,852.0,1.61,1.63,1.62,1.87,1.0,1,0.12537495727539064
call,2026-12-31,0.2356164383561644,853.0,1.55,1.57,1.56,1.56,4.0,3,0.12549702636718751
call,2026-12-31,0.2356164383561644,855.0,1.41,1.44,1.4249999999999998,1.57,31.0,1962,0.12549702636718751
call,2026-12-31,0.2356164383561644,857.0,1.29,1.32,1.3050000000000002,0.89,1.0,2,0.1254665090942383
call,2026-12-31,0.2356164383561644,858.0,1.23,1.26,1.245,0.78,1.0,1,0.12537495727539064
call,2026-12-31,0.2356164383561644,860.0,1.13,1.15,1.14,1.13,14.0,3382,0.1253139227294922
call,2026-12-31,0.2356164383561644,862.0,1.04,1.06,1.05,0.71,2.0,3,0.12549702636718751
call,2026-12-31,0.2356164383561644,863.0,0.99,1.01,1.0,1.1,5.0,15,0.12540547454833983
call,2026-12-31,0.2356164383561644,864.0,0.95,0.97,0.96,0.99,12.0,40,0.12552754364013674
call,2026-12-31,0.2356164383561644,865.0,0.91,0.93,0.92,0.75,333.0,1681,0.1256190954589844
call,2026-12-31,0.2356164383561644,866.0,0.87,0.89,0.88,0.95,3.0,6,0.1256190954589844
call,2026-12-31,0.2356164383561644,869.0,0.77,0.79,0.78,0.34,,16,0.12604633728027342
call,2026-12-31,0.2356164383561644,870.0,0.74,0.75,0.745,0.8,7.0,1757,0.12592426818847657
call,2026-12-31,0.2356164383561644,875.0,0.6,0.61,0.605,0.67,7.0,749,0.12653461364746094
call,2026-12-31,0.2356164383561644,880.0,0.5,0.51,0.505,0.55,8.0,613,0.1277553045654297
call,2026-12-31,0.2356164383561644,885.0,0.41,0.42,0.415,0.46,9.0,1301,0.12867082275390623
call,2026-12-31,0.2356164383561644,890.0,0.35,0.36,0.355,0.35,3.0,683,0.13037979003906247
call,2026-12-31,0.2356164383561644,895.0,0.29,0.3,0.295,0.36,30.0,1048,0.13147841186523437
call,2026-12-31,0.2356164383561644,900.0,0.25,0.26,0.255,0.26,228.0,9049,0.1333094482421875
call,2026-12-31,0.2356164383561644,905.0,0.21,0.22,0.215,0.14,50.0,492,0.13453013916015627
call,2026-12-31,0.2356164383561644,910.0,0.18,0.19,0.185,0.2,259.0,717,0.1362391064453125
call,2026-12-31,0.2356164383561644,915.0,0.16,0.17,0.165,0.12,1.0,553,0.13843635009765626
call,2026-12-31,0.2356164383561644,920.0,0.14,0.15,0.14500000000000002,0.15,1.0,392,0.14038945556640625
call,2026-12-31,0.2356164383561644,925.0,0.12,0.13,0.125,0.1,2.0,353,0.14185428466796873
call,2026-12-31,0.2356164383561644,930.0,0.1,0.12,0.11,0.1,61.0,263,0.1445398046875
call,2026-12-31,0.2356164383561644,935.0,0.09,0.1,0.095,0.1,20.0,176,0.14527221923828126
call,2026-12-31,0.2356164383561644,940.0,0.08,0.09,0.08499999999999999,0.1,24.0,714,0.147469462890625
put,2026-12-31,0.2356164383561644,460.0,0.36,0.37,0.365,0.36,47.0,2104,0.45215391601562505
put,2026-12-31,0.2356164383561644,465.0,0.37,0.38,0.375,0.5,1.0,306,0.445318046875
put,2026-12-31,0.2356164383561644,470.0,0.39,0.4,0.395,0.45,17.0,49,0.43970286865234376
put,2026-12-31,0.2356164383561644,475.0,0.41,0.42,0.415,0.47,24.0,726,0.43408769042968753
put,2026-12-31,0.2356164383561644,480.0,0.43,0.44,0.435,0.49,11.0,16171,0.4282283740234375
put,2026-12-31,0.2356164383561644,485.0,0.45,0.46,0.455,0.46,2.0,352,0.42236905761718746
put,2026-12-31,0.2356164383561644,490.0,0.47,0.48,0.475,0.48,235.0,5385,0.4165097412109374
put,2026-12-31,0.2356164383561644,495.0,0.49,0.5,0.495,0.62,1.0,197,0.41040628662109374
put,2026-12-31,0.2356164383561644,500.0,0.52,0.53,0.525,0.52,3.0,1369,0.405279384765625
put,2026-12-31,0.2356164383561644,505.0,0.54,0.55,0.545,0.56,2.0,374,0.3991759301757813
put,2026-12-31,0.2356164383561644,510.0,0.57,0.58,0.575,0.6,1.0,802,0.3939269592285156
put,2026-12-31,0.2356164383561644,515.0,0.59,0.6,0.595,0.84,4.0,115,0.387701435546875
put,2026-12-31,0.2356164383561644,520.0,0.62,0.63,0.625,0.64,11.0,944,0.38220832641601554
put,2026-12-31,0.2356164383561644,525.0,0.65,0.66,0.655,0.68,5.0,706,0.3767152172851562
put,2026-12-31,0.2356164383561644,530.0,0.69,0.7,0.695,0.69,40.0,1465,0.37183245361328127
put,2026-12-31,0.2356164383561644,535.0,0.72,0.73,0.725,0.79,6.0,15321,0.36597313720703123
put,2026-12-31,0.2356164383561644,540.0,0.75,0.76,0.755,0.78,500.0,613,0.3601138208007812
put,2026-12-31,0.2356164383561644,545.0,0.79,0.8,0.795,0.79,390.0,1420,0.3548648498535155
put,2026-12-31,0.2356164383561644,550.0,0.83,0.84,0.835,0.85,6.0,86670,0.3494938098144531
put,2026-12-31,0.2356164383561644,555.0,0.86,0.87,0.865,0.86,3.0,894,0.34339035522460937
put,2026-12-31,0.2356164383561644,560.0,0.91,0.92,0.915,0.9,6.0,1203,0.33850759155273435
put,2026-12-31,0.2356164383561644,565.0,0.95,0.96,0.955,1.22,2.0,885,0.3327703442382813
put,2026-12-31,0.2356164383561644,570.0,0.99,1.01,1.0,1.05,101.0,938,0.3275213732910156
put,2026-12-31,0.2356164383561644,575.0,1.04,1.05,1.045,1.06,9.0,1051,0.32166205688476557
put,2026-12-31,0.2356164383561644,580.0,1.09,1.1,1.0950000000000002,1.11,42.0,2391,0.3162299822998046
put,2026-12-31,0.2356164383561644,585.0,1.14,1.16,1.15,1.31,26.0,456,0.3111030804443359
put,2026-12-31,0.2356164383561644,586.0,1.15,1.17,1.16,1.7,,2,0.3099434240722656
put,2026-12-31,0.2356164383561644,588.0,1.17,1.19,1.18,1.52,4.0,14,0.30774618041992186
put,2026-12-31,0.2356164383561644,589.0,1.19,1.2,1.1949999999999998,1.67,2.0,2,0.30652548950195313
put,2026-12-31,0.2356164383561644,590.0,1.19,1.21,1.2,1.27,1.0,1116,0.30542686767578126
put,2026-12-31,0.2356164383561644,592.0,1.23,1.24,1.2349999999999999,1.83,2.0,212,0.3035347967529296
put,2026-12-31,0.2356164383561644,595.0,1.25,1.27,1.26,1.29,15.0,809,0.30005582763671873
put,2026-12-31,0.2356164383561644,599.0,1.31,1.32,1.315,1.96,3.0,496,0.29572237487792963
put,2026-12-31,0.2356164383561644,600.0,1.32,1.33,1.3250000000000002,1.34,38.0,4127,0.29456271850585936
put,2026-12-31,0.2356164383561644,601.0,1.33,1.35,1.34,1.68,2.0,277,0.2937082348632812
put,2026-12-31,0.2356164383561644,604.0,1.37,1.38,1.375,2.06,2.0,16,0.29016823120117186
put,2026-12-31,0.2356164383561644,605.0,1.39,1.41,1.4,1.45,300.0,2761,0.28967995483398434
put,2026-12-31,0.2356164383561644,606.0,1.4,1.42,1.41,1.95,3.0,13,0.2884592639160155
put,2026-12-31,0.2356164383561644,608.0,1.43,1.45,1.44,2.25,,14,0.2863840893554687
put,2026-12-31,0.2356164383561644,609.0,1.45,1.46,1.455,2.17,10.0,11,0.28516339843749994
put,2026-12-31,0.2356164383561644,610.0,1.46,1.47,1.4649999999999999,1.47,301.0,30324,0.28394270751953116
put,2026-12-31,0.2356164383561644,612.0,1.49,1.5,1.495,2.19,315.0,315,0.2818064984130859
put,2026-12-31,0.2356164383561644,613.0,1.5,1.52,1.51,2.25,65.0,72,0.28089098022460934
put,2026-12-31,0.2356164383561644,614.0,1.52,1.54,1.53,2.49,64.0,66,0.27997546203613277
put,2026-12-31,0.2356164383561644,615.0,1.54,1.55,1.545,1.61,301.0,7825,0.27875477111816405
put,2026-12-31,0.2356164383561644,616.0,1.55,1.57,1.56,2.19,324.0,324,0.2778392529296875
put,2026-12-31,0.2356164383561644,617.0,1.57,1.59,1.58,1.56,63.0,130,0.27686270019531245
put,2026-12-31,0.2356164383561644,618.0,1.59,1.6,1.5950000000000002,1.62,63.0,65,0.2756420092773437
put,2026-12-31,0.2356164383561644,619.0,1.6,1.61,1.605,1.83,10.0,136,0.27436028381347655
put,2026-12-31,0.2356164383561644,620.0,1.62,1.64,1.63,1.65,310.0,3209,0.27368890380859373
put,2026-12-31,0.2356164383561644,621.0,1.64,1.65,1.645,1.86,168.0,371,0.27246821289062495
put,2026-12-31,0.2356164383561644,622.0,1.66,1.67,1.665,1.76,63.0,573,0.27149166015625
put,2026-12-31,0.2356164383561644,623.0,1.67,1.69,1.68,1.71,2.0,195,0.270515107421875
put,2026-12-31,0.2356164383561644,624.0,1.69,1.71,1.7,2.28,69.0,191,0.2695385546875
put,2026-12-31,0.2356164383561644,625.0,1.71,1.72,1.7149999999999999,1.83,8.0,537,0.26819579467773436
put,2026-12-31,0.2356164383561644,626.0,1.73,1.74,1.7349999999999999,2.31,166.0,405,0.2672192419433594
put,2026-12-31,0.2356164383561644,627.0,1.74,1.76,1.75,2.27,416.0,1522,0.2662426892089844
put,2026-12-31,0.2356164383561644,628.0,1.76,1.78,1.77,2.8,1.0,162,0.26520510192871094
put,2026-12-31,0.2356164383561644,629.0,1.77,1.8,1.7850000000000001,2.59,15.0,296,0.26416751464843746
put,2026-12-31,0.2356164383561644,630.0,1.8,1.81,1.8050000000000002,2.1,1.0,458,0.2628857891845704
put,2026-12-31,0.2356164383561644,631.0,1.82,1.84,1.83,2.2,63.0,198,0.26215337463378907
put,2026-12-31,0.2356164383561644,632.0,1.84,1.86,1.85,2.16,122.0,422,0.2611157873535156
put,2026-12-31,0.2356164383561644,633.0,1.85,1.88,1.865,2.49,271.0,298,0.2600171655273438
put,2026-12-31,0.2356164383561644,634.0,1.88,1.9,1.89,1.99,1.0,425,0.2589795782470704
put,2026-12-31,0.2356164383561644,635.0,1.9,1.92,1.91,1.95,8.0,759,0.25794199096679693
put,2026-12-31,0.2356164383561644,636.0,1.93,1.94,1.935,2.22,124.0,437,0.256843369140625
put,2026-12-31,0.2356164383561644,637.0,1.94,1.96,1.95,2.0,3.0,340,0.2557752645874024
put,2026-12-31,0.2356164383561644,638.0,1.97,1.99,1.98,2.57,2.0,197,0.2549512982177735
put,2026-12-31,0.2356164383561644,639.0,1.98,2.0,1.99,2.67,3.0,772,0.2536085382080079
put,2026-12-31,0.2356164383561644,640.0,2.0,2.02,2.01,2.06,4.0,1253,0.25250991638183595
put,2026-12-31,0.2356164383561644,641.0,2.02,2.05,2.035,2.73,76.0,297,0.25165543273925783
put,2026-12-31,0.2356164383561644,642.0,2.05,2.08,2.065,2.09,63.0,122,0.2508009490966796
put,2026-12-31,0.2356164383561644,643.0,2.08,2.09,2.085,3.33,1.0,448,0.24945818908691403
put,2026-12-31,0.2356164383561644,644.0,2.11,2.12,2.115,2.71,2.0,17,0.2485426708984375
put,2026-12-31,0.2356164383561644,645.0,2.12,2.14,2.13,2.18,64.0,1700,0.2474440490722656
put,2026-12-31,0.2356164383561644,646.0,2.15,2.17,2.16,2.16,62.0,67,0.24652853088378907
put,2026-12-31,0.2356164383561644,647.0,2.17,2.19,2.1799999999999997,2.7,1.0,258,0.24536887451171874
put,2026-12-31,0.2356164383561644,648.0,2.21,2.23,2.2199999999999998,3.03,9.0,55,0.24469749450683598
put,2026-12-31,0.2356164383561644,649.0,2.22,2.24,2.2300000000000004,2.55,5.0,128,0.24329369995117187
put,2026-12-31,0.2356164383561644,650.0,2.25,2.27,2.26,2.31,20.0,89757,0.2423781817626953
put,2026-12-31,0.2356164383561644,651.0,2.28,2.3,2.29,3.49,1.0,110,0.24146266357421875
put,2026-12-31,0.2356164383561644,652.0,2.31,2.32,2.315,2.46,1.0,157,0.24024197265624997
put,2026-12-31,0.2356164383561644,653.0,2.34,2.36,2.3499999999999996,3.63,14.0,150,0.2395095581054687
put,2026-12-31,0.2356164383561644,654.0,2.37,2.38,2.375,2.92,1.0,274,0.23834990173339843
put,2026-12-31,0.2356164383561644,655.0,2.39,2.41,2.4000000000000004,2.42,3.0,354,0.23734283172607418
put,2026-12-31,0.2356164383561644,656.0,2.43,2.44,2.435,2.8,1.0,187,0.2363662789916992
put,2026-12-31,0.2356164383561644,657.0,2.45,2.47,2.46,2.91,1.0,151,0.23535920898437498
put,2026-12-31,0.2356164383561644,658.0,2.49,2.5,2.495,3.29,1.0,109,0.23435213897705076
put,2026-12-31,0.2356164383561644,659.0,2.51,2.53,2.5199999999999996,3.28,15.0,216,0.23334506896972657
put,2026-12-31,0.2356164383561644,660.0,2.55,2.57,2.5599999999999996,2.6,11.0,2634,0.23249058532714845
put,2026-12-31,0.2356164383561644,661.0,2.57,2.59,2.58,3.04,1.0,623,0.2312698944091797
put,2026-12-31,0.2356164383561644,662.0,2.6,2.63,2.615,3.02,1.0,139,0.23041541076660155
put,2026-12-31,0.2356164383561644,663.0,2.65,2.67,2.66,5.89,3.0,427,0.22956092712402343
put,2026-12-31,0.2356164383561644,664.0,2.68,2.69,2.685,2.88,2.0,333,0.22827920166015625
put,2026-12-31,0.2356164383561644,665.0,2.72,2.73,2.725,2.73,59.0,5923,0.2274247180175781
put,2026-12-31,0.2356164383561644,666.0,2.74,2.76,2.75,2.96,1.0,276,0.22632609619140626
put,2026-12-31,0.2356164383561644,667.0,2.77,2.79,2.7800000000000002,2.83,1.0,539,0.22522747436523435
put,2026-12-31,0.2356164383561644,668.0,2.81,2.83,2.8200000000000003,3.62,1.0,53,0.22431195617675775
put,2026-12-31,0.2356164383561644,669.0,2.85,2.87,2.8600000000000003,3.73,6.0,541,0.22339643798828124
put,2026-12-31,0.2356164383561644,670.0,2.89,2.9,2.895,2.94,23.0,1419,0.22226729888916014
put,2026-12-31,0.2356164383561644,671.0,2.93,2.95,2.9400000000000004,2.91,3.0,246,0.22150436706542967
put,2026-12-31,0.2356164383561644,672.0,2.96,2.97,2.965,3.99,2.0,41,0.22019212432861324
put,2026-12-31,0.2356164383561644,673.0,3.0,3.01,3.005,2.97,3.0,205,0.21921557159423827
put,2026-12-31,0.2356164383561644,674.0,3.04,3.05,3.045,4.42,5.0,233,0.21823901885986324
put,2026-12-31,0.2356164383561644,675.0,3.08,3.09,3.085,3.08,15.0,770,0.21726246612548827
put,2026-12-31,0.2356164383561644,676.0,3.12,3.13,3.125,4.21,10.0,49,0.21625539611816402
put,2026-12-31,0.2356164383561644,677.0,3.17,3.18,3.175,4.15,1.0,349,0.21540091247558596
put,2026-12-31,0.2356164383561644,678.0,3.21,3.22,3.215,3.86,6.0,714,0.21436332519531248
put,2026-12-31,0.2356164383561644,679.0,3.25,3.26,3.255,4.22,2.0,687,0.21332573791503906
put,2026-12-31,0.2356164383561644,680.0,3.29,3.3,3.295,3.25,27.0,2894,0.2122881506347656
put,2026-12-31,0.2356164383561644,681.0,3.34,3.36,3.3499999999999996,4.39,2.0,44,0.21155573608398434
put,2026-12-31,0.2356164383561644,682.0,3.39,3.41,3.4000000000000004,4.07,1.0,2210,0.2106402178955078
put,2026-12-31,0.2356164383561644,683.0,3.43,3.44,3.435,4.01,4.0,120,0.20941952697753902
put,2026-12-31,0.2356164383561644,684.0,3.48,3.49,3.4850000000000003,3.96,9.0,644,0.20847349151611322
put,2026-12-31,0.2356164383561644,685.0,3.52,3.53,3.525,3.67,9.0,2731,0.2073748696899414
put,2026-12-31,0.2356164383561644,686.0,3.58,3.6,3.59,5.07,1.0,624,0.20670348968505853
put,2026-12-31,0.2356164383561644,687.0,3.63,3.65,3.6399999999999997,5.67,7.0,772,0.20572693695068356
put,2026-12-31,0.2356164383561644,688.0,3.68,3.7,3.6900000000000004,4.2,2.0,521,0.20475038421630853
put,2026-12-31,0.2356164383561644,689.0,3.73,3.74,3.7350000000000003,3.89,3.0,630,0.20359072784423826
put,2026-12-31,0.2356164383561644,690.0,3.77,3.79,3.7800000000000002,3.94,16.0,3077,0.202583657836914
put,2026-12-31,0.2356164383561644,691.0,3.83,3.84,3.835,4.47,5.0,431,0.20154607055664062
put,2026-12-31,0.2356164383561644,692.0,3.89,3.9,3.895,4.73,2.0,227,0.20066106964111324
put,2026-12-31,0.2356164383561644,693.0,3.95,3.97,3.96,4.63,3.0,109,0.1998981378173828
put,2026-12-31,0.2356164383561644,694.0,4.01,4.03,4.02,4.74,3.0,38,0.198952102355957
put,2026-12-31,0.2356164383561644,695.0,4.06,4.08,4.07,4.06,1.0,1440,0.19788399780273438
put,2026-12-31,0.2356164383561644,696.0,4.12,4.15,4.135,5.63,2.0,1227,0.19706003143310546
put,2026-12-31,0.2356164383561644,697.0,4.16,4.18,4.17,5.64,2.0,33,0.19565623687744144
put,2026-12-31,0.2356164383561644,698.0,4.24,4.25,4.245,5.57,2.0,57,0.1948322705078125
put,2026-12-31,0.2356164383561644,699.0,4.3,4.31,4.305,4.53,1.0,125,0.1938252005004883
put,2026-12-31,0.2356164383561644,700.0,4.38,4.39,4.385,4.31,133.0,8481,0.1930622686767578
put,2026-12-31,0.2356164383561644,701.0,4.43,4.44,4.4350000000000005,4.76,1.0,217,0.19190261230468753
put,2026-12-31,0.2356164383561644,702.0,4.5,4.52,4.51,4.82,1.0,204,0.19112442184448242
put,2026-12-31,0.2356164383561644,703.0,4.56,4.59,4.574999999999999,4.5,1.0,222,0.1901936450195313
put,2026-12-31,0.2356164383561644,704.0,4.63,4.64,4.635,5.51,3.0,488,0.18898821273803712
put,2026-12-31,0.2356164383561644,705.0,4.7,4.71,4.705,4.74,4.0,889,0.1880269186401367
put,2026-12-31,0.2356164383561644,706.0,4.77,4.79,4.779999999999999,5.55,14.0,135,0.1871724349975586
put,2026-12-31,0.2356164383561644,707.0,4.83,4.86,4.845000000000001,5.96,1.0,161,0.18616536499023437
put,2026-12-31,0.2356164383561644,708.0,4.92,4.93,4.925,5.19,1.0,324,0.18515829498291014
put,2026-12-31,0.2356164383561644,709.0,5.0,5.02,5.01,5.82,9.0,263,0.18436484588623048
put,2026-12-31,0.2356164383561644,710.0,5.08,5.1,5.09,5.09,51.0,2615,0.1834340690612793
put,2026-12-31,0.2356164383561644,711.0,5.14,5.18,5.16,5.92,2.0,375,0.18247277496337888
put,2026-12-31,0.2356164383561644,712.0,5.23,5.26,5.245,5.21,1.0,348,0.1815267395019531
put,2026-12-31,0.2356164383561644,713.0,5.31,5.33,5.32,5.61,1.0,482,0.18041285903930665
put,2026-12-31,0.2356164383561644,714.0,5.4,5.41,5.405,6.27,7.0,103,0.179421047668457
put,2026-12-31,0.2356164383561644,715.0,5.48,5.49,5.485,5.71,20.0,673,0.1783987190246582
put,2026-12-31,0.2356164383561644,716.0,5.57,5.58,5.575,5.78,7.0,445,0.17746794219970702
put,2026-12-31,0.2356164383561644,717.0,5.66,5.67,5.665,5.66,14.0,523,0.17652190673828128
put,2026-12-31,0.2356164383561644,718.0,5.74,5.76,5.75,5.82,1.0,343,0.17556061264038086
put,2026-12-31,0.2356164383561644,719.0,5.84,5.86,5.85,6.71,78.0,793,0.17469087036132813
put,2026-12-31,0.2356164383561644,720.0,5.95,5.96,5.955,5.94,120.0,4067,0.17377535217285156
put,2026-12-31,0.2356164383561644,721.0,6.02,6.04,6.029999999999999,6.08,1.0,386,0.17264621307373051
put,2026-12-31,0.2356164383561644,722.0,6.13,6.16,6.145,6.05,17.0,555,0.17191379852294925
put,2026-12-31,0.2356164383561644,723.0,6.23,6.25,6.24,6.36,1.0,21090,0.1708456939697266
put,2026-12-31,0.2356164383561644,724.0,6.33,6.35,6.34,7.12,7.0,318,0.16986914123535157
put,2026-12-31,0.2356164383561644,725.0,6.44,6.45,6.445,6.61,27.0,2131,0.16886207122802738
put,2026-12-31,0.2356164383561644,726.0,6.54,6.56,6.55,8.8,1.0,43,0.1679465530395508
put,2026-12-31,0.2356164383561644,727.0,6.65,6.67,6.66,8.37,1.0,9,0.16700051757812504
put,2026-12-31,0.2356164383561644,728.0,6.76,6.8,6.779999999999999,8.5,1.0,15,0.16622232711791995
put,2026-12-31,0.2356164383561644,729.0,6.88,6.91,6.895,8.16,3.0,37,0.16523051574707032
put,2026-12-31,0.2356164383561644,730.0,7.0,7.01,7.005,6.93,92.0,8753,0.16410137664794922
put,2026-12-31,0.2356164383561644,731.0,7.11,7.15,7.130000000000001,8.54,2.0,8,0.1633537034606934
put,2026-12-31,0.2356164383561644,732.0,7.23,7.26,7.245,7.49,3.0,244,0.1623008575439453
put,2026-12-31,0.2356164383561644,733.0,7.36,7.39,7.375,8.87,2.0,212,0.16138533935546873
put,2026-12-31,0.2356164383561644,734.0,7.49,7.52,7.505,9.75,8.0,77,0.1604698211669922
put,2026-12-31,0.2356164383561644,735.0,7.64,7.67,7.654999999999999,7.56,40.0,1155,0.1596916307067871
put,2026-12-31,0.2356164383561644,736.0,7.75,7.77,7.76,7.7,3.0,65,0.15845568115234376
put,2026-12-31,0.2356164383561644,737.0,7.89,7.92,7.904999999999999,8.04,1.0,452,0.15763171478271482
put,2026-12-31,0.2356164383561644,738.0,8.02,8.06,8.04,8.54,2.0,53,0.15668567932128907
put,2026-12-31,0.2356164383561644,739.0,8.15,8.19,8.17,11.05,10.0,95,0.15563283340454104
put,2026-12-31,0.2356164383561644,740.0,8.31,8.35,8.33,8.31,30.0,6128,0.15480886703491215
put,2026-12-31,0.2356164383561644,741.0,8.46,8.49,8.475000000000001,11.12,10.0,103,0.15378653839111328
put,2026-12-31,0.2356164383561644,742.0,8.62,8.64,8.629999999999999,8.51,2.0,262,0.15282524429321293
put,2026-12-31,0.2356164383561644,743.0,8.76,8.8,8.780000000000001,10.57,1.0,278,0.15192498474121097
put,2026-12-31,0.2356164383561644,744.0,8.93,8.96,8.945,9.5,1.0,29,0.15099420791625984
put,2026-12-31,0.2356164383561644,745.0,9.1,9.13,9.115,9.09,41.0,4070,0.15010920700073244
put,2026-12-31,0.2356164383561644,746.0,9.25,9.3,9.275,12.4,10.0,125,0.14919368881225586
put,2026-12-31,0.2356164383561644,747.0,9.44,9.46,9.45,9.42,4.0,61,0.14815610153198244
put,2026-12-31,0.2356164383561644,748.0,9.61,9.65,9.629999999999999,9.61,45.0,65,0.14734739379882814
put,2026-12-31,0.2356164383561644,749.0,9.8,9.82,9.81,12.73,4.0,92,0.1463403237915039
put,2026-12-31,0.2356164383561644,750.0,9.98,10.01,9.995000000000001,9.87,147.0,3138,0.14545532287597657
put,2026-12-31,0.2356164383561644,751.0,10.16,10.2,10.18,10.4,1.0,91,0.1445398046875
put,2026-12-31,0.2356164383561644,752.0,10.35,10.38,10.365,10.23,12.0,78,0.1435174760437012
put,2026-12-31,0.2356164383561644,753.0,10.56,10.59,10.575,10.56,1.0,4,0.14267825103759768
put,2026-12-31,0.2356164383561644,754.0,10.74,10.79,10.765,14.41,2.0,151,0.1417474742126465
put,2026-12-31,0.2356164383561644,755.0,10.95,10.99,10.969999999999999,10.84,45.0,4501,0.14077092147827147
put,2026-12-31,0.2356164383561644,756.0,11.16,11.21,11.185,11.14,1.0,7,0.13990117919921874
put,2026-12-31,0.2356164383561644,757.0,11.39,11.42,11.405000000000001,11.49,7.0,128,0.13893988510131838
put,2026-12-31,0.2356164383561644,758.0,11.62,11.65,11.635,11.78,2.0,8,0.13807014282226562
put,2026-12-31,0.2356164383561644,759.0,11.82,11.87,11.844999999999999,11.75,30.0,128,0.13709359008789065
put,2026-12-31,0.2356164383561644,760.0,12.08,12.11,12.094999999999999,12.07,160.0,3363,0.1362238478088379
put,2026-12-31,0.2356164383561644,761.0,12.3,12.35,12.325,12.16,3.0,168,0.135323588256836
put,2026-12-31,0.2356164383561644,762.0,12.55,12.59,12.57,12.43,3.0,52,0.1343775527954102
put,2026-12-31,0.2356164383561644,763.0,12.8,12.83,12.815000000000001,12.98,8.0,37,0.13338574142456056
put,2026-12-31,0.2356164383561644,764.0,13.05,13.1,13.075,13.3,1.0,390,0.13257703369140628
put,2026-12-31,0.2356164383561644,765.0,13.32,13.36,13.34,13.28,89.0,4366,0.1316462568664551
put,2026-12-31,0.2356164383561644,766.0,13.6,13.62,13.61,13.7,22.0,60,0.13066970413208007
put,2026-12-31,0.2356164383561644,767.0,13.85,13.91,13.879999999999999,14.54,9.0,142,0.1298609963989258
put,2026-12-31,0.2356164383561644,768.0,14.14,14.19,14.165,14.05,12.0,347,0.12894547821044922
put,2026-12-31,0.2356164383561644,769.0,14.44,14.48,14.46,14.27,4.0,21,0.12804521865844726
put,2026-12-31,0.2356164383561644,770.0,14.72,14.76,14.74,14.73,159.0,4903,0.12702289001464845
put,2026-12-31,0.2356164383561644,771.0,15.03,15.06,15.045,15.0,4.0,166,0.12610737182617188
put,2026-12-31,0.2356164383561644,772.0,15.34,15.4,15.370000000000001,15.2,17.0,397,0.12539784523010253
put,2026-12-31,0.2356164383561644,773.0,15.64,15.7,15.67,15.6,22.0,687,0.12437551658630372
put,2026-12-31,0.2356164383561644,774.0,16.0,16.03,16.015,16.49,1.0,543,0.12350577430725099
put,2026-12-31,0.2356164383561644,775.0,16.31,16.37,16.34,16.3,513.0,2291,0.12264366134643556
put,2026-12-31,0.2356164383561644,776.0,16.66,16.71,16.685000000000002,16.58,39.0,105,0.1217434017944336
put,2026-12-31,0.2356164383561644,777.0,17.02,17.06,17.04,16.76,51.0,280,0.12084314224243164
put,2026-12-31,0.2356164383561644,778.0,17.36,17.42,17.39,18.18,26.0,151,0.11995814132690427
put,2026-12-31,0.2356164383561644,779.0,17.75,17.79,17.77,18.14,68.0,165,0.11908839904785155
put,2026-12-31,0.2356164383561644,780.0,18.09,18.15,18.119999999999997,18.1,264.0,940,0.11809658767700196
put,2026-12-31,0.2356164383561644,781.0,18.48,18.55,18.515,18.32,65.0,498,0.11730313858032226
put,2026-12-31,0.2356164383561644,782.0,18.93,18.98,18.955,18.91,101.0,55,0.11666227584838867
put,2026-12-31,0.2356164383561644,785.0,20.14,20.2,20.17,20.83,3.0,559,0.11388520401000976
put,2026-12-31,0.2356164383561644,787.0,20.99,21.05,21.02,20.95,3.0,83,0.11196261581420897
put,2026-12-31,0.2356164383561644,789.0,21.91,21.98,21.945,21.57,147.0,6,0.11029942443847655
put,2026-12-31,0.2356164383561644,790.0,22.38,22.45,22.415,22.21,421.0,349,0.10939916488647461
put,2026-12-31,0.2356164383561644,795.0,24.81,24.99,24.9,35.37,2.0,40,0.10509622940063476
put,2026-12-31,0.2356164383561644,796.0,25.38,25.56,25.47,31.0,1.0,6,0.10444010803222654
put,2026-12-31,0.2356164383561644,800.0,27.65,27.86,27.755,27.73,44.0,678,0.10114424255371093
put,2026-12-31,0.2356164383561644,805.0,30.73,30.92,30.825000000000003,30.13,2.0,22,0.09639880661010741
put,2026-12-31,0.2356164383561644,807.0,32.02,32.19,32.105000000000004,41.65,,1,0.09412526977539062
put,2026-12-31,0.2356164383561644,810.0,34.04,34.26,34.15,44.32,1.0,9,0.09128716339111329
put,2026-12-31,0.2356164383561644,815.0,37.6,37.88,37.74,44.53,1.0,8,0.08553465744018557
put,2026-12-31,0.2356164383561644,820.0,40.42,41.88,41.150000000000006,61.76,1.0,0,0.08017887603759766
put,2026-12-31,0.2356164383561644,825.0,44.22,46.14,45.18,50.32,1.0,8,0.07361766235351563
put,2026-12-31,0.2356164383561644,830.0,48.45,51.93,50.19,65.05,1.0,0,0.09467458068847658
put,2026-12-31,0.2356164383561644,832.0,50.22,53.83,52.025,64.45,1.0,0,0.09568165069580079
put,2026-12-31,0.2356164383561644,835.0,68.65,72.79,70.72,69.99,6.0,0,0.24805439453125
put,2026-12-31,0.2356164383561644,840.0,58.08,61.8,59.94,74.67,1.0,0,0.10553872985839843
put,2026-12-31,0.2356164383561644,850.0,83.65,87.86,85.755,82.0,2.0,0,0.2773967524719238
put,2026-12-31,0.2356164383561644,855.0,88.5,92.75,90.625,89.52,1.0,0,0.28574322662353513
put,2026-12-31,0.2356164383561644,860.0,77.85,81.93,79.89,90.16,1.0,1,0.13272962005615235
put,2026-12-31,0.2356164383561644,865.0,82.87,86.93,84.9,99.58,1.0,0,0.13868048828125001
put,2026-12-31,0.2356164383561644,870.0,87.92,91.91,89.91499999999999,109.23,,0,0.14417359741210936
put,2026-12-31,0.2356164383561644,890.0,124.61,127.82,126.215,140.87,,0,0.34633527206420894
put,2026-12-31,0.2356164383561644,895.0,154.64,158.0,156.32,184.25,1.0,0,0.5336960693359375
put,2026-12-31,0.2356164383561644,900.0,117.91,121.94,119.925,126.56,1.0,0,0.1785055294799805
put,2026-12-31,0.2356164383561644,940.0,157.88,161.92,159.89999999999998,169.38,,0,0.2194291925048828
call,2027-01-15,0.27671232876712326,50.0,728.42,732.44,730.4300000000001,725.19,20.0,20,2.313480778808593
call,2027-01-15,0.27671232876712326,55.0,698.1,701.53,699.815,682.21,1.0,0,1.0000000000000003e-05
call,2027-01-15,0.27671232876712326,65.0,697.3,700.58,698.94,686.33,,4,1.0000000000000003e-05
call,2027-01-15,0.27671232876712326,70.0,708.56,712.54,710.55,695.5,9.0,0,2.0449267626953125
call,2027-01-15,0.27671232876712326,75.0,687.33,690.61,688.97,655.17,10.0,10,1.0000000000000003e-05
call,2027-01-15,0.27671232876712326,80.0,698.63,702.68,700.655,681.99,5.0,0,1.9526369555664065
call,2027-01-15,0.27671232876712326,90.0,688.71,692.73,690.72,684.86,,1,1.8618170971679686
call,2027-01-15,0.27671232876712326,95.0,667.41,670.66,669.035,653.24,,5,1.0000000000000003e-05
call,2027-01-15,0.27671232876712326,100.0,678.78,682.81,680.795,667.0,5.0,15,1.7836924877929685
call,2027-01-15,0.27671232876712326,105.0,657.41,660.69,659.05,643.34,,8,1.0000000000000003e-05
call,2027-01-15,0.27671232876712326,110.0,599.37,602.88,601.125,547.7,50.0,0,1.0000000000000003e-05
call,2027-01-15,0.27671232876712326,120.0,631.59,634.94,633.2650000000001,620.0,1.0,1,1.0000000000000003e-05
call,2027-01-15,0.27671232876712326,130.0,579.53,583.04,581.285,525.03,1.0,0,1.0000000000000003e-05
call,2027-01-15,0.27671232876712326,135.0,574.58,578.08,576.33,520.32,1.0,0,1.0000000000000003e-05
call,2027-01-15,0.27671232876712326,145.0,617.53,620.8,619.165,586.16,10.0,10,1.0000000000000003e-05
call,2027-01-15,0.27671232876712326,150.0,629.19,633.25,631.22,612.41,2.0,2,1.4904810632324215
call,2027-01-15,0.27671232876712326,155.0,505.13,508.97,507.05,527.5,1.0,21,1.0000000000000003e-05
call,2027-01-15,0.27671232876712326,160.0,602.67,605.85,604.26,585.53,1.0,31,1.0000000000000003e-05
call,2027-01-15,0.27671232876712326,165.0,614.32,618.38,616.35,592.15,10.0,115,1.4211454724121095
call,2027-01-15,0.27671232876712326,170.0,609.36,613.47,611.415,601.24,1.0,57,1.4019805291748046
call,2027-01-15,0.27671232876712326,180.0,572.37,575.71,574.04,552.99,121.0,252,1.0000000000000003e-05
call,2027-01-15,0.27671232876712326,185.0,578.03,581.11,579.5699999999999,547.66,1.0,43,1.0000000000000003e-05
call,2027-01-15,0.27671232876712326,190.0,548.62,551.99,550.3050000000001,543.55,,45,1.0000000000000003e-05
call,2027-01-15,0.27671232876712326,195.0,584.88,588.67,586.775,586.44,4.0,367,1.3147006921386715
call,2027-01-15,0.27671232876712326,200.0,579.9,583.68,581.79,575.41,5.0,53,1.2928502154541015
call,2027-01-15,0.27671232876712326,205.0,461.0,464.72,462.86,436.75,75.0,1,1.0000000000000003e-05
call,2027-01-15,0.27671232876712326,210.0,558.58,562.0,560.29,538.22,10.0,10,1.0000000000000003e-05
call,2027-01-15,0.27671232876712326,215.0,451.5,455.3,453.4,408.8,75.0,0,1.0000000000000003e-05
call,2027-01-15,0.27671232876712326,220.0,472.83,476.5,474.66499999999996,471.91,2.0,3,1.0000000000000003e-05
call,2027-01-15,0.27671232876712326,230.0,525.5,528.86,527.1800000000001,509.15,,2,1.0000000000000003e-05
call,2027-01-15,0.27671232876712326,235.0,528.77,531.86,530.315,508.06,1.0,1,1.0000000000000003e-05
call,2027-01-15,0.27671232876712326,240.0,437.15,440.03,438.59,440.19,5.0,4,1.0000000000000003e-05
call,2027-01-15,0.27671232876712326,250.0,530.1,534.12,532.11,520.6,2.0,51,1.114140171508789
call,2027-01-15,0.27671232876712326,255.0,441.21,444.5,442.855,425.25,2.0,2,1.0000000000000003e-05
call,2027-01-15,0.27671232876712326,265.0,430.63,434.5,432.565,427.58,2.0,2,1.0000000000000003e-05
call,2027-01-15,0.27671232876712326,270.0,510.26,514.3,512.28,493.18,2.0,6,1.0548142962646485
call,2027-01-15,0.27671232876712326,275.0,489.39,492.48,490.935,473.29,2.0,9,1.0000000000000003e-05
call,2027-01-15,0.27671232876712326,280.0,461.01,464.6,462.805,473.21,1.0,55,1.0000000000000003e-05
call,2027-01-15,0.27671232876712326,285.0,456.12,459.71,457.91499999999996,468.35,1.0,152,1.0000000000000003e-05
call,2027-01-15,0.27671232876712326,290.0,474.63,477.72,476.175,458.68,1.0,7,1.0000000000000003e-05
call,2027-01-15,0.27671232876712326,295.0,469.71,472.8,471.255,456.85,2.0,24,1.0000000000000003e-05
call,2027-01-15,0.27671232876712326,300.0,480.54,484.59,482.565,483.03,2.0,149,0.9740603179931642
call,2027-01-15,0.27671232876712326,305.0,459.87,462.96,461.41499999999996,443.72,2.0,19,1.0000000000000003e-05
call,2027-01-15,0.27671232876712326,310.0,454.95,458.04,456.495,438.86,2.0,5,1.0000000000000003e-05
call,2027-01-15,0.27671232876712326,315.0,465.89,469.78,467.835,457.96,2.0,5,0.9426885614013671
call,2027-01-15,0.27671232876712326,320.0,445.12,448.21,446.66499999999996,429.1,4.0,89,1.0000000000000003e-05
call,2027-01-15,0.27671232876712326,325.0,440.2,443.29,441.745,424.24,5.0,24,1.0000000000000003e-05
call,2027-01-15,0.27671232876712326,330.0,450.84,454.89,452.865,434.26,131.0,192,0.9001474829101561
call,2027-01-15,0.27671232876712326,335.0,430.37,433.47,431.92,414.52,3.0,14,1.0000000000000003e-05
call,2027-01-15,0.27671232876712326,340.0,440.94,444.98,442.96000000000004,438.0,4.0,25,0.8763440100097657
call,2027-01-15,0.27671232876712326,345.0,436.0,440.04,438.02,423.11,1.0,11,0.8652357226562499
call,2027-01-15,0.27671232876712326,350.0,431.26,435.11,433.185,414.35,258.0,323,0.8588881298828125
call,2027-01-15,0.27671232876712326,355.0,426.32,430.16,428.24,418.8,2.0,13,0.8476577734374999
call,2027-01-15,0.27671232876712326,360.0,421.37,425.21,423.28999999999996,403.35,5.0,25,0.8363053479003906
call,2027-01-15,0.27671232876712326,370.0,411.47,415.32,413.395,394.59,22.0,132,0.8141498077392577
call,2027-01-15,0.27671232876712326,375.0,391.09,394.19,392.64,379.75,1.0,48,1.0000000000000003e-05
call,2027-01-15,0.27671232876712326,380.0,401.36,405.4,403.38,390.65,2.0,97,0.7877218493652343
call,2027-01-15,0.27671232876712326,385.0,396.42,400.47,398.44500000000005,380.3,20.0,22,0.7775901147460937
call,2027-01-15,0.27671232876712326,390.0,391.6,395.51,393.555,379.5,1.0,28,0.7691673474121095
call,2027-01-15,0.27671232876712326,400.0,381.79,385.67,383.73,373.5,1.0,484,0.7507349145507812
call,2027-01-15,0.27671232876712326,405.0,376.84,380.71,378.775,358.39,1.0,49,0.740114903564453
call,2027-01-15,0.27671232876712326,415.0,366.96,370.83,368.895,359.29,3.0,47,0.7200955725097657
call,2027-01-15,0.27671232876712326,420.0,362.01,365.89,363.95,348.21,1.0,61,0.7100248724365235
call,2027-01-15,0.27671232876712326,425.0,356.9,360.94,358.91999999999996,339.49,9.0,71,0.6973296868896486
call,2027-01-15,0.27671232876712326,430.0,352.13,356.01,354.07,326.41,1.0,134,0.6904327832031252
call,2027-01-15,0.27671232876712326,435.0,347.19,351.07,349.13,340.79,1.0,30,0.6807282904052736
call,2027-01-15,0.27671232876712326,440.0,342.25,346.13,344.19,337.5,4.0,97,0.6711458666992189
call,2027-01-15,0.27671232876712326,445.0,337.9,341.2,339.54999999999995,327.33,3.0,34,0.6702608657836916
call,2027-01-15,0.27671232876712326,450.0,332.38,336.26,334.32,322.25,1.0,192,0.6522861920166017
call,2027-01-15,0.27671232876712326,455.0,327.45,331.33,329.39,319.5,1.0,57,0.6431310101318359
call,2027-01-15,0.27671232876712326,460.0,322.52,326.4,324.46,317.29,1.0,85,0.6339758282470704
call,2027-01-15,0.27671232876712326,465.0,317.59,321.47,319.53,298.56,12.0,69,0.6248816809082032
call,2027-01-15,0.27671232876712326,470.0,312.91,316.55,314.73,295.81,1.0,187,0.6192665026855471
call,2027-01-15,0.27671232876712326,475.0,307.75,311.63,309.69,310.0,10.0,0,0.6073037316894532
call,2027-01-15,0.27671232876712326,480.0,302.7,306.79,304.745,287.5,1.0,71,0.5979654461669923
call,2027-01-15,0.27671232876712326,485.0,297.73,301.88,299.805,295.01,16.0,82,0.5887492297363282
call,2027-01-15,0.27671232876712326,490.0,293.02,296.9,294.96,286.0,4.0,141,0.5819133605957032
call,2027-01-15,0.27671232876712326,495.0,288.06,292.07,290.065,284.0,28.0,101,0.5738262832641602
call,2027-01-15,0.27671232876712326,500.0,283.2,287.08,285.14,285.53,2.0,487,0.5650678259277344
call,2027-01-15,0.27671232876712326,505.0,264.29,267.46,265.875,255.19,4.0,61,1.0000000000000003e-05
call,2027-01-15,0.27671232876712326,510.0,273.39,277.27,275.33,263.76,1.0,1407,0.5484664294433594
call,2027-01-15,0.27671232876712326,515.0,268.49,272.37,270.43,248.0,5.0,147,0.540287800292969
call,2027-01-15,0.27671232876712326,520.0,263.62,267.46,265.53999999999996,255.02,3.0,212,0.5323533093261719
call,2027-01-15,0.27671232876712326,525.0,258.82,262.56,260.69,259.24,1.0,202,0.5252122674560546
call,2027-01-15,0.27671232876712326,530.0,253.78,257.66,255.72000000000003,246.3,3.0,233,0.51562984375
call,2027-01-15,0.27671232876712326,535.0,248.88,252.76,250.82,241.7,3.0,175,0.5074512145996093
call,2027-01-15,0.27671232876712326,540.0,243.99,247.88,245.935,235.2,2.0,184,0.5349472775268554
call,2027-01-15,0.27671232876712326,545.0,239.09,242.97,241.03,226.83,1.0,91,0.5259141647338867
call,2027-01-15,0.27671232876712326,550.0,234.46,238.2,236.32999999999998,235.39,6.0,1079,0.5192003646850586
call,2027-01-15,0.27671232876712326,555.0,229.16,233.31,231.235,219.0,4.0,154,0.510472424621582
call,2027-01-15,0.27671232876712326,560.0,224.71,228.42,226.565,221.6,2.0,276,0.5017444845581055
call,2027-01-15,0.27671232876712326,565.0,220.23,223.55,221.89,222.0,11.0,180,0.49335223449707044
call,2027-01-15,0.27671232876712326,570.0,214.61,218.67,216.64,209.03,5.0,318,0.48480739807128903
call,2027-01-15,0.27671232876712326,575.0,209.78,213.66,211.72,207.27,2.0,1343,0.4743094561767578
call,2027-01-15,0.27671232876712326,580.0,204.91,208.72,206.815,201.56,1.0,2825,0.4649101361083985
call,2027-01-15,0.27671232876712326,585.0,199.9,204.05,201.97500000000002,196.4,1.0,1721,0.45941702697753906
call,2027-01-15,0.27671232876712326,590.0,195.03,199.18,197.10500000000002,197.0,2.0,2166,0.45099425964355466
call,2027-01-15,0.27671232876712326,595.0,190.54,194.18,192.36,184.8,10.0,1026,0.44077097320556635
call,2027-01-15,0.27671232876712326,600.0,185.96,189.29,187.625,188.03,231.0,2626,0.43207355041503903
call,2027-01-15,0.27671232876712326,605.0,180.81,184.61,182.71,180.9,1.0,1670,0.42615319946289065
call,2027-01-15,0.27671232876712326,610.0,175.65,179.77,177.71,179.0,3.0,980,0.4180356048583984
call,2027-01-15,0.27671232876712326,615.0,170.81,174.93,172.87,161.83,3.0,1893,0.40991801025390623
call,2027-01-15,0.27671232876712326,620.0,166.01,169.94,167.975,167.0,1.0,860,0.39987782745361333
call,2027-01-15,0.27671232876712326,625.0,161.38,165.26,163.32,153.16,2.0,3836,0.3936523037719727
call,2027-01-15,0.27671232876712326,630.0,156.37,160.29,158.32999999999998,159.67,7.0,1558,0.38387151779174805
call,2027-01-15,0.27671232876712326,635.0,151.54,155.47,153.505,153.29,1.0,814,0.3758607336425781
call,2027-01-15,0.27671232876712326,640.0,146.68,150.83,148.755,135.1,4.0,795,0.3698030549621582
call,2027-01-15,0.27671232876712326,645.0,141.89,146.04,143.96499999999997,136.5,1.0,1160,0.3619753744506836
call,2027-01-15,0.27671232876712326,650.0,137.2,139.96,138.57999999999998,140.27,3.0,4875,0.3399571620178223
call,2027-01-15,0.27671232876712326,655.0,132.34,136.49,134.41500000000002,126.6,4.0,1463,0.3463963066101074
call,2027-01-15,0.27671232876712326,660.0,127.58,131.5,129.54,131.43,2.0,7564,0.336295089263916
call,2027-01-15,0.27671232876712326,665.0,122.87,126.8,124.83500000000001,115.0,2.0,4437,0.32910827148437494
call,2027-01-15,0.27671232876712326,670.0,118.27,122.07,120.16999999999999,115.5,1.0,2635,0.3215247291564941
call,2027-01-15,0.27671232876712326,675.0,113.48,117.35,115.41499999999999,116.66,1.0,2024,0.31391066955566405
call,2027-01-15,0.27671232876712326,680.0,108.86,112.66,110.75999999999999,112.18,2.0,5976,0.3064797135925293
call,2027-01-15,0.27671232876712326,685.0,104.13,107.98,106.055,107.55,2.0,4043,0.2990029817199707
call,2027-01-15,0.27671232876712326,690.0,99.46,103.33,101.395,102.16,3.0,3148,0.2916483189392089
call,2027-01-15,0.27671232876712326,695.0,95.0,98.7,96.85,96.88,21.0,3113,0.2843089147949218
call,2027-01-15,0.27671232876712326,700.0,90.3,94.1,92.19999999999999,93.36,23.0,9922,0.2770610624694824
call,2027-01-15,0.27671232876712326,705.0,85.81,89.53,87.67,86.75,1.0,2868,0.26987424468994137
call,2027-01-15,0.27671232876712326,710.0,81.42,84.99,83.205,83.1,1.0,2896,0.26273320281982426
call,2027-01-15,0.27671232876712326,715.0,76.94,80.41,78.675,78.94,2.0,2984,0.2550581086730958
call,2027-01-15,0.27671232876712326,720.0,72.59,75.9,74.245,74.16,9.0,5310,0.24770344589233395
call,2027-01-15,0.27671232876712326,725.0,68.28,71.41,69.845,68.7,4.0,4173,0.24024197265624997
call,2027-01-15,0.27671232876712326,730.0,64.03,66.75,65.39,66.8,5.0,4241,0.2313004116821289
call,2027-01-15,0.27671232876712326,735.0,61.02,62.57,61.795,58.16,22.0,1724,0.22553264709472653
call,2027-01-15,0.27671232876712326,740.0,56.79,58.24,57.515,57.05,84.0,6044,0.21833057067871092
call,2027-01-15,0.27671232876712326,745.0,52.67,53.08,52.875,49.5,5.0,4644,0.20514710876464842
call,2027-01-15,0.27671232876712326,750.0,48.59,48.91,48.75,48.8,220.0,7878,0.1984027914428711
call,2027-01-15,0.27671232876712326,755.0,44.66,44.95,44.805,45.96,76.0,4674,0.19255110435485842
call,2027-01-15,0.27671232876712326,760.0,40.83,41.07,40.95,42.0,60.0,5346,0.18666889999389646
call,2027-01-15,0.27671232876712326,765.0,37.11,37.34,37.225,37.7,29.0,6222,0.18114527359008786
call,2027-01-15,0.27671232876712326,770.0,33.58,33.73,33.655,33.66,89.0,12363,0.17569794036865233
call,2027-01-15,0.27671232876712326,775.0,30.14,30.24,30.189999999999998,30.95,179.0,8128,0.17026586578369146
call,2027-01-15,0.27671232876712326,780.0,26.85,27.01,26.93,26.95,1369.0,12450,0.1656272402954102
call,2027-01-15,0.27671232876712326,785.0,23.81,23.86,23.835,23.91,1218.0,6309,0.1606224075317383
call,2027-01-15,0.27671232876712326,790.0,20.99,21.03,21.009999999999998,21.78,105.0,6814,0.15663990341186523
call,2027-01-15,0.27671232876712326,795.0,18.29,18.33,18.31,18.37,76.0,9695,0.1524437783813477
call,2027-01-15,0.27671232876712326,800.0,15.9,15.94,15.92,15.9,656.0,26793,0.14914028358459472
call,2027-01-15,0.27671232876712326,805.0,13.69,13.72,13.705,13.69,80.0,6842,0.14581390083312987
call,2027-01-15,0.27671232876712326,810.0,11.71,11.75,11.73,11.74,60.0,5472,0.14297579444885253
call,2027-01-15,0.27671232876712326,815.0,9.93,9.97,9.95,10.04,14733.0,8825,0.1402521278381348
call,2027-01-15,0.27671232876712326,820.0,8.4,8.43,8.415,8.48,320.0,6601,0.1380243669128418
call,2027-01-15,0.27671232876712326,825.0,7.04,7.08,7.0600000000000005,7.07,73.0,11842,0.1360407441711426
call,2027-01-15,0.27671232876712326,830.0,5.9,5.94,5.92,5.94,642.0,4996,0.13453013916015627
call,2027-01-15,0.27671232876712326,835.0,4.89,4.93,4.91,5.09,233.0,5796,0.1329737582397461
call,2027-01-15,0.27671232876712326,840.0,4.04,4.07,4.055,4.33,303.0,6914,0.13160048095703125
call,2027-01-15,0.27671232876712326,845.0,3.33,3.36,3.3449999999999998,3.56,219.0,4712,0.13062392822265623
call,2027-01-15,0.27671232876712326,850.0,2.73,2.75,2.74,2.76,338.0,14999,0.12964737548828126
call,2027-01-15,0.27671232876712326,855.0,2.22,2.24,2.2300000000000004,2.35,1.0,8367,0.1287928918457031
call,2027-01-15,0.27671232876712326,860.0,1.81,1.84,1.8250000000000002,1.94,11.0,4742,0.1284572018432617
call,2027-01-15,0.27671232876712326,865.0,1.48,1.49,1.4849999999999999,1.62,81.0,6354,0.1279078909301758
call,2027-01-15,0.27671232876712326,870.0,1.2,1.23,1.2149999999999999,1.35,56.0,8752,0.12802996002197264
call,2027-01-15,0.27671232876712326,875.0,0.99,1.01,1.0,0.99,42.0,7831,0.1281215118408203
call,2027-01-15,0.27671232876712326,880.0,0.81,0.83,0.8200000000000001,0.93,26.0,18386,0.12836565002441402
call,2027-01-15,0.27671232876712326,885.0,0.67,0.69,0.6799999999999999,0.72,20.0,6371,0.1289149609375
call,2027-01-15,0.27671232876712326,890.0,0.56,0.57,0.565,0.62,2.0,7905,0.12934220275878905
call,2027-01-15,0.27671232876712326,895.0,0.47,0.49,0.48,0.55,2.0,1743,0.13062392822265623
call,2027-01-15,0.27671232876712326,900.0,0.4,0.41,0.405,0.45,778.0,25542,0.1313563427734375
call,2027-01-15,0.27671232876712326,905.0,0.34,0.35,0.345,0.37,1.0,4293,0.1324549645996094
call,2027-01-15,0.27671232876712326,910.0,0.29,0.3,0.295,0.3,20.0,4865,0.13367565551757812
call,2027-01-15,0.27671232876712326,915.0,0.25,0.26,0.255,0.27,5.0,3556,0.13501841552734378
call,2027-01-15,0.27671232876712326,920.0,0.21,0.23,0.22,0.24,1.0,1656,0.13672738281250002
call,2027-01-15,0.27671232876712326,925.0,0.18,0.2,0.19,0.21,34.0,1826,0.1381922119140625
call,2027-01-15,0.27671232876712326,930.0,0.16,0.17,0.165,0.19,1.0,645,0.13904669555664065
call,2027-01-15,0.27671232876712326,935.0,0.14,0.15,0.14500000000000002,0.14,35.0,1032,0.14063359375
call,2027-01-15,0.27671232876712326,940.0,0.12,0.13,0.125,0.13,2.0,526,0.14185428466796873
call,2027-01-15,0.27671232876712326,945.0,0.11,0.12,0.11499999999999999,0.13,84.0,401,0.14405152832031248
call,2027-01-15,0.27671232876712326,950.0,0.1,0.11,0.10500000000000001,0.11,142.0,3013,0.14600463378906248
call,2027-01-15,0.27671232876712326,955.0,0.09,0.1,0.095,0.09,4.0,417,0.14795773925781253
call,2027-01-15,0.27671232876712326,960.0,0.08,0.09,0.08499999999999999,0.09,15.0,6374,0.149422568359375
call,2027-01-15,0.27671232876712326,965.0,0.07,0.08,0.07500000000000001,0.06,1.0,244,0.15088739746093754
call,2027-01-15,0.27671232876712326,970.0,0.06,0.07,0.065,0.07,2.0,641,0.15235222656250003
call,2027-01-15,0.27671232876712326,975.0,0.06,0.07,0.065,0.07,45.0,3582,0.15528188476562502
call,2027-01-15,0.27671232876712326,980.0,0.05,0.06,0.055,0.06,50.0,2009,0.1562584375
call,2027-01-15,0.27671232876712326,985.0,0.05,0.06,0.055,0.06,31.0,1066,0.159188095703125
call,2027-01-15,0.27671232876712326,990.0,0.04,0.06,0.05,0.04,1.0,1865,0.16211775390625
call,2027-01-15,0.27671232876712326,995.0,0.04,0.05,0.045,0.05,20.0,1102,0.1626060302734375
call,2027-01-15,0.27671232876712326,1000.0,0.04,0.05,0.045,0.05,1047.0,23229,0.16553568847656253
call,2027-01-15,0.27671232876712326,1010.0,0.03,0.04,0.035,0.04,3.0,826,0.16797707031250003
call,2027-01-15,0.27671232876712326,1020.0,0.03,0.04,0.035,0.04,250.0,2413,0.17383638671875
call,2027-01-15,0.27671232876712326,1030.0,0.03,0.04,0.035,0.03,1.0,1316,0.17920742675781248
call,2027-01-15,0.27671232876712326,1040.0,0.02,0.03,0.025,0.03,3.0,2146,0.180672255859375
call,2027-01-15,0.27671232876712326,1050.0,0.02,0.03,0.025,0.02,7.0,3955,0.18555501953124998
call,2027-01-15,0.27671232876712326,1060.0,0.02,0.03,0.025,0.02,1.0,4828,0.1914143359375
put,2027-01-15,0.27671232876712326,170.0,0.02,0.03,0.025,0.02,71.0,488,0.8828136718749999
put,2027-01-15,0.27671232876712326,175.0,0.02,0.03,0.025,0.03,1.0,300,0.867188828125
put,2027-01-15,0.27671232876712326,180.0,0.02,0.03,0.025,0.04,144.0,710,0.851563984375
put,2027-01-15,0.27671232876712326,185.0,0.02,0.03,0.025,0.03,2.0,799,0.8359391406249999
put,2027-01-15,0.27671232876712326,190.0,0.02,0.03,0.025,0.04,129.0,907,0.8203142968749999
put,2027-01-15,0.27671232876712326,195.0,0.03,0.04,0.035,0.04,1.0,509,0.8281267187499999
put,2027-01-15,0.27671232876712326,200.0,0.03,0.04,0.035,0.03,5.0,21858,0.8125018749999999
put,2027-01-15,0.27671232876712326,205.0,0.03,0.04,0.035,0.04,7.0,780,0.79687703125
put,2027-01-15,0.27671232876712326,210.0,0.03,0.04,0.035,0.04,174.0,421,0.7851583984375
put,2027-01-15,0.27671232876712326,215.0,0.04,0.05,0.045,0.05,1.0,627,0.78711150390625
put,2027-01-15,0.27671232876712326,220.0,0.04,0.05,0.045,0.05,193.0,1083,0.773439765625
put,2027-01-15,0.27671232876712326,225.0,0.05,0.06,0.055,0.06,55.0,612,0.773439765625
put,2027-01-15,0.27671232876712326,230.0,0.05,0.06,0.055,0.07,1.0,1067,0.7597680273437502
put,2027-01-15,0.27671232876712326,235.0,0.05,0.06,0.055,0.08,45.0,386,0.7460962890625
put,2027-01-15,0.27671232876712326,240.0,0.05,0.06,0.055,0.07,10.0,884,0.73437765625
put,2027-01-15,0.27671232876712326,245.0,0.06,0.07,0.065,0.08,20.0,506,0.7324245507812499
put,2027-01-15,0.27671232876712326,250.0,0.06,0.07,0.065,0.07,30.0,3080,0.7187528125
put,2027-01-15,0.27671232876712326,255.0,0.07,0.08,0.07500000000000001,0.1,159.0,374,0.71679970703125
put,2027-01-15,0.27671232876712326,260.0,0.07,0.08,0.07500000000000001,0.1,2.0,535,0.7041045214843751
put,2027-01-15,0.27671232876712326,265.0,0.07,0.08,0.07500000000000001,0.1,10.0,427,0.692385888671875
put,2027-01-15,0.27671232876712326,270.0,0.08,0.09,0.08499999999999999,0.11,25.0,5632,0.6884796777343751
put,2027-01-15,0.27671232876712326,275.0,0.08,0.09,0.08499999999999999,0.09,1.0,411,0.676761044921875
put,2027-01-15,0.27671232876712326,280.0,0.09,0.1,0.095,0.12,10.0,1228,0.6728548339843752
put,2027-01-15,0.27671232876712326,285.0,0.09,0.1,0.095,0.12,10.0,7151,0.6611362011718751
put,2027-01-15,0.27671232876712326,290.0,0.1,0.11,0.10500000000000001,0.11,40.0,1822,0.6562534375000001
put,2027-01-15,0.27671232876712326,295.0,0.11,0.12,0.11499999999999999,0.12,20.0,1850,0.6513706738281251
put,2027-01-15,0.27671232876712326,300.0,0.11,0.12,0.11499999999999999,0.13,2560.0,14340,0.64062859375
put,2027-01-15,0.27671232876712326,305.0,0.12,0.13,0.125,0.13,1.0,392,0.6347692773437501
put,2027-01-15,0.27671232876712326,310.0,0.12,0.13,0.125,0.14,72.0,1901,0.6250037500000001
put,2027-01-15,0.27671232876712326,315.0,0.13,0.14,0.135,0.14,492.0,859,0.6191444335937502
put,2027-01-15,0.27671232876712326,320.0,0.14,0.15,0.14500000000000002,0.15,50.0,2099,0.6132851171875001
put,2027-01-15,0.27671232876712326,325.0,0.15,0.16,0.155,0.15,3.0,3391,0.6069375244140626
put,2027-01-15,0.27671232876712326,330.0,0.15,0.16,0.155,0.17,30.0,545,0.596683720703125
put,2027-01-15,0.27671232876712326,335.0,0.16,0.17,0.165,0.17,90.0,391,0.5908244042968751
put,2027-01-15,0.27671232876712326,340.0,0.17,0.18,0.175,0.18,1.0,1802,0.5844768115234374
put,2027-01-15,0.27671232876712326,345.0,0.18,0.19,0.185,0.2,30.0,2443,0.57812921875
put,2027-01-15,0.27671232876712326,350.0,0.19,0.2,0.195,0.2,318.0,7120,0.5717816259765626
put,2027-01-15,0.27671232876712326,355.0,0.2,0.21,0.20500000000000002,0.21,1.0,268,0.5649457568359376
put,2027-01-15,0.27671232876712326,360.0,0.21,0.22,0.215,0.29,11.0,989,0.5585981640625001
put,2027-01-15,0.27671232876712326,365.0,0.22,0.23,0.225,0.23,1.0,1338,0.551762294921875
put,2027-01-15,0.27671232876712326,370.0,0.23,0.24,0.235,0.25,1.0,1152,0.5454147021484376
put,2027-01-15,0.27671232876712326,375.0,0.24,0.25,0.245,0.28,20.0,329,0.5385788330078126
put,2027-01-15,0.27671232876712326,380.0,0.25,0.26,0.255,0.27,5.0,2231,0.5317429638671876
put,2027-01-15,0.27671232876712326,385.0,0.27,0.28,0.275,0.28,23.0,251,0.5273484765625001
put,2027-01-15,0.27671232876712326,390.0,0.28,0.29,0.28500000000000003,0.41,1.0,525,0.5202684692382812
put,2027-01-15,0.27671232876712326,395.0,0.29,0.3,0.295,0.3,1.0,212,0.5134326000976561
put,2027-01-15,0.27671232876712326,400.0,0.31,0.32,0.315,0.33,10.0,15307,0.5083056982421875
put,2027-01-15,0.27671232876712326,405.0,0.32,0.33,0.325,0.4,14.0,517,0.5014698291015626
put,2027-01-15,0.27671232876712326,410.0,0.34,0.35,0.345,0.37,1.0,6121,0.49707534179687507
put,2027-01-15,0.27671232876712326,415.0,0.35,0.36,0.355,0.48,2.0,857,0.49023947265625006
put,2027-01-15,0.27671232876712326,420.0,0.37,0.38,0.375,0.5,1.0,3438,0.4846242944335938
put,2027-01-15,0.27671232876712326,425.0,0.38,0.39,0.385,0.53,1.0,2875,0.477544287109375
put,2027-01-15,0.27671232876712326,430.0,0.4,0.41,0.405,0.46,3.0,1823,0.4721732470703125
put,2027-01-15,0.27671232876712326,435.0,0.42,0.43,0.425,0.44,1.0,388,0.46655806884765627
put,2027-01-15,0.27671232876712326,440.0,0.44,0.45,0.445,0.46,1.0,3706,0.4606987524414063
put,2027-01-15,0.27671232876712326,445.0,0.46,0.47,0.46499999999999997,0.47,41.0,1351,0.45483943603515625
put,2027-01-15,0.27671232876712326,450.0,0.48,0.49,0.485,0.52,3594.0,15939,0.4489801196289062
put,2027-01-15,0.27671232876712326,455.0,0.5,0.51,0.505,0.69,5.0,693,0.44312080322265623
put,2027-01-15,0.27671232876712326,460.0,0.52,0.53,0.525,0.53,4.0,1759,0.4371394177246094
put,2027-01-15,0.27671232876712326,465.0,0.54,0.56,0.55,0.6,20.0,3486,0.4321345849609375
put,2027-01-15,0.27671232876712326,470.0,0.57,0.58,0.575,0.63,2.0,1828,0.4260311303710938
put,2027-01-15,0.27671232876712326,475.0,0.59,0.6,0.595,0.66,20.0,1645,0.41992767578125
put,2027-01-15,0.27671232876712326,480.0,0.62,0.63,0.625,0.69,51.0,5302,0.4146787048339844
put,2027-01-15,0.27671232876712326,485.0,0.65,0.66,0.655,0.72,3.0,1433,0.4094297338867187
put,2027-01-15,0.27671232876712326,490.0,0.67,0.69,0.6799999999999999,0.68,9.0,2687,0.4039366247558594
put,2027-01-15,0.27671232876712326,495.0,0.7,0.71,0.705,0.77,5.0,2005,0.3975890319824219
put,2027-01-15,0.27671232876712326,500.0,0.73,0.74,0.735,0.75,5.0,20244,0.3920959228515625
put,2027-01-15,0.27671232876712326,505.0,0.76,0.78,0.77,0.87,1.0,2467,0.38721315917968746
put,2027-01-15,0.27671232876712326,510.0,0.8,0.81,0.805,0.8,1.0,3554,0.38147591186523433
put,2027-01-15,0.27671232876712326,515.0,0.83,0.84,0.835,0.88,1.0,2631,0.37573866455078125
put,2027-01-15,0.27671232876712326,520.0,0.87,0.88,0.875,0.87,60.0,5627,0.3706117626953125
put,2027-01-15,0.27671232876712326,525.0,0.91,0.92,0.915,0.95,1.0,4292,0.36524072265625
put,2027-01-15,0.27671232876712326,530.0,0.94,0.96,0.95,0.95,153.0,4560,0.35999175170898434
put,2027-01-15,0.27671232876712326,535.0,0.99,1.0,0.995,1.24,20.0,3607,0.3544986425781249
put,2027-01-15,0.27671232876712326,540.0,1.03,1.04,1.0350000000000001,1.03,5.0,6792,0.3490055334472656
put,2027-01-15,0.27671232876712326,545.0,1.07,1.08,1.0750000000000002,1.09,32.0,2905,0.34339035522460937
put,2027-01-15,0.27671232876712326,550.0,1.12,1.13,1.125,1.11,55.0,18045,0.3382634533691406
put,2027-01-15,0.27671232876712326,555.0,1.17,1.18,1.1749999999999998,1.22,19.0,5293,0.33301448242187504
put,2027-01-15,0.27671232876712326,560.0,1.22,1.23,1.225,1.21,5.0,4041,0.3276434423828125
put,2027-01-15,0.27671232876712326,565.0,1.28,1.29,1.2850000000000001,1.26,2.0,5096,0.32263860961914054
put,2027-01-15,0.27671232876712326,570.0,1.33,1.35,1.34,1.35,12.0,2297,0.31757274230957033
put,2027-01-15,0.27671232876712326,575.0,1.39,1.41,1.4,1.56,56.0,4917,0.3123237713623046
put,2027-01-15,0.27671232876712326,580.0,1.45,1.47,1.46,1.45,13.0,11235,0.3070137658691406
put,2027-01-15,0.27671232876712326,585.0,1.52,1.53,1.525,1.54,38.0,6622,0.30158169128417966
put,2027-01-15,0.27671232876712326,590.0,1.59,1.61,1.6,1.8,5.0,2235,0.2967599621582031
put,2027-01-15,0.27671232876712326,595.0,1.66,1.68,1.67,1.67,2.0,8813,0.2915109912109374
put,2027-01-15,0.27671232876712326,600.0,1.74,1.75,1.745,1.75,242.0,39169,0.28613995117187496
put,2027-01-15,0.27671232876712326,605.0,1.83,1.85,1.84,1.89,8.0,3845,0.2815013256835937
put,2027-01-15,0.27671232876712326,610.0,1.92,1.94,1.93,1.96,78.0,6012,0.27649649291992184
put,2027-01-15,0.27671232876712326,615.0,2.01,2.03,2.0199999999999996,2.02,5.0,5528,0.2713085565185547
put,2027-01-15,0.27671232876712326,620.0,2.11,2.13,2.12,2.11,31.0,7287,0.26630372375488287
put,2027-01-15,0.27671232876712326,625.0,2.22,2.24,2.2300000000000004,2.2,21.0,10023,0.2613599255371094
put,2027-01-15,0.27671232876712326,630.0,2.34,2.36,2.3499999999999996,2.32,17.0,5372,0.2564771618652344
put,2027-01-15,0.27671232876712326,635.0,2.47,2.48,2.475,2.53,20.0,2935,0.2514723291015625
put,2027-01-15,0.27671232876712326,640.0,2.6,2.62,2.6100000000000003,2.62,8.0,7465,0.2467116345214844
put,2027-01-15,0.27671232876712326,645.0,2.75,2.77,2.76,2.77,4.0,4823,0.2419814572143555
put,2027-01-15,0.27671232876712326,650.0,2.9,2.92,2.91,2.89,153.0,22307,0.23706817626953125
put,2027-01-15,0.27671232876712326,655.0,3.07,3.09,3.08,3.08,44.0,7038,0.23230748168945312
put,2027-01-15,0.27671232876712326,660.0,3.25,3.27,3.26,3.28,495.0,7455,0.22751626983642576
put,2027-01-15,0.27671232876712326,665.0,3.45,3.47,3.46,3.5,31.0,7118,0.22284712707519527
put,2027-01-15,0.27671232876712326,670.0,3.68,3.7,3.6900000000000004,3.66,24.0,14953,0.21839160522460935
put,2027-01-15,0.27671232876712326,675.0,3.91,3.93,3.92,3.85,66.0,15186,0.2136919451904297
put,2027-01-15,0.27671232876712326,680.0,4.16,4.18,4.17,4.16,111.0,13510,0.20902280242919918
put,2027-01-15,0.27671232876712326,685.0,4.43,4.46,4.445,4.37,27.0,8180,0.20447572875976558
put,2027-01-15,0.27671232876712326,690.0,4.71,4.74,4.725,4.71,16.0,14345,0.19962348236083982
put,2027-01-15,0.27671232876712326,695.0,5.04,5.07,5.055,5.03,32.0,6197,0.19510692596435547
put,2027-01-15,0.27671232876712326,700.0,5.39,5.42,5.404999999999999,5.36,472.0,32951,0.19049881774902344
put,2027-01-15,0.27671232876712326,705.0,5.76,5.8,5.779999999999999,5.74,9.0,6670,0.18586019226074219
put,2027-01-15,0.27671232876712326,710.0,6.21,6.24,6.225,6.19,159.0,7421,0.1814962222290039
put,2027-01-15,0.27671232876712326,715.0,6.67,6.69,6.68,6.66,171.0,11225,0.17681182083129882
put,2027-01-15,0.27671232876712326,720.0,7.16,7.19,7.175000000000001,7.15,584.0,16432,0.17221897125244146
put,2027-01-15,0.27671232876712326,725.0,7.72,7.76,7.74,7.67,94.0,9073,0.16779396667480473
put,2027-01-15,0.27671232876712326,730.0,8.32,8.36,8.34,8.3,414.0,19454,0.16315534118652347
put,2027-01-15,0.27671232876712326,735.0,8.99,9.03,9.01,8.9,564.0,10641,0.15859300888061523
put,2027-01-15,0.27671232876712326,740.0,9.73,9.78,9.754999999999999,9.62,1035.0,11083,0.1541069697570801
put,2027-01-15,0.27671232876712326,745.0,10.56,10.61,10.585,10.53,366.0,5469,0.14962093063354492
put,2027-01-15,0.27671232876712326,750.0,11.51,11.57,11.54,11.5,537.0,17521,0.14542480560302734
put,2027-01-15,0.27671232876712326,755.0,12.51,12.56,12.535,12.45,106.0,3499,0.1407251455688477
put,2027-01-15,0.27671232876712326,760.0,13.66,13.72,13.690000000000001,13.66,1503.0,9097,0.1364145807647705
put,2027-01-15,0.27671232876712326,765.0,14.95,15.01,14.98,14.84,85.0,3712,0.13210401596069338
put,2027-01-15,0.27671232876712326,770.0,16.38,16.43,16.405,16.3,587.0,7010,0.12770952865600588
put,2027-01-15,0.27671232876712326,775.0,17.97,18.04,18.005,17.98,419.0,8090,0.12349051567077637
put,2027-01-15,0.27671232876712326,780.0,19.74,19.81,19.775,19.79,561.0,3844,0.11914943359374999
put,2027-01-15,0.27671232876712326,785.0,21.72,21.8,21.759999999999998,21.78,109.0,5035,0.11492279129028321
put,2027-01-15,0.27671232876712326,790.0,23.93,24.01,23.97,23.7,871.0,1879,0.11071140762329101
put,2027-01-15,0.27671232876712326,795.0,26.37,26.45,26.41,26.15,97.0,295,0.10643898941040039
put,2027-01-15,0.27671232876712326,800.0,29.03,29.19,29.11,29.01,117.0,2608,0.10244122665405272
put,2027-01-15,0.27671232876712326,805.0,31.95,32.08,32.015,32.34,2.0,365,0.09757372161865235
put,2027-01-15,0.27671232876712326,810.0,35.16,35.36,35.26,34.68,2.0,254,0.09342337249755861
put,2027-01-15,0.27671232876712326,815.0,38.57,38.81,38.69,38.2,1.0,365,0.08812862564086915
put,2027-01-15,0.27671232876712326,820.0,42.27,42.57,42.42,42.62,235.0,591,0.08260499923706055
put,2027-01-15,0.27671232876712326,825.0,45.17,46.7,45.935,47.82,2.0,135,0.07767645965576173
put,2027-01-15,0.27671232876712326,830.0,48.99,51.01,50.0,50.8,198.0,217,0.07050490051269533
put,2027-01-15,0.27671232876712326,835.0,53.28,57.07,55.175,55.1,43.0,1,0.09559009887695313
put,2027-01-15,0.27671232876712326,840.0,58.11,61.73,59.92,60.8,1.0,3,0.0961699270629883
put,2027-01-15,0.27671232876712326,845.0,63.06,66.57,64.815,95.65,4.0,0,0.09897751617431641
put,2027-01-15,0.27671232876712326,850.0,68.07,71.74,69.905,79.46,4.0,2,0.10779700805664064
put,2027-01-15,0.27671232876712326,860.0,106.48,109.74,108.11,119.03,4.0,0,0.3554446780395507
put,2027-01-15,0.27671232876712326,870.0,129.69,133.06,131.375,146.67,1.0,0,0.4605309074401856
put,2027-01-15,0.27671232876712326,900.0,117.9,121.92,119.91,119.76,1.0,0,0.16428448028564452
put,2027-01-15,0.27671232876712326,910.0,288.5,293.39,290.945,321.1,1.0,0,1.2578314696502684
put,2027-01-15,0.27671232876712326,950.0,287.44,291.28,289.36,265.01,,0,1.0717209500122076
put,2027-01-15,0.27671232876712326,970.0,291.19,295.07,293.13,281.12,,0,1.00380441947937
put,2027-01-15,0.27671232876712326,995.0,332.41,336.24,334.32500000000005,301.21,,0,1.1405835207366943
put,2027-01-15,0.27671232876712326,1000.0,234.61,237.83,236.22000000000003,252.16,2.0,0,0.4635978933715821
put,2027-01-15,0.27671232876712326,1020.0,341.12,345.01,343.065,326.17,,0,1.076336710624695
put,2027-01-15,0.27671232876712326,1040.0,258.06,261.9,259.98,275.7,,0,0.28577374389648436
put,2027-01-15,0.27671232876712326,1050.0,268.06,271.9,269.98,285.72,,0,0.29340306213378897
put,2027-01-15,0.27671232876712326,1150.0,470.95,474.83,472.89,456.55,,0,1.2374610881042478
put,2027-01-15,0.27671232876712326,1200.0,446.22,449.59,447.905,461.57,,0,0.757860697784424
put,2027-01-15,0.27671232876712326,1210.0,456.22,459.59,457.905,471.59,,0,0.7668175173950197
put,2027-01-15,0.27671232876712326,1220.0,466.21,469.58,467.895,478.48,,0,0.7755454574584962
put,2027-01-15,0.27671232876712326,1470.0,688.06,691.93,689.9949999999999,701.57,,0,0.5461471166992189
call,2027-01-29,0.3150684931506849,485.0,298.95,302.89,300.91999999999996,292.32,1.0,10,0.5768780105590819
call,2027-01-29,0.3150684931506849,490.0,294.24,298.03,296.135,286.5,15.0,28,0.5710492114257812
call,2027-01-29,0.3150684931506849,495.0,289.06,293.16,291.11,281.69,70.0,71,0.5602460968017577
call,2027-01-29,0.3150684931506849,500.0,284.79,288.27,286.53,275.6,1.0,17,0.5584150604248048
call,2027-01-29,0.3150684931506849,505.0,279.58,283.33,281.455,272.49,,1,0.5467574621582032
call,2027-01-29,0.3150684931506849,520.0,264.63,268.67,266.65,258.91,2.0,27,0.5202989865112304
call,2027-01-29,0.3150684931506849,525.0,259.74,263.84,261.78999999999996,260.28,1.0,31,0.5129138064575195
call,2027-01-29,0.3150684931506849,530.0,254.97,258.91,256.94,236.63,,0,0.5056812127685546
call,2027-01-29,0.3150684931506849,550.0,235.94,239.46,237.7,218.39,2.0,5,0.5056201782226561
call,2027-01-29,0.3150684931506849,560.0,225.63,229.75,227.69,209.16,4.0,7,0.489537575378418
call,2027-01-29,0.3150684931506849,570.0,216.25,219.98,218.115,199.54,2.0,2,0.4726310061645508
call,2027-01-29,0.3150684931506849,575.0,211.37,215.15,213.26,201.49,,2,0.4649406533813477
call,2027-01-29,0.3150684931506849,580.0,206.22,210.24,208.23000000000002,189.95,2.0,3,0.4561516787719727
call,2027-01-29,0.3150684931506849,605.0,173.51,177.03,175.26999999999998,154.35,,1,0.27985339294433587
call,2027-01-29,0.3150684931506849,610.0,177.22,181.28,179.25,162.98,,18,0.40964335479736325
call,2027-01-29,0.3150684931506849,615.0,172.53,176.42,174.475,166.4,1.0,6,0.40143420837402344
call,2027-01-29,0.3150684931506849,620.0,167.57,171.69,169.63,155.0,1.0,11,0.3946288565063477
call,2027-01-29,0.3150684931506849,640.0,148.56,152.51,150.535,138.18,1.0,16,0.3640200317382813
call,2027-01-29,0.3150684931506849,650.0,139.82,142.97,141.39499999999998,133.68,1.0,15,0.34888346435546874
call,2027-01-29,0.3150684931506849,655.0,135.04,138.27,136.655,119.96,15.0,16,0.3418950088500976
call,2027-01-29,0.3150684931506849,660.0,129.53,133.53,131.53,116.88,4.0,12,0.3344335356140136
call,2027-01-29,0.3150684931506849,665.0,124.93,128.6,126.765,113.17,1.0,5,0.3251715432739257
call,2027-01-29,0.3150684931506849,669.0,121.13,124.85,122.99,109.62,,1,0.31949533050537104
call,2027-01-29,0.3150684931506849,670.0,120.09,123.91,122.0,112.77,,0,0.3180305014038085
call,2027-01-29,0.3150684931506849,671.0,119.42,122.97,121.195,104.29,2.0,9,0.3165809309387207
call,2027-01-29,0.3150684931506849,673.0,117.28,121.1,119.19,105.0,1.0,1,0.31372756591796874
call,2027-01-29,0.3150684931506849,674.0,116.35,120.17,118.25999999999999,102.5,,1,0.31235428863525383
call,2027-01-29,0.3150684931506849,675.0,115.43,119.23,117.33000000000001,104.36,2.0,14,0.3108742008972168
call,2027-01-29,0.3150684931506849,677.0,113.55,117.37,115.46000000000001,107.34,2.0,1,0.30808187042236324
call,2027-01-29,0.3150684931506849,680.0,110.77,114.58,112.675,104.01,1.0,61,0.30383996948242187
call,2027-01-29,0.3150684931506849,681.0,109.85,113.65,111.75,98.68,,1,0.30242091629028317
call,2027-01-29,0.3150684931506849,682.0,108.92,112.72,110.82,99.19,,1,0.3010018630981446
call,2027-01-29,0.3150684931506849,683.0,107.99,111.8,109.895,96.22,2.0,46,0.29965910308837884
call,2027-01-29,0.3150684931506849,684.0,107.07,110.87,108.97,108.06,1.0,3,0.2982095326232909
call,2027-01-29,0.3150684931506849,685.0,106.14,109.95,108.045,97.2,1.0,46,0.2968515139770508
call,2027-01-29,0.3150684931506849,686.0,105.22,109.02,107.12,93.03,,1,0.2954172021484375
call,2027-01-29,0.3150684931506849,687.0,104.3,108.1,106.19999999999999,94.31,4.0,3,0.2940439248657226
call,2027-01-29,0.3150684931506849,688.0,103.38,107.18,105.28,103.53,1.0,0,0.29267064758300776
call,2027-01-29,0.3150684931506849,690.0,101.54,105.34,103.44,87.95,1.0,86,0.2898935757446288
call,2027-01-29,0.3150684931506849,691.0,100.62,104.65,102.635,94.7,2.0,0,0.2903360762023925
call,2027-01-29,0.3150684931506849,692.0,99.7,103.74,101.72,85.88,5.0,5,0.28900857482910147
call,2027-01-29,0.3150684931506849,694.0,97.87,101.91,99.89,90.73,2.0,193,0.28624676162719725
call,2027-01-29,0.3150684931506849,695.0,97.24,100.76,99.0,87.59,3.0,174,0.28302718933105464
call,2027-01-29,0.3150684931506849,697.0,95.14,98.93,97.035,86.54,2.0,6,0.2802348588562011
call,2027-01-29,0.3150684931506849,698.0,94.22,98.02,96.12,80.98,2.0,22,0.27887684020996095
call,2027-01-29,0.3150684931506849,699.0,93.32,97.11,95.215,84.78,2.0,2,0.2775188215637207
call,2027-01-29,0.3150684931506849,700.0,92.41,96.2,94.305,88.41,5.0,22,0.2761455442810058
call,2027-01-29,0.3150684931506849,701.0,91.62,95.29,93.45500000000001,78.12,11.0,42,0.2747570083618164
call,2027-01-29,0.3150684931506849,702.0,90.6,94.39,92.495,75.15,2.0,32,0.273444765625
call,2027-01-29,0.3150684931506849,704.0,88.8,92.58,90.69,83.15,2.0,45,0.270713469696045
call,2027-01-29,0.3150684931506849,705.0,87.94,91.68,89.81,78.48,2.0,43,0.26938596832275385
call,2027-01-29,0.3150684931506849,707.0,86.15,89.88,88.015,77.44,5.0,13,0.2666851896667481
call,2027-01-29,0.3150684931506849,708.0,85.27,88.99,87.13,77.22,1.0,10,0.26540346420288086
call,2027-01-29,0.3150684931506849,709.0,84.39,88.09,86.24000000000001,75.42,2.0,10,0.264030186920166
call,2027-01-29,0.3150684931506849,710.0,83.52,87.19,85.35499999999999,82.06,9.0,21,0.2626569096374512
call,2027-01-29,0.3150684931506849,711.0,82.64,86.3,84.47,73.14,2.0,0,0.2613446669006348
call,2027-01-29,0.3150684931506849,712.0,81.76,85.41,83.58500000000001,72.67,5.0,327,0.2600324241638184
call,2027-01-29,0.3150684931506849,713.0,80.91,84.52,82.715,76.97,5.0,6,0.25868966415405276
call,2027-01-29,0.3150684931506849,714.0,81.54,83.63,82.58500000000001,70.95,2.0,1,0.25736216278076174
call,2027-01-29,0.3150684931506849,715.0,79.18,82.74,80.96000000000001,68.68,1.0,6,0.2560041441345215
call,2027-01-29,0.3150684931506849,716.0,78.29,81.82,80.055,76.94,43.0,30,0.2544477632141114
call,2027-01-29,0.3150684931506849,717.0,77.63,80.93,79.28,70.57,3.0,3,0.25307448593139653
call,2027-01-29,0.3150684931506849,718.0,76.57,80.03,78.3,67.62,2.0,11,0.2516401741027832
call,2027-01-29,0.3150684931506849,719.0,75.72,79.16,77.44,67.75,4.0,4,0.2503889659118652
call,2027-01-29,0.3150684931506849,720.0,74.85,78.23,76.53999999999999,64.21,1.0,765,0.24872577453613282
call,2027-01-29,0.3150684931506849,721.0,75.46,77.35,76.405,66.96,2.0,11,0.24738301452636718
call,2027-01-29,0.3150684931506849,722.0,73.13,76.46,74.79499999999999,63.87,1.0,2,0.24597921997070313
call,2027-01-29,0.3150684931506849,723.0,66.92,70.12,68.52000000000001,79.66,,2,0.2059558164978027
call,2027-01-29,0.3150684931506849,725.0,70.58,73.8,72.19,63.89,2.0,22,0.24176783630371096
call,2027-01-29,0.3150684931506849,726.0,69.75,71.55,70.65,65.81,2.0,16,0.23101049758911135
call,2027-01-29,0.3150684931506849,727.0,70.3,72.03,71.16499999999999,70.16,4.0,15,0.23892972991943356
call,2027-01-29,0.3150684931506849,728.0,68.05,71.14,69.595,61.84,4.0,3,0.23745727149963378
call,2027-01-29,0.3150684931506849,729.0,67.21,70.27,68.74,69.12,3.0,6,0.23611451148986815
call,2027-01-29,0.3150684931506849,730.0,66.36,69.39,67.875,63.95,1.0,45,0.2346878289794922
call,2027-01-29,0.3150684931506849,732.0,64.7,67.64,66.17,61.05,1.0,3,0.23188023986816403
call,2027-01-29,0.3150684931506849,734.0,63.05,65.92,64.485,53.22,2.0,4,0.22922523712158205
call,2027-01-29,0.3150684931506849,735.0,62.24,65.07,63.655,56.0,1.0,15,0.22794351165771481
call,2027-01-29,0.3150684931506849,736.0,61.42,63.02,62.22,55.45,1.0,3,0.21881884704589843
call,2027-01-29,0.3150684931506849,737.0,61.8,63.34,62.57,62.8,1.0,12,0.22515118118286132
call,2027-01-29,0.3150684931506849,738.0,59.77,62.49,61.13,43.9,2.0,16,0.22383893844604486
call,2027-01-29,0.3150684931506849,739.0,58.95,60.54,59.745000000000005,53.63,1.0,10,0.21541617111206057
call,2027-01-29,0.3150684931506849,740.0,58.13,59.71,58.92,56.38,36.0,424,0.21422599746704102
call,2027-01-29,0.3150684931506849,741.0,57.34,58.88,58.11,53.33,4.0,8,0.21302056518554688
call,2027-01-29,0.3150684931506849,742.0,57.63,59.1,58.365,52.65,1.0,2,0.2184984156799316
call,2027-01-29,0.3150684931506849,743.0,56.84,58.26,57.55,53.51,1.0,9,0.21717091430664062
call,2027-01-29,0.3150684931506849,745.0,55.25,55.61,55.43,50.4,2.0,53,0.20838193969726557
call,2027-01-29,0.3150684931506849,746.0,48.64,51.9,50.269999999999996,56.5,1.0,11,0.18892717819213867
call,2027-01-29,0.3150684931506849,747.0,47.97,50.88,49.425,39.9,2.0,16,0.1865163136291504
call,2027-01-29,0.3150684931506849,748.0,52.74,53.11,52.925,47.6,1.0,21,0.20444521148681638
call,2027-01-29,0.3150684931506849,749.0,46.51,49.37,47.94,35.27,,40,0.1849904499816894
call,2027-01-29,0.3150684931506849,750.0,51.17,51.5,51.335,50.87,2.0,1393,0.20208775215148925
call,2027-01-29,0.3150684931506849,751.0,50.35,50.68,50.515,43.0,3.0,4,0.20079076805114746
call,2027-01-29,0.3150684931506849,752.0,49.63,50.02,49.825,37.88,2.0,3,0.20045507804870602
call,2027-01-29,0.3150684931506849,753.0,48.78,49.14,48.96,38.0,1.0,22,0.1987537400817871
call,2027-01-29,0.3150684931506849,754.0,48.01,48.35,48.18,48.25,2.0,8,0.19759408370971682
call,2027-01-29,0.3150684931506849,755.0,47.23,47.57,47.4,47.38,1.0,467,0.19646494461059572
call,2027-01-29,0.3150684931506849,756.0,46.52,46.9,46.71,40.3,1.0,14,0.1959766682434082
call,2027-01-29,0.3150684931506849,757.0,45.75,46.05,45.9,39.29,4.0,100,0.19438977005004882
call,2027-01-29,0.3150684931506849,758.0,44.93,45.23,45.08,37.53,30.0,100,0.19297071685791017
call,2027-01-29,0.3150684931506849,759.0,44.22,44.52,44.370000000000005,37.41,1.0,191,0.1921772677612305
call,2027-01-29,0.3150684931506849,760.0,43.48,43.74,43.61,44.62,6.0,920,0.19095657684326173
call,2027-01-29,0.3150684931506849,761.0,42.77,43.09,42.93000000000001,35.91,5.0,50,0.19048355911254883
call,2027-01-29,0.3150684931506849,762.0,41.98,42.26,42.12,38.2,2.0,30,0.18891191955566405
call,2027-01-29,0.3150684931506849,763.0,41.23,41.52,41.375,38.0,2.0,135,0.1878667029571533
call,2027-01-29,0.3150684931506849,764.0,40.5,40.77,40.635000000000005,36.3,1.0,444,0.18672993453979492
call,2027-01-29,0.3150684931506849,765.0,39.78,40.04,39.91,40.39,27.0,481,0.18569234725952144
call,2027-01-29,0.3150684931506849,766.0,39.06,39.38,39.22,39.5,2.0,66,0.18503622589111324
call,2027-01-29,0.3150684931506849,767.0,38.36,38.58,38.47,38.95,1.0,39,0.18354850883483884
call,2027-01-29,0.3150684931506849,768.0,37.65,37.87,37.76,38.25,3.0,198,0.18255669746398925
call,2027-01-29,0.3150684931506849,769.0,36.92,37.16,37.04,30.97,1.0,283,0.1815419981384277
call,2027-01-29,0.3150684931506849,770.0,36.24,36.43,36.335,37.16,207.0,1076,0.18038234176635742
call,2027-01-29,0.3150684931506849,771.0,35.52,35.75,35.635000000000005,34.68,1.0,251,0.17948971153259277
call,2027-01-29,0.3150684931506849,772.0,34.85,35.05,34.95,35.32,2.0,320,0.17845975357055666
call,2027-01-29,0.3150684931506849,773.0,34.13,34.37,34.25,29.92,2.0,39,0.17751371810913086
call,2027-01-29,0.3150684931506849,774.0,33.47,33.68,33.575,33.86,3.0,322,0.17648376014709474
call,2027-01-29,0.3150684931506849,775.0,32.83,32.99,32.91,34.01,20.0,406,0.17543091423034668
call,2027-01-29,0.3150684931506849,776.0,32.12,32.33,32.224999999999994,32.49,4.0,642,0.17452302536010744
call,2027-01-29,0.3150684931506849,777.0,31.49,31.73,31.61,30.73,1.0,427,0.1739279385375977
call,2027-01-29,0.3150684931506849,778.0,30.83,31.07,30.95,30.9,211.0,47,0.17296664443969728
call,2027-01-29,0.3150684931506849,779.0,30.2,30.42,30.310000000000002,30.31,23.0,1205,0.17202060897827148
call,2027-01-29,0.3150684931506849,780.0,29.53,29.7,29.615000000000002,30.54,16.0,687,0.1706625903320313
call,2027-01-29,0.3150684931506849,785.0,26.46,26.51,26.485,27.2,8.0,1028,0.16573405075073244
call,2027-01-29,0.3150684931506849,790.0,23.57,23.63,23.6,24.29,52.0,2186,0.16178969322204587
call,2027-01-29,0.3150684931506849,795.0,20.81,20.87,20.84,19.23,44.0,1968,0.15769274932861327
call,2027-01-29,0.3150684931506849,800.0,18.31,18.37,18.34,18.46,25.0,2836,0.15422903884887695
call,2027-01-29,0.3150684931506849,805.0,16.0,16.05,16.025,16.8,3.0,2609,0.15088739746093754
call,2027-01-29,0.3150684931506849,810.0,13.87,13.91,13.89,14.4,8.0,1208,0.14765256652832032
call,2027-01-29,0.3150684931506849,815.0,11.99,12.04,12.015,12.34,4.0,1728,0.14510437423706057
call,2027-01-29,0.3150684931506849,820.0,10.28,10.34,10.309999999999999,10.83,10.0,803,0.14264773376464845
call,2027-01-29,0.3150684931506849,825.0,8.78,8.83,8.805,9.51,7.0,801,0.14041997283935548
call,2027-01-29,0.3150684931506849,830.0,7.46,7.5,7.48,7.49,21.0,1071,0.13843635009765626
call,2027-01-29,0.3150684931506849,835.0,6.31,6.34,6.324999999999999,6.42,498.0,425,0.1366968655395508
call,2027-01-29,0.3150684931506849,840.0,5.29,5.33,5.3100000000000005,5.41,10.0,657,0.13512522598266608
call,2027-01-29,0.3150684931506849,845.0,4.44,4.48,4.460000000000001,3.38,138.0,314,0.13393505233764647
call,2027-01-29,0.3150684931506849,850.0,3.72,3.74,3.7300000000000004,4.12,78.0,1147,0.1327906546020508
call,2027-01-29,0.3150684931506849,855.0,3.08,3.11,3.0949999999999998,3.3,834.0,348,0.13178358459472655
call,2027-01-29,0.3150684931506849,860.0,2.56,2.59,2.575,2.81,8.0,147,0.13109694595336913
call,2027-01-29,0.3150684931506849,865.0,2.11,2.14,2.125,2.17,17.0,445,0.13037979003906247
call,2027-01-29,0.3150684931506849,870.0,1.74,1.77,1.755,1.85,12.0,215,0.129891513671875
call,2027-01-29,0.3150684931506849,875.0,1.44,1.47,1.455,1.45,7.0,326,0.12964737548828126
call,2027-01-29,0.3150684931506849,880.0,1.19,1.22,1.205,1.31,2.0,308,0.12955582366943358
call,2027-01-29,0.3150684931506849,885.0,0.99,1.01,1.0,0.95,5.0,1688,0.12946427185058595
call,2027-01-29,0.3150684931506849,890.0,0.83,0.84,0.835,0.58,16.0,191,0.1295863409423828
call,2027-01-29,0.3150684931506849,895.0,0.7,0.71,0.705,0.75,2.0,23,0.13019668640136717
call,2027-01-29,0.3150684931506849,900.0,0.59,0.6,0.595,0.64,32.0,502,0.1307459973144531
call,2027-01-29,0.3150684931506849,905.0,0.5,0.51,0.505,0.4,3.0,154,0.13147841186523437
call,2027-01-29,0.3150684931506849,910.0,0.42,0.44,0.43,0.34,1.0,102,0.1324549645996094
call,2027-01-29,0.3150684931506849,915.0,0.36,0.38,0.37,0.42,1.0,361,0.13355358642578125
call,2027-01-29,0.3150684931506849,920.0,0.31,0.33,0.32,0.23,1.0,119,0.13465220825195315
call,2027-01-29,0.3150684931506849,925.0,0.27,0.28,0.275,0.21,4.0,56,0.13526255371093754
call,2027-01-29,0.3150684931506849,930.0,0.24,0.25,0.245,0.22,3.0,932,0.1368494519042969
put,2027-01-29,0.3150684931506849,485.0,0.8,0.81,0.805,0.83,3.0,896,0.39514765014648445
put,2027-01-29,0.3150684931506849,490.0,0.84,0.85,0.845,0.86,2.0,938,0.3902648864746094
put,2027-01-29,0.3150684931506849,495.0,0.87,0.88,0.875,0.97,300.0,314,0.3846497082519531
put,2027-01-29,0.3150684931506849,500.0,0.91,0.92,0.915,0.93,103.0,570,0.3795228063964844
put,2027-01-29,0.3150684931506849,505.0,0.95,0.96,0.955,1.07,52.0,413,0.37439590454101557
put,2027-01-29,0.3150684931506849,510.0,0.99,1.0,0.995,1.37,300.0,334,0.36926900268554685
put,2027-01-29,0.3150684931506849,515.0,1.03,1.04,1.0350000000000001,1.42,300.0,388,0.36389796264648444
put,2027-01-29,0.3150684931506849,520.0,1.07,1.08,1.0750000000000002,1.47,300.0,382,0.35864899169921877
put,2027-01-29,0.3150684931506849,525.0,1.12,1.13,1.125,1.54,301.0,641,0.35370519348144525
put,2027-01-29,0.3150684931506849,530.0,1.16,1.17,1.165,1.35,34.0,473,0.3482731188964844
put,2027-01-29,0.3150684931506849,535.0,1.21,1.22,1.2149999999999999,1.76,6.0,67,0.34314621704101556
put,2027-01-29,0.3150684931506849,540.0,1.26,1.27,1.2650000000000001,1.27,1.0,108,0.33801931518554684
put,2027-01-29,0.3150684931506849,545.0,1.32,1.33,1.3250000000000002,1.53,1.0,52,0.3332586206054688
put,2027-01-29,0.3150684931506849,550.0,1.37,1.38,1.375,1.45,2.0,153,0.32794861511230466
put,2027-01-29,0.3150684931506849,555.0,1.43,1.44,1.435,1.49,1.0,13,0.32294378234863275
put,2027-01-29,0.3150684931506849,560.0,1.49,1.5,1.495,1.52,1.0,75,0.3178779150390625
put,2027-01-29,0.3150684931506849,565.0,1.55,1.56,1.5550000000000002,1.64,3.0,107,0.3127510131835937
put,2027-01-29,0.3150684931506849,570.0,1.62,1.63,1.625,1.62,3.0,124,0.3078682495117187
put,2027-01-29,0.3150684931506849,575.0,1.68,1.7,1.69,1.9,4.0,46,0.30286341674804684
put,2027-01-29,0.3150684931506849,580.0,1.76,1.78,1.77,1.96,11.0,109,0.2981027221679687
put,2027-01-29,0.3150684931506849,585.0,1.84,1.86,1.85,2.46,3.0,30,0.29321995849609367
put,2027-01-29,0.3150684931506849,590.0,1.92,1.94,1.93,2.03,1.0,366,0.28824564300537103
put,2027-01-29,0.3150684931506849,595.0,2.02,2.04,2.0300000000000002,2.68,3.0,107,0.2836985693359374
put,2027-01-29,0.3150684931506849,600.0,2.11,2.13,2.12,2.11,16.0,541,0.27875477111816405
put,2027-01-29,0.3150684931506849,605.0,2.2,2.23,2.215,2.62,3.0,272,0.27399407653808594
put,2027-01-29,0.3150684931506849,610.0,2.32,2.34,2.33,2.36,9.0,145,0.26929441650390623
put,2027-01-29,0.3150684931506849,615.0,2.44,2.45,2.4450000000000003,2.48,8.0,382,0.2644726873779296
put,2027-01-29,0.3150684931506849,620.0,2.55,2.57,2.5599999999999996,2.58,2.0,292,0.25977302734375
put,2027-01-29,0.3150684931506849,625.0,2.68,2.7,2.6900000000000004,3.4,2.0,73,0.25510388458251965
put,2027-01-29,0.3150684931506849,630.0,2.82,2.84,2.83,2.86,2.0,133,0.25049577636718745
put,2027-01-29,0.3150684931506849,635.0,2.97,2.99,2.9800000000000004,2.99,1.0,239,0.2459181854248047
put,2027-01-29,0.3150684931506849,640.0,3.13,3.15,3.1399999999999997,3.5,4.0,925,0.24137111175537107
put,2027-01-29,0.3150684931506849,645.0,3.3,3.32,3.3099999999999996,3.72,8.0,827,0.23679352081298827
put,2027-01-29,0.3150684931506849,650.0,3.48,3.5,3.49,3.54,5.0,474,0.23221592987060546
put,2027-01-29,0.3150684931506849,655.0,3.68,3.71,3.6950000000000003,3.7,1.0,170,0.22794351165771481
put,2027-01-29,0.3150684931506849,660.0,3.91,3.93,3.92,4.0,1.0,108,0.22357954162597654
put,2027-01-29,0.3150684931506849,665.0,4.13,4.15,4.140000000000001,4.34,2.0,259,0.21900195068359374
put,2027-01-29,0.3150684931506849,668.0,4.26,4.29,4.275,4.46,2.0,40,0.21625539611816402
put,2027-01-29,0.3150684931506849,669.0,4.32,4.34,4.33,4.96,1.0,12,0.21537039520263673
put,2027-01-29,0.3150684931506849,670.0,4.38,4.41,4.395,4.59,2.0,352,0.21472953247070312
put,2027-01-29,0.3150684931506849,671.0,4.42,4.45,4.4350000000000005,5.29,1.0,3,0.2136919451904297
put,2027-01-29,0.3150684931506849,673.0,4.53,4.57,4.550000000000001,5.1,1.0,4,0.2121355642700195
put,2027-01-29,0.3150684931506849,674.0,4.58,4.61,4.595000000000001,6.09,2.0,120,0.21106745971679686
put,2027-01-29,0.3150684931506849,675.0,4.63,4.67,4.65,4.66,5.0,201,0.21024349334716796
put,2027-01-29,0.3150684931506849,676.0,4.7,4.73,4.715,4.92,3.0,5,0.20941952697753902
put,2027-01-29,0.3150684931506849,677.0,4.74,4.78,4.76,4.94,1.0,20,0.208442974243164
put,2027-01-29,0.3150684931506849,678.0,4.79,4.83,4.8100000000000005,5.98,15.0,16,0.20748168014526364
put,2027-01-29,0.3150684931506849,679.0,4.86,4.89,4.875,6.63,1.0,17,0.20662719650268552
put,2027-01-29,0.3150684931506849,680.0,4.91,4.94,4.925000000000001,4.95,22.0,507,0.20563538513183593
put,2027-01-29,0.3150684931506849,681.0,4.99,5.02,5.005,6.07,15.0,107,0.2049945223999023
put,2027-01-29,0.3150684931506849,682.0,5.03,5.07,5.050000000000001,6.31,2.0,154,0.2039874523925781
put,2027-01-29,0.3150684931506849,683.0,5.11,5.13,5.12,7.05,,7,0.20308719284057614
put,2027-01-29,0.3150684931506849,684.0,5.16,5.2,5.18,5.21,1.0,41,0.20229374374389647
put,2027-01-29,0.3150684931506849,685.0,5.22,5.26,5.24,5.9,4.0,343,0.20136296691894529
put,2027-01-29,0.3150684931506849,686.0,5.3,5.33,5.3149999999999995,5.56,3.0,28,0.200554259185791
put,2027-01-29,0.3150684931506849,687.0,5.35,5.39,5.369999999999999,6.9,3.0,21,0.1996082237243652
put,2027-01-29,0.3150684931506849,688.0,5.42,5.46,5.4399999999999995,7.24,3.0,19,0.1987689987182617
put,2027-01-29,0.3150684931506849,689.0,5.51,5.53,5.52,6.76,28.0,113,0.19791451507568358
put,2027-01-29,0.3150684931506849,690.0,5.57,5.59,5.58,5.52,14.0,712,0.19693796234130856
put,2027-01-29,0.3150684931506849,691.0,5.63,5.66,5.645,7.74,1.0,2,0.19606822006225588
put,2027-01-29,0.3150684931506849,692.0,5.71,5.74,5.725,7.87,1.0,105,0.19529002960205077
put,2027-01-29,0.3150684931506849,693.0,5.77,5.81,5.789999999999999,11.09,1.0,63,0.19438977005004882
put,2027-01-29,0.3150684931506849,694.0,5.83,5.87,5.85,8.96,12.0,39,0.19336744140625
put,2027-01-29,0.3150684931506849,695.0,5.93,5.95,5.9399999999999995,6.21,15.0,402,0.19254347503662111
put,2027-01-29,0.3150684931506849,696.0,6.0,6.04,6.02,5.93,1.0,1,0.19182631912231446
put,2027-01-29,0.3150684931506849,697.0,6.07,6.11,6.09,6.31,1500.0,210,0.19088028366088866
put,2027-01-29,0.3150684931506849,698.0,6.16,6.18,6.17,6.19,3.0,12,0.1899189895629883
put,2027-01-29,0.3150684931506849,699.0,6.24,6.26,6.25,6.34,1.0,23,0.18904924728393557
put,2027-01-29,0.3150684931506849,700.0,6.32,6.34,6.33,6.27,1517.0,963,0.18816424636840817
put,2027-01-29,0.3150684931506849,701.0,6.39,6.43,6.41,7.24,8.0,54,0.1873707972717285
put,2027-01-29,0.3150684931506849,702.0,6.48,6.51,6.495,8.0,10.0,35,0.18647053771972655
put,2027-01-29,0.3150684931506849,703.0,6.56,6.59,6.574999999999999,7.39,1.0,7,0.18553976089477536
put,2027-01-29,0.3150684931506849,704.0,6.64,6.69,6.665,6.68,1.0,120,0.1848073463439941
put,2027-01-29,0.3150684931506849,705.0,6.73,6.77,6.75,6.68,27.0,305,0.18384605224609374
put,2027-01-29,0.3150684931506849,706.0,6.82,6.86,6.84,8.64,1.0,24,0.1829915686035156
put,2027-01-29,0.3150684931506849,707.0,6.9,6.94,6.92,8.99,2.0,31,0.18201501586914062
put,2027-01-29,0.3150684931506849,708.0,7.01,7.05,7.029999999999999,7.08,1.0,25,0.18131311859130855
put,2027-01-29,0.3150684931506849,709.0,7.11,7.13,7.12,13.68,2.0,4,0.18030604858398439
put,2027-01-29,0.3150684931506849,710.0,7.19,7.23,7.210000000000001,7.19,27.0,350,0.17948208221435547
put,2027-01-29,0.3150684931506849,711.0,7.29,7.33,7.3100000000000005,12.38,1.0,2,0.17862759857177735
put,2027-01-29,0.3150684931506849,712.0,7.38,7.43,7.404999999999999,9.29,2.0,6,0.17777311492919923
put,2027-01-29,0.3150684931506849,713.0,7.49,7.53,7.51,8.43,2.0,12,0.1769033726501465
put,2027-01-29,0.3150684931506849,714.0,7.61,7.64,7.625,7.6,1.0,179,0.17609466491699222
put,2027-01-29,0.3150684931506849,715.0,7.7,7.73,7.715,7.68,1.0,499,0.17510285354614258
put,2027-01-29,0.3150684931506849,716.0,7.79,7.84,7.8149999999999995,10.16,2.0,21,0.17427888717651369
put,2027-01-29,0.3150684931506849,717.0,7.91,7.96,7.9350000000000005,10.13,1.0,11,0.17350069671630858
put,2027-01-29,0.3150684931506849,718.0,8.02,8.06,8.04,10.0,41.0,67,0.17255466125488284
put,2027-01-29,0.3150684931506849,719.0,8.12,8.17,8.145,9.8,1.0,113,0.1716696603393555
put,2027-01-29,0.3150684931506849,720.0,8.25,8.29,8.27,8.5,3.0,506,0.1708609526062012
put,2027-01-29,0.3150684931506849,721.0,8.36,8.4,8.379999999999999,8.69,1.0,117,0.16994543441772464
put,2027-01-29,0.3150684931506849,722.0,8.49,8.52,8.504999999999999,10.5,1.0,8,0.16909095077514652
put,2027-01-29,0.3150684931506849,723.0,8.59,8.63,8.61,9.92,1.0,7,0.16814491531372072
put,2027-01-29,0.3150684931506849,724.0,8.71,8.77,8.74,11.13,2.0,6,0.16742775939941407
put,2027-01-29,0.3150684931506849,725.0,8.83,8.87,8.85,8.91,6.0,213,0.1663749134826661
put,2027-01-29,0.3150684931506849,726.0,8.96,9.01,8.985,11.24,2.0,17,0.1656119816589356
put,2027-01-29,0.3150684931506849,727.0,9.09,9.15,9.120000000000001,10.08,1.0,24,0.16483379119873048
put,2027-01-29,0.3150684931506849,728.0,9.23,9.29,9.26,9.6,2.0,4,0.16404034210205082
put,2027-01-29,0.3150684931506849,729.0,9.36,9.42,9.39,10.81,6.0,35,0.16314008255004886
put,2027-01-29,0.3150684931506849,730.0,9.49,9.54,9.515,9.44,11.0,1405,0.16214827117919922
put,2027-01-29,0.3150684931506849,731.0,9.63,9.68,9.655000000000001,9.96,7.0,4,0.1612937875366211
put,2027-01-29,0.3150684931506849,732.0,9.76,9.82,9.79,12.25,1.0,7,0.16042404525756837
put,2027-01-29,0.3150684931506849,733.0,9.91,9.97,9.940000000000001,11.03,42.0,53,0.15961533752441404
put,2027-01-29,0.3150684931506849,734.0,10.05,10.11,10.08,10.04,1.0,16,0.15869981933593752
put,2027-01-29,0.3150684931506849,735.0,10.22,10.28,10.25,10.17,8.0,452,0.15798266342163086
put,2027-01-29,0.3150684931506849,736.0,10.35,10.41,10.379999999999999,12.98,1.0,257,0.15696033477783206
put,2027-01-29,0.3150684931506849,737.0,10.53,10.59,10.559999999999999,13.18,1.0,3,0.15627369613647463
put,2027-01-29,0.3150684931506849,738.0,10.67,10.73,10.7,10.56,4.0,7,0.15528188476562502
put,2027-01-29,0.3150684931506849,739.0,10.83,10.89,10.86,13.31,1.0,28,0.1544121424865723
put,2027-01-29,0.3150684931506849,740.0,10.99,11.05,11.02,10.95,1.0,761,0.1535271415710449
put,2027-01-29,0.3150684931506849,741.0,11.16,11.21,11.185,15.41,1.0,389,0.1526116233825684
put,2027-01-29,0.3150684931506849,742.0,11.35,11.41,11.379999999999999,14.29,2.0,370,0.1519555020141602
put,2027-01-29,0.3150684931506849,743.0,11.51,11.57,11.54,15.03,231.0,239,0.15100946655273442
put,2027-01-29,0.3150684931506849,744.0,11.68,11.73,11.705,11.63,3.0,17,0.1500329138183594
put,2027-01-29,0.3150684931506849,745.0,11.86,11.92,11.89,11.86,4.0,1414,0.1492394647216797
put,2027-01-29,0.3150684931506849,746.0,12.05,12.1,12.075,12.07,1.0,10,0.14834683448791505
put,2027-01-29,0.3150684931506849,747.0,12.24,12.3,12.27,16.0,1.0,153,0.14756864402771
put,2027-01-29,0.3150684931506849,748.0,12.45,12.51,12.48,18.32,1.0,254,0.14682860015869142
put,2027-01-29,0.3150684931506849,749.0,12.63,12.68,12.655000000000001,12.51,4.0,178,0.14580627151489256
put,2027-01-29,0.3150684931506849,750.0,12.83,12.89,12.86,12.8,47.0,955,0.1450280810546875
put,2027-01-29,0.3150684931506849,751.0,13.03,13.1,13.065,16.71,1.0,117,0.14420411468505856
put,2027-01-29,0.3150684931506849,752.0,13.24,13.31,13.275,15.3,31.0,208,0.1433648896789551
put,2027-01-29,0.3150684931506849,753.0,13.44,13.51,13.475,17.9,1.0,149,0.14244174217224123
put,2027-01-29,0.3150684931506849,754.0,13.67,13.74,13.705,16.46,5.0,37,0.14167881034851074
put,2027-01-29,0.3150684931506849,755.0,13.88,13.95,13.915,15.32,3.0,169,0.14075566284179689
put,2027-01-29,0.3150684931506849,756.0,14.11,14.18,14.145,14.2,1.0,22,0.13993932579040527
put,2027-01-29,0.3150684931506849,757.0,14.36,14.43,14.395,15.81,3.0,306,0.13921454055786137
put,2027-01-29,0.3150684931506849,758.0,14.6,14.68,14.64,19.36,1.0,117,0.13846686737060548
put,2027-01-29,0.3150684931506849,759.0,14.82,14.89,14.855,18.68,1.0,135,0.13743690940856937
put,2027-01-29,0.3150684931506849,760.0,15.07,15.14,15.105,14.98,17.0,270,0.13662057235717773
put,2027-01-29,0.3150684931506849,761.0,15.32,15.39,15.355,15.72,12.0,141,0.13578134735107422
put,2027-01-29,0.3150684931506849,762.0,15.58,15.64,15.61,17.15,5.0,56,0.1349116050720215
put,2027-01-29,0.3150684931506849,763.0,15.84,15.9,15.870000000000001,17.23,4.0,114,0.13407238006591798
put,2027-01-29,0.3150684931506849,764.0,16.1,16.17,16.135,20.61,3.0,12,0.13326367233276365
put,2027-01-29,0.3150684931506849,765.0,16.37,16.44,16.405,16.16,10.0,229,0.1324091886901856
put,2027-01-29,0.3150684931506849,766.0,16.64,16.72,16.68,21.3,2.0,118,0.13160048095703125
put,2027-01-29,0.3150684931506849,767.0,16.93,16.99,16.96,23.35,2.0,32,0.13068496276855468
put,2027-01-29,0.3150684931506849,768.0,17.22,17.29,17.255,17.02,2.0,165,0.12992203094482419
put,2027-01-29,0.3150684931506849,769.0,17.49,17.58,17.534999999999997,19.2,7.0,79,0.12905991798400876
put,2027-01-29,0.3150684931506849,770.0,17.82,17.89,17.855,17.83,112.0,492,0.1282817275238037
put,2027-01-29,0.3150684931506849,771.0,18.11,18.19,18.15,21.0,24.0,117,0.12741198524475097
put,2027-01-29,0.3150684931506849,772.0,18.44,18.52,18.48,20.54,17.0,405,0.1266719413757324
put,2027-01-29,0.3150684931506849,773.0,18.73,18.82,18.775,18.98,1.0,684,0.12573353523254396
put,2027-01-29,0.3150684931506849,774.0,19.05,19.14,19.095,18.92,8.0,457,0.12487142227172851
put,2027-01-29,0.3150684931506849,775.0,19.41,19.48,19.445,19.3,14.0,425,0.12407797317504884
put,2027-01-29,0.3150684931506849,776.0,19.74,19.83,19.784999999999997,21.63,4.0,289,0.12331504135131838
put,2027-01-29,0.3150684931506849,777.0,20.1,20.18,20.14,20.99,4.0,683,0.12250633361816407
put,2027-01-29,0.3150684931506849,778.0,20.46,20.53,20.495,21.26,1.0,865,0.12165184997558594
put,2027-01-29,0.3150684931506849,779.0,20.81,20.9,20.854999999999997,21.55,11.0,978,0.12088128883361818
put,2027-01-29,0.3150684931506849,780.0,21.18,21.27,21.225,21.1,55.0,912,0.12006495178222655
put,2027-01-29,0.3150684931506849,785.0,23.17,23.28,23.225,23.16,16.0,464,0.11625029266357423
put,2027-01-29,0.3150684931506849,790.0,25.34,25.44,25.39,24.96,45.0,54,0.11213046081542967
put,2027-01-29,0.3150684931506849,795.0,27.66,27.76,27.71,35.06,1.0,135,0.10764442169189453
put,2027-01-29,0.3150684931506849,800.0,30.21,30.39,30.3,30.87,24.0,74,0.10358562438964843
put,2027-01-29,0.3150684931506849,805.0,33.08,33.28,33.18,37.34,1.0,3,0.09956497367858885
put,2027-01-29,0.3150684931506849,810.0,36.2,36.42,36.31,45.21,5.0,9,0.09543751251220703
put,2027-01-29,0.3150684931506849,815.0,39.48,39.71,39.595,44.12,2.0,2,0.09028009338378906
put,2027-01-29,0.3150684931506849,820.0,43.1,43.4,43.25,47.02,5.0,2,0.0859313819885254
put,2027-01-29,0.3150684931506849,825.0,45.83,47.23,46.53,58.27,1.0,0,0.07987370330810548
put,2027-01-29,0.3150684931506849,830.0,50.91,52.7,51.805,59.55,1.0,6,0.09162285339355468
put,2027-01-29,0.3150684931506849,840.0,58.22,62.01,60.114999999999995,66.3,,0,0.09452199432373048
put,2027-01-29,0.3150684931506849,850.0,83.14,87.71,85.425,76.97,2.0,0,0.23920438537597655
put,2027-01-29,0.3150684931506849,860.0,77.92,81.72,79.82,86.33,3.0,0,0.11115390808105467
call,2027-02-26,0.3917808219178082,540.0,247.56,251.66,249.61,239.48,2.0,21,0.5003101727294923
call,2027-02-26,0.3917808219178082,550.0,237.88,241.99,239.935,228.51,1.0,10,0.485158346710205
call,2027-02-26,0.3917808219178082,560.0,228.22,232.37,230.29500000000002,211.81,22.0,10,0.47058634887695316
call,2027-02-26,0.3917808219178082,570.0,218.58,222.75,220.66500000000002,215.87,40.0,22,0.45598383377075197
call,2027-02-26,0.3917808219178082,580.0,208.96,213.13,211.04500000000002,192.83,16.0,4,0.4413202841186523
call,2027-02-26,0.3917808219178082,590.0,199.35,203.46,201.405,183.36,28.0,12,0.4261074235534668
call,2027-02-26,0.3917808219178082,600.0,190.01,193.97,191.99,179.95,1.0,8,0.41263404754638666
call,2027-02-26,0.3917808219178082,610.0,180.22,184.38,182.3,177.53,2.0,8,0.3980467910766602
call,2027-02-26,0.3917808219178082,620.0,171.5,174.89,173.195,155.28,14.0,5,0.3842835009765625
call,2027-02-26,0.3917808219178082,630.0,161.23,165.39,163.31,153.32,6.0,14,0.3702455554199219
call,2027-02-26,0.3917808219178082,640.0,151.79,155.96,153.875,136.73,67.0,43,0.3566043344116211
call,2027-02-26,0.3917808219178082,650.0,142.47,146.33,144.4,130.5,1.0,409,0.34113207702636716
call,2027-02-26,0.3917808219178082,660.0,133.13,137.01,135.07,130.44,2.0,30,0.32793335647583005
call,2027-02-26,0.3917808219178082,670.0,123.89,127.75,125.82,119.37,100.0,110,0.3148414463806152
call,2027-02-26,0.3917808219178082,680.0,114.73,118.57,116.65,109.89,92.0,370,0.3019478985595704
call,2027-02-26,0.3917808219178082,685.0,110.22,114.02,112.12,104.55,2.0,2,0.29561556442260745
call,2027-02-26,0.3917808219178082,690.0,105.69,109.46,107.57499999999999,107.1,2.0,76,0.28908486801147454
call,2027-02-26,0.3917808219178082,693.0,103.31,106.79,105.05000000000001,98.34,52.0,55,0.28554486434936516
call,2027-02-26,0.3917808219178082,694.0,102.18,105.89,104.035,94.83,4.0,4,0.2842936561584472
call,2027-02-26,0.3917808219178082,695.0,101.18,104.99,103.08500000000001,102.15,1.0,126,0.28302718933105464
call,2027-02-26,0.3917808219178082,696.0,100.35,104.1,102.225,97.01,2.0,0,0.28182175704956053
call,2027-02-26,0.3917808219178082,698.0,98.51,102.31,100.41,87.77,,1,0.2793345993041991
call,2027-02-26,0.3917808219178082,699.0,97.62,101.42,99.52000000000001,95.6,,1,0.2781139083862304
call,2027-02-26,0.3917808219178082,700.0,97.3,100.5,98.9,99.85,6.0,56,0.2766948551940917
call,2027-02-26,0.3917808219178082,703.0,94.14,97.86,96.0,87.56,30.0,29,0.27317011016845705
call,2027-02-26,0.3917808219178082,704.0,93.48,96.97,95.225,86.92,1.0,2,0.271918901977539
call,2027-02-26,0.3917808219178082,705.0,92.42,96.1,94.25999999999999,95.6,4.0,5,0.27078213356018066
call,2027-02-26,0.3917808219178082,706.0,91.51,95.21,93.36,83.0,,3,0.26951566673278804
call,2027-02-26,0.3917808219178082,707.0,90.68,94.33,92.505,86.58,2.0,2,0.2683026051330566
call,2027-02-26,0.3917808219178082,708.0,89.82,93.45,91.63499999999999,92.56,1.0,4,0.26708954353332526
call,2027-02-26,0.3917808219178082,709.0,89.16,92.57,90.865,84.87,2.0,1,0.26586122329711914
call,2027-02-26,0.3917808219178082,710.0,88.07,91.7,89.88499999999999,91.02,2.0,77,0.2647015669250488
call,2027-02-26,0.3917808219178082,715.0,84.01,87.32,85.66499999999999,81.48,1.0,24,0.2585523364257813
call,2027-02-26,0.3917808219178082,718.0,81.25,84.64,82.945,69.09,1.0,1,0.2544553925323487
call,2027-02-26,0.3917808219178082,720.0,79.6,82.9,81.25,66.03,2.0,24,0.2519758641052246
call,2027-02-26,0.3917808219178082,722.0,77.92,81.13,79.525,59.6,,4,0.24927508544921873
call,2027-02-26,0.3917808219178082,725.0,75.41,78.54,76.975,65.36,3.0,3,0.24555960746765135
call,2027-02-26,0.3917808219178082,726.0,74.58,77.71,76.145,65.37,,1,0.24449913223266606
call,2027-02-26,0.3917808219178082,727.0,73.76,76.81,75.285,63.9,,1,0.2430190444946289
call,2027-02-26,0.3917808219178082,728.0,72.94,75.95,74.445,62.25,,1,0.24176783630371096
call,2027-02-26,0.3917808219178082,730.0,71.27,74.23,72.75,72.39,2.0,95,0.23923490264892577
call,2027-02-26,0.3917808219178082,731.0,70.47,73.39,71.93,63.66,,1,0.23806761695861814
call,2027-02-26,0.3917808219178082,732.0,69.66,72.53,71.095,69.13,,17,0.23677826217651365
call,2027-02-26,0.3917808219178082,734.0,68.04,70.83,69.435,69.93,1.0,1,0.234283475112915
call,2027-02-26,0.3917808219178082,735.0,67.22,70.0,68.61,69.11,1.0,11,0.23313144805908204
call,2027-02-26,0.3917808219178082,736.0,67.59,69.15,68.37,58.09,2.0,3,0.23186498123168942
call,2027-02-26,0.3917808219178082,737.0,65.62,68.3,66.96000000000001,59.28,2.0,4,0.2305832557678223
call,2027-02-26,0.3917808219178082,740.0,63.21,65.8,64.505,64.68,1.0,48,0.22695170028686518
call,2027-02-26,0.3917808219178082,742.0,61.63,63.08,62.355000000000004,55.55,2.0,102,0.21857470886230468
call,2027-02-26,0.3917808219178082,744.0,60.06,61.5,60.78,47.96,1.0,2,0.21657582748413085
call,2027-02-26,0.3917808219178082,745.0,59.28,60.66,59.97,59.83,1.0,6,0.21528647270202636
call,2027-02-26,0.3917808219178082,746.0,59.46,59.84,59.650000000000006,50.0,1.0,2,0.2140886697387695
call,2027-02-26,0.3917808219178082,747.0,58.7,59.06,58.88,48.63,,1,0.21309685836791992
call,2027-02-26,0.3917808219178082,748.0,57.93,58.28,58.105000000000004,47.71,,2,0.21209741767883297
call,2027-02-26,0.3917808219178082,749.0,57.17,57.55,57.36,49.64,,2,0.2113573738098144
call,2027-02-26,0.3917808219178082,750.0,56.36,56.69,56.525,56.98,7.0,278,0.2098849153900146
call,2027-02-26,0.3917808219178082,751.0,55.61,55.9,55.754999999999995,56.0,2.0,9,0.20878629356384273
call,2027-02-26,0.3917808219178082,752.0,54.81,55.14,54.975,44.66,129.0,229,0.20783262878417966
call,2027-02-26,0.3917808219178082,753.0,54.04,54.36,54.2,48.52,2.0,3,0.20676452423095698
call,2027-02-26,0.3917808219178082,754.0,53.31,53.66,53.485,53.93,1.0,2,0.20610077354431147
call,2027-02-26,0.3917808219178082,755.0,52.51,52.82,52.665,45.53,1.0,30,0.20467409103393552
call,2027-02-26,0.3917808219178082,756.0,51.75,52.06,51.905,41.91,,110,0.20366702102661133
call,2027-02-26,0.3917808219178082,757.0,50.99,51.36,51.175,43.57,1.0,9,0.20295749443054198
call,2027-02-26,0.3917808219178082,758.0,50.24,50.54,50.39,39.67,73.0,61,0.20159184646606443
call,2027-02-26,0.3917808219178082,759.0,49.48,49.79,49.635,38.61,1.0,17,0.20058477645874018
call,2027-02-26,0.3917808219178082,760.0,48.78,49.1,48.94,49.05,8.0,48,0.1998828791809082
call,2027-02-26,0.3917808219178082,761.0,47.98,48.29,48.135,41.18,1.0,146,0.19852486053466795
call,2027-02-26,0.3917808219178082,762.0,47.3,47.63,47.465,41.0,1.0,206,0.1979450323486328
call,2027-02-26,0.3917808219178082,763.0,46.53,46.81,46.67,42.13,2.0,530,0.1965030912017822
call,2027-02-26,0.3917808219178082,764.0,45.8,46.08,45.94,39.67,1.0,11,0.19551890914916992
call,2027-02-26,0.3917808219178082,765.0,45.1,45.34,45.22,45.18,26.0,859,0.19446606323242188
call,2027-02-26,0.3917808219178082,766.0,44.36,44.61,44.485,44.7,1.0,219,0.19344373458862307
call,2027-02-26,0.3917808219178082,767.0,43.63,43.88,43.755,36.93,3.0,218,0.1924061473083496
call,2027-02-26,0.3917808219178082,768.0,42.93,43.19,43.06,39.5,2.0,216,0.1915669223022461
call,2027-02-26,0.3917808219178082,769.0,42.16,42.45,42.305,37.01,32.0,64,0.19043778320312502
call,2027-02-26,0.3917808219178082,770.0,41.52,41.78,41.650000000000006,42.21,2.0,341,0.18965959274291994
call,2027-02-26,0.3917808219178082,771.0,40.78,41.07,40.925,34.23,786.0,797,0.18865252273559568
call,2027-02-26,0.3917808219178082,772.0,40.14,40.38,40.260000000000005,40.34,1.0,68,0.1877217459106445
call,2027-02-26,0.3917808219178082,773.0,39.45,39.69,39.57,40.61,2.0,20,0.18678333976745606
call,2027-02-26,0.3917808219178082,774.0,38.77,39.01,38.89,35.81,3.0,280,0.1858678215789795
call,2027-02-26,0.3917808219178082,775.0,38.06,38.33,38.195,38.68,12.0,3162,0.18493704475402828
call,2027-02-26,0.3917808219178082,776.0,37.42,37.65,37.535,36.45,2.0,3047,0.1839833799743652
call,2027-02-26,0.3917808219178082,777.0,36.74,36.98,36.86,37.32,3.0,214,0.18306023246765132
call,2027-02-26,0.3917808219178082,778.0,36.1,36.32,36.21,36.37,10.0,164,0.18216760223388673
call,2027-02-26,0.3917808219178082,779.0,35.44,35.67,35.555,35.78,1.0,36,0.18131311859130855
call,2027-02-26,0.3917808219178082,780.0,34.79,35.0,34.894999999999996,35.49,33.0,647,0.18032130722045897
call,2027-02-26,0.3917808219178082,781.0,34.15,34.36,34.254999999999995,35.21,8.0,77,0.17946682357788085
call,2027-02-26,0.3917808219178082,782.0,33.51,33.72,33.614999999999995,28.21,1.0,85,0.1785894519805908
call,2027-02-26,0.3917808219178082,783.0,32.88,33.1,32.99,32.75,2.0,50,0.17778837356567384
call,2027-02-26,0.3917808219178082,784.0,32.21,32.45,32.33,29.71,41.0,169,0.17681945014953612
call,2027-02-26,0.3917808219178082,785.0,31.6,31.82,31.71,32.3,32.0,449,0.17592681991577147
call,2027-02-26,0.3917808219178082,786.0,31.02,31.22,31.119999999999997,25.92,1.0,276,0.17516388809204103
call,2027-02-26,0.3917808219178082,787.0,30.4,30.61,30.505,31.21,2.0,106,0.17432466308593753
call,2027-02-26,0.3917808219178082,788.0,29.84,29.88,29.86,30.11,6.0,52,0.17284457534790043
call,2027-02-26,0.3917808219178082,789.0,29.28,29.35,29.315,29.06,1.0,92,0.17236392829895023
call,2027-02-26,0.3917808219178082,790.0,28.64,28.69,28.665,29.12,9.0,620,0.1711966426086426
call,2027-02-26,0.3917808219178082,791.0,28.06,28.13,28.095,28.52,2.0,379,0.17051000396728522
call,2027-02-26,0.3917808219178082,792.0,27.52,27.58,27.549999999999997,22.24,6.0,107,0.16985388259887696
call,2027-02-26,0.3917808219178082,793.0,26.97,27.01,26.990000000000002,26.07,1.0,29,0.1690756921386719
call,2027-02-26,0.3917808219178082,794.0,26.36,26.42,26.39,25.8,2.0,24,0.16816017395019534
call,2027-02-26,0.3917808219178082,795.0,25.86,25.93,25.895,26.37,202.0,59,0.16774056144714358
call,2027-02-26,0.3917808219178082,796.0,25.29,25.36,25.325,24.7,1.0,20,0.16687844848632816
call,2027-02-26,0.3917808219178082,797.0,24.71,24.78,24.745,19.79,3.0,85,0.16593241302490236
call,2027-02-26,0.3917808219178082,798.0,24.23,24.3,24.265,19.35,4.0,337,0.1654899125671387
call,2027-02-26,0.3917808219178082,799.0,23.7,23.76,23.73,18.81,3.0,123,0.16469646347045896
call,2027-02-26,0.3917808219178082,800.0,23.18,23.24,23.21,23.6,21.0,540,0.16398693687438967
call,2027-02-26,0.3917808219178082,801.0,22.64,22.7,22.67,18.09,130.0,198,0.16314008255004886
call,2027-02-26,0.3917808219178082,802.0,22.11,22.18,22.145,17.52,43.0,193,0.16237715072631836
call,2027-02-26,0.3917808219178082,803.0,21.66,21.73,21.695,17.03,41.0,15,0.161942279586792
call,2027-02-26,0.3917808219178082,804.0,21.17,21.23,21.200000000000003,16.59,2.0,15,0.16122512367248534
call,2027-02-26,0.3917808219178082,805.0,20.63,20.7,20.665,21.62,8.0,156,0.16031723480224608
call,2027-02-26,0.3917808219178082,806.0,20.2,20.27,20.235,18.01,1.0,22,0.15990525161743163
call,2027-02-26,0.3917808219178082,807.0,19.7,19.74,19.72,20.15,1.0,136,0.15894395751953128
call,2027-02-26,0.3917808219178082,808.0,19.26,19.32,19.29,15.45,1.0,9,0.15853197433471683
call,2027-02-26,0.3917808219178082,809.0,18.78,18.83,18.805,19.15,1.0,6,0.1577156372833252
call,2027-02-26,0.3917808219178082,810.0,18.35,18.39,18.37,18.78,2.0,959,0.15714343841552736
call,2027-02-26,0.3917808219178082,815.0,16.24,16.31,16.275,16.66,2.0,115,0.1544655477142334
call,2027-02-26,0.3917808219178082,820.0,14.28,14.35,14.315,14.41,9.0,1337,0.15168847587585452
call,2027-02-26,0.3917808219178082,830.0,10.92,10.96,10.940000000000001,11.28,24.0,1261,0.1468133415222168
call,2027-02-26,0.3917808219178082,840.0,8.24,8.28,8.26,7.21,78.0,856,0.14313601013183597
call,2027-02-26,0.3917808219178082,850.0,6.12,6.16,6.140000000000001,6.36,1445.0,1547,0.14009954147338866
call,2027-02-26,0.3917808219178082,860.0,4.48,4.52,4.5,4.84,2.0,798,0.13762764236450198
call,2027-02-26,0.3917808219178082,870.0,3.25,3.28,3.2649999999999997,3.45,2.0,354,0.13572031280517582
call,2027-02-26,0.3917808219178082,880.0,2.33,2.35,2.34,2.45,5.0,800,0.13414867324829105
call,2027-02-26,0.3917808219178082,890.0,1.66,1.68,1.67,1.81,6.0,309,0.1331568618774414
call,2027-02-26,0.3917808219178082,900.0,1.19,1.21,1.2,1.3,3.0,79,0.132821171875
call,2027-02-26,0.3917808219178082,910.0,0.86,0.87,0.865,0.69,2.0,112,0.13276013732910158
call,2027-02-26,0.3917808219178082,920.0,0.63,0.65,0.64,0.7,7.0,101,0.13373669006347655
put,2027-02-26,0.3917808219178082,540.0,1.77,1.79,1.78,1.79,137.0,3687,0.3218451605224609
put,2027-02-26,0.3917808219178082,550.0,1.92,1.94,1.93,2.0,136.0,625,0.31262894409179687
put,2027-02-26,0.3917808219178082,560.0,2.08,2.09,2.085,2.14,4.0,706,0.3031075549316406
put,2027-02-26,0.3917808219178082,570.0,2.25,2.27,2.26,2.47,7.0,1001,0.2940439248657226
put,2027-02-26,0.3917808219178082,580.0,2.44,2.47,2.455,2.56,1.0,509,0.2851023638916015
put,2027-02-26,0.3917808219178082,590.0,2.66,2.69,2.675,2.94,1.0,484,0.27625235473632803
put,2027-02-26,0.3917808219178082,600.0,2.91,2.94,2.925,2.94,6.0,735,0.2675549319458008
put,2027-02-26,0.3917808219178082,610.0,3.19,3.21,3.2,3.51,1.0,1740,0.25879647460937505
put,2027-02-26,0.3917808219178082,620.0,3.49,3.52,3.505,3.83,294.0,518,0.2502211209106445
put,2027-02-26,0.3917808219178082,630.0,3.85,3.88,3.865,3.86,2.0,146,0.24192042266845704
put,2027-02-26,0.3917808219178082,640.0,4.25,4.29,4.27,4.29,6.0,3535,0.23372653488159179
put,2027-02-26,0.3917808219178082,650.0,4.71,4.74,4.725,4.73,4.0,296,0.22541057800292968
put,2027-02-26,0.3917808219178082,660.0,5.22,5.26,5.24,5.42,6.0,95,0.21726246612548827
put,2027-02-26,0.3917808219178082,670.0,5.81,5.82,5.8149999999999995,5.82,5.0,488,0.20880918151855465
put,2027-02-26,0.3917808219178082,680.0,6.5,6.53,6.515000000000001,6.68,4.0,668,0.2010883114624023
put,2027-02-26,0.3917808219178082,685.0,6.87,6.9,6.885,7.48,2.0,287,0.19701425552368163
put,2027-02-26,0.3917808219178082,690.0,7.26,7.3,7.279999999999999,7.56,2.0,461,0.19297071685791017
put,2027-02-26,0.3917808219178082,693.0,7.52,7.56,7.539999999999999,9.21,31.0,34,0.19060562820434573
put,2027-02-26,0.3917808219178082,694.0,7.63,7.65,7.640000000000001,9.25,2.0,4,0.18982743774414065
put,2027-02-26,0.3917808219178082,695.0,7.69,7.73,7.710000000000001,7.83,70.0,437,0.18894243682861328
put,2027-02-26,0.3917808219178082,696.0,7.79,7.83,7.8100000000000005,9.5,,7,0.18822528091430663
put,2027-02-26,0.3917808219178082,697.0,7.88,7.91,7.895,10.15,1.0,3,0.1873250213623047
put,2027-02-26,0.3917808219178082,698.0,7.99,8.01,8.0,9.56,,4,0.18659260681152345
put,2027-02-26,0.3917808219178082,699.0,8.06,8.09,8.075,8.82,3.0,17,0.18567708862304685
put,2027-02-26,0.3917808219178082,700.0,8.17,8.19,8.18,8.17,70.0,181,0.1849141567993164
put,2027-02-26,0.3917808219178082,701.0,8.25,8.29,8.27,12.05,1.0,2,0.18413596633911133
put,2027-02-26,0.3917808219178082,702.0,8.37,8.4,8.385,8.6,2.0,16,0.1834340690612793
put,2027-02-26,0.3917808219178082,705.0,8.65,8.69,8.67,8.92,2.0,26,0.18091639404296872
put,2027-02-26,0.3917808219178082,706.0,8.76,8.79,8.774999999999999,10.89,1.0,31,0.18007716903686521
put,2027-02-26,0.3917808219178082,707.0,8.87,8.91,8.89,12.38,1.0,160,0.17939053039550779
put,2027-02-26,0.3917808219178082,708.0,8.97,9.02,8.995000000000001,9.97,5.0,10,0.17861233993530273
put,2027-02-26,0.3917808219178082,709.0,9.08,9.13,9.105,11.35,2.0,6,0.17781889083862307
put,2027-02-26,0.3917808219178082,710.0,9.2,9.25,9.225,9.18,14.0,166,0.1770864762878418
put,2027-02-26,0.3917808219178082,711.0,9.31,9.35,9.33,13.08,2.0,6,0.17620147537231445
put,2027-02-26,0.3917808219178082,712.0,9.41,9.46,9.435,10.46,5.0,7,0.17536225036621095
put,2027-02-26,0.3917808219178082,713.0,9.53,9.57,9.55,11.74,2.0,9,0.17452302536010744
put,2027-02-26,0.3917808219178082,714.0,9.65,9.69,9.67,9.99,2.0,16,0.17374483489990233
put,2027-02-26,0.3917808219178082,715.0,9.77,9.82,9.795,10.0,1.0,76,0.17301242034912112
put,2027-02-26,0.3917808219178082,716.0,9.89,9.94,9.915,10.97,4.0,25,0.17220371261596684
put,2027-02-26,0.3917808219178082,717.0,10.01,10.06,10.035,13.2,5.0,17,0.1713797462463379
put,2027-02-26,0.3917808219178082,718.0,10.14,10.19,10.165,10.13,14.0,38,0.17061681442260745
put,2027-02-26,0.3917808219178082,719.0,10.27,10.32,10.295,13.57,1.0,15,0.16983862396240235
put,2027-02-26,0.3917808219178082,720.0,10.39,10.44,10.415,10.61,18.0,330,0.16898414031982423
put,2027-02-26,0.3917808219178082,721.0,10.52,10.59,10.555,12.71,1.0,26,0.16831276031494147
put,2027-02-26,0.3917808219178082,722.0,10.66,10.71,10.685,14.25,44.0,45,0.16742013008117676
put,2027-02-26,0.3917808219178082,723.0,10.8,10.86,10.83,13.58,1.0,15,0.16672586212158208
put,2027-02-26,0.3917808219178082,724.0,10.94,10.99,10.965,17.95,,20,0.16587137847900396
put,2027-02-26,0.3917808219178082,725.0,11.05,11.12,11.085,11.0,12.0,61,0.16500163619995117
put,2027-02-26,0.3917808219178082,728.0,11.48,11.55,11.515,14.42,,7,0.1625907716369629
put,2027-02-26,0.3917808219178082,729.0,11.64,11.7,11.67,14.58,1.0,17,0.16179732254028317
put,2027-02-26,0.3917808219178082,730.0,11.79,11.85,11.82,12.24,2.0,199,0.1609962441253662
put,2027-02-26,0.3917808219178082,731.0,11.94,12.01,11.975,19.9,1.0,1,0.16024094161987307
put,2027-02-26,0.3917808219178082,732.0,12.1,12.16,12.129999999999999,14.77,,6,0.1594017166137695
put,2027-02-26,0.3917808219178082,734.0,12.42,12.48,12.45,15.52,,67,0.15779955978393556
put,2027-02-26,0.3917808219178082,735.0,12.59,12.66,12.625,12.79,4.0,292,0.15710529182434083
put,2027-02-26,0.3917808219178082,737.0,12.92,12.98,12.95,12.88,5.0,8,0.1554039538574219
put,2027-02-26,0.3917808219178082,738.0,13.09,13.17,13.129999999999999,13.62,1.0,20,0.15471731521606447
put,2027-02-26,0.3917808219178082,739.0,13.27,13.33,13.3,15.9,1.0,20,0.15382468498229981
put,2027-02-26,0.3917808219178082,740.0,13.45,13.51,13.48,13.46,13.0,300,0.15303886520385745
put,2027-02-26,0.3917808219178082,741.0,13.63,13.69,13.66,15.97,1.0,18,0.15223015747070315
put,2027-02-26,0.3917808219178082,742.0,13.81,13.87,13.84,13.78,5.0,14,0.15140619110107423
put,2027-02-26,0.3917808219178082,743.0,14.0,14.07,14.035,16.41,1.0,29,0.15068903518676763
put,2027-02-26,0.3917808219178082,744.0,14.18,14.26,14.219999999999999,16.04,42.0,57,0.1498803274536133
put,2027-02-26,0.3917808219178082,745.0,14.39,14.45,14.42,14.36,7.0,63,0.14906399040222168
put,2027-02-26,0.3917808219178082,746.0,14.59,14.66,14.625,16.49,42.0,43,0.14833920516967775
put,2027-02-26,0.3917808219178082,747.0,14.79,14.86,14.825,19.75,1.0,9,0.14753812675476077
put,2027-02-26,0.3917808219178082,748.0,14.99,15.06,15.025,19.42,1.0,19,0.14672178970336913
put,2027-02-26,0.3917808219178082,749.0,15.2,15.26,15.23,20.24,1.0,47,0.1458825646972656
put,2027-02-26,0.3917808219178082,750.0,15.41,15.48,15.445,15.74,7.0,98,0.1451348915100098
put,2027-02-26,0.3917808219178082,751.0,15.62,15.7,15.66,22.02,1.0,35,0.144364330368042
put,2027-02-26,0.3917808219178082,752.0,15.84,15.92,15.879999999999999,15.73,3.0,10,0.14357851058959958
put,2027-02-26,0.3917808219178082,753.0,16.07,16.14,16.105,16.68,12.0,15,0.142762173538208
put,2027-02-26,0.3917808219178082,754.0,16.29,16.37,16.33,16.28,2.0,21,0.1419916123962402
put,2027-02-26,0.3917808219178082,755.0,16.53,16.6,16.565,16.42,3.0,45,0.14118290466308597
put,2027-02-26,0.3917808219178082,756.0,16.79,16.87,16.83,23.67,1.0,13,0.14058781784057617
put,2027-02-26,0.3917808219178082,757.0,17.03,17.11,17.07,24.1,2.0,28,0.1397943687438965
put,2027-02-26,0.3917808219178082,758.0,17.24,17.32,17.28,21.26,1.0,9,0.13881781600952148
put,2027-02-26,0.3917808219178082,759.0,17.52,17.61,17.564999999999998,18.18,16.0,12,0.13826087577819826
put,2027-02-26,0.3917808219178082,760.0,17.75,17.83,17.79,17.83,1210.0,83,0.1372919523620606
put,2027-02-26,0.3917808219178082,761.0,18.0,18.07,18.035,22.08,3.0,14,0.1364069514465332
put,2027-02-26,0.3917808219178082,762.0,18.27,18.34,18.305,18.18,1.0,29,0.13566690757751468
put,2027-02-26,0.3917808219178082,763.0,18.54,18.62,18.58,18.45,2.0,23,0.13494975166320802
put,2027-02-26,0.3917808219178082,764.0,18.81,18.89,18.85,19.39,1.0,37,0.13414867324829105
put,2027-02-26,0.3917808219178082,765.0,19.08,19.16,19.119999999999997,18.99,11.0,87,0.1333323361968994
put,2027-02-26,0.3917808219178082,766.0,19.36,19.46,19.41,19.79,1.0,14,0.1326380682373047
put,2027-02-26,0.3917808219178082,767.0,19.66,19.74,19.7,23.51,1.0,20,0.1318217311859131
put,2027-02-26,0.3917808219178082,768.0,19.97,20.06,20.015,21.66,1.0,29,0.1311884977722168
put,2027-02-26,0.3917808219178082,769.0,20.24,20.32,20.28,20.65,3.0,48,0.13020431571960447
put,2027-02-26,0.3917808219178082,770.0,20.53,20.62,20.575000000000003,20.38,26.0,286,0.1294032373046875
put,2027-02-26,0.3917808219178082,771.0,20.85,20.95,20.9,22.64,4.0,215,0.1287318572998047
put,2027-02-26,0.3917808219178082,772.0,21.17,21.26,21.215000000000003,21.76,6.0,66,0.127938408203125
put,2027-02-26,0.3917808219178082,773.0,21.51,21.62,21.565,21.9,2.0,84,0.12735858001708983
put,2027-02-26,0.3917808219178082,774.0,21.82,21.91,21.865000000000002,22.0,1.0,55,0.12639728591918942
put,2027-02-26,0.3917808219178082,775.0,22.13,22.24,22.185,21.96,14.0,141,0.1256038368225098
put,2027-02-26,0.3917808219178082,776.0,22.47,22.57,22.52,24.66,3.0,173,0.12478749977111817
put,2027-02-26,0.3917808219178082,777.0,22.81,22.91,22.86,23.29,11.0,49,0.12398642135620117
put,2027-02-26,0.3917808219178082,778.0,23.21,23.28,23.245,22.97,19.0,10,0.12331504135131838
put,2027-02-26,0.3917808219178082,779.0,23.52,23.62,23.57,23.72,1.0,216,0.12244529907226565
put,2027-02-26,0.3917808219178082,780.0,23.89,23.98,23.935000000000002,23.85,65.0,96,0.12165184997558594
put,2027-02-26,0.3917808219178082,781.0,24.27,24.37,24.32,23.99,100.0,338,0.12098046997070314
put,2027-02-26,0.3917808219178082,782.0,24.64,24.73,24.685000000000002,24.48,1.0,331,0.12012598632812499
put,2027-02-26,0.3917808219178082,783.0,25.02,25.11,25.064999999999998,31.01,17.0,18,0.11933253723144531
put,2027-02-26,0.3917808219178082,784.0,25.4,25.5,25.45,30.61,1.0,16,0.11855434677124024
put,2027-02-26,0.3917808219178082,785.0,25.84,25.95,25.895,36.51,1.0,262,0.11805081176757812
put,2027-02-26,0.3917808219178082,786.0,26.22,26.3,26.259999999999998,31.55,1.0,25,0.11699796585083008
put,2027-02-26,0.3917808219178082,787.0,26.62,26.71,26.665,33.8,15.0,29,0.1162121460723877
put,2027-02-26,0.3917808219178082,788.0,27.05,27.13,27.09,33.01,1.0,11,0.11544158493041992
put,2027-02-26,0.3917808219178082,789.0,27.47,27.55,27.509999999999998,32.15,2.0,2,0.11463287719726564
put,2027-02-26,0.3917808219178082,790.0,27.9,27.99,27.945,27.6,47.0,356,0.11388520401000976
put,2027-02-26,0.3917808219178082,791.0,28.33,28.43,28.38,34.21,,13,0.1131070135498047
put,2027-02-26,0.3917808219178082,792.0,28.79,28.89,28.84,36.46,15.0,55,0.11238222831726072
put,2027-02-26,0.3917808219178082,795.0,30.18,30.27,30.225,37.52,4.0,4,0.10996373443603515
put,2027-02-26,0.3917808219178082,797.0,31.14,31.25,31.195,36.1,1.0,1,0.10845312942504884
put,2027-02-26,0.3917808219178082,800.0,32.66,32.76,32.709999999999994,32.45,5.0,43,0.10605752349853514
put,2027-02-26,0.3917808219178082,810.0,38.19,38.44,38.315,48.91,2.0,3,0.09833665344238281
put,2027-02-26,0.3917808219178082,815.0,41.31,41.55,41.43,52.02,1.0,0,0.09386587295532225
put,2027-02-26,0.3917808219178082,820.0,44.7,44.95,44.825,51.21,1.0,3,0.08953242019653321
put,2027-02-26,0.3917808219178082,830.0,52.02,52.42,52.22,56.35,1.0,1,0.07932439239501954
put,2027-02-26,0.3917808219178082,900.0,117.88,121.92,119.9,130.73,2.0,2,0.13843635009765626
call,2027-03-19,0.44931506849315067,250.0,531.65,535.39,533.52,524.64,1.0,5,0.9458013232421875
call,2027-03-19,0.44931506849315067,260.0,482.47,486.06,484.265,484.53,1.0,7,1.0000000000000003e-05
call,2027-03-19,0.44931506849315067,265.0,493.22,496.83,495.025,463.0,1.0,2,1.0000000000000003e-05
call,2027-03-19,0.44931506849315067,275.0,490.78,494.41,492.595,482.06,1.0,6,1.0000000000000003e-05
call,2027-03-19,0.44931506849315067,280.0,478.76,482.37,480.565,459.25,,1,1.0000000000000003e-05
call,2027-03-19,0.44931506849315067,285.0,473.91,477.55,475.73,463.88,1.0,2,1.0000000000000003e-05
call,2027-03-19,0.44931506849315067,290.0,469.12,472.73,470.925,459.08,1.0,1,1.0000000000000003e-05
call,2027-03-19,0.44931506849315067,295.0,464.19,467.91,466.05,454.29,1.0,3,1.0000000000000003e-05
call,2027-03-19,0.44931506849315067,300.0,482.72,486.5,484.61,473.87,1.0,6,0.8433243206787109
call,2027-03-19,0.44931506849315067,305.0,461.74,465.3,463.52,453.22,,1,1.0000000000000003e-05
call,2027-03-19,0.44931506849315067,320.0,463.21,467.0,465.105,446.0,1.0,6,0.8067646276855469
call,2027-03-19,0.44931506849315067,335.0,448.58,452.39,450.485,427.22,8.0,12,0.7802146002197266
call,2027-03-19,0.44931506849315067,340.0,420.93,424.61,422.77,411.25,1.0,4,1.0000000000000003e-05
call,2027-03-19,0.44931506849315067,350.0,433.95,437.76,435.855,425.11,1.0,28,0.7538476763916016
call,2027-03-19,0.44931506849315067,355.0,413.31,416.87,415.09000000000003,404.7,1.0,9,1.0000000000000003e-05
call,2027-03-19,0.44931506849315067,360.0,408.47,412.03,410.25,380.83,21.0,12,1.0000000000000003e-05
call,2027-03-19,0.44931506849315067,370.0,414.83,418.3,416.565,406.12,1.0,29,0.7245510943603515
call,2027-03-19,0.44931506849315067,375.0,371.92,375.52,373.72,384.5,1.0,1,1.0000000000000003e-05
call,2027-03-19,0.44931506849315067,380.0,404.67,408.5,406.58500000000004,393.14,3.0,7,0.7024565887451173
call,2027-03-19,0.44931506849315067,385.0,399.81,403.65,401.73,392.07,2.0,4,0.6945831323242189
call,2027-03-19,0.44931506849315067,390.0,394.93,398.77,396.85,389.29,6.0,7,0.6861908822631836
call,2027-03-19,0.44931506849315067,395.0,390.05,393.93,391.99,379.78,1.0,4,0.6782869085693359
call,2027-03-19,0.44931506849315067,400.0,384.98,389.0,386.99,376.71,1.0,15,0.6675143112182619
call,2027-03-19,0.44931506849315067,410.0,375.27,379.32,377.29499999999996,355.96,2.0,27,0.652469295654297
call,2027-03-19,0.44931506849315067,415.0,355.35,358.92,357.135,347.42,3.0,16,1.0000000000000003e-05
call,2027-03-19,0.44931506849315067,420.0,366.19,369.5,367.845,362.0,3.0,6,0.6420934228515626
call,2027-03-19,0.44931506849315067,425.0,361.27,364.72,362.995,345.01,1.0,18,0.6344641046142578
call,2027-03-19,0.44931506849315067,440.0,336.33,339.85,338.09000000000003,343.23,1.0,5,0.3435124243164062
call,2027-03-19,0.44931506849315067,445.0,331.5,335.02,333.26,312.38,2.0,253,0.3566958862304687
call,2027-03-19,0.44931506849315067,450.0,336.99,340.4,338.695,320.67,1.0,305,0.5959513061523438
call,2027-03-19,0.44931506849315067,455.0,331.66,335.54,333.6,310.78,4.0,181,0.5845073287963867
call,2027-03-19,0.44931506849315067,460.0,326.8,330.68,328.74,319.34,10.0,103,0.5770000796508788
call,2027-03-19,0.44931506849315067,470.0,317.09,320.97,319.03,305.22,2.0,17,0.5621992022705078
call,2027-03-19,0.44931506849315067,475.0,312.23,316.11,314.17,299.68,2.0,10,0.5547224703979493
call,2027-03-19,0.44931506849315067,480.0,307.87,311.26,309.565,299.3,6.0,24,0.551060397644043
call,2027-03-19,0.44931506849315067,485.0,302.42,306.47,304.44500000000005,285.83,1.0,62,0.5398300411987306
call,2027-03-19,0.44931506849315067,490.0,297.68,301.56,299.62,268.8,1.0,29,0.532933137512207
call,2027-03-19,0.44931506849315067,495.0,292.84,296.72,294.78,283.37,1.0,70,0.5258226129150392
call,2027-03-19,0.44931506849315067,500.0,288.04,291.87,289.95500000000004,285.2,10.0,151,0.5189562265014648
call,2027-03-19,0.44931506849315067,510.0,278.31,282.19,280.25,257.01,22.0,37,0.504460521850586
call,2027-03-19,0.44931506849315067,515.0,273.4,277.42,275.40999999999997,259.25,34.0,4,0.5223283851623535
call,2027-03-19,0.44931506849315067,520.0,269.15,272.61,270.88,253.11,10.0,201,0.5151720846557617
call,2027-03-19,0.44931506849315067,525.0,264.3,267.69,265.995,261.9,10.0,556,0.5067188000488281
call,2027-03-19,0.44931506849315067,530.0,258.98,262.86,260.92,254.03,371.0,426,0.4993641372680664
call,2027-03-19,0.44931506849315067,535.0,254.15,258.03,256.09,248.09,1.0,2914,0.4920094744873047
call,2027-03-19,0.44931506849315067,540.0,249.33,253.21,251.27,242.23,1.0,49,0.4847768807983398
call,2027-03-19,0.44931506849315067,545.0,244.51,248.39,246.45,227.74,3.0,456,0.477544287109375
call,2027-03-19,0.44931506849315067,550.0,239.7,243.58,241.64,237.75,23.0,518,0.47043376251220703
call,2027-03-19,0.44931506849315067,555.0,234.89,238.77,236.82999999999998,233.02,3.0,3119,0.46330797927856443
call,2027-03-19,0.44931506849315067,560.0,230.08,233.96,232.02,228.27,3.0,467,0.45618219604492194
call,2027-03-19,0.44931506849315067,565.0,225.25,229.16,227.20499999999998,221.9,1.0,63,0.4491632232666015
call,2027-03-19,0.44931506849315067,570.0,221.06,224.37,222.715,217.71,1.0,345,0.4422358023071289
call,2027-03-19,0.44931506849315067,575.0,215.66,219.58,217.62,212.3,1.0,173,0.43529312271118165
call,2027-03-19,0.44931506849315067,580.0,210.87,214.93,212.9,199.9,7.0,75,0.4296626858520508
call,2027-03-19,0.44931506849315067,585.0,206.1,210.02,208.06,200.0,1.0,2374,0.42154509124755857
call,2027-03-19,0.44931506849315067,590.0,201.35,205.25,203.3,185.44,4.0,583,0.41475499801635746
call,2027-03-19,0.44931506849315067,595.0,196.58,200.49,198.53500000000003,193.47,8.0,106,0.4080106806945801
call,2027-03-19,0.44931506849315067,600.0,191.87,195.73,193.8,192.7,2.0,628,0.4012511047363281
call,2027-03-19,0.44931506849315067,605.0,187.14,191.14,189.14,170.64,1.0,158,0.3959410992431641
call,2027-03-19,0.44931506849315067,610.0,182.41,186.24,184.325,166.38,14.0,414,0.38791505645751956
call,2027-03-19,0.44931506849315067,615.0,177.65,181.69,179.67000000000002,165.35,4.0,71,0.38281867187499996
call,2027-03-19,0.44931506849315067,620.0,172.97,176.8,174.885,164.88,3.0,142,0.37485366363525385
call,2027-03-19,0.44931506849315067,625.0,168.26,172.27,170.265,171.3,1.0,624,0.369772537689209
call,2027-03-19,0.44931506849315067,630.0,163.57,167.58,165.575,165.84,3.0,428,0.3633486517333985
call,2027-03-19,0.44931506849315067,635.0,158.82,162.71,160.765,157.16,1.0,452,0.35547519531249994
call,2027-03-19,0.44931506849315067,640.0,154.3,158.04,156.17000000000002,150.62,1.0,520,0.3491276025390625
call,2027-03-19,0.44931506849315067,645.0,149.51,153.39,151.45,137.5,1.0,341,0.342856302947998
call,2027-03-19,0.44931506849315067,650.0,145.02,148.96,146.99,146.3,1.0,5679,0.3381108670043945
call,2027-03-19,0.44931506849315067,655.0,140.4,144.12,142.26,137.31,1.0,2488,0.3303289624023437
call,2027-03-19,0.44931506849315067,660.0,135.67,139.52,137.595,126.97,2.0,888,0.3241949905395507
call,2027-03-19,0.44931506849315067,665.0,131.12,134.93,133.025,116.5,1.0,323,0.3180457600402831
call,2027-03-19,0.44931506849315067,670.0,126.56,130.36,128.46,123.0,3.0,268,0.311957564086914
call,2027-03-19,0.44931506849315067,675.0,122.01,125.79,123.9,122.23,24.0,924,0.3057625576782227
call,2027-03-19,0.44931506849315067,680.0,117.93,121.3,119.61500000000001,120.62,7.0,2141,0.29999479309082033
call,2027-03-19,0.44931506849315067,685.0,113.39,116.8,115.095,106.04,1.0,1489,0.29403629554748534
call,2027-03-19,0.44931506849315067,690.0,108.53,112.33,110.43,110.82,2.0,4906,0.28815409118652335
call,2027-03-19,0.44931506849315067,695.0,104.09,107.9,105.995,105.74,6.0,2796,0.2823863265991211
call,2027-03-19,0.44931506849315067,700.0,99.77,103.49,101.63,97.8,8.0,1861,0.2765956740570068
call,2027-03-19,0.44931506849315067,705.0,95.48,99.08,97.28,93.6,5.0,1361,0.27066769378662114
call,2027-03-19,0.44931506849315067,710.0,91.33,94.68,93.005,93.9,77.0,1022,0.26464053237915036
call,2027-03-19,0.44931506849315067,715.0,86.99,90.29,88.64,89.69,81.0,1322,0.25851418983459484
call,2027-03-19,0.44931506849315067,720.0,84.17,85.96,85.065,84.07,6.0,1155,0.2525633216094971
call,2027-03-19,0.44931506849315067,725.0,78.68,81.67,80.17500000000001,71.42,40.0,824,0.24665059997558597
call,2027-03-19,0.44931506849315067,730.0,74.64,77.44,76.03999999999999,76.11,26.0,1383,0.24086757675170894
call,2027-03-19,0.44931506849315067,735.0,70.63,72.11,71.37,69.34,6.0,3651,0.22903450416564944
call,2027-03-19,0.44931506849315067,740.0,66.65,68.07,67.36,68.83,15.0,760,0.22390760231018061
call,2027-03-19,0.44931506849315067,745.0,63.75,64.09,63.92,59.95,4.0,2480,0.21881884704589843
call,2027-03-19,0.44931506849315067,750.0,59.85,60.2,60.025000000000006,60.43,73.0,3224,0.2139055661010742
call,2027-03-19,0.44931506849315067,755.0,56.03,56.33,56.18,57.07,14.0,2822,0.20878629356384273
call,2027-03-19,0.44931506849315067,760.0,52.28,52.58,52.43,52.3,22.0,7631,0.20392641784667967
call,2027-03-19,0.44931506849315067,765.0,48.67,48.95,48.81,48.99,118.0,3364,0.19931830963134767
call,2027-03-19,0.44931506849315067,770.0,45.16,45.43,45.295,45.75,97.0,4666,0.1948475291442871
call,2027-03-19,0.44931506849315067,775.0,41.75,41.99,41.870000000000005,42.9,20.0,13119,0.19036149002075198
call,2027-03-19,0.44931506849315067,780.0,38.41,38.61,38.51,38.87,67.0,9145,0.18573812316894528
call,2027-03-19,0.44931506849315067,785.0,35.25,35.45,35.35,35.27,75.0,4753,0.18170221382141113
call,2027-03-19,0.44931506849315067,790.0,32.26,32.31,32.285,33.03,54.0,9529,0.1772695799255371
call,2027-03-19,0.44931506849315067,795.0,29.36,29.43,29.395,30.24,415.0,7630,0.17355410194396972
call,2027-03-19,0.44931506849315067,800.0,26.62,26.68,26.65,26.77,1911.0,22066,0.16992254646301272
call,2027-03-19,0.44931506849315067,805.0,23.99,24.06,24.025,24.16,33.0,7662,0.16633676689147955
call,2027-03-19,0.44931506849315067,810.0,21.57,21.62,21.595,21.75,2391.0,8437,0.16303327209472657
call,2027-03-19,0.44931506849315067,815.0,19.36,19.4,19.38,19.42,12.0,4965,0.16019516571044923
call,2027-03-19,0.44931506849315067,820.0,17.27,17.32,17.295,17.31,103.0,24305,0.1574409818267822
call,2027-03-19,0.44931506849315067,825.0,15.37,15.42,15.395,15.34,55.0,6923,0.15496145339965822
call,2027-03-19,0.44931506849315067,830.0,13.59,13.63,13.61,13.66,3507.0,10888,0.15239800247192387
call,2027-03-19,0.44931506849315067,835.0,12.03,12.06,12.045,12.11,10.0,5914,0.15038386245727542
call,2027-03-19,0.44931506849315067,840.0,10.6,10.63,10.615,10.68,3177.0,6872,0.14849179153442382
call,2027-03-19,0.44931506849315067,845.0,9.3,9.33,9.315000000000001,9.33,208.0,2860,0.1466989017486572
call,2027-03-19,0.44931506849315067,850.0,8.14,8.19,8.165,8.22,36.0,6486,0.14524170196533204
call,2027-03-19,0.44931506849315067,855.0,7.1,7.14,7.119999999999999,5.35,14.0,1633,0.1437158383178711
call,2027-03-19,0.44931506849315067,860.0,6.19,6.23,6.210000000000001,6.22,33.0,10883,0.14251040603637694
call,2027-03-19,0.44931506849315067,865.0,5.37,5.41,5.390000000000001,4.67,3.0,4541,0.14132023239135744
call,2027-03-19,0.44931506849315067,870.0,4.65,4.68,4.665,4.69,16.0,4120,0.14019109329223634
call,2027-03-19,0.44931506849315067,875.0,4.02,4.05,4.035,4.07,3.0,6534,0.1392908337402344
call,2027-03-19,0.44931506849315067,880.0,3.46,3.48,3.4699999999999998,3.51,20.0,5007,0.1382990223693848
call,2027-03-19,0.44931506849315067,885.0,2.97,2.99,2.9800000000000004,3.0,1.0,2342,0.13749031463623052
call,2027-03-19,0.44931506849315067,890.0,2.55,2.57,2.5599999999999996,2.81,9.0,2374,0.1368341932678223
call,2027-03-19,0.44931506849315067,895.0,2.18,2.2,2.1900000000000004,1.79,42.0,1080,0.13619333053588867
call,2027-03-19,0.44931506849315067,900.0,1.87,1.9,1.885,1.9,60.0,12925,0.13593393371582033
call,2027-03-19,0.44931506849315067,905.0,1.61,1.63,1.62,1.76,1.0,3471,0.13556772644042972
call,2027-03-19,0.44931506849315067,910.0,1.38,1.4,1.39,1.38,25.0,3516,0.135323588256836
call,2027-03-19,0.44931506849315067,915.0,1.19,1.21,1.2,1.33,517.0,590,0.135323588256836
call,2027-03-19,0.44931506849315067,920.0,1.02,1.04,1.03,0.86,9.0,1133,0.1352320364379883
call,2027-03-19,0.44931506849315067,925.0,0.89,0.9,0.895,0.98,1.0,604,0.13535410552978522
call,2027-03-19,0.44931506849315067,930.0,0.77,0.78,0.775,0.67,10.0,455,0.13556772644042972
call,2027-03-19,0.44931506849315067,935.0,0.67,0.68,0.675,0.65,6.0,4048,0.1358728991699219
call,2027-03-19,0.44931506849315067,940.0,0.58,0.6,0.59,0.55,1.0,1749,0.13648324462890626
call,2027-03-19,0.44931506849315067,945.0,0.51,0.52,0.515,0.56,2.0,253,0.13672738281250002
call,2027-03-19,0.44931506849315067,950.0,0.45,0.46,0.455,0.42,3.0,6120,0.1374597973632813
call,2027-03-19,0.44931506849315067,955.0,0.4,0.41,0.405,0.3,1.0,123,0.1381922119140625
call,2027-03-19,0.44931506849315067,960.0,0.35,0.36,0.355,0.39,1.0,528,0.1388025573730469
call,2027-03-19,0.44931506849315067,965.0,0.31,0.32,0.315,0.33,7.0,279,0.13953497192382813
call,2027-03-19,0.44931506849315067,970.0,0.28,0.29,0.28500000000000003,0.3,2.0,827,0.14063359375
call,2027-03-19,0.44931506849315067,975.0,0.25,0.26,0.255,0.23,1.0,156,0.14148807739257813
call,2027-03-19,0.44931506849315067,980.0,0.23,0.24,0.235,0.21,2.0,642,0.14283083740234376
call,2027-03-19,0.44931506849315067,985.0,0.2,0.22,0.21000000000000002,0.22,1.0,1044,0.14405152832031248
call,2027-03-19,0.44931506849315067,990.0,0.18,0.2,0.19,0.18,2.0,738,0.1450280810546875
call,2027-03-19,0.44931506849315067,995.0,0.17,0.18,0.175,0.18,1.0,484,0.14600463378906248
call,2027-03-19,0.44931506849315067,1000.0,0.15,0.16,0.155,0.18,136.0,2980,0.14649291015625
call,2027-03-19,0.44931506849315067,1010.0,0.13,0.14,0.135,0.13,2.0,957,0.149422568359375
call,2027-03-19,0.44931506849315067,1020.0,0.11,0.12,0.11499999999999999,0.1,23.0,50,0.1518639501953125
call,2027-03-19,0.44931506849315067,1030.0,0.09,0.11,0.1,0.09,7.0,48,0.15528188476562502
call,2027-03-19,0.44931506849315067,1040.0,0.08,0.09,0.08499999999999999,0.09,1.0,539,0.15674671386718753
call,2027-03-19,0.44931506849315067,1050.0,0.07,0.08,0.07500000000000001,0.08,34.0,1013,0.1596763720703125
call,2027-03-19,0.44931506849315067,1060.0,0.06,0.08,0.07,0.06,1.0,79,0.16407085937500002
call,2027-03-19,0.44931506849315067,1070.0,0.05,0.07,0.060000000000000005,0.06,1.0,52,0.16651224121093755
call,2027-03-19,0.44931506849315067,1080.0,0.05,0.06,0.055,0.05,2.0,1249,0.16846534667968754
call,2027-03-19,0.44931506849315067,1090.0,0.04,0.06,0.05,0.06,1.0,572,0.17237155761718753
call,2027-03-19,0.44931506849315067,1100.0,0.04,0.05,0.045,0.03,50.0,11241,0.17383638671875
call,2027-03-19,0.44931506849315067,1110.0,0.04,0.05,0.045,0.04,1.0,22,0.17774259765625
call,2027-03-19,0.44931506849315067,1130.0,0.03,0.04,0.035,0.03,2.0,7502,0.18262536132812499
call,2027-03-19,0.44931506849315067,1140.0,0.03,0.04,0.035,0.04,750.0,1077,0.186531572265625
call,2027-03-19,0.44931506849315067,1170.0,0.02,0.03,0.025,0.05,1.0,119,0.19336744140625
call,2027-03-19,0.44931506849315067,1190.0,0.02,0.03,0.025,0.03,25.0,66,0.20020331054687499
call,2027-03-19,0.44931506849315067,1200.0,0.02,0.03,0.025,0.02,14.0,1206,0.20410952148437497
call,2027-03-19,0.44931506849315067,1260.0,0.02,0.03,0.025,0.05,1.0,2,0.22461712890624996
put,2027-03-19,0.44931506849315067,250.0,0.19,0.2,0.195,0.23,2.0,8475,0.6269568554687501
put,2027-03-19,0.44931506849315067,255.0,0.2,0.21,0.20500000000000002,0.2,1.0,28,0.6196327099609377
put,2027-03-19,0.44931506849315067,260.0,0.21,0.22,0.215,0.26,312.0,630,0.6123085644531252
put,2027-03-19,0.44931506849315067,265.0,0.22,0.23,0.225,0.24,1.0,21,0.6049844189453126
put,2027-03-19,0.44931506849315067,270.0,0.46,0.47,0.46499999999999997,0.7,1.0,2,0.6452672192382812
put,2027-03-19,0.44931506849315067,275.0,0.25,0.26,0.255,0.29,10.0,106,0.5932657861328126
put,2027-03-19,0.44931506849315067,280.0,0.26,0.27,0.265,0.33,2.0,661,0.585941640625
put,2027-03-19,0.44931506849315067,285.0,0.27,0.28,0.275,0.29,1.0,25,0.5786174951171875
put,2027-03-19,0.44931506849315067,290.0,0.29,0.3,0.295,0.32,1.0,25,0.5732464550781251
put,2027-03-19,0.44931506849315067,295.0,0.3,0.31,0.305,0.31,1.0,230,0.5659223095703125
put,2027-03-19,0.44931506849315067,300.0,0.32,0.33,0.325,0.34,26.0,7382,0.5607954077148438
put,2027-03-19,0.44931506849315067,305.0,0.34,0.35,0.345,0.36,2.0,38,0.5551802294921876
put,2027-03-19,0.44931506849315067,310.0,0.35,0.36,0.355,0.4,3.0,206,0.5481002221679689
put,2027-03-19,0.44931506849315067,315.0,0.37,0.38,0.375,0.39,1.0,134,0.5424850439453126
put,2027-03-19,0.44931506849315067,320.0,0.39,0.4,0.395,0.64,1.0,101,0.5368698657226563
put,2027-03-19,0.44931506849315067,325.0,0.41,0.42,0.415,0.46,1.0,1651,0.5312546875
put,2027-03-19,0.44931506849315067,330.0,0.43,0.44,0.435,0.46,14.0,4996,0.52539537109375
put,2027-03-19,0.44931506849315067,335.0,0.45,0.46,0.455,0.57,1.0,3520,0.5195360546875
put,2027-03-19,0.44931506849315067,340.0,0.47,0.48,0.475,0.6,3.0,1574,0.5139208764648437
put,2027-03-19,0.44931506849315067,345.0,0.49,0.5,0.495,0.56,3.0,1845,0.5080615600585938
put,2027-03-19,0.44931506849315067,350.0,0.51,0.52,0.515,0.54,51.0,2899,0.5019581054687501
put,2027-03-19,0.44931506849315067,355.0,0.53,0.54,0.535,0.68,1.0,144,0.4968312036132813
put,2027-03-19,0.44931506849315067,360.0,0.56,0.57,0.565,0.63,1.0,272,0.4919484399414063
put,2027-03-19,0.44931506849315067,365.0,0.58,0.59,0.585,0.69,1.0,477,0.4858449853515625
put,2027-03-19,0.44931506849315067,370.0,0.6,0.61,0.605,0.62,1.0,403,0.47986359985351557
put,2027-03-19,0.44931506849315067,375.0,0.63,0.64,0.635,0.65,6.0,686,0.47485876708984376
put,2027-03-19,0.44931506849315067,380.0,0.66,0.67,0.665,0.67,4.0,2584,0.46973186523437505
put,2027-03-19,0.44931506849315067,385.0,0.68,0.69,0.685,0.78,26.0,5526,0.46362841064453125
put,2027-03-19,0.44931506849315067,390.0,0.71,0.72,0.715,0.75,1.0,1065,0.4585015087890626
put,2027-03-19,0.44931506849315067,395.0,0.74,0.75,0.745,0.88,10.0,164,0.45337460693359377
put,2027-03-19,0.44931506849315067,400.0,0.77,0.78,0.775,0.79,512.0,16988,0.4480035668945312
put,2027-03-19,0.44931506849315067,405.0,0.8,0.81,0.805,0.86,1.0,298,0.44275459594726563
put,2027-03-19,0.44931506849315067,410.0,0.83,0.84,0.835,1.08,1.0,444,0.4373835559082031
put,2027-03-19,0.44931506849315067,415.0,0.86,0.87,0.865,0.89,10.0,291,0.43201251586914063
put,2027-03-19,0.44931506849315067,420.0,0.9,0.91,0.905,0.93,2.0,1231,0.4272518212890626
put,2027-03-19,0.44931506849315067,425.0,0.93,0.94,0.935,1.16,300.0,805,0.42188078125
put,2027-03-19,0.44931506849315067,430.0,0.97,0.98,0.975,1.0,22.0,888,0.41699801757812494
put,2027-03-19,0.44931506849315067,435.0,1.01,1.02,1.0150000000000001,1.02,35.0,901,0.41211525390625
put,2027-03-19,0.44931506849315067,440.0,1.05,1.06,1.0550000000000002,1.06,33.0,569,0.4071104211425781
put,2027-03-19,0.44931506849315067,445.0,1.09,1.1,1.0950000000000002,1.13,4.0,847,0.40216662292480465
put,2027-03-19,0.44931506849315067,450.0,1.13,1.14,1.1349999999999998,1.13,50.0,3377,0.3971007556152344
put,2027-03-19,0.44931506849315067,455.0,1.17,1.18,1.1749999999999998,1.18,3.0,1855,0.3920959228515625
put,2027-03-19,0.44931506849315067,460.0,1.21,1.22,1.2149999999999999,1.25,13.0,1811,0.3869690209960937
put,2027-03-19,0.44931506849315067,465.0,1.26,1.27,1.2650000000000001,1.27,1.0,794,0.38233039550781245
put,2027-03-19,0.44931506849315067,470.0,1.3,1.32,1.31,1.42,8.0,1804,0.37756970092773434
put,2027-03-19,0.44931506849315067,475.0,1.36,1.37,1.3650000000000002,1.47,1.0,1408,0.37280900634765624
put,2027-03-19,0.44931506849315067,480.0,1.41,1.42,1.415,1.42,12.0,3434,0.3679262426757813
put,2027-03-19,0.44931506849315067,485.0,1.46,1.47,1.4649999999999999,1.59,8.0,1009,0.36310451354980466
put,2027-03-19,0.44931506849315067,490.0,1.52,1.53,1.525,1.51,8.0,1083,0.3585269226074219
put,2027-03-19,0.44931506849315067,495.0,1.57,1.58,1.5750000000000002,1.6,2.0,2206,0.35358312438964834
put,2027-03-19,0.44931506849315067,500.0,1.63,1.65,1.64,1.64,102635.0,8828,0.34931070617675775
put,2027-03-19,0.44931506849315067,505.0,1.69,1.7,1.6949999999999998,1.71,50.0,1041,0.3442448388671875
put,2027-03-19,0.44931506849315067,510.0,1.76,1.77,1.7650000000000001,1.77,7.0,3355,0.3398503515625
put,2027-03-19,0.44931506849315067,515.0,1.82,1.83,1.8250000000000002,1.84,2.0,1961,0.3350286224365234
put,2027-03-19,0.44931506849315067,520.0,1.89,1.9,1.895,1.97,2.0,1621,0.330512066040039
put,2027-03-19,0.44931506849315067,525.0,1.96,1.98,1.97,2.01,5.0,2502,0.32617861328125
put,2027-03-19,0.44931506849315067,530.0,2.04,2.05,2.045,2.11,2.0,3369,0.3214789532470703
put,2027-03-19,0.44931506849315067,535.0,2.12,2.14,2.13,2.44,3.0,8181,0.3173286041259765
put,2027-03-19,0.44931506849315067,540.0,2.2,2.21,2.205,2.39,1.0,2151,0.31250687499999996
put,2027-03-19,0.44931506849315067,545.0,2.28,2.3,2.29,2.33,5.0,1617,0.3081734222412109
put,2027-03-19,0.44931506849315067,550.0,2.37,2.39,2.38,2.43,16.0,5230,0.3037789349365234
put,2027-03-19,0.44931506849315067,555.0,2.47,2.48,2.475,2.46,3.0,4382,0.29932341308593746
put,2027-03-19,0.44931506849315067,560.0,2.56,2.58,2.5700000000000003,2.59,8.0,8983,0.2949899603271484
put,2027-03-19,0.44931506849315067,565.0,2.67,2.68,2.675,2.69,5.0,2104,0.2905649557495117
put,2027-03-19,0.44931506849315067,570.0,2.78,2.79,2.785,2.8,17.0,1990,0.2862925375366211
put,2027-03-19,0.44931506849315067,575.0,2.89,2.91,2.9000000000000004,3.18,4.0,6524,0.28211167114257807
put,2027-03-19,0.44931506849315067,580.0,3.01,3.03,3.0199999999999996,3.14,1.0,3550,0.2778697702026367
put,2027-03-19,0.44931506849315067,585.0,3.14,3.16,3.1500000000000004,3.18,15.0,7246,0.27368890380859373
put,2027-03-19,0.44931506849315067,590.0,3.28,3.29,3.285,3.3,62.0,2037,0.2694470028686523
put,2027-03-19,0.44931506849315067,595.0,3.43,3.44,3.435,3.47,72.0,2426,0.2654187228393554
put,2027-03-19,0.44931506849315067,600.0,3.58,3.59,3.585,3.6,796.0,5889,0.26129889099121095
put,2027-03-19,0.44931506849315067,605.0,3.75,3.76,3.755,3.76,14.0,3881,0.25739268005371096
put,2027-03-19,0.44931506849315067,610.0,3.92,3.94,3.9299999999999997,3.93,17.0,3183,0.253486469116211
put,2027-03-19,0.44931506849315067,615.0,4.1,4.11,4.105,4.11,14.0,3837,0.24930560272216795
put,2027-03-19,0.44931506849315067,620.0,4.28,4.3,4.29,4.3,25.0,4944,0.2453078399658203
put,2027-03-19,0.44931506849315067,625.0,4.49,4.5,4.495,4.5,17.0,5522,0.24131007720947267
put,2027-03-19,0.44931506849315067,630.0,4.7,4.72,4.71,4.71,21.0,3221,0.23741912490844724
put,2027-03-19,0.44931506849315067,635.0,4.93,4.94,4.9350000000000005,4.91,22.0,4676,0.233406103515625
put,2027-03-19,0.44931506849315067,640.0,5.18,5.19,5.1850000000000005,5.17,37.0,5424,0.22959144439697265
put,2027-03-19,0.44931506849315067,645.0,5.44,5.45,5.445,5.41,22.0,5090,0.22574626800537106
put,2027-03-19,0.44931506849315067,650.0,5.71,5.72,5.715,5.68,77.0,11926,0.22184005706787108
put,2027-03-19,0.44931506849315067,655.0,6.02,6.03,6.025,5.98,101620.0,2455,0.2181932429504394
put,2027-03-19,0.44931506849315067,660.0,6.32,6.33,6.325,6.29,48.0,4761,0.2142412561035156
put,2027-03-19,0.44931506849315067,665.0,6.65,6.66,6.655,6.68,7.0,4974,0.21042659698486327
put,2027-03-19,0.44931506849315067,670.0,7.0,7.01,7.005,6.99,4.0,3486,0.2066119378662109
put,2027-03-19,0.44931506849315067,675.0,7.39,7.41,7.4,7.31,32.0,2700,0.2030414169311523
put,2027-03-19,0.44931506849315067,680.0,7.77,7.8,7.785,7.78,3.0,4083,0.19916572326660154
put,2027-03-19,0.44931506849315067,685.0,8.2,8.21,8.205,8.18,470.0,3787,0.19525951232910155
put,2027-03-19,0.44931506849315067,690.0,8.65,8.67,8.66,8.66,24.0,36027,0.1915211463928223
put,2027-03-19,0.44931506849315067,695.0,9.13,9.17,9.15,9.11,15.0,3225,0.18785907363891602
put,2027-03-19,0.44931506849315067,700.0,9.65,9.69,9.67,9.67,228.0,128313,0.1840978197479248
put,2027-03-19,0.44931506849315067,705.0,10.21,10.24,10.225000000000001,10.2,6.0,3698,0.1802907899475098
put,2027-03-19,0.44931506849315067,710.0,10.79,10.82,10.805,10.79,9.0,9930,0.17641509628295898
put,2027-03-19,0.44931506849315067,715.0,11.42,11.46,11.440000000000001,11.5,5.0,10466,0.1726767303466797
put,2027-03-19,0.44931506849315067,720.0,12.09,12.14,12.115,12.1,8.0,5856,0.168877329864502
put,2027-03-19,0.44931506849315067,725.0,12.81,12.86,12.835,12.79,7.0,5312,0.1650168948364258
put,2027-03-19,0.44931506849315067,730.0,13.6,13.65,13.625,13.59,855.0,7474,0.16125564094543457
put,2027-03-19,0.44931506849315067,735.0,14.46,14.5,14.48,14.37,222.0,4955,0.15748675773620605
put,2027-03-19,0.44931506849315067,740.0,15.38,15.42,15.4,15.24,832.0,8193,0.15373313316345213
put,2027-03-19,0.44931506849315067,745.0,16.36,16.39,16.375,16.25,6.0,4708,0.14985743949890137
put,2027-03-19,0.44931506849315067,750.0,17.39,17.45,17.42,17.32,275.0,14042,0.146042780380249
put,2027-03-19,0.44931506849315067,755.0,18.54,18.59,18.564999999999998,18.44,41.0,5812,0.14218997467041017
put,2027-03-19,0.44931506849315067,760.0,19.78,19.85,19.815,19.74,230.0,8934,0.13846686737060548
put,2027-03-19,0.44931506849315067,765.0,21.15,21.21,21.18,21.07,53.0,3987,0.13471324279785157
put,2027-03-19,0.44931506849315067,770.0,22.62,22.67,22.645000000000003,22.58,215.0,7064,0.1308833250427246
put,2027-03-19,0.44931506849315067,775.0,24.22,24.29,24.255,24.18,55.0,3430,0.12722125228881837
put,2027-03-19,0.44931506849315067,780.0,25.94,26.02,25.98,25.86,88.0,3870,0.12342185180664064
put,2027-03-19,0.44931506849315067,785.0,27.84,27.92,27.880000000000003,27.79,31.0,2086,0.11972926177978514
put,2027-03-19,0.44931506849315067,790.0,29.89,29.96,29.925,29.75,25.0,2469,0.1159222319793701
put,2027-03-19,0.44931506849315067,795.0,32.1,32.18,32.14,32.02,22.0,957,0.11213046081542967
put,2027-03-19,0.44931506849315067,800.0,34.54,34.61,34.575,34.53,22.0,489,0.10845312942504884
put,2027-03-19,0.44931506849315067,805.0,37.14,37.21,37.175,37.63,1.0,557,0.10460795303344725
put,2027-03-19,0.44931506849315067,810.0,39.87,40.06,39.965,40.44,3.0,43,0.10094588027954102
put,2027-03-19,0.44931506849315067,815.0,42.86,43.05,42.955,47.32,409.0,435,0.09679553115844727
put,2027-03-19,0.44931506849315067,820.0,46.11,46.35,46.230000000000004,53.04,4.0,79,0.09305716522216798
put,2027-03-19,0.44931506849315067,825.0,51.45,55.22,53.335,57.26,3.0,16,0.12346762771606445
put,2027-03-19,0.44931506849315067,830.0,53.08,53.39,53.235,54.51,15.0,311,0.08323060333251955
put,2027-03-19,0.44931506849315067,835.0,56.98,58.35,57.665,66.4,2.0,28,0.08825069473266603
put,2027-03-19,0.44931506849315067,840.0,59.67,61.53,60.6,64.99,63.0,64,0.07297679962158202
put,2027-03-19,0.44931506849315067,845.0,63.65,66.98,65.315,66.73,16.0,0,0.08368836242675783
put,2027-03-19,0.44931506849315067,850.0,68.26,71.68,69.97,70.49,12.0,15,0.08405456970214846
put,2027-03-19,0.44931506849315067,855.0,73.09,76.33,74.71000000000001,84.18,1.0,0,0.08262025787353516
put,2027-03-19,0.44931506849315067,860.0,78.08,81.45,79.765,94.4,1.0,0,0.08890681610107423
put,2027-03-19,0.44931506849315067,865.0,83.08,86.51,84.795,100.3,3.0,0,0.0940947525024414
put,2027-03-19,0.44931506849315067,870.0,99.44,102.96,101.19999999999999,98.98,,0,0.1975788250732422
put,2027-03-19,0.44931506849315067,875.0,92.83,96.86,94.845,103.9,2.0,1,0.10822424987792968
put,2027-03-19,0.44931506849315067,885.0,119.61,123.07,121.34,132.76,1.0,0,0.2471083590698242
put,2027-03-19,0.44931506849315067,895.0,129.61,133.07,131.34,140.72,,0,0.2589109143829347
put,2027-03-19,0.44931506849315067,900.0,117.92,121.89,119.905,135.16,1.0,0,0.1289149609375
put,2027-03-19,0.44931506849315067,905.0,122.92,126.9,124.91,123.76,2.0,1,0.1329737582397461
put,2027-03-19,0.44931506849315067,910.0,127.91,131.9,129.905,142.13,1.0,0,0.1368189346313477
put,2027-03-19,0.44931506849315067,915.0,149.61,153.07,151.34,185.0,1.0,0,0.2815165843200683
put,2027-03-19,0.44931506849315067,940.0,157.91,161.9,159.905,179.3,,0,0.15912706115722658
put,2027-03-19,0.44931506849315067,980.0,197.88,201.91,199.89499999999998,219.24,,0,0.18708088317871097
put,2027-03-19,0.44931506849315067,1000.0,234.61,238.07,236.34,245.8,1.0,0,0.3663240858459473
put,2027-03-19,0.44931506849315067,1170.0,388.06,391.93,389.995,409.18,,0,0.29846892944335934
put,2027-03-19,0.44931506849315067,1440.0,683.86,687.39,685.625,711.12,,0,0.7258023025512695
call,2027-03-31,0.4821917808219178,250.0,531.32,535.43,533.375,516.32,1.0,2,0.9074716284179687
call,2027-03-31,0.4821917808219178,350.0,433.68,437.77,435.725,412.14,4.0,14,0.7249173016357422
call,2027-03-31,0.4821917808219178,400.0,348.0,353.0,350.5,345.19,2.0,3,1.0000000000000003e-05
call,2027-03-31,0.4821917808219178,450.0,336.43,340.59,338.51,334.03,1.0,23,0.5726361096191408
call,2027-03-31,0.4821917808219178,455.0,310.91,314.57,312.74,297.04,4.0,11,1.0000000000000003e-05
call,2027-03-31,0.4821917808219178,460.0,326.73,330.83,328.78,319.65,1.0,2,0.5578962667846681
call,2027-03-31,0.4821917808219178,465.0,321.88,325.99,323.935,319.6,1.0,14,0.5508772940063477
call,2027-03-31,0.4821917808219178,470.0,296.31,299.48,297.895,293.5,1.0,2,1.0000000000000003e-05
call,2027-03-31,0.4821917808219178,485.0,302.86,306.66,304.76,286.88,,2,0.5257463197326662
call,2027-03-31,0.4821917808219178,490.0,260.92,264.8,262.86,174.0,,2,1.0000000000000003e-05
call,2027-03-31,0.4821917808219178,495.0,279.01,282.24,280.625,274.34,1.0,0,1.0000000000000003e-05
call,2027-03-31,0.4821917808219178,500.0,288.2,292.12,290.15999999999997,284.11,15.0,18,0.5038806936645508
call,2027-03-31,0.4821917808219178,505.0,283.82,287.3,285.56,278.38,2.0,0,0.5000355172729493
call,2027-03-31,0.4821917808219178,510.0,242.58,246.46,244.52,157.0,,5,1.0000000000000003e-05
call,2027-03-31,0.4821917808219178,525.0,264.15,268.0,266.075,249.07,1.0,2,0.4928334408569337
call,2027-03-31,0.4821917808219178,530.0,259.35,263.17,261.26,255.85,3.0,5,0.48566188171386715
call,2027-03-31,0.4821917808219178,535.0,245.16,248.68,246.92000000000002,221.68,1.0,2,0.34976846527099603
call,2027-03-31,0.4821917808219178,540.0,217.62,221.5,219.56,194.75,1.0,1,1.0000000000000003e-05
call,2027-03-31,0.4821917808219178,545.0,231.61,234.79,233.2,222.5,1.0,1,0.21167780517578122
call,2027-03-31,0.4821917808219178,550.0,239.84,243.96,241.9,230.05,1.0,14,0.45819633605957044
call,2027-03-31,0.4821917808219178,560.0,230.46,234.37,232.41500000000002,215.11,1.0,16,0.4445856323242187
call,2027-03-31,0.4821917808219178,565.0,225.46,229.5,227.48000000000002,208.09,,200,0.43706312454223634
call,2027-03-31,0.4821917808219178,570.0,220.66,224.74,222.7,219.12,1.0,109,0.430593462677002
call,2027-03-31,0.4821917808219178,575.0,215.92,219.98,217.95,204.82,1.0,107,0.42409328353881837
call,2027-03-31,0.4821917808219178,578.0,213.28,217.14,215.20999999999998,206.09,1.0,1,0.42033965896606446
call,2027-03-31,0.4821917808219178,580.0,211.79,215.22,213.505,202.48,100.0,116,0.4175778457641601
call,2027-03-31,0.4821917808219178,581.0,210.42,214.3,212.36,201.56,,100,0.4165707757568359
call,2027-03-31,0.4821917808219178,582.0,197.0,200.11,198.555,173.2,1.0,1,0.2564771618652344
call,2027-03-31,0.4821917808219178,584.0,207.64,211.41,209.52499999999998,200.42,1.0,1,0.4123441334533691
call,2027-03-31,0.4821917808219178,588.0,195.11,198.48,196.79500000000002,202.85,,1,0.31481092910766595
call,2027-03-31,0.4821917808219178,590.0,193.24,196.61,194.925,200.99,1.0,4,0.31345291046142576
call,2027-03-31,0.4821917808219178,592.0,171.42,175.3,173.36,142.73,2.0,1,1.0000000000000003e-05
call,2027-03-31,0.4821917808219178,594.0,169.68,173.56,171.62,141.75,,1,1.0000000000000003e-05
call,2027-03-31,0.4821917808219178,595.0,197.56,200.94,199.25,191.85,1.0,2,0.3979247219848633
call,2027-03-31,0.4821917808219178,597.0,195.78,199.08,197.43,190.21,1.0,2,0.3956511851501466
call,2027-03-31,0.4821917808219178,599.0,193.05,197.17,195.11,186.31,1.0,3,0.3929656651306152
call,2027-03-31,0.4821917808219178,600.0,192.34,196.23,194.285,176.94,4.0,31,0.3917449742126465
call,2027-03-31,0.4821917808219178,601.0,191.43,195.28,193.35500000000002,187.5,1.0,11,0.3904327314758301
call,2027-03-31,0.4821917808219178,602.0,162.77,166.65,164.71,162.93,7.0,7,1.0000000000000003e-05
call,2027-03-31,0.4821917808219178,603.0,161.91,165.79,163.85,140.77,,1,1.0000000000000003e-05
call,2027-03-31,0.4821917808219178,604.0,188.53,192.44,190.485,174.0,1.0,2,0.38658755508422843
call,2027-03-31,0.4821917808219178,605.0,160.19,164.07,162.13,162.54,7.0,7,1.0000000000000003e-05
call,2027-03-31,0.4821917808219178,606.0,187.07,190.58,188.825,182.0,,1,0.3842987596130371
call,2027-03-31,0.4821917808219178,607.0,185.85,189.61,187.73000000000002,183.2,1.0,2,0.38281867187499996
call,2027-03-31,0.4821917808219178,608.0,184.54,188.69,186.615,177.47,1.0,3,0.38175056732177726
call,2027-03-31,0.4821917808219178,609.0,183.65,187.76,185.70499999999998,169.0,1.0,2,0.380590910949707
call,2027-03-31,0.4821917808219178,610.0,182.71,186.79,184.75,170.62,2.0,8,0.37911082321166995
call,2027-03-31,0.4821917808219178,611.0,170.29,173.39,171.83999999999997,154.05,1.0,2,0.25595836822509765
call,2027-03-31,0.4821917808219178,614.0,179.02,183.0,181.01,172.3,1.0,1,0.37389236953735344
call,2027-03-31,0.4821917808219178,615.0,178.11,182.1,180.10500000000002,172.0,1.0,19,0.372976851348877
call,2027-03-31,0.4821917808219178,616.0,169.06,172.4,170.73000000000002,168.02,4.0,3,0.2947000462341308
call,2027-03-31,0.4821917808219178,617.0,149.95,153.83,151.89,144.97,2.0,3,1.0000000000000003e-05
call,2027-03-31,0.4821917808219178,619.0,175.02,178.36,176.69,166.9,1.0,1,0.3681246049499512
call,2027-03-31,0.4821917808219178,620.0,173.29,177.4,175.345,167.69,1.0,14,0.3667208103942871
call,2027-03-31,0.4821917808219178,622.0,157.76,159.99,158.875,146.08,1.0,1,0.2054827987670898
call,2027-03-31,0.4821917808219178,624.0,145.5,149.0,147.25,100.94,2.0,2,1.0000000000000003e-05
call,2027-03-31,0.4821917808219178,626.0,153.33,156.77,155.05,147.14,1.0,0,0.21356987609863282
call,2027-03-31,0.4821917808219178,627.0,141.52,145.4,143.46,128.74,,1,1.0000000000000003e-05
call,2027-03-31,0.4821917808219178,628.0,154.88,157.98,156.43,140.99,1.0,1,0.25193008819580076
call,2027-03-31,0.4821917808219178,630.0,164.69,168.0,166.345,155.3,3.0,78,0.35405614212036124
call,2027-03-31,0.4821917808219178,631.0,155.27,158.61,156.94,131.01,2.0,1,0.28374434524536124
call,2027-03-31,0.4821917808219178,634.0,160.26,164.34,162.3,156.44,3.0,2,0.34969217208862297
call,2027-03-31,0.4821917808219178,635.0,159.33,163.38,161.35500000000002,162.24,3.0,12,0.34825786026000977
call,2027-03-31,0.4821917808219178,638.0,156.54,160.33,158.435,148.15,3.0,6,0.3427189752197265
call,2027-03-31,0.4821917808219178,639.0,145.02,148.11,146.565,138.95,8.0,20,0.2482374981689453
call,2027-03-31,0.4821917808219178,640.0,154.68,158.47,156.575,147.17,1.0,35,0.34029285202026366
call,2027-03-31,0.4821917808219178,641.0,146.08,149.5,147.79000000000002,146.72,1.0,2,0.27638968246459955
call,2027-03-31,0.4821917808219178,642.0,152.83,156.62,154.72500000000002,145.76,1.0,3,0.3379201340484619
call,2027-03-31,0.4821917808219178,643.0,151.91,155.69,153.8,142.46,3.0,3,0.3366918138122559
call,2027-03-31,0.4821917808219178,644.0,143.45,146.78,145.115,134.17,1.0,15,0.27416192153930663
call,2027-03-31,0.4821917808219178,645.0,150.06,153.84,151.95,135.0,2.0,10,0.3343114665222168
call,2027-03-31,0.4821917808219178,647.0,148.12,151.99,150.055,140.0,1.0,7,0.3319158605957031
call,2027-03-31,0.4821917808219178,648.0,147.34,151.07,149.20499999999998,144.62,3.0,5,0.33075620422363283
call,2027-03-31,0.4821917808219178,649.0,119.8,123.22,121.50999999999999,132.64,6.0,12,1.0000000000000003e-05
call,2027-03-31,0.4821917808219178,650.0,145.45,149.22,147.33499999999998,140.5,1.0,248,0.3283453396606445
call,2027-03-31,0.4821917808219178,651.0,131.73,135.15,133.44,117.03,1.0,1,0.22182479843139646
call,2027-03-31,0.4821917808219178,652.0,120.91,124.77,122.84,120.57,2.0,3,1.0000000000000003e-05
call,2027-03-31,0.4821917808219178,653.0,142.7,146.46,144.57999999999998,136.86,3.0,2,0.3248053359985351
call,2027-03-31,0.4821917808219178,654.0,129.1,132.59,130.845,122.04,3.0,6,0.22197738479614254
call,2027-03-31,0.4821917808219178,655.0,140.89,144.62,142.755,132.4,2.0,32,0.3224402473449706
call,2027-03-31,0.4821917808219178,657.0,116.88,120.74,118.81,104.52,2.0,6,1.0000000000000003e-05
call,2027-03-31,0.4821917808219178,658.0,138.11,141.87,139.99,125.59,1.0,4,0.31891550231933585
call,2027-03-31,0.4821917808219178,659.0,111.5,114.93,113.215,126.11,9.0,11,1.0000000000000003e-05
call,2027-03-31,0.4821917808219178,660.0,136.28,140.04,138.16,128.85,1.0,65,0.3165809309387207
call,2027-03-31,0.4821917808219178,661.0,113.68,117.54,115.61000000000001,95.28,2.0,3,1.0000000000000003e-05
call,2027-03-31,0.4821917808219178,662.0,114.52,118.4,116.46000000000001,80.08,,1,0.1281215118408203
call,2027-03-31,0.4821917808219178,663.0,133.54,137.29,135.415,121.6,3.0,8,0.3130256686401367
call,2027-03-31,0.4821917808219178,664.0,132.63,136.38,134.505,130.5,3.0,8,0.3118660122680663
call,2027-03-31,0.4821917808219178,665.0,131.75,135.47,133.61,116.47,1.0,25,0.31072161453247066
call,2027-03-31,0.4821917808219178,667.0,129.93,133.65,131.79000000000002,122.54,3.0,27,0.30839467247009267
call,2027-03-31,0.4821917808219178,668.0,129.03,132.75,130.89,113.97,3.0,53,0.30729605064392085
call,2027-03-31,0.4821917808219178,669.0,128.12,131.84,129.98000000000002,113.6,2.0,178,0.3061287649536133
call,2027-03-31,0.4821917808219178,670.0,127.19,130.93,129.06,120.0,1.0,44,0.30495384994506836
call,2027-03-31,0.4821917808219178,671.0,126.76,130.03,128.395,114.95,1.0,184,0.30383996948242187
call,2027-03-31,0.4821917808219178,672.0,125.41,129.12,127.265,107.78,145.0,185,0.30265742515563965
call,2027-03-31,0.4821917808219178,673.0,124.53,128.5,126.515,121.95,3.0,111,0.30332117584228513
call,2027-03-31,0.4821917808219178,674.0,114.05,116.14,115.095,108.15,1.0,4,0.22333540344238278
call,2027-03-31,0.4821917808219178,675.0,122.87,126.41,124.64,111.5,4.0,73,0.29921660263061517
call,2027-03-31,0.4821917808219178,676.0,122.24,125.51,123.875,118.56,2.0,12,0.29808746353149407
call,2027-03-31,0.4821917808219178,677.0,120.92,124.61,122.765,118.69,2.0,5,0.29694306579589835
call,2027-03-31,0.4821917808219178,678.0,120.03,123.72,121.875,110.2,2.0,5,0.29585970260620115
call,2027-03-31,0.4821917808219178,679.0,119.36,122.82,121.09,113.17,2.0,13,0.2947153048706054
call,2027-03-31,0.4821917808219178,680.0,118.28,121.92,120.1,112.71,1.0,31,0.2935709071350097
call,2027-03-31,0.4821917808219178,685.0,113.72,117.45,115.58500000000001,108.91,8.0,82,0.28792521163940415
call,2027-03-31,0.4821917808219178,690.0,109.81,113.0,111.405,102.46,1.0,241,0.28228714546203615
call,2027-03-31,0.4821917808219178,695.0,104.97,108.6,106.785,102.71,2.0,77,0.2768169242858886
call,2027-03-31,0.4821917808219178,700.0,100.54,104.22,102.38,102.01,1.0,305,0.2713238151550293
call,2027-03-31,0.4821917808219178,705.0,97.75,99.87,98.81,94.16,2.0,130,0.26585359397888186
call,2027-03-31,0.4821917808219178,710.0,92.14,95.54,93.84,84.92,3.0,140,0.2603452262115479
call,2027-03-31,0.4821917808219178,715.0,87.72,91.14,89.43,90.0,3.0,1709,0.25429517684936526
call,2027-03-31,0.4821917808219178,720.0,83.58,86.84,85.21000000000001,82.13,1.0,362,0.24861896408081058
call,2027-03-31,0.4821917808219178,725.0,79.47,82.59,81.03,74.91,1.0,240,0.2430419324493408
call,2027-03-31,0.4821917808219178,730.0,75.44,78.39,76.91499999999999,77.71,3.0,487,0.2375335646820068
call,2027-03-31,0.4821917808219178,735.0,71.45,74.23,72.84,72.48,4.0,942,0.23201756759643555
call,2027-03-31,0.4821917808219178,740.0,67.52,70.15,68.83500000000001,65.35,5.0,712,0.22669230346679686
call,2027-03-31,0.4821917808219178,745.0,64.68,65.06,64.87,66.0,1.0,134,0.21612569770812987
call,2027-03-31,0.4821917808219178,750.0,60.87,61.22,61.045,61.89,4.0,475,0.21155573608398434
call,2027-03-31,0.4821917808219178,755.0,57.13,57.48,57.305,58.55,4.0,124,0.20716887809753415
call,2027-03-31,0.4821917808219178,760.0,53.41,53.74,53.575,53.85,15.0,342,0.20246158874511716
call,2027-03-31,0.4821917808219178,765.0,49.82,50.1,49.96,50.75,12.0,1846,0.19789925643920897
call,2027-03-31,0.4821917808219178,770.0,46.25,46.53,46.39,46.5,4.0,398,0.19330640686035155
call,2027-03-31,0.4821917808219178,775.0,42.86,43.12,42.989999999999995,43.96,57.0,279,0.1890797645568848
call,2027-03-31,0.4821917808219178,780.0,39.61,39.81,39.71,40.5,11.0,670,0.1849141567993164
call,2027-03-31,0.4821917808219178,785.0,36.43,36.67,36.55,37.31,16.0,3689,0.18109186836242672
call,2027-03-31,0.4821917808219178,790.0,33.43,33.5,33.465,33.79,4.0,634,0.17668212242126466
call,2027-03-31,0.4821917808219178,795.0,30.57,30.65,30.61,30.89,1.0,577,0.17325655853271482
call,2027-03-31,0.4821917808219178,800.0,27.77,27.85,27.810000000000002,28.06,9.0,1515,0.1695639685058594
call,2027-03-31,0.4821917808219178,805.0,25.21,25.29,25.25,25.65,4.0,683,0.1664512066650391
call,2027-03-31,0.4821917808219178,810.0,22.76,22.83,22.795,22.65,2.0,743,0.1632545223236084
call,2027-03-31,0.4821917808219178,815.0,20.48,20.55,20.515,20.93,1.0,613,0.160340122756958
call,2027-03-31,0.4821917808219178,820.0,18.4,18.47,18.435,18.75,1.0,1116,0.15781481842041017
call,2027-03-31,0.4821917808219178,825.0,16.43,16.49,16.46,17.1,2.0,872,0.15518270362854006
call,2027-03-31,0.4821917808219178,830.0,14.65,14.71,14.68,14.78,15.0,251,0.1529549427032471
call,2027-03-31,0.4821917808219178,835.0,13.02,13.06,13.04,13.13,4.0,182,0.15078821632385256
call,2027-03-31,0.4821917808219178,840.0,11.53,11.57,11.55,11.64,2.0,773,0.14886562812805174
call,2027-03-31,0.4821917808219178,845.0,10.19,10.24,10.215,8.43,3.0,1441,0.14722532470703126
call,2027-03-31,0.4821917808219178,850.0,8.97,9.02,8.995000000000001,9.31,7.0,1062,0.14561553855895995
call,2027-03-31,0.4821917808219178,855.0,7.88,7.91,7.895,8.37,13.0,431,0.14405152832031248
call,2027-03-31,0.4821917808219178,860.0,6.91,6.96,6.9350000000000005,7.3,6.0,1095,0.14293764785766605
call,2027-03-31,0.4821917808219178,865.0,6.04,6.09,6.0649999999999995,5.07,1.0,1657,0.14177799148559572
call,2027-03-31,0.4821917808219178,870.0,5.27,5.3,5.285,5.46,7.0,2561,0.14058781784057617
call,2027-03-31,0.4821917808219178,875.0,4.57,4.61,4.59,4.89,4.0,916,0.13958074783325197
call,2027-03-31,0.4821917808219178,880.0,3.98,4.01,3.995,4.16,20.0,2312,0.13875678146362308
call,2027-03-31,0.4821917808219178,885.0,3.44,3.47,3.455,3.77,6.0,1560,0.1379022978210449
call,2027-03-31,0.4821917808219178,890.0,2.97,3.0,2.9850000000000003,3.12,9.0,647,0.1371851419067383
call,2027-03-31,0.4821917808219178,895.0,2.57,2.59,2.58,2.75,119.0,1379,0.13654427917480472
call,2027-03-31,0.4821917808219178,900.0,2.21,2.24,2.225,2.35,13.0,13198,0.13607126144409182
call,2027-03-31,0.4821917808219178,905.0,1.9,1.94,1.92,2.0,165.0,975,0.13575083007812502
call,2027-03-31,0.4821917808219178,910.0,1.64,1.67,1.6549999999999998,0.88,2.0,1437,0.135323588256836
call,2027-03-31,0.4821917808219178,915.0,1.41,1.44,1.4249999999999998,1.04,30.0,851,0.135048932800293
call,2027-03-31,0.4821917808219178,920.0,1.22,1.25,1.2349999999999999,1.04,26.0,293,0.13501841552734378
call,2027-03-31,0.4821917808219178,925.0,1.06,1.08,1.07,1.06,1.0,907,0.1348963464355469
call,2027-03-31,0.4821917808219178,930.0,0.92,0.94,0.9299999999999999,0.71,44.0,948,0.13501841552734378
call,2027-03-31,0.4821917808219178,935.0,0.8,0.82,0.81,0.44,5.0,324,0.13526255371093754
call,2027-03-31,0.4821917808219178,940.0,0.7,0.71,0.705,0.49,10.0,256,0.135323588256836
call,2027-03-31,0.4821917808219178,945.0,0.61,0.62,0.615,0.48,1.0,75,0.13556772644042972
call,2027-03-31,0.4821917808219178,950.0,0.53,0.55,0.54,0.38,8.0,769,0.13617807189941405
call,2027-03-31,0.4821917808219178,955.0,0.47,0.49,0.48,0.36,2.0,119,0.1368494519042969
call,2027-03-31,0.4821917808219178,960.0,0.42,0.43,0.425,0.29,1.0,89,0.13727669372558599
call,2027-03-31,0.4821917808219178,965.0,0.37,0.38,0.375,0.31,1.0,40,0.1378260046386719
call,2027-03-31,0.4821917808219178,975.0,0.3,0.31,0.305,0.3,1.0,1276,0.139657041015625
put,2027-03-31,0.4821917808219178,250.0,0.21,0.22,0.215,0.24,1.0,170,0.6113320117187502
put,2027-03-31,0.4821917808219178,300.0,0.36,0.37,0.365,0.4,25.0,1060,0.5485884985351563
put,2027-03-31,0.4821917808219178,350.0,0.56,0.58,0.5700000000000001,0.64,1.0,2018,0.4919484399414063
put,2027-03-31,0.4821917808219178,400.0,0.85,0.86,0.855,0.88,25.0,5951,0.43848217773437503
put,2027-03-31,0.4821917808219178,450.0,1.24,1.25,1.245,1.32,301.0,669,0.38886109191894536
put,2027-03-31,0.4821917808219178,455.0,1.28,1.3,1.29,1.37,301.0,673,0.3842835009765625
put,2027-03-31,0.4821917808219178,460.0,1.33,1.35,1.34,1.42,653.0,989,0.3795228063964844
put,2027-03-31,0.4821917808219178,465.0,1.38,1.4,1.39,1.42,1.0,313,0.3748231463623046
put,2027-03-31,0.4821917808219178,470.0,1.44,1.45,1.4449999999999998,1.55,305.0,392,0.3700624517822265
put,2027-03-31,0.4821917808219178,475.0,1.49,1.5,1.495,1.58,308.0,329,0.36524072265625
put,2027-03-31,0.4821917808219178,480.0,1.55,1.56,1.5550000000000002,1.61,2.0,72,0.360785200805664
put,2027-03-31,0.4821917808219178,485.0,1.6,1.61,1.605,1.65,2.0,61,0.35584140258789054
put,2027-03-31,0.4821917808219178,490.0,1.66,1.67,1.665,1.67,2.0,846,0.3513248461914062
put,2027-03-31,0.4821917808219178,495.0,1.72,1.73,1.725,1.79,1.0,163,0.34668622070312494
put,2027-03-31,0.4821917808219178,500.0,1.79,1.8,1.795,1.83,4.0,631,0.3423527679443359
put,2027-03-31,0.4821917808219178,505.0,1.85,1.87,1.86,2.19,2.0,587,0.33789724609375
put,2027-03-31,0.4821917808219178,510.0,1.92,1.94,1.93,2.1,3.0,555,0.3334417242431641
put,2027-03-31,0.4821917808219178,515.0,1.99,2.0,1.995,2.35,8.0,84,0.3286199951171874
put,2027-03-31,0.4821917808219178,520.0,2.06,2.08,2.0700000000000003,2.41,1.0,108,0.32434757690429683
put,2027-03-31,0.4821917808219178,525.0,2.14,2.17,2.1550000000000002,2.49,10.0,407,0.3202582623291015
put,2027-03-31,0.4821917808219178,530.0,2.23,2.25,2.24,2.26,2.0,318,0.31580274047851553
put,2027-03-31,0.4821917808219178,535.0,2.3,2.32,2.3099999999999996,2.5,10.0,72,0.3110420458984374
put,2027-03-31,0.4821917808219178,540.0,2.4,2.42,2.41,2.46,4.0,133,0.3070137658691406
put,2027-03-31,0.4821917808219178,545.0,2.49,2.51,2.5,2.91,1.0,57,0.30261927856445314
put,2027-03-31,0.4821917808219178,550.0,2.59,2.6,2.5949999999999998,2.63,3.0,345,0.2981637567138671
put,2027-03-31,0.4821917808219178,555.0,2.69,2.72,2.705,2.95,1.0,164,0.29431858032226554
put,2027-03-31,0.4821917808219178,560.0,2.8,2.82,2.8099999999999996,2.91,437.0,287,0.28992409301757804
put,2027-03-31,0.4821917808219178,565.0,2.91,2.94,2.925,3.03,10.0,1235,0.2858958129882812
put,2027-03-31,0.4821917808219178,570.0,3.03,3.06,3.045,3.35,2.0,55,0.2817759811401367
put,2027-03-31,0.4821917808219178,575.0,3.16,3.18,3.17,3.41,1.0,365,0.2775340802001953
put,2027-03-31,0.4821917808219178,576.0,4.31,4.35,4.33,5.86,39.0,41,0.29624116851806637
put,2027-03-31,0.4821917808219178,578.0,3.24,3.27,3.255,4.44,1.0,4,0.27530631927490234
put,2027-03-31,0.4821917808219178,579.0,3.26,3.29,3.275,3.95,1.0,23,0.27436028381347655
put,2027-03-31,0.4821917808219178,580.0,3.29,3.31,3.3,3.42,1.0,281,0.27341424835205075
put,2027-03-31,0.4821917808219178,581.0,3.31,3.35,3.33,4.12,1.0,17,0.27283442016601556
put,2027-03-31,0.4821917808219178,582.0,3.34,3.37,3.355,3.94,10.0,32,0.27188838470458976
put,2027-03-31,0.4821917808219178,583.0,3.37,3.4,3.385,3.88,2.0,62,0.2711254528808594
put,2027-03-31,0.4821917808219178,584.0,3.4,3.43,3.415,3.85,2.0,7219,0.27033200378417965
put,2027-03-31,0.4821917808219178,585.0,3.43,3.46,3.4450000000000003,3.78,5.0,139,0.2695385546875
put,2027-03-31,0.4821917808219178,586.0,3.45,3.48,3.465,3.94,8.0,9,0.2685925192260742
put,2027-03-31,0.4821917808219178,587.0,3.48,3.51,3.495,5.56,1.0,27,0.2677990701293945
put,2027-03-31,0.4821917808219178,589.0,4.81,4.85,4.83,6.52,,37,0.28598736480712883
put,2027-03-31,0.4821917808219178,590.0,3.58,3.61,3.5949999999999998,3.66,3.0,255,0.26557130920410155
put,2027-03-31,0.4821917808219178,591.0,3.6,3.63,3.615,4.24,2.0,19,0.2645947564697265
put,2027-03-31,0.4821917808219178,592.0,3.64,3.67,3.6550000000000002,3.78,1.0,0,0.263953893737793
put,2027-03-31,0.4821917808219178,593.0,3.67,3.7,3.685,4.36,244.0,903,0.2631299273681641
put,2027-03-31,0.4821917808219178,594.0,3.7,3.73,3.715,4.41,243.0,311,0.2623059609985352
put,2027-03-31,0.4821917808219178,595.0,3.73,3.77,3.75,4.04,2.0,150,0.26163458099365233
put,2027-03-31,0.4821917808219178,597.0,3.8,3.83,3.815,4.46,50.0,73,0.25998664825439455
put,2027-03-31,0.4821917808219178,599.0,5.24,5.29,5.265000000000001,7.94,1.0,2,0.278327529296875
put,2027-03-31,0.4821917808219178,600.0,3.9,3.93,3.915,3.9,12.0,579,0.25760630096435544
put,2027-03-31,0.4821917808219178,601.0,3.93,3.97,3.95,4.65,1.0,47,0.25690440368652345
put,2027-03-31,0.4821917808219178,602.0,9.05,9.15,9.100000000000001,12.59,250.0,251,0.31891550231933585
put,2027-03-31,0.4821917808219178,603.0,6.84,6.89,6.865,9.77,2.0,3,0.2926096130371093
put,2027-03-31,0.4821917808219178,604.0,4.04,4.07,4.055,4.76,1.0,6,0.254463021850586
put,2027-03-31,0.4821917808219178,605.0,4.08,4.11,4.095000000000001,4.13,118.0,289,0.2537611245727539
put,2027-03-31,0.4821917808219178,606.0,5.57,5.62,5.595000000000001,7.8,1.0,1,0.27295648925781246
put,2027-03-31,0.4821917808219178,607.0,4.15,4.18,4.165,4.58,1.0,21,0.25214370910644535
put,2027-03-31,0.4821917808219178,608.0,4.18,4.21,4.195,5.4,9.0,239,0.2512739668273925
put,2027-03-31,0.4821917808219178,609.0,4.22,4.25,4.234999999999999,4.96,17.0,24,0.2505262936401367
put,2027-03-31,0.4821917808219178,610.0,4.26,4.29,4.275,4.32,51.0,288,0.24979387908935546
put,2027-03-31,0.4821917808219178,611.0,4.3,4.33,4.3149999999999995,4.38,1.0,86,0.249030947265625
put,2027-03-31,0.4821917808219178,612.0,4.34,4.37,4.355,5.13,2.0,25,0.24826801544189453
put,2027-03-31,0.4821917808219178,613.0,4.38,4.41,4.395,5.13,4.0,27,0.24750508361816403
put,2027-03-31,0.4821917808219178,614.0,4.41,4.44,4.425000000000001,5.22,1.0,9,0.24662008270263674
put,2027-03-31,0.4821917808219178,615.0,4.46,4.49,4.475,4.51,6.0,98,0.24597921997070313
put,2027-03-31,0.4821917808219178,616.0,4.49,4.53,4.51,4.6,1.0,319,0.24518577087402343
put,2027-03-31,0.4821917808219178,617.0,4.55,4.57,4.5600000000000005,5.28,7.0,11,0.244422839050293
put,2027-03-31,0.4821917808219178,618.0,4.59,4.61,4.6,5.31,10.0,22,0.24362938995361327
put,2027-03-31,0.4821917808219178,619.0,4.63,4.65,4.640000000000001,5.44,17.0,19,0.24283594085693355
put,2027-03-31,0.4821917808219178,620.0,4.67,4.69,4.68,4.71,17.0,295,0.2420424917602539
put,2027-03-31,0.4821917808219178,621.0,4.72,4.74,4.73,5.55,2.0,12,0.24137111175537107
put,2027-03-31,0.4821917808219178,622.0,4.76,4.78,4.77,5.6,2.0,3,0.24054714538574218
put,2027-03-31,0.4821917808219178,623.0,4.8,4.82,4.8100000000000005,5.65,2.0,3,0.23972317901611323
put,2027-03-31,0.4821917808219178,624.0,4.85,4.87,4.859999999999999,5.61,2.0,246,0.23905179901123047
put,2027-03-31,0.4821917808219178,625.0,4.89,4.92,4.904999999999999,4.87,3.0,339,0.23834990173339843
put,2027-03-31,0.4821917808219178,626.0,4.94,4.96,4.95,6.06,1.0,12,0.23752593536376948
put,2027-03-31,0.4821917808219178,627.0,6.74,6.79,6.765000000000001,8.9,1.0,7,0.2573163868713379
put,2027-03-31,0.4821917808219178,628.0,5.02,5.06,5.039999999999999,6.03,1.0,11,0.23609162353515623
put,2027-03-31,0.4821917808219178,629.0,5.08,5.1,5.09,6.02,1.0,6,0.2352371398925781
put,2027-03-31,0.4821917808219178,630.0,5.12,5.15,5.135,5.29,10.0,283,0.23450472534179687
put,2027-03-31,0.4821917808219178,631.0,5.17,5.19,5.18,6.13,1.0,55,0.23365024169921872
put,2027-03-31,0.4821917808219178,632.0,5.22,5.24,5.23,6.2,1.0,192,0.2329178271484375
put,2027-03-31,0.4821917808219178,633.0,5.27,5.3,5.285,6.65,1.0,35,0.23227696441650392
put,2027-03-31,0.4821917808219178,634.0,5.32,5.34,5.33,6.76,4.0,8,0.2314224807739258
put,2027-03-31,0.4821917808219178,635.0,5.38,5.4,5.390000000000001,5.36,2.0,154,0.2307816180419922
put,2027-03-31,0.4821917808219178,636.0,5.43,5.46,5.445,6.17,2.0,71,0.23011023803710937
put,2027-03-31,0.4821917808219178,637.0,5.47,5.51,5.49,6.45,1.0,129,0.2293473062133789
put,2027-03-31,0.4821917808219178,638.0,5.53,5.55,5.54,6.53,2.0,108,0.22846230529785155
put,2027-03-31,0.4821917808219178,639.0,5.58,5.6,5.59,9.45,101.0,104,0.22766885620117186
put,2027-03-31,0.4821917808219178,640.0,5.64,5.66,5.65,5.67,1.0,428,0.22699747619628902
put,2027-03-31,0.4821917808219178,641.0,5.69,5.71,5.7,7.15,,5,0.22620402709960938
put,2027-03-31,0.4821917808219178,642.0,5.74,5.78,5.76,6.28,3.0,207,0.22562419891357421
put,2027-03-31,0.4821917808219178,643.0,5.8,5.82,5.8100000000000005,7.05,60.0,57,0.22469342208862303
put,2027-03-31,0.4821917808219178,644.0,5.87,5.89,5.88,7.33,1.0,8,0.22409833526611322
put,2027-03-31,0.4821917808219178,645.0,5.92,5.95,5.9350000000000005,5.98,2.0,78,0.22339643798828124
put,2027-03-31,0.4821917808219178,646.0,15.48,15.56,15.52,17.85,4.0,3,0.3053963504028321
put,2027-03-31,0.4821917808219178,647.0,6.03,6.05,6.04,8.2,4.0,7,0.22171798797607417
put,2027-03-31,0.4821917808219178,648.0,6.1,6.12,6.109999999999999,6.92,7.0,403,0.2211076425170898
put,2027-03-31,0.4821917808219178,649.0,6.15,6.17,6.16,6.35,1.0,18,0.2202531588745117
put,2027-03-31,0.4821917808219178,650.0,6.21,6.24,6.225,6.24,4.0,550,0.2196122961425781
put,2027-03-31,0.4821917808219178,651.0,6.27,6.29,6.279999999999999,6.83,1.0,4,0.21875781249999998
put,2027-03-31,0.4821917808219178,652.0,6.33,6.35,6.34,6.92,1.0,2,0.2179948806762695
put,2027-03-31,0.4821917808219178,653.0,6.4,6.43,6.415,6.43,1.0,19,0.21743031112670896
put,2027-03-31,0.4821917808219178,654.0,6.46,6.49,6.475,7.12,1.0,11,0.2166521206665039
put,2027-03-31,0.4821917808219178,655.0,6.53,6.56,6.545,7.42,1.0,141,0.2159807406616211
put,2027-03-31,0.4821917808219178,656.0,6.6,6.62,6.609999999999999,8.75,1.0,15,0.21518729156494143
put,2027-03-31,0.4821917808219178,657.0,6.65,6.67,6.66,9.99,6.0,23,0.21428703201293942
put,2027-03-31,0.4821917808219178,658.0,6.72,6.74,6.73,8.39,1.0,188,0.21358513473510743
put,2027-03-31,0.4821917808219178,659.0,6.8,6.82,6.8100000000000005,10.94,1.0,5,0.21297478927612307
put,2027-03-31,0.4821917808219178,660.0,6.85,6.9,6.875,7.04,1.0,212,0.21234918518066404
put,2027-03-31,0.4821917808219178,661.0,6.93,6.96,6.945,7.18,10.0,11,0.21152521881103514
put,2027-03-31,0.4821917808219178,662.0,7.0,7.03,7.015000000000001,7.63,2.0,7,0.21079280426025387
put,2027-03-31,0.4821917808219178,663.0,7.07,7.1,7.085,10.98,16.0,130,0.21004513107299805
put,2027-03-31,0.4821917808219178,664.0,7.14,7.17,7.154999999999999,9.17,15.0,30,0.20929745788574217
put,2027-03-31,0.4821917808219178,665.0,7.21,7.23,7.220000000000001,9.57,2.0,71,0.208442974243164
put,2027-03-31,0.4821917808219178,666.0,7.28,7.31,7.295,8.43,1.0,54,0.20777159423828123
put,2027-03-31,0.4821917808219178,667.0,12.22,12.28,12.25,17.0,1.0,2,0.24701680725097658
put,2027-03-31,0.4821917808219178,668.0,7.42,7.45,7.4350000000000005,11.34,1.0,19,0.20621521331787107
put,2027-03-31,0.4821917808219178,669.0,7.5,7.53,7.515000000000001,9.08,3.0,102,0.20552857467651364
put,2027-03-31,0.4821917808219178,670.0,7.58,7.6,7.59,10.08,2.0,219,0.20473512557983392
put,2027-03-31,0.4821917808219178,671.0,7.66,7.69,7.675000000000001,10.6,1.0,105,0.20410952148437497
put,2027-03-31,0.4821917808219178,672.0,12.81,12.87,12.84,18.23,166.0,176,0.24358361404418943
put,2027-03-31,0.4821917808219178,673.0,7.8,7.84,7.82,9.32,2.0,107,0.2025683992004394
put,2027-03-31,0.4821917808219178,674.0,7.9,7.95,7.925000000000001,9.42,2.0,106,0.20208012283325194
put,2027-03-31,0.4821917808219178,675.0,7.98,8.02,8.0,8.16,3.0,657,0.20124089782714843
put,2027-03-31,0.4821917808219178,676.0,8.07,8.1,8.085,12.9,1.0,21,0.20049322463989255
put,2027-03-31,0.4821917808219178,677.0,8.14,8.17,8.155000000000001,11.4,1.0,23,0.19965399963378905
put,2027-03-31,0.4821917808219178,678.0,8.24,8.27,8.254999999999999,9.6,1.0,29,0.19904365417480469
put,2027-03-31,0.4821917808219178,679.0,13.68,13.75,13.715,18.22,2.0,13,0.23881529014587402
put,2027-03-31,0.4821917808219178,680.0,8.41,8.43,8.42,8.39,24.0,625,0.1974720146179199
put,2027-03-31,0.4821917808219178,685.0,8.85,8.88,8.865,9.61,24.0,519,0.19380994186401368
put,2027-03-31,0.4821917808219178,690.0,9.33,9.35,9.34,9.35,12.0,1089,0.190086834564209
put,2027-03-31,0.4821917808219178,695.0,9.84,9.86,9.85,10.71,3.0,496,0.1864247618103027
put,2027-03-31,0.4821917808219178,700.0,10.39,10.42,10.405000000000001,10.31,257.0,6238,0.18288475814819333
put,2027-03-31,0.4821917808219178,705.0,10.96,11.0,10.98,10.93,4.0,137,0.1792226853942871
put,2027-03-31,0.4821917808219178,710.0,11.57,11.6,11.585,11.47,9.0,1485,0.17542328491210937
put,2027-03-31,0.4821917808219178,715.0,12.23,12.27,12.25,12.24,5.0,631,0.17182224670410157
put,2027-03-31,0.4821917808219178,720.0,12.93,12.97,12.95,12.85,12.0,1671,0.1680991394042969
put,2027-03-31,0.4821917808219178,725.0,13.69,13.72,13.705,13.62,7.0,845,0.1643912907409668
put,2027-03-31,0.4821917808219178,730.0,14.48,14.55,14.515,14.48,28.0,1732,0.1608131404876709
put,2027-03-31,0.4821917808219178,735.0,15.38,15.42,15.4,15.77,1.0,740,0.15712817977905275
put,2027-03-31,0.4821917808219178,740.0,16.29,16.36,16.325,16.23,11.0,1772,0.1534584777069092
put,2027-03-31,0.4821917808219178,745.0,17.3,17.35,17.325000000000003,17.55,3.0,245,0.14968196517944338
put,2027-03-31,0.4821917808219178,750.0,18.37,18.45,18.41,18.26,86.0,1073,0.14606566833496093
put,2027-03-31,0.4821917808219178,755.0,19.54,19.61,19.575,19.83,1.0,427,0.14232730239868163
put,2027-03-31,0.4821917808219178,760.0,20.79,20.88,20.835,20.75,29.0,1143,0.1386652296447754
put,2027-03-31,0.4821917808219178,765.0,22.17,22.24,22.205,22.04,23.0,1782,0.13494975166320802
put,2027-03-31,0.4821917808219178,770.0,23.63,23.7,23.665,23.57,34.0,1451,0.1311808684539795
put,2027-03-31,0.4821917808219178,775.0,25.23,25.3,25.265,25.0,5.0,3968,0.12749590774536135
put,2027-03-31,0.4821917808219178,780.0,26.98,27.05,27.015,26.89,62.0,763,0.12389486953735351
put,2027-03-31,0.4821917808219178,785.0,28.83,28.9,28.865,28.75,11.0,306,0.12009546905517576
put,2027-03-31,0.4821917808219178,790.0,30.85,30.95,30.9,33.37,1.0,178,0.11650206016540529
put,2027-03-31,0.4821917808219178,795.0,33.05,33.14,33.095,33.22,2.0,82,0.11277132354736327
put,2027-03-31,0.4821917808219178,800.0,35.46,35.54,35.5,35.25,1.0,222,0.10918554397583008
put,2027-03-31,0.4821917808219178,805.0,37.96,38.07,38.015,50.21,2.0,106,0.10527933303833009
put,2027-03-31,0.4821917808219178,810.0,40.71,40.85,40.78,41.7,1.0,119,0.1015867430114746
put,2027-03-31,0.4821917808219178,815.0,43.6,43.82,43.71,53.58,1.0,14,0.09775682525634766
put,2027-03-31,0.4821917808219178,820.0,46.74,46.98,46.86,47.15,2.0,117,0.09366751068115235
put,2027-03-31,0.4821917808219178,825.0,50.09,50.36,50.225,49.6,2.0,2,0.08942560974121094
put,2027-03-31,0.4821917808219178,830.0,53.65,53.92,53.785,53.37,3.0,4,0.08457336334228517
put,2027-03-31,0.4821917808219178,835.0,57.36,57.69,57.525,56.87,2.0,0,0.07904973693847657
put,2027-03-31,0.4821917808219178,840.0,76.11,79.57,77.84,93.15,4.0,0,0.19015549842834475
put,2027-03-31,0.4821917808219178,845.0,63.92,66.1,65.00999999999999,88.13,1.0,0,0.06736162139892579
put,2027-03-31,0.4821917808219178,850.0,68.41,71.62,70.015,85.3,1.0,2,0.08014835876464844
put,2027-03-31,0.4821917808219178,855.0,73.14,76.84,74.99000000000001,91.33,2.0,0,0.08750302154541016
put,2027-03-31,0.4821917808219178,865.0,83.08,86.61,84.845,102.0,1.0,0,0.09232475067138671
put,2027-03-31,0.4821917808219178,890.0,107.91,111.9,109.905,129.43,,0,0.11676908630371094
put,2027-03-31,0.4821917808219178,895.0,129.61,132.8,131.205,158.52,1.0,0,0.24832904998779298
put,2027-03-31,0.4821917808219178,900.0,117.91,121.9,119.905,132.43,2.0,1,0.12442892181396485
put,2027-03-31,0.4821917808219178,905.0,122.91,126.9,124.905,140.85,1.0,0,0.12818254638671872
put,2027-03-31,0.4821917808219178,975.0,234.31,237.65,235.98000000000002,229.78,1.0,0,0.4732566102600098
call,2027-06-17,0.6958904109589041,50.0,711.5,716.0,713.75,681.91,6.0,5,1.0000000000000003e-05
call,2027-06-17,0.6958904109589041,60.0,703.09,707.0,705.0450000000001,709.46,5.0,0,1.0000000000000003e-05
call,2027-06-17,0.6958904109589041,80.0,698.77,702.74,700.755,681.97,,0,1.2517127258300782
call,2027-06-17,0.6958904109589041,85.0,676.5,681.41,678.9549999999999,647.0,1.0,1,1.0000000000000003e-05
call,2027-06-17,0.6958904109589041,110.0,651.5,656.49,653.995,622.0,1.0,1,1.0000000000000003e-05
call,2027-06-17,0.6958904109589041,115.0,594.0,598.5,596.25,556.0,,0,1.0000000000000003e-05
call,2027-06-17,0.6958904109589041,120.0,589.0,593.91,591.4549999999999,551.0,,0,1.0000000000000003e-05
call,2027-06-17,0.6958904109589041,125.0,584.0,588.94,586.47,546.0,,0,1.0000000000000003e-05
call,2027-06-17,0.6958904109589041,130.0,579.0,583.97,581.485,541.0,,0,1.0000000000000003e-05
call,2027-06-17,0.6958904109589041,135.0,574.0,578.99,576.495,536.0,,0,1.0000000000000003e-05
call,2027-06-17,0.6958904109589041,140.0,614.0,618.36,616.1800000000001,602.0,,1,1.0000000000000003e-05
call,2027-06-17,0.6958904109589041,150.0,604.5,608.8,606.65,581.0,,1,1.0000000000000003e-05
call,2027-06-17,0.6958904109589041,160.0,594.5,599.25,596.875,576.0,,1,1.0000000000000003e-05
call,2027-06-17,0.6958904109589041,170.0,585.0,589.7,587.35,573.5,,1,1.0000000000000003e-05
call,2027-06-17,0.6958904109589041,180.0,575.5,580.15,577.825,553.5,,1,1.0000000000000003e-05
call,2027-06-17,0.6958904109589041,190.0,566.0,570.5,568.25,544.0,,1,1.0000000000000003e-05
call,2027-06-17,0.6958904109589041,195.0,568.54,573.5,571.02,561.26,100.0,100,1.0000000000000003e-05
call,2027-06-17,0.6958904109589041,200.0,581.14,585.0,583.0699999999999,561.57,34.0,125,0.882691602783203
call,2027-06-17,0.6958904109589041,205.0,576.32,580.0,578.1600000000001,560.0,1.0,2,0.8712171081542968
call,2027-06-17,0.6958904109589041,250.0,533.43,537.0,535.2149999999999,513.73,1.0,10,0.8150653259277343
call,2027-06-17,0.6958904109589041,255.0,489.0,493.4,491.2,498.16,,0,1.0000000000000003e-05
call,2027-06-17,0.6958904109589041,260.0,484.0,488.66,486.33000000000004,493.53,,0,1.0000000000000003e-05
call,2027-06-17,0.6958904109589041,280.0,504.52,508.0,506.26,495.0,2.0,3,0.7662376892089844
call,2027-06-17,0.6958904109589041,300.0,474.24,477.98,476.11,450.05,1.0,63,1.0000000000000003e-05
call,2027-06-17,0.6958904109589041,305.0,480.62,484.0,482.31,464.0,3.0,12,0.7308376525878906
call,2027-06-17,0.6958904109589041,310.0,475.33,479.0,477.16499999999996,454.21,1.0,50,0.7164334997558592
call,2027-06-17,0.6958904109589041,320.0,466.03,469.5,467.765,458.0,,1,0.706332282409668
call,2027-06-17,0.6958904109589041,335.0,413.0,417.62,415.31,422.65,,0,1.0000000000000003e-05
call,2027-06-17,0.6958904109589041,340.0,430.0,434.5,432.25,409.2,7.0,6,1.0000000000000003e-05
call,2027-06-17,0.6958904109589041,345.0,417.01,420.71,418.86,414.76,1.0,3,1.0000000000000003e-05
call,2027-06-17,0.6958904109589041,350.0,437.6,440.97,439.285,420.0,3.0,9,0.6695894857788086
call,2027-06-17,0.6958904109589041,360.0,427.55,431.43,429.49,410.88,1.0,47,0.6524387783813478
call,2027-06-17,0.6958904109589041,365.0,406.02,411.0,408.51,401.98,5.0,6,1.0000000000000003e-05
call,2027-06-17,0.6958904109589041,370.0,418.25,421.5,419.875,406.47,1.0,4,0.6384313500976562
call,2027-06-17,0.6958904109589041,375.0,413.64,417.0,415.32,404.66,1.0,35,0.6352270364379884
call,2027-06-17,0.6958904109589041,380.0,408.65,412.0,410.325,399.31,1.0,11,0.6254920263671876
call,2027-06-17,0.6958904109589041,390.0,388.23,391.97,390.1,387.37,1.0,16,0.4434259759521484
call,2027-06-17,0.6958904109589041,395.0,361.08,366.0,363.53999999999996,366.58,,0,1.0000000000000003e-05
call,2027-06-17,0.6958904109589041,400.0,389.37,393.0,391.185,372.39,2.0,50,0.5993082061767578
call,2027-06-17,0.6958904109589041,405.0,373.94,377.68,375.81,380.25,1.0,2,0.44183907775878906
call,2027-06-17,0.6958904109589041,410.0,379.96,383.5,381.73,359.55,5.0,24,0.5878031942749024
call,2027-06-17,0.6958904109589041,415.0,374.88,378.5,376.69,361.83,1.0,1,0.5780681842041016
call,2027-06-17,0.6958904109589041,420.0,370.43,373.98,372.20500000000004,361.44,2.0,66,0.5753826641845703
call,2027-06-17,0.6958904109589041,425.0,365.69,369.0,367.345,357.94,2.0,23,0.5680280014038085
call,2027-06-17,0.6958904109589041,430.0,344.5,349.37,346.935,331.5,1.0,51,1.0000000000000003e-05
call,2027-06-17,0.6958904109589041,440.0,351.26,354.88,353.07,334.18,1.0,33,0.5497176376342775
call,2027-06-17,0.6958904109589041,445.0,330.22,335.0,332.61,320.96,2.0,21,0.28565167480468745
call,2027-06-17,0.6958904109589041,450.0,341.77,345.31,343.53999999999996,335.15,8.0,82,0.5374039179992678
call,2027-06-17,0.6958904109589041,455.0,337.03,340.5,338.765,325.98,2.0,41,0.5311631356811525
call,2027-06-17,0.6958904109589041,460.0,331.9,335.78,333.84,333.48,1.0,0,0.5233354551696776
call,2027-06-17,0.6958904109589041,465.0,291.82,295.71,293.765,285.93,1.0,10,1.0000000000000003e-05
call,2027-06-17,0.6958904109589041,470.0,322.74,326.25,324.495,304.31,25.0,40,0.5130511341857911
call,2027-06-17,0.6958904109589041,475.0,317.98,321.5,319.74,299.58,25.0,39,0.5070392314147949
call,2027-06-17,0.6958904109589041,485.0,308.1,311.98,310.04,296.5,2.0,147,0.5115405291748047
call,2027-06-17,0.6958904109589041,490.0,288.0,292.96,290.48,268.83,4.0,20,0.333563793334961
call,2027-06-17,0.6958904109589041,495.0,299.05,302.5,300.775,282.15,9.0,27,0.4992420681762696
call,2027-06-17,0.6958904109589041,500.0,293.9,297.75,295.825,280.0,1.0,164,0.49303180313110356
call,2027-06-17,0.6958904109589041,505.0,274.0,278.97,276.485,255.04,6.0,3,0.3327398269653321
call,2027-06-17,0.6958904109589041,510.0,269.5,274.33,271.91499999999996,249.31,6.0,66,0.33209896423339846
call,2027-06-17,0.6958904109589041,515.0,270.02,273.67,271.845,247.44,8.0,21,0.3814453945922851
call,2027-06-17,0.6958904109589041,520.0,275.39,278.82,277.105,263.13,1.0,14,0.4688163470458985
call,2027-06-17,0.6958904109589041,525.0,270.18,274.11,272.145,244.98,2.0,14,0.4629417720031738
call,2027-06-17,0.6958904109589041,530.0,265.88,269.5,267.69,252.78,1.0,84,0.45786064605712895
call,2027-06-17,0.6958904109589041,535.0,260.78,264.69,262.735,245.86,3.0,21,0.45119262191772463
call,2027-06-17,0.6958904109589041,540.0,256.05,259.98,258.015,237.05,4.0,72,0.445318046875
call,2027-06-17,0.6958904109589041,545.0,251.37,255.29,253.32999999999998,244.26,1.0,362,0.43958079956054685
call,2027-06-17,0.6958904109589041,550.0,246.79,250.5,248.64499999999998,238.49,1.0,894,0.4330958790588379
call,2027-06-17,0.6958904109589041,555.0,242.59,245.92,244.255,221.48,1.0,412,0.42815208084106443
call,2027-06-17,0.6958904109589041,560.0,237.45,241.44,239.445,235.8,1.0,120,0.42387966262817384
call,2027-06-17,0.6958904109589041,565.0,232.62,236.5,234.56,223.0,2.0,16,0.41631137893676756
call,2027-06-17,0.6958904109589041,570.0,227.99,231.91,229.95,218.41,2.0,57,0.4112149943542481
call,2027-06-17,0.6958904109589041,575.0,223.38,227.26,225.32,213.74,10.0,57,0.4056761093139648
call,2027-06-17,0.6958904109589041,580.0,218.71,222.62,220.66500000000002,207.94,1.0,271,0.4001830001831055
call,2027-06-17,0.6958904109589041,585.0,214.09,217.99,216.04000000000002,211.5,1.0,117,0.3947204083251954
call,2027-06-17,0.6958904109589041,590.0,209.62,213.37,211.495,209.88,1.0,80,0.38930359237670903
call,2027-06-17,0.6958904109589041,595.0,204.92,209.0,206.95999999999998,195.66,48.0,57,0.38544315734863277
call,2027-06-17,0.6958904109589041,600.0,200.27,204.16,202.215,201.5,10.0,481,0.3785767709350586
call,2027-06-17,0.6958904109589041,605.0,195.8,199.57,197.685,181.37,2.0,30,0.3732515068054199
call,2027-06-17,0.6958904109589041,610.0,191.66,195.0,193.32999999999998,183.37,1.0,202,0.3680025358581543
call,2027-06-17,0.6958904109589041,615.0,187.03,190.44,188.735,179.94,4.0,65,0.3627840821838379
call,2027-06-17,0.6958904109589041,620.0,182.05,185.89,183.97,179.71,2.0,467,0.3575808871459961
call,2027-06-17,0.6958904109589041,625.0,177.61,181.36,179.485,178.42,4.0,154,0.3524387266540527
call,2027-06-17,0.6958904109589041,630.0,173.1,176.85,174.975,174.32,1.0,356,0.3473728593444824
call,2027-06-17,0.6958904109589041,635.0,168.67,171.7,170.185,167.25,42.0,385,0.338675436553955
call,2027-06-17,0.6958904109589041,640.0,164.57,167.87,166.22,156.71,1.0,539,0.33728690063476563
call,2027-06-17,0.6958904109589041,645.0,159.62,163.41,161.515,152.32,1.0,232,0.3323202144622802
call,2027-06-17,0.6958904109589041,650.0,155.17,158.97,157.07,157.27,2.0,1132,0.32739930419921875
call,2027-06-17,0.6958904109589041,655.0,150.76,154.55,152.655,144.03,71.0,358,0.3225089112091064
call,2027-06-17,0.6958904109589041,660.0,146.36,150.15,148.255,139.0,5.0,447,0.31764903549194334
call,2027-06-17,0.6958904109589041,665.0,141.98,145.78,143.88,133.8,21.0,134,0.31287308227539057
call,2027-06-17,0.6958904109589041,670.0,137.75,141.43,139.59,134.88,3.0,542,0.30811238769531246
call,2027-06-17,0.6958904109589041,675.0,133.44,137.1,135.26999999999998,135.0,2.0,419,0.30336695175170897
call,2027-06-17,0.6958904109589041,680.0,129.38,132.79,131.08499999999998,129.8,2.0,1839,0.29863677444458
call,2027-06-17,0.6958904109589041,685.0,125.26,128.53,126.89500000000001,127.26,1.0,622,0.2940439248657226
call,2027-06-17,0.6958904109589041,690.0,122.14,124.29,123.215,123.2,2.0,742,0.28945107528686514
call,2027-06-17,0.6958904109589041,695.0,116.65,120.07,118.36,117.65,1.0,355,0.28484296707153317
call,2027-06-17,0.6958904109589041,700.0,112.24,115.89,114.065,114.0,38.0,2806,0.28031115203857415
call,2027-06-17,0.6958904109589041,705.0,108.08,111.75,109.91499999999999,102.3,1.0,534,0.2758403715515136
call,2027-06-17,0.6958904109589041,710.0,104.0,107.54,105.77000000000001,101.96,1.0,409,0.27094234924316407
call,2027-06-17,0.6958904109589041,715.0,99.98,103.41,101.695,90.91,1.0,430,0.2662808358001709
call,2027-06-17,0.6958904109589041,720.0,97.44,99.31,98.375,94.36,2.0,937,0.2616193223571777
call,2027-06-17,0.6958904109589041,725.0,92.16,95.26,93.71000000000001,94.92,8.0,1441,0.25703410209655764
call,2027-06-17,0.6958904109589041,730.0,88.27,91.22,89.745,89.93,30.0,1121,0.2523573300170898
call,2027-06-17,0.6958904109589041,735.0,84.45,87.27,85.86,86.61,5.0,953,0.24790943748474123
call,2027-06-17,0.6958904109589041,740.0,80.68,82.25,81.465,81.12,6.0,960,0.23890684196472167
call,2027-06-17,0.6958904109589041,745.0,78.03,79.47,78.75,77.18,5.0,1527,0.23893735923767087
call,2027-06-17,0.6958904109589041,750.0,73.23,74.64,73.935,73.48,27.0,1941,0.23045355735778808
call,2027-06-17,0.6958904109589041,755.0,70.63,71.03,70.83,68.29,16.0,1576,0.2267228207397461
call,2027-06-17,0.6958904109589041,760.0,66.99,67.32,67.155,66.5,28.0,3547,0.2223969972991943
call,2027-06-17,0.6958904109589041,765.0,63.4,63.74,63.57,63.51,4.0,2645,0.21836108795166015
call,2027-06-17,0.6958904109589041,770.0,59.94,60.29,60.114999999999995,60.95,13.0,1885,0.21461509269714354
call,2027-06-17,0.6958904109589041,775.0,56.53,56.83,56.68,56.91,92.0,2106,0.21059444198608396
call,2027-06-17,0.6958904109589041,780.0,53.25,53.51,53.379999999999995,53.87,49.0,3352,0.20687133468627927
call,2027-06-17,0.6958904109589041,785.0,50.06,50.31,50.185,50.23,11.0,3731,0.2033465896606445
call,2027-06-17,0.6958904109589041,790.0,46.84,47.09,46.965,47.56,35.0,2748,0.19947089599609374
call,2027-06-17,0.6958904109589041,795.0,43.84,44.1,43.97,44.71,2.0,3745,0.19619028915405273
call,2027-06-17,0.6958904109589041,800.0,40.97,41.06,41.015,41.13,143.0,17228,0.1924214059448242
call,2027-06-17,0.6958904109589041,805.0,38.14,38.22,38.18,37.7,3.0,2253,0.18911791114807128
call,2027-06-17,0.6958904109589041,810.0,35.42,35.5,35.46,36.13,3.0,3245,0.1859441147613525
call,2027-06-17,0.6958904109589041,815.0,32.82,32.9,32.86,33.62,4.0,3661,0.18290764610290525
call,2027-06-17,0.6958904109589041,820.0,30.32,30.39,30.355,30.48,204.0,4266,0.179871177444458
call,2027-06-17,0.6958904109589041,825.0,27.95,28.01,27.98,28.23,63.0,3093,0.1769872951507568
call,2027-06-17,0.6958904109589041,830.0,25.72,25.78,25.75,25.9,232.0,3098,0.17433992172241214
call,2027-06-17,0.6958904109589041,835.0,23.61,23.67,23.64,23.76,202.0,2735,0.17179935874938965
call,2027-06-17,0.6958904109589041,840.0,21.65,21.72,21.685,22.27,66.0,4664,0.1695410805511475
call,2027-06-17,0.6958904109589041,845.0,19.79,19.86,19.825,15.93,18.0,4087,0.167275173034668
call,2027-06-17,0.6958904109589041,850.0,18.07,18.13,18.1,18.12,15.0,5119,0.1651694812011719
call,2027-06-17,0.6958904109589041,855.0,16.46,16.51,16.485,13.43,2.0,5621,0.16315534118652347
call,2027-06-17,0.6958904109589041,860.0,14.98,15.04,15.01,15.2,69.0,6142,0.16143111526489257
call,2027-06-17,0.6958904109589041,865.0,13.59,13.64,13.615,14.06,71.0,12342,0.15963059616088865
call,2027-06-17,0.6958904109589041,870.0,12.35,12.41,12.379999999999999,11.39,52.0,3970,0.15826494819641115
call,2027-06-17,0.6958904109589041,875.0,11.18,11.24,11.21,11.18,1.0,2058,0.15680774841308598
call,2027-06-17,0.6958904109589041,880.0,10.12,10.16,10.14,9.22,56.0,6360,0.15542684181213381
call,2027-06-17,0.6958904109589041,885.0,9.15,9.19,9.17,9.6,3.0,9791,0.15425955612182618
call,2027-06-17,0.6958904109589041,890.0,8.25,8.29,8.27,7.29,13.0,12312,0.1530998997497559
call,2027-06-17,0.6958904109589041,895.0,7.44,7.47,7.455,7.79,419.0,15387,0.1520317951965332
call,2027-06-17,0.6958904109589041,900.0,6.69,6.73,6.710000000000001,6.7,56.0,10673,0.15110101837158207
call,2027-06-17,0.6958904109589041,905.0,6.0,6.04,6.02,6.04,555.0,6500,0.15012446563720705
call,2027-06-17,0.6958904109589041,910.0,5.38,5.42,5.4,5.38,207.0,2925,0.14925472335815432
call,2027-06-17,0.6958904109589041,915.0,4.83,4.86,4.845000000000001,4.83,11.0,5016,0.1484612742614746
call,2027-06-17,0.6958904109589041,920.0,4.32,4.35,4.335,4.35,8.0,4878,0.14771360107421877
call,2027-06-17,0.6958904109589041,925.0,3.85,3.87,3.8600000000000003,3.89,5.0,3359,0.14682860015869142
call,2027-06-17,0.6958904109589041,930.0,3.44,3.47,3.455,3.52,3.0,2946,0.1463250651550293
call,2027-06-17,0.6958904109589041,935.0,3.06,3.08,3.0700000000000003,3.14,3.0,1305,0.1455468746948242
call,2027-06-17,0.6958904109589041,940.0,2.73,2.75,2.74,2.8,2.0,2014,0.14505859832763673
call,2027-06-17,0.6958904109589041,945.0,2.43,2.45,2.4400000000000004,1.95,2.0,3284,0.14457032196044922
call,2027-06-17,0.6958904109589041,950.0,2.16,2.19,2.175,2.18,16.0,2111,0.1442346319580078
call,2027-06-17,0.6958904109589041,955.0,1.92,1.94,1.93,2.01,53.0,1457,0.14368532104492188
call,2027-06-17,0.6958904109589041,960.0,1.71,1.74,1.725,1.24,2.0,875,0.143563251953125
call,2027-06-17,0.6958904109589041,965.0,1.53,1.55,1.54,1.09,4.0,398,0.14325807922363282
call,2027-06-17,0.6958904109589041,970.0,1.36,1.39,1.375,0.98,12.0,3768,0.1431970446777344
call,2027-06-17,0.6958904109589041,975.0,1.22,1.24,1.23,0.85,3.0,1301,0.14301394104003906
call,2027-06-17,0.6958904109589041,980.0,1.09,1.11,1.1,1.15,1.0,1568,0.14295290649414064
call,2027-06-17,0.6958904109589041,985.0,0.98,0.99,0.985,1.02,1.0,858,0.14286135467529298
call,2027-06-17,0.6958904109589041,990.0,0.88,0.9,0.89,0.84,1.0,3370,0.1431970446777344
call,2027-06-17,0.6958904109589041,995.0,0.79,0.81,0.8,0.59,1.0,600,0.14331911376953127
call,2027-06-17,0.6958904109589041,1000.0,0.71,0.73,0.72,0.76,264.0,4402,0.14350221740722657
call,2027-06-17,0.6958904109589041,1005.0,0.64,0.66,0.65,0.4,2.0,774,0.1437463555908203
call,2027-06-17,0.6958904109589041,1010.0,0.58,0.6,0.59,0.51,4.0,1355,0.14405152832031248
call,2027-06-17,0.6958904109589041,1015.0,0.53,0.54,0.535,0.44,92.0,237,0.1442346319580078
call,2027-06-17,0.6958904109589041,1020.0,0.48,0.5,0.49,0.37,1.0,815,0.14496704650878905
call,2027-06-17,0.6958904109589041,1025.0,0.44,0.45,0.445,0.52,2.0,82,0.14515015014648439
call,2027-06-17,0.6958904109589041,1030.0,0.4,0.42,0.41000000000000003,0.3,1.0,498,0.14600463378906248
call,2027-06-17,0.6958904109589041,1035.0,0.37,0.38,0.375,0.33,1.0,107,0.14624877197265623
call,2027-06-17,0.6958904109589041,1040.0,0.34,0.35,0.345,0.29,4.0,216,0.14685911743164062
call,2027-06-17,0.6958904109589041,1050.0,0.29,0.3,0.295,0.22,7.0,189,0.14820187744140628
call,2027-06-17,0.6958904109589041,1060.0,0.24,0.26,0.25,0.23,4.0,431,0.14966670654296876
call,2027-06-17,0.6958904109589041,1070.0,0.21,0.22,0.215,0.25,2.0,798,0.1506432592773438
call,2027-06-17,0.6958904109589041,1080.0,0.18,0.2,0.19,0.15,1.0,101,0.15284050292968754
call,2027-06-17,0.6958904109589041,1090.0,0.16,0.17,0.165,0.18,1.0,1392,0.1538170556640625
call,2027-06-17,0.6958904109589041,1100.0,0.14,0.15,0.14500000000000002,0.16,30.0,5114,0.15552602294921875
call,2027-06-17,0.6958904109589041,1110.0,0.12,0.14,0.13,0.13,29.0,130,0.15796740478515625
call,2027-06-17,0.6958904109589041,1120.0,0.11,0.12,0.11499999999999999,0.11,6.0,3802,0.15894395751953128
call,2027-06-17,0.6958904109589041,1130.0,0.1,0.11,0.10500000000000001,0.1,200.0,1633,0.16089706298828127
call,2027-06-17,0.6958904109589041,1140.0,0.09,0.1,0.095,0.08,22.0,425,0.16285016845703126
call,2027-06-17,0.6958904109589041,1150.0,0.08,0.09,0.08499999999999999,0.1,337.0,446,0.1645591357421875
call,2027-06-17,0.6958904109589041,1160.0,0.07,0.09,0.08,0.09,1.0,75,0.16773293212890628
call,2027-06-17,0.6958904109589041,1170.0,0.06,0.08,0.07,0.07,200.0,1288,0.16895362304687503
call,2027-06-17,0.6958904109589041,1180.0,0.06,0.07,0.065,0.05,250.0,388,0.16993017578125003
call,2027-06-17,0.6958904109589041,1190.0,0.06,0.07,0.065,0.05,28.0,1576,0.1733481103515625
call,2027-06-17,0.6958904109589041,1200.0,0.05,0.07,0.060000000000000005,0.05,54.0,998,0.17627776855468752
call,2027-06-17,0.6958904109589041,1210.0,0.05,0.06,0.055,0.05,7.0,766,0.176766044921875
call,2027-06-17,0.6958904109589041,1220.0,0.05,0.07,0.060000000000000005,0.08,95.0,142,0.1821370849609375
call,2027-06-17,0.6958904109589041,1230.0,0.04,0.06,0.05,0.05,1.0,220,0.18262536132812499
call,2027-06-17,0.6958904109589041,1240.0,0.04,0.05,0.045,0.03,1.0,19,0.18262536132812499
call,2027-06-17,0.6958904109589041,1250.0,0.04,0.05,0.045,0.04,1.0,339,0.18555501953124998
call,2027-06-17,0.6958904109589041,1280.0,0.03,0.04,0.035,0.03,1.0,25,0.19043778320312502
call,2027-06-17,0.6958904109589041,1290.0,0.03,0.04,0.035,0.04,10.0,1097,0.19336744140625
call,2027-06-17,0.6958904109589041,1300.0,0.03,0.04,0.035,0.05,1.0,82,0.1958088232421875
call,2027-06-17,0.6958904109589041,1380.0,0.02,0.03,0.025,0.02,,1,0.21094539062499998
call,2027-06-17,0.6958904109589041,1410.0,0.02,0.03,0.025,0.06,1.0,7,0.21875781249999998
put,2027-06-17,0.6958904109589041,80.0,0.02,0.03,0.025,0.03,1.0,569,0.8359391406249999
put,2027-06-17,0.6958904109589041,85.0,0.02,0.03,0.025,0.05,4.0,69,0.8125018749999999
put,2027-06-17,0.6958904109589041,90.0,0.03,0.04,0.035,0.03,1.0,212,0.8125018749999999
put,2027-06-17,0.6958904109589041,95.0,0.08,0.1,0.09,0.11,10.0,26,0.85937640625
put,2027-06-17,0.6958904109589041,100.0,0.04,0.05,0.045,0.05,1.0,8676,0.789064609375
put,2027-06-17,0.6958904109589041,110.0,0.05,0.06,0.055,0.06,3377.0,4103,0.7656273437500001
put,2027-06-17,0.6958904109589041,120.0,0.06,0.07,0.065,0.1,56.0,2964,0.7421900781249999
put,2027-06-17,0.6958904109589041,125.0,0.07,0.08,0.07500000000000001,0.09,5.0,62,0.73437765625
put,2027-06-17,0.6958904109589041,130.0,0.07,0.09,0.08,0.09,2600.0,5063,0.7226590234375
put,2027-06-17,0.6958904109589041,135.0,0.08,0.09,0.08499999999999999,0.09,9.0,567,0.710940390625
put,2027-06-17,0.6958904109589041,140.0,0.09,0.1,0.095,0.1,5086.0,14867,0.7041045214843751
put,2027-06-17,0.6958904109589041,145.0,0.1,0.11,0.10500000000000001,0.15,5.0,2548,0.6953155468750001
put,2027-06-17,0.6958904109589041,150.0,0.11,0.12,0.11499999999999999,0.12,1.0,4257,0.6875031250000001
put,2027-06-17,0.6958904109589041,155.0,0.12,0.13,0.125,0.13,10.0,58,0.6796907031250001
put,2027-06-17,0.6958904109589041,160.0,0.13,0.14,0.135,0.14,2390.0,3984,0.6709017285156251
put,2027-06-17,0.6958904109589041,165.0,0.14,0.15,0.14500000000000002,0.17,5.0,270,0.6630893066406252
put,2027-06-17,0.6958904109589041,170.0,0.15,0.16,0.155,0.17,6.0,448,0.6543003320312502
put,2027-06-17,0.6958904109589041,175.0,0.16,0.17,0.165,0.19,5.0,32,0.64648791015625
put,2027-06-17,0.6958904109589041,180.0,0.17,0.19,0.18,0.19,3.0,8694,0.639652041015625
put,2027-06-17,0.6958904109589041,185.0,0.19,0.2,0.195,0.22,3.0,148,0.6333044482421876
put,2027-06-17,0.6958904109589041,190.0,0.2,0.21,0.20500000000000002,0.22,1.0,216,0.6250037500000001
put,2027-06-17,0.6958904109589041,195.0,0.21,0.23,0.22,0.25,1.0,557,0.6181678808593751
put,2027-06-17,0.6958904109589041,200.0,0.23,0.24,0.235,0.27,2.0,3136,0.6113320117187502
put,2027-06-17,0.6958904109589041,205.0,0.24,0.26,0.25,0.34,50.0,627,0.6044961425781252
put,2027-06-17,0.6958904109589041,210.0,0.26,0.27,0.265,0.31,15.0,770,0.5976602734375001
put,2027-06-17,0.6958904109589041,225.0,0.31,0.33,0.32,0.35,33.0,3028,0.5788616333007812
put,2027-06-17,0.6958904109589041,230.0,0.33,0.35,0.33999999999999997,0.37,80.0,2260,0.5727581787109376
put,2027-06-17,0.6958904109589041,235.0,0.35,0.37,0.36,0.48,10.0,750,0.5668988623046876
put,2027-06-17,0.6958904109589041,240.0,0.37,0.39,0.38,0.43,10.0,330,0.56055126953125
put,2027-06-17,0.6958904109589041,245.0,0.4,0.41,0.405,0.44,1.0,395,0.5551802294921876
put,2027-06-17,0.6958904109589041,250.0,0.42,0.43,0.425,0.47,3.0,8567,0.549076774902344
put,2027-06-17,0.6958904109589041,255.0,0.44,0.45,0.445,0.49,3.0,401,0.5429733203125001
put,2027-06-17,0.6958904109589041,260.0,0.46,0.48,0.47,0.52,1.0,225,0.5373581420898439
put,2027-06-17,0.6958904109589041,265.0,0.49,0.5,0.495,0.55,1.0,14,0.5317429638671876
put,2027-06-17,0.6958904109589041,270.0,0.51,0.53,0.52,0.52,2.0,679,0.5261277856445312
put,2027-06-17,0.6958904109589041,275.0,0.54,0.55,0.545,0.62,1.0,61,0.5205126074218749
put,2027-06-17,0.6958904109589041,280.0,0.87,0.88,0.875,1.22,1.0,58,0.543949873046875
put,2027-06-17,0.6958904109589041,285.0,0.59,0.61,0.6,0.62,1.0,32,0.5095263891601562
put,2027-06-17,0.6958904109589041,290.0,0.63,0.64,0.635,0.69,1.0,48,0.5048877636718749
put,2027-06-17,0.6958904109589041,295.0,0.65,0.66,0.655,0.7,1.0,270,0.499028447265625
put,2027-06-17,0.6958904109589041,300.0,0.68,0.7,0.69,0.7,9.0,5368,0.4947560290527344
put,2027-06-17,0.6958904109589041,305.0,0.72,0.73,0.725,0.78,1.0,84,0.489384989013672
put,2027-06-17,0.6958904109589041,310.0,0.75,0.76,0.755,0.77,1.0,38,0.4840139489746094
put,2027-06-17,0.6958904109589041,315.0,0.78,0.79,0.785,0.8,1.0,30,0.47852083984375
put,2027-06-17,0.6958904109589041,320.0,0.81,0.83,0.8200000000000001,0.84,1.0,272,0.4738822143554688
put,2027-06-17,0.6958904109589041,325.0,0.85,0.86,0.855,0.95,25.0,567,0.46851117431640626
put,2027-06-17,0.6958904109589041,330.0,0.89,0.9,0.895,1.02,730.0,899,0.4637504797363281
put,2027-06-17,0.6958904109589041,335.0,0.92,0.93,0.925,1.01,4.0,83,0.4583794396972657
put,2027-06-17,0.6958904109589041,340.0,0.96,0.97,0.965,1.18,10.0,2905,0.4534966760253906
put,2027-06-17,0.6958904109589041,345.0,1.0,1.01,1.005,1.12,19.0,184,0.44873598144531246
put,2027-06-17,0.6958904109589041,350.0,1.04,1.05,1.045,1.1,2956.0,5378,0.44385321777343745
put,2027-06-17,0.6958904109589041,355.0,1.09,1.1,1.0950000000000002,1.25,1.0,402,0.43958079956054685
put,2027-06-17,0.6958904109589041,360.0,1.12,1.14,1.13,1.15,17.0,173,0.43457596679687505
put,2027-06-17,0.6958904109589041,365.0,1.17,1.18,1.1749999999999998,1.32,2.0,146,0.42969320312500003
put,2027-06-17,0.6958904109589041,370.0,1.21,1.23,1.22,1.23,100.0,175,0.42517664672851563
put,2027-06-17,0.6958904109589041,375.0,1.26,1.28,1.27,1.29,2.0,316,0.42078215942382813
put,2027-06-17,0.6958904109589041,380.0,1.31,1.33,1.32,1.32,6.0,229,0.41620456848144527
put,2027-06-17,0.6958904109589041,385.0,1.37,1.38,1.375,1.4,1.0,238,0.4116269775390625
put,2027-06-17,0.6958904109589041,390.0,1.42,1.43,1.4249999999999998,1.58,3.0,465,0.40704938659667966
put,2027-06-17,0.6958904109589041,395.0,1.47,1.48,1.475,1.81,2.0,120,0.40241076110839846
put,2027-06-17,0.6958904109589041,400.0,1.52,1.54,1.53,1.56,200.0,4192,0.39819937744140627
put,2027-06-17,0.6958904109589041,405.0,1.58,1.59,1.585,2.0,1.0,66,0.39349971740722656
put,2027-06-17,0.6958904109589041,410.0,1.64,1.65,1.645,1.83,2.0,444,0.3891662646484375
put,2027-06-17,0.6958904109589041,415.0,1.7,1.71,1.705,1.96,73.0,626,0.38483281188964835
put,2027-06-17,0.6958904109589041,420.0,1.85,1.86,1.855,1.85,1.0,364,0.38355108642578123
put,2027-06-17,0.6958904109589041,425.0,1.83,1.84,1.835,1.83,5.0,1100,0.3763490100097656
put,2027-06-17,0.6958904109589041,430.0,1.89,1.9,1.895,1.89,14.0,679,0.37189348815917966
put,2027-06-17,0.6958904109589041,435.0,1.96,1.97,1.9649999999999999,1.96,6.0,359,0.367743139038086
put,2027-06-17,0.6958904109589041,440.0,2.02,2.04,2.0300000000000002,2.03,64.0,922,0.3635317553710938
put,2027-06-17,0.6958904109589041,445.0,2.09,2.11,2.0999999999999996,2.1,5.0,1641,0.35925933715820313
put,2027-06-17,0.6958904109589041,450.0,2.17,2.18,2.175,2.17,67.0,6560,0.3549869189453124
put,2027-06-17,0.6958904109589041,455.0,2.25,2.26,2.255,2.5,1.0,422,0.35095863891601553
put,2027-06-17,0.6958904109589041,460.0,2.32,2.34,2.33,2.33,1.0,412,0.3468693243408203
put,2027-06-17,0.6958904109589041,465.0,2.39,2.41,2.4000000000000004,2.52,2.0,956,0.3424748370361328
put,2027-06-17,0.6958904109589041,470.0,2.49,2.5,2.495,2.54,21.0,760,0.3385686260986328
put,2027-06-17,0.6958904109589041,475.0,2.57,2.59,2.58,2.74,35.0,2321,0.33460138061523437
put,2027-06-17,0.6958904109589041,480.0,2.66,2.68,2.67,2.66,5.0,664,0.3305731005859375
put,2027-06-17,0.6958904109589041,485.0,2.75,2.77,2.76,3.56,25.0,485,0.3265448205566406
put,2027-06-17,0.6958904109589041,490.0,2.85,2.87,2.8600000000000003,3.25,10.0,779,0.32263860961914054
put,2027-06-17,0.6958904109589041,495.0,2.94,2.97,2.955,3.39,1.0,891,0.31873239868164055
put,2027-06-17,0.6958904109589041,500.0,3.04,3.07,3.0549999999999997,3.06,12.0,11226,0.31473463592529294
put,2027-06-17,0.6958904109589041,505.0,3.15,3.18,3.165,3.64,3.0,1845,0.3109199768066406
put,2027-06-17,0.6958904109589041,510.0,3.27,3.29,3.2800000000000002,3.79,23.0,643,0.3070137658691406
put,2027-06-17,0.6958904109589041,515.0,3.39,3.41,3.4000000000000004,3.65,2.0,1289,0.3032601412963867
put,2027-06-17,0.6958904109589041,520.0,3.51,3.52,3.5149999999999997,3.61,13.0,2113,0.299262378540039
put,2027-06-17,0.6958904109589041,525.0,3.64,3.66,3.6500000000000004,3.67,7.0,1581,0.29575289215087885
put,2027-06-17,0.6958904109589041,530.0,3.76,3.78,3.7699999999999996,3.77,72.0,2195,0.29181616394042953
put,2027-06-17,0.6958904109589041,535.0,3.91,3.93,3.92,3.92,51.0,2813,0.2883066775512695
put,2027-06-17,0.6958904109589041,540.0,4.05,4.08,4.0649999999999995,4.09,510.0,2871,0.2847361566162109
put,2027-06-17,0.6958904109589041,545.0,4.21,4.23,4.220000000000001,4.21,32.0,4079,0.2810740838623046
put,2027-06-17,0.6958904109589041,550.0,4.36,4.38,4.37,4.42,61.0,4821,0.2773662351989746
put,2027-06-17,0.6958904109589041,555.0,4.53,4.55,4.54,4.62,1.0,1901,0.27387200744628903
put,2027-06-17,0.6958904109589041,560.0,4.7,4.73,4.715,5.05,1.0,2152,0.2704082969665527
put,2027-06-17,0.6958904109589041,565.0,4.89,4.92,4.904999999999999,4.98,11.0,3675,0.26700562103271486
put,2027-06-17,0.6958904109589041,570.0,5.08,5.11,5.095000000000001,5.08,541.0,2692,0.2635113932800293
put,2027-06-17,0.6958904109589041,575.0,5.28,5.32,5.300000000000001,5.62,1.0,3376,0.2601697518920898
put,2027-06-17,0.6958904109589041,580.0,5.49,5.53,5.51,5.61,5.0,3029,0.2567518173217773
put,2027-06-17,0.6958904109589041,585.0,5.72,5.76,5.74,6.38,4.0,2490,0.25345595184326175
put,2027-06-17,0.6958904109589041,590.0,5.95,5.99,5.970000000000001,6.34,4.0,2069,0.2500685345458984
put,2027-06-17,0.6958904109589041,595.0,6.2,6.24,6.220000000000001,6.19,34.0,1897,0.24678792770385743
put,2027-06-17,0.6958904109589041,600.0,6.46,6.49,6.475,6.49,115.0,7702,0.24341576904296874
put,2027-06-17,0.6958904109589041,605.0,6.73,6.75,6.74,7.52,23.0,2175,0.24002835174560544
put,2027-06-17,0.6958904109589041,610.0,7.01,7.03,7.02,7.0,3.0,2406,0.23674774490356443
put,2027-06-17,0.6958904109589041,615.0,7.32,7.35,7.335,7.29,203.0,3154,0.23371127624511717
put,2027-06-17,0.6958904109589041,620.0,7.63,7.65,7.640000000000001,7.65,3.0,3160,0.2303696348571777
put,2027-06-17,0.6958904109589041,625.0,7.96,7.98,7.970000000000001,8.0,106.0,4532,0.22718057983398435
put,2027-06-17,0.6958904109589041,630.0,8.3,8.32,8.31,8.31,51.0,2791,0.22396100753784176
put,2027-06-17,0.6958904109589041,635.0,8.67,8.69,8.68,8.71,5.0,3025,0.22084824569702144
put,2027-06-17,0.6958904109589041,640.0,9.04,9.06,9.05,9.64,1.0,1454,0.21759815612792968
put,2027-06-17,0.6958904109589041,645.0,9.45,9.48,9.465,9.62,1.0,2611,0.21460746337890624
put,2027-06-17,0.6958904109589041,650.0,9.87,9.9,9.885,9.86,60.0,3545,0.21145655494689938
put,2027-06-17,0.6958904109589041,655.0,10.31,10.34,10.325,10.3,23.0,1806,0.20830564651489253
put,2027-06-17,0.6958904109589041,660.0,10.77,10.8,10.785,10.74,28.0,4112,0.20516236740112304
put,2027-06-17,0.6958904109589041,665.0,11.28,11.31,11.295,11.35,21.0,2913,0.20218693328857418
put,2027-06-17,0.6958904109589041,670.0,11.78,11.81,11.795,11.77,1013.0,4667,0.19898261962890623
put,2027-06-17,0.6958904109589041,675.0,12.32,12.36,12.34,12.48,2.0,3534,0.1959385216522217
put,2027-06-17,0.6958904109589041,680.0,12.89,12.92,12.905000000000001,13.05,19.0,7396,0.19278761322021482
put,2027-06-17,0.6958904109589041,685.0,13.49,13.52,13.504999999999999,13.5,1.0,17215,0.18969011001586916
put,2027-06-17,0.6958904109589041,690.0,14.12,14.16,14.14,14.15,14.0,3020,0.18665364135742188
put,2027-06-17,0.6958904109589041,695.0,14.79,14.82,14.805,14.73,6.0,2251,0.18353325019836422
put,2027-06-17,0.6958904109589041,700.0,15.48,15.53,15.504999999999999,15.5,147.0,11120,0.1804891522216797
put,2027-06-17,0.6958904109589041,705.0,16.23,16.28,16.255000000000003,16.2,6.0,2865,0.1774526835632324
put,2027-06-17,0.6958904109589041,710.0,16.98,17.05,17.015,17.2,2.0,14574,0.1743094044494629
put,2027-06-17,0.6958904109589041,715.0,17.79,17.87,17.83,17.82,17.0,2560,0.1712042719268799
put,2027-06-17,0.6958904109589041,720.0,18.67,18.74,18.705,18.65,9.0,3721,0.1681143980407715
put,2027-06-17,0.6958904109589041,725.0,19.59,19.64,19.615000000000002,19.56,172.0,2348,0.16493297233581544
put,2027-06-17,0.6958904109589041,730.0,20.54,20.6,20.57,20.52,3.0,4479,0.16178969322204587
put,2027-06-17,0.6958904109589041,735.0,21.56,21.61,21.585,21.58,16.0,2391,0.15861589683532715
put,2027-06-17,0.6958904109589041,740.0,22.62,22.68,22.65,22.53,8.0,3093,0.15544210044860843
put,2027-06-17,0.6958904109589041,745.0,23.73,23.81,23.77,23.6,17.0,2085,0.15224541610717773
put,2027-06-17,0.6958904109589041,750.0,24.93,25.0,24.965,24.87,184.0,7409,0.14901058517456056
put,2027-06-17,0.6958904109589041,755.0,26.18,26.26,26.22,27.49,11.0,2033,0.14576812492370603
put,2027-06-17,0.6958904109589041,760.0,27.5,27.59,27.545,27.34,8.0,4625,0.1424798887634277
put,2027-06-17,0.6958904109589041,765.0,28.9,29.0,28.95,28.89,9.0,2808,0.13918402328491214
put,2027-06-17,0.6958904109589041,770.0,30.4,30.5,30.45,30.39,700.0,2718,0.1358728991699219
put,2027-06-17,0.6958904109589041,775.0,31.99,32.1,32.045,31.9,75.0,2004,0.13256940437316897
put,2027-06-17,0.6958904109589041,780.0,33.69,33.79,33.739999999999995,33.72,370.0,3879,0.1292125043487549
put,2027-06-17,0.6958904109589041,785.0,35.48,35.6,35.54,35.38,39.0,1526,0.12587849227905273
put,2027-06-17,0.6958904109589041,790.0,37.43,37.55,37.489999999999995,37.4,4.0,1060,0.12262077339172364
put,2027-06-17,0.6958904109589041,795.0,39.45,39.54,39.495000000000005,44.24,2.0,1478,0.1190044765472412
put,2027-06-17,0.6958904109589041,800.0,41.59,41.72,41.655,41.28,9.0,7280,0.11559417129516603
put,2027-06-17,0.6958904109589041,805.0,43.91,44.03,43.97,44.29,1.0,2487,0.11209994354248046
put,2027-06-17,0.6958904109589041,810.0,46.38,46.5,46.44,48.78,27.0,850,0.10860571578979492
put,2027-06-17,0.6958904109589041,815.0,49.02,49.11,49.065,49.19,47.0,1810,0.1049894189453125
put,2027-06-17,0.6958904109589041,820.0,51.69,51.89,51.79,56.37,1.0,1824,0.10131971687316893
put,2027-06-17,0.6958904109589041,825.0,54.63,54.86,54.745000000000005,66.64,8.0,209,0.09763475616455078
put,2027-06-17,0.6958904109589041,830.0,57.73,57.98,57.855,63.1,5.0,1158,0.09368276931762695
put,2027-06-17,0.6958904109589041,835.0,61.02,61.29,61.155,77.44,58.0,5444,0.08957056678771971
put,2027-06-17,0.6958904109589041,840.0,64.5,64.77,64.63499999999999,72.63,1.0,3288,0.08506163970947267
put,2027-06-17,0.6958904109589041,845.0,68.13,69.51,68.82,74.3,10.0,2711,0.0877471597290039
put,2027-06-17,0.6958904109589041,850.0,70.78,73.66,72.22,71.95,8.0,11,0.08588560607910158
put,2027-06-17,0.6958904109589041,855.0,74.51,76.58,75.545,86.35,55.0,1,0.06995558959960937
put,2027-06-17,0.6958904109589041,860.0,78.84,82.61,80.725,93.45,1.0,1,0.0847717256164551
put,2027-06-17,0.6958904109589041,865.0,83.38,86.98,85.18,93.03,40.0,0,0.08176577423095704
put,2027-06-17,0.6958904109589041,870.0,88.12,91.68,89.9,89.06,3.0,1,0.08144534286499025
put,2027-06-17,0.6958904109589041,880.0,98.1,101.31,99.705,109.15,1.0,0,0.08231508514404298
put,2027-06-17,0.6958904109589041,885.0,118.65,122.69,120.67,112.24,2.0,0,0.19696085029602048
put,2027-06-17,0.6958904109589041,900.0,117.91,121.75,119.83,120.01,1.0,0,0.10175458801269531
put,2027-06-17,0.6958904109589041,920.0,149.25,152.85,151.05,148.34,,0,0.20265995101928708
put,2027-06-17,0.6958904109589041,950.0,195.72,199.61,197.66500000000002,207.31,,0,0.3134986863708496
put,2027-06-17,0.6958904109589041,1010.0,239.07,242.71,240.89,238.73,,0,0.2690655369567871
put,2027-06-17,0.6958904109589041,1040.0,269.03,272.76,270.895,268.39,,0,0.28930611824035635
call,2027-06-30,0.7315068493150685,525.0,270.86,274.5,272.68,267.29,2.0,5,0.4546105564880371
call,2027-06-30,0.7315068493150685,530.0,266.16,269.5,267.83000000000004,252.23,,2,0.44659977233886716
call,2027-06-30,0.7315068493150685,550.0,247.45,251.0,249.225,240.05,1.0,1,0.4260463890075684
call,2027-06-30,0.7315068493150685,575.0,224.22,227.86,226.04000000000002,206.4,1.0,2,0.3996642065429688
call,2027-06-30,0.7315068493150685,585.0,201.18,206.0,203.59,187.43,1.0,1,0.2998269480895996
call,2027-06-30,0.7315068493150685,595.0,205.73,209.43,207.57999999999998,206.65,1.0,5,0.37862254684448243
call,2027-06-30,0.7315068493150685,600.0,200.77,204.86,202.815,203.9,4.0,15,0.3735185329437255
call,2027-06-30,0.7315068493150685,610.0,192.14,195.5,193.82,182.57,2.0,1,0.36189908126831055
call,2027-06-30,0.7315068493150685,615.0,187.57,190.91,189.24,180.61,2.0,5,0.3565890757751465
call,2027-06-30,0.7315068493150685,620.0,183.05,186.5,184.775,179.18,3.0,7,0.35225562301635743
call,2027-06-30,0.7315068493150685,625.0,178.52,181.87,180.195,165.03,1.0,1,0.3466404447937011
call,2027-06-30,0.7315068493150685,630.0,174.04,177.5,175.76999999999998,156.0,1.0,5,0.34241380249023434
call,2027-06-30,0.7315068493150685,635.0,169.57,172.9,171.235,150.96,2.0,2,0.33686728813171385
call,2027-06-30,0.7315068493150685,640.0,164.68,168.44,166.56,155.3,1.0,14,0.3320379296875
call,2027-06-30,0.7315068493150685,645.0,160.67,164.0,162.33499999999998,151.83,,0,0.3272467178344727
call,2027-06-30,0.7315068493150685,650.0,156.19,159.92,158.055,153.45,1.0,30,0.32424076644897454
call,2027-06-30,0.7315068493150685,660.0,147.05,150.81,148.93,137.67,3.0,6,0.3131477377319336
call,2027-06-30,0.7315068493150685,663.0,144.44,148.2,146.32,134.36,,1,0.3103859245300293
call,2027-06-30,0.7315068493150685,664.0,143.83,147.33,145.58,139.65,3.0,2,0.3094551477050781
call,2027-06-30,0.7315068493150685,665.0,143.0,146.46,144.73000000000002,128.35,2.0,1,0.30853200019836424
call,2027-06-30,0.7315068493150685,668.0,129.57,134.5,132.035,120.66,2.0,1,0.2588422505187989
call,2027-06-30,0.7315068493150685,669.0,140.73,142.99,141.86,137.0,25.0,26,0.3048317808532715
call,2027-06-30,0.7315068493150685,670.0,139.86,142.13,140.995,119.52,23.0,39,0.30393152130126955
call,2027-06-30,0.7315068493150685,673.0,127.58,132.5,130.04,139.19,,4,0.26676911216735844
call,2027-06-30,0.7315068493150685,674.0,126.75,131.5,129.125,135.89,,5,0.265281395111084
call,2027-06-30,0.7315068493150685,675.0,134.08,137.83,135.955,126.63,2.0,21,0.2993920769500732
call,2027-06-30,0.7315068493150685,676.0,125.08,130.0,127.53999999999999,123.99,,0,0.2647702307891846
call,2027-06-30,0.7315068493150685,677.0,124.25,129.0,126.625,123.11,,2,0.2632672550964356
call,2027-06-30,0.7315068493150685,680.0,129.8,133.56,131.68,124.42,2.0,104,0.29491366714477535
call,2027-06-30,0.7315068493150685,681.0,118.97,123.5,121.235,110.48,,0,0.24992357749938962
call,2027-06-30,0.7315068493150685,682.0,129.67,131.85,130.76,114.87,,1,0.2930826307678222
call,2027-06-30,0.7315068493150685,684.0,126.4,130.16,128.28,109.7,,0,0.29132788757324213
call,2027-06-30,0.7315068493150685,687.0,123.92,127.62,125.77000000000001,108.06,2.0,20,0.28864999687194814
call,2027-06-30,0.7315068493150685,688.0,123.06,126.78,124.92,109.2,2.0,2,0.28778025459289547
call,2027-06-30,0.7315068493150685,689.0,122.46,125.93,124.195,121.65,2.0,4,0.28685710708618156
call,2027-06-30,0.7315068493150685,690.0,121.4,125.09,123.245,115.35,4.0,93,0.28597973548889155
call,2027-06-30,0.7315068493150685,695.0,117.14,120.9,119.02000000000001,112.56,8.0,173,0.2815623602294921
call,2027-06-30,0.7315068493150685,697.0,115.48,119.24,117.36,100.23,3.0,57,0.27983813430786125
call,2027-06-30,0.7315068493150685,699.0,115.39,117.58,116.485,100.58,1.0,3,0.27809864974975584
call,2027-06-30,0.7315068493150685,700.0,114.56,116.76,115.66,110.0,2.0,111,0.27726705406188956
call,2027-06-30,0.7315068493150685,701.0,112.17,115.93,114.05000000000001,109.02,1.0,16,0.2763820531463622
call,2027-06-30,0.7315068493150685,702.0,111.68,115.1,113.39,98.71,1.0,4,0.27549705223083487
call,2027-06-30,0.7315068493150685,703.0,110.52,114.28,112.4,101.9,,1,0.27465019790649414
call,2027-06-30,0.7315068493150685,704.0,109.7,113.46,111.58,100.07,1.0,6,0.27379571426391597
call,2027-06-30,0.7315068493150685,705.0,108.88,112.64,110.75999999999999,102.13,1.0,7,0.27294123062133785
call,2027-06-30,0.7315068493150685,706.0,108.57,111.82,110.195,95.59,1.0,41,0.2720791176605224
call,2027-06-30,0.7315068493150685,707.0,107.58,111.0,109.28999999999999,95.51,2.0,26,0.271217004699707
call,2027-06-30,0.7315068493150685,708.0,106.42,110.18,108.30000000000001,93.46,1.0,15,0.27033963310241693
call,2027-06-30,0.7315068493150685,709.0,105.77,109.36,107.565,93.97,1.0,40,0.2694622615051269
call,2027-06-30,0.7315068493150685,710.0,104.79,108.55,106.67,107.37,30.0,9,0.2686306658172607
call,2027-06-30,0.7315068493150685,711.0,103.98,107.74,105.86,106.61,30.0,0,0.2677838114929199
call,2027-06-30,0.7315068493150685,713.0,103.97,106.07,105.02,97.49,1.0,2,0.2658688526153564
call,2027-06-30,0.7315068493150685,714.0,103.16,105.23,104.195,86.72,,1,0.2648846705627441
call,2027-06-30,0.7315068493150685,715.0,100.79,104.41,102.6,97.34,3.0,8,0.26397678169250494
call,2027-06-30,0.7315068493150685,716.0,101.56,103.61,102.58500000000001,88.66,2.0,21,0.26315281532287604
call,2027-06-30,0.7315068493150685,717.0,99.21,102.85,101.03,85.99,2.0,4,0.26248906463623045
call,2027-06-30,0.7315068493150685,719.0,97.78,101.22,99.5,84.73,1.0,5,0.26068854553222653
call,2027-06-30,0.7315068493150685,720.0,98.37,100.34,99.355,86.77,1.0,44,0.2595060012054443
call,2027-06-30,0.7315068493150685,724.0,93.87,97.11,95.49000000000001,91.7,40.0,56,0.25594310958862304
call,2027-06-30,0.7315068493150685,725.0,92.98,96.33,94.655,95.8,1.0,84,0.25514966049194343
call,2027-06-30,0.7315068493150685,726.0,93.63,95.5,94.565,80.07,4.0,11,0.2541425904846192
call,2027-06-30,0.7315068493150685,728.0,90.69,93.9,92.295,88.45,2.0,5,0.25237258865356443
call,2027-06-30,0.7315068493150685,730.0,89.12,92.35,90.735,76.78,4.0,17,0.25077806114196766
call,2027-06-30,0.7315068493150685,731.0,80.42,85.0,82.71000000000001,76.17,2.0,0,0.2230302307128906
call,2027-06-30,0.7315068493150685,732.0,87.58,90.73,89.155,75.97,2.0,3,0.2488783609008789
call,2027-06-30,0.7315068493150685,733.0,86.82,89.94,88.38,82.31,2.0,2,0.24799335998535155
call,2027-06-30,0.7315068493150685,734.0,86.05,89.14,87.595,74.2,2.0,10,0.2470702124786377
call,2027-06-30,0.7315068493150685,735.0,85.31,88.43,86.87,81.26,3.0,31,0.24650564292907715
call,2027-06-30,0.7315068493150685,736.0,84.55,87.58,86.065,80.56,85.0,89,0.24536887451171874
call,2027-06-30,0.7315068493150685,737.0,83.76,86.82,85.28999999999999,81.1,20.0,24,0.24458305473327638
call,2027-06-30,0.7315068493150685,738.0,83.03,86.02,84.525,80.37,20.0,32,0.24363701927185058
call,2027-06-30,0.7315068493150685,739.0,83.62,85.24,84.43,70.96,2.0,12,0.24275964767456054
call,2027-06-30,0.7315068493150685,740.0,81.55,84.48,83.015,80.5,1.0,239,0.24195856925964357
call,2027-06-30,0.7315068493150685,741.0,80.8,83.71,82.255,81.9,1.0,13,0.2411117149353027
call,2027-06-30,0.7315068493150685,743.0,79.31,82.16,80.735,70.2,4.0,5,0.23935697174072262
call,2027-06-30,0.7315068493150685,744.0,71.29,76.0,73.64500000000001,66.93,11.0,13,0.21707936248779297
call,2027-06-30,0.7315068493150685,745.0,77.83,80.63,79.22999999999999,80.0,11.0,17,0.2376556337738037
call,2027-06-30,0.7315068493150685,746.0,78.32,79.86,79.09,70.48,1.0,17,0.23677063285827635
call,2027-06-30,0.7315068493150685,747.0,76.36,79.11,77.735,74.52,5.0,10,0.23596192512512204
call,2027-06-30,0.7315068493150685,749.0,74.9,76.54,75.72,64.88,1.0,24,0.23012549667358395
call,2027-06-30,0.7315068493150685,750.0,74.19,75.74,74.965,75.24,60.0,152,0.2291031680297852
call,2027-06-30,0.7315068493150685,751.0,73.47,75.1,74.285,74.49,60.0,26,0.2287064434814453
call,2027-06-30,0.7315068493150685,752.0,72.73,74.35,73.53999999999999,61.51,1.0,225,0.2278672184753418
call,2027-06-30,0.7315068493150685,753.0,72.02,73.53,72.775,65.13,4.0,5,0.22674570869445798
call,2027-06-30,0.7315068493150685,754.0,71.31,72.78,72.045,70.96,3.0,31,0.2258988543701172
call,2027-06-30,0.7315068493150685,755.0,70.6,72.13,71.365,72.63,2.0,175,0.2254258366394043
call,2027-06-30,0.7315068493150685,756.0,69.88,71.35,70.615,62.95,2.0,103,0.22444165458679197
call,2027-06-30,0.7315068493150685,757.0,69.18,70.71,69.945,62.88,2.0,59,0.223991524810791
call,2027-06-30,0.7315068493150685,758.0,68.47,69.91,69.19,64.5,85.0,92,0.22291579093933103
call,2027-06-30,0.7315068493150685,759.0,67.78,69.27,68.525,55.9,2.0,13,0.22245040252685544
call,2027-06-30,0.7315068493150685,760.0,67.07,68.56,67.815,69.24,15.0,142,0.22170272933959956
call,2027-06-30,0.7315068493150685,761.0,66.37,67.78,67.075,58.87,3.0,26,0.22068040069580075
call,2027-06-30,0.7315068493150685,762.0,66.65,67.04,66.845,67.21,1.0,96,0.2198030290985107
call,2027-06-30,0.7315068493150685,763.0,66.0,66.42,66.21000000000001,58.9,3.0,20,0.21938341659545896
call,2027-06-30,0.7315068493150685,764.0,65.31,65.71,65.50999999999999,60.41,85.0,97,0.2186052261352539
call,2027-06-30,0.7315068493150685,765.0,64.54,64.89,64.715,66.14,1.0,94,0.2173921645355225
call,2027-06-30,0.7315068493150685,766.0,63.88,64.23,64.055,64.12,4.0,38,0.21678944839477537
call,2027-06-30,0.7315068493150685,767.0,63.18,63.54,63.36,54.42,2.0,57,0.2160646631622314
call,2027-06-30,0.7315068493150685,768.0,62.49,62.84,62.665000000000006,52.07,1.0,26,0.21528647270202636
call,2027-06-30,0.7315068493150685,769.0,61.77,62.14,61.955,57.9,2.0,89,0.21450828224182125
call,2027-06-30,0.7315068493150685,770.0,61.13,61.46,61.295,61.46,15.0,511,0.21379112632751465
call,2027-06-30,0.7315068493150685,775.0,57.74,58.07,57.905,58.41,72.0,617,0.21010616561889645
call,2027-06-30,0.7315068493150685,780.0,54.45,54.81,54.63,54.85,143.0,182,0.20668060173034664
call,2027-06-30,0.7315068493150685,785.0,51.18,51.5,51.34,52.25,9.0,588,0.2028163520431518
call,2027-06-30,0.7315068493150685,790.0,48.09,48.38,48.235,45.34,3.0,652,0.1994098614501953
call,2027-06-30,0.7315068493150685,795.0,45.05,45.32,45.185,44.49,1.0,365,0.19595378028869628
call,2027-06-30,0.7315068493150685,800.0,42.21,42.31,42.260000000000005,43.16,184.0,864,0.19239851799011232
call,2027-06-30,0.7315068493150685,805.0,39.33,39.43,39.379999999999995,40.3,124.0,476,0.18904161796569827
call,2027-06-30,0.7315068493150685,810.0,36.6,36.7,36.650000000000006,36.8,102.0,1956,0.1859364854431152
call,2027-06-30,0.7315068493150685,815.0,33.99,34.08,34.035,34.8,86.0,2027,0.18293816337585447
call,2027-06-30,0.7315068493150685,820.0,31.52,31.61,31.564999999999998,29.77,48.0,1981,0.1801763501739502
call,2027-06-30,0.7315068493150685,825.0,29.17,29.24,29.205,29.04,1.0,2031,0.17746794219970702
call,2027-06-30,0.7315068493150685,830.0,26.91,26.98,26.945,18.86,4.0,1244,0.1748434567260742
call,2027-06-30,0.7315068493150685,835.0,24.76,24.83,24.795,25.42,12.0,962,0.17228763511657716
call,2027-06-30,0.7315068493150685,840.0,22.75,22.82,22.785,19.61,1.0,373,0.16993780509948733
call,2027-06-30,0.7315068493150685,845.0,20.82,20.91,20.865000000000002,19.34,3.0,476,0.16762612167358398
call,2027-06-30,0.7315068493150685,850.0,19.07,19.14,19.105,18.8,4.0,187,0.1655204298400879
call,2027-06-30,0.7315068493150685,855.0,17.42,17.49,17.455,15.42,1.0,17,0.1635520657348633
call,2027-06-30,0.7315068493150685,860.0,15.92,15.97,15.945,16.08,1.0,568,0.16177443458557125
call,2027-06-30,0.7315068493150685,865.0,14.49,14.56,14.525,14.72,3.0,532,0.16011887252807616
call,2027-06-30,0.7315068493150685,870.0,13.17,13.24,13.205,12.82,1.0,17,0.1585090863800049
call,2027-06-30,0.7315068493150685,875.0,11.98,12.04,12.01,12.2,42.0,288,0.15709766250610352
call,2027-06-30,0.7315068493150685,880.0,10.9,10.94,10.92,9.86,1.0,595,0.15581593704223634
call,2027-06-30,0.7315068493150685,885.0,9.85,9.92,9.885,8.67,124.0,668,0.15459524612426762
call,2027-06-30,0.7315068493150685,890.0,8.94,9.0,8.969999999999999,6.5,1.0,347,0.15354240020751952
call,2027-06-30,0.7315068493150685,895.0,8.1,8.14,8.120000000000001,7.98,1.0,57,0.1524742956542969
call,2027-06-30,0.7315068493150685,900.0,7.31,7.36,7.335,7.22,3.0,999,0.15152826019287113
call,2027-06-30,0.7315068493150685,905.0,6.58,6.64,6.609999999999999,4.3,1.0,1205,0.15059748336791995
call,2027-06-30,0.7315068493150685,910.0,5.93,5.99,5.96,5.84,1.0,389,0.14977351699829106
call,2027-06-30,0.7315068493150685,915.0,5.32,5.37,5.345000000000001,4.19,3.0,161,0.14879696426391603
call,2027-06-30,0.7315068493150685,920.0,4.78,4.83,4.805,4.99,576.0,2034,0.14806454971313482
call,2027-06-30,0.7315068493150685,925.0,4.3,4.35,4.324999999999999,4.42,1.0,679,0.14748472152709963
call,2027-06-30,0.7315068493150685,930.0,3.85,3.89,3.87,2.32,5.0,309,0.14670653106689452
call,2027-06-30,0.7315068493150685,935.0,3.44,3.48,3.46,2.36,21.0,300,0.1460351510620117
call,2027-06-30,0.7315068493150685,940.0,3.07,3.11,3.09,2.4,12.0,25,0.14542480560302734
call,2027-06-30,0.7315068493150685,945.0,2.75,2.79,2.77,2.22,1.0,1065,0.14499756378173828
call,2027-06-30,0.7315068493150685,950.0,2.45,2.49,2.47,2.55,123.0,10150,0.14447877014160154
call,2027-06-30,0.7315068493150685,955.0,2.19,2.23,2.21,1.64,797.0,627,0.14411256286621094
call,2027-06-30,0.7315068493150685,960.0,1.96,1.99,1.975,2.03,2.0,1486,0.1437005796813965
call,2027-06-30,0.7315068493150685,965.0,1.75,1.78,1.7650000000000001,1.85,56.0,163,0.1434106655883789
call,2027-06-30,0.7315068493150685,970.0,1.56,1.6,1.58,1.02,1.0,151,0.14328859649658204
call,2027-06-30,0.7315068493150685,975.0,1.39,1.43,1.41,1.04,5.0,225,0.1430444583129883
call,2027-06-30,0.7315068493150685,980.0,1.25,1.28,1.2650000000000001,0.77,20.0,301,0.14286135467529298
call,2027-06-30,0.7315068493150685,985.0,1.12,1.15,1.135,0.93,1.0,17,0.14283083740234376
call,2027-06-30,0.7315068493150685,990.0,1.01,1.03,1.02,0.79,1.0,296,0.14270876831054688
call,2027-06-30,0.7315068493150685,995.0,0.91,0.93,0.92,0.64,1.0,333,0.14283083740234376
put,2027-06-30,0.7315068493150685,520.0,3.73,3.77,3.75,3.94,1.0,220,0.29614961669921874
put,2027-06-30,0.7315068493150685,525.0,3.88,3.9,3.8899999999999997,4.08,2.0,941,0.2923959921264647
put,2027-06-30,0.7315068493150685,530.0,4.02,4.04,4.029999999999999,4.79,1.0,322,0.28873391937255855
put,2027-06-30,0.7315068493150685,535.0,4.17,4.19,4.18,4.41,1.0,130,0.28519391571044916
put,2027-06-30,0.7315068493150685,540.0,4.32,4.35,4.335,4.87,1.0,555,0.28171494659423824
put,2027-06-30,0.7315068493150685,545.0,4.49,4.52,4.505,5.18,2.0,231,0.27829701202392576
put,2027-06-30,0.7315068493150685,550.0,4.66,4.68,4.67,4.67,5.0,1487,0.27466545654296876
put,2027-06-30,0.7315068493150685,555.0,4.83,4.87,4.85,5.57,45.0,112,0.27136959106445313
put,2027-06-30,0.7315068493150685,560.0,5.02,5.05,5.035,5.45,2.0,212,0.267860104675293
put,2027-06-30,0.7315068493150685,570.0,5.42,5.45,5.4350000000000005,6.03,25.0,557,0.261100528717041
put,2027-06-30,0.7315068493150685,575.0,5.64,5.67,5.654999999999999,5.94,3.0,280,0.257819921875
put,2027-06-30,0.7315068493150685,580.0,5.86,5.89,5.875,5.92,65.0,94,0.254463021850586
put,2027-06-30,0.7315068493150685,585.0,6.09,6.13,6.109999999999999,6.22,70.0,407,0.2512281909179687
put,2027-06-30,0.7315068493150685,590.0,6.34,6.38,6.359999999999999,6.47,2.0,24,0.24799335998535155
put,2027-06-30,0.7315068493150685,595.0,6.61,6.65,6.630000000000001,7.6,2.0,152,0.24485008087158205
put,2027-06-30,0.7315068493150685,600.0,6.87,6.92,6.895,7.02,20.0,374,0.24161524993896483
put,2027-06-30,0.7315068493150685,605.0,7.17,7.2,7.1850000000000005,7.32,18.0,25,0.23836516036987304
put,2027-06-30,0.7315068493150685,610.0,7.46,7.49,7.475,7.61,1.0,32,0.23509981216430664
put,2027-06-30,0.7315068493150685,615.0,7.76,7.81,7.785,8.89,86.0,428,0.23200230895996093
put,2027-06-30,0.7315068493150685,620.0,8.1,8.14,8.120000000000001,8.3,1.0,89,0.22887428848266606
put,2027-06-30,0.7315068493150685,625.0,8.44,8.49,8.465,8.57,1.0,249,0.2257767852783203
put,2027-06-30,0.7315068493150685,630.0,8.81,8.85,8.83,8.79,3.0,257,0.22264876480102536
put,2027-06-30,0.7315068493150685,635.0,9.19,9.23,9.21,9.72,1.0,25,0.21955126159667968
put,2027-06-30,0.7315068493150685,640.0,9.59,9.63,9.61,10.74,1.0,240,0.21648427566528317
put,2027-06-30,0.7315068493150685,645.0,10.01,10.05,10.030000000000001,10.53,1.0,55,0.21341728973388674
put,2027-06-30,0.7315068493150685,650.0,10.45,10.49,10.469999999999999,10.5,14.0,240,0.2103503038024902
put,2027-06-30,0.7315068493150685,655.0,10.9,10.95,10.925,11.68,1.0,34,0.20729857650756833
put,2027-06-30,0.7315068493150685,660.0,11.39,11.44,11.415,12.46,1.0,67,0.2042773664855957
put,2027-06-30,0.7315068493150685,661.0,11.49,11.55,11.52,14.48,2.0,11,0.20374331420898437
put,2027-06-30,0.7315068493150685,662.0,11.59,11.65,11.620000000000001,14.62,,1,0.20312533943176267
put,2027-06-30,0.7315068493150685,664.0,14.24,14.31,14.275,17.46,4.0,6,0.21686574157714844
put,2027-06-30,0.7315068493150685,665.0,11.91,11.95,11.93,14.09,31.0,3016,0.20124852714538574
put,2027-06-30,0.7315068493150685,666.0,12.0,12.06,12.030000000000001,13.62,1.0,4,0.20067632827758786
put,2027-06-30,0.7315068493150685,667.0,12.1,12.17,12.135,13.82,1.0,8,0.20009650009155272
put,2027-06-30,0.7315068493150685,668.0,14.19,14.28,14.235,18.15,7.0,0,0.2114641842651367
put,2027-06-30,0.7315068493150685,669.0,17.86,17.94,17.9,25.02,,1,0.23084265258789063
put,2027-06-30,0.7315068493150685,670.0,12.43,12.48,12.455,14.49,4.0,122,0.19818917053222657
put,2027-06-30,0.7315068493150685,671.0,18.16,18.24,18.2,25.32,3.0,5,0.22972877212524412
put,2027-06-30,0.7315068493150685,672.0,12.66,12.71,12.685,12.65,2.0,7123,0.19702951416015624
put,2027-06-30,0.7315068493150685,673.0,15.39,15.47,15.43,18.44,4.0,31,0.21170832244873045
put,2027-06-30,0.7315068493150685,674.0,12.87,12.94,12.905,14.82,9.0,11,0.19583934051513674
put,2027-06-30,0.7315068493150685,675.0,13.0,13.05,13.025,13.97,1.0,18,0.1952137364196777
put,2027-06-30,0.7315068493150685,676.0,13.1,13.18,13.14,13.08,1.0,190,0.19468731346130372
put,2027-06-30,0.7315068493150685,677.0,13.23,13.29,13.26,13.2,1.0,8,0.19403882141113282
put,2027-06-30,0.7315068493150685,679.0,13.45,13.53,13.489999999999998,18.17,6.0,11,0.19284864776611327
put,2027-06-30,0.7315068493150685,680.0,13.58,13.63,13.605,13.62,10.0,163,0.19212386253356936
put,2027-06-30,0.7315068493150685,681.0,19.72,19.81,19.765,27.84,1.0,4,0.22414411117553706
put,2027-06-30,0.7315068493150685,682.0,13.83,13.9,13.865,17.17,3.0,10,0.19106338729858396
put,2027-06-30,0.7315068493150685,683.0,13.95,14.01,13.98,16.4,7.0,235,0.1903767486572266
put,2027-06-30,0.7315068493150685,685.0,14.2,14.27,14.235,17.82,3.0,36,0.18920946296691896
put,2027-06-30,0.7315068493150685,686.0,14.32,14.39,14.355,18.78,1.0,13,0.18856097091674806
put,2027-06-30,0.7315068493150685,688.0,14.58,14.65,14.615,18.53,2.0,4,0.1873555386352539
put,2027-06-30,0.7315068493150685,689.0,14.72,14.78,14.75,16.1,4.0,5,0.18674519317626953
put,2027-06-30,0.7315068493150685,690.0,14.85,14.91,14.879999999999999,15.08,1.0,265,0.18611958908081055
put,2027-06-30,0.7315068493150685,691.0,18.02,18.1,18.060000000000002,29.72,1.0,22,0.20144688941955566
put,2027-06-30,0.7315068493150685,692.0,15.12,15.2,15.16,17.7,2.0,4,0.18502096725463862
put,2027-06-30,0.7315068493150685,693.0,15.26,15.33,15.295,20.04,1.0,83,0.18437247520446778
put,2027-06-30,0.7315068493150685,694.0,15.39,15.46,15.425,16.84,4.0,33,0.18372398315429686
put,2027-06-30,0.7315068493150685,695.0,15.53,15.61,15.57,19.36,1.0,33,0.18317467224121092
put,2027-06-30,0.7315068493150685,696.0,15.67,15.74,15.705,18.41,121.0,123,0.1825032922363281
put,2027-06-30,0.7315068493150685,697.0,15.81,15.88,15.845,16.69,1.0,18,0.18189294677734374
put,2027-06-30,0.7315068493150685,698.0,15.95,16.03,15.99,17.69,2.0,9,0.18131311859130855
put,2027-06-30,0.7315068493150685,699.0,16.1,16.18,16.14,21.26,67.0,143,0.18073329040527342
put,2027-06-30,0.7315068493150685,700.0,16.26,16.34,16.3,16.28,12.0,426,0.1801839794921875
put,2027-06-30,0.7315068493150685,701.0,16.39,16.47,16.43,18.48,1.0,16,0.17948971153259277
put,2027-06-30,0.7315068493150685,702.0,16.55,16.63,16.59,17.48,1.0,40,0.1789327713012695
put,2027-06-30,0.7315068493150685,703.0,16.69,16.78,16.735,18.28,1.0,6,0.17831479652404789
put,2027-06-30,0.7315068493150685,704.0,16.85,16.93,16.89,21.23,19.0,343,0.17769682174682616
put,2027-06-30,0.7315068493150685,705.0,17.0,17.08,17.04,19.26,40.0,79,0.17706358833312988
put,2027-06-30,0.7315068493150685,706.0,17.16,17.24,17.2,21.59,13.0,74,0.17647613082885744
put,2027-06-30,0.7315068493150685,707.0,17.32,17.41,17.365000000000002,20.16,1.0,13,0.17592681991577147
put,2027-06-30,0.7315068493150685,708.0,17.48,17.58,17.53,22.09,19.0,177,0.17536987968444825
put,2027-06-30,0.7315068493150685,709.0,17.62,17.71,17.665,24.08,1.0,7,0.17461457717895512
put,2027-06-30,0.7315068493150685,710.0,17.79,17.88,17.835,19.28,3.0,1342,0.17403474899291993
put,2027-06-30,0.7315068493150685,711.0,17.95,18.04,17.994999999999997,20.34,1.0,23,0.17340914489746095
put,2027-06-30,0.7315068493150685,712.0,18.13,18.22,18.174999999999997,19.8,136.0,441,0.17286746330261232
put,2027-06-30,0.7315068493150685,713.0,18.29,18.38,18.335,25.25,1.0,2,0.17221897125244146
put,2027-06-30,0.7315068493150685,714.0,18.46,18.54,18.5,25.5,1.0,3,0.1715628498840332
put,2027-06-30,0.7315068493150685,715.0,18.63,18.71,18.67,18.54,8.0,162,0.17095250442504883
put,2027-06-30,0.7315068493150685,716.0,18.8,18.88,18.84,23.78,1.0,12,0.17032690032958986
put,2027-06-30,0.7315068493150685,717.0,18.97,19.06,19.015,25.48,1.0,8,0.16973944282531742
put,2027-06-30,0.7315068493150685,718.0,19.15,19.23,19.189999999999998,19.07,519.0,6,0.16909858009338383
put,2027-06-30,0.7315068493150685,719.0,19.33,19.42,19.375,19.69,6.0,4,0.1685416398620606
put,2027-06-30,0.7315068493150685,720.0,19.51,19.61,19.560000000000002,19.75,7.0,139,0.16797707031250003
put,2027-06-30,0.7315068493150685,721.0,19.68,19.78,19.73,24.6,10.0,257,0.16730569030761722
put,2027-06-30,0.7315068493150685,722.0,19.89,19.98,19.935000000000002,25.81,,170,0.1667640087127686
put,2027-06-30,0.7315068493150685,725.0,20.42,20.52,20.47,20.61,1.0,27,0.16481853256225587
put,2027-06-30,0.7315068493150685,726.0,20.62,20.7,20.66,23.38,1.0,2,0.16415478187561036
put,2027-06-30,0.7315068493150685,727.0,20.8,20.9,20.85,21.1,1.0,0,0.16356732437133792
put,2027-06-30,0.7315068493150685,728.0,21.01,21.1,21.055,25.75,,3,0.16297223754882814
put,2027-06-30,0.7315068493150685,729.0,29.42,29.54,29.48,38.5,,1,0.19764748893737794
put,2027-06-30,0.7315068493150685,730.0,21.41,21.51,21.46,21.42,10.0,1572,0.16178969322204587
put,2027-06-30,0.7315068493150685,731.0,21.59,21.69,21.64,23.51,1.0,278,0.16108016662597657
put,2027-06-30,0.7315068493150685,733.0,30.43,30.55,30.490000000000002,38.44,5.0,6,0.19546550392150877
put,2027-06-30,0.7315068493150685,734.0,22.22,22.31,22.265,24.4,170.0,171,0.1592262422943115
put,2027-06-30,0.7315068493150685,735.0,22.43,22.53,22.48,25.21,1.0,247,0.15864641410827637
put,2027-06-30,0.7315068493150685,736.0,22.64,22.74,22.689999999999998,24.62,1.0,156,0.1580131806945801
put,2027-06-30,0.7315068493150685,737.0,22.85,22.95,22.9,24.84,1.0,14,0.1573723179626465
put,2027-06-30,0.7315068493150685,740.0,23.51,23.61,23.560000000000002,29.0,24.0,315,0.15551076431274413
put,2027-06-30,0.7315068493150685,741.0,32.56,32.69,32.625,40.62,,0,0.19115493911743164
put,2027-06-30,0.7315068493150685,742.0,28.44,28.56,28.5,35.8,1.0,243,0.17272250625610353
put,2027-06-30,0.7315068493150685,743.0,28.7,28.82,28.759999999999998,33.12,1.0,1,0.172157936706543
put,2027-06-30,0.7315068493150685,745.0,24.64,24.75,24.695,28.28,1.0,778,0.15235985588073733
put,2027-06-30,0.7315068493150685,746.0,24.88,24.99,24.935,27.75,4.0,27,0.15174188110351564
put,2027-06-30,0.7315068493150685,747.0,29.55,29.64,29.595,34.35,1.0,0,0.16890784713745122
put,2027-06-30,0.7315068493150685,748.0,25.36,25.46,25.41,31.27,20.0,615,0.15044489700317387
put,2027-06-30,0.7315068493150685,749.0,25.61,25.72,25.665,31.7,2.0,106,0.149872698135376
put,2027-06-30,0.7315068493150685,750.0,25.85,25.96,25.905,26.15,3.0,478,0.14921657676696778
put,2027-06-30,0.7315068493150685,751.0,26.09,26.19,26.14,32.52,1.0,154,0.14850705017089844
put,2027-06-30,0.7315068493150685,752.0,26.34,26.44,26.39,28.28,1.0,315,0.14786618743896485
put,2027-06-30,0.7315068493150685,753.0,31.45,31.58,31.515,44.05,2.0,2,0.1665580171203614
put,2027-06-30,0.7315068493150685,754.0,31.74,31.88,31.81,38.31,1.0,6,0.16603159416198734
put,2027-06-30,0.7315068493150685,755.0,27.12,27.22,27.17,30.43,2.0,83,0.14598937515258786
put,2027-06-30,0.7315068493150685,756.0,27.38,27.49,27.435,30.82,1.0,16,0.1453714003753662
put,2027-06-30,0.7315068493150685,757.0,27.64,27.74,27.689999999999998,32.21,50.0,117,0.14466950309753418
put,2027-06-30,0.7315068493150685,758.0,27.91,28.01,27.96,31.99,10.0,176,0.14403626968383787
put,2027-06-30,0.7315068493150685,759.0,28.18,28.27,28.225,35.06,1.0,50,0.1433496310424805
put,2027-06-30,0.7315068493150685,760.0,28.46,28.56,28.509999999999998,28.89,1.0,64,0.142762173538208
put,2027-06-30,0.7315068493150685,761.0,28.76,28.86,28.810000000000002,32.52,41.0,143,0.14220523330688478
put,2027-06-30,0.7315068493150685,762.0,29.04,29.14,29.09,34.49,2.0,337,0.14155674125671389
put,2027-06-30,0.7315068493150685,763.0,29.3,29.41,29.355,32.68,46.0,175,0.14086247329711915
put,2027-06-30,0.7315068493150685,764.0,29.57,29.67,29.62,29.39,1.0,120,0.14010717079162596
put,2027-06-30,0.7315068493150685,765.0,29.87,29.97,29.92,33.84,4.0,297,0.1394968253326416
put,2027-06-30,0.7315068493150685,766.0,30.19,30.29,30.240000000000002,35.54,20.0,58,0.1389475144195557
put,2027-06-30,0.7315068493150685,767.0,30.46,30.56,30.509999999999998,34.68,3.0,69,0.1381922119140625
put,2027-06-30,0.7315068493150685,768.0,30.76,30.86,30.810000000000002,38.47,1.0,431,0.1375437198638916
put,2027-06-30,0.7315068493150685,769.0,31.09,31.19,31.14,32.82,42.0,468,0.1369867796325684
put,2027-06-30,0.7315068493150685,770.0,31.39,31.49,31.439999999999998,33.0,8.0,982,0.13630777030944827
put,2027-06-30,0.7315068493150685,775.0,32.96,33.05,33.004999999999995,33.0,13.0,593,0.13290509437561035
put,2027-06-30,0.7315068493150685,780.0,34.64,34.74,34.69,34.5,9.0,882,0.12961685821533203
put,2027-06-30,0.7315068493150685,785.0,36.44,36.56,36.5,42.4,1.0,270,0.12639728591918942
put,2027-06-30,0.7315068493150685,790.0,38.36,38.49,38.425,38.07,4.0,742,0.12314719635009766
put,2027-06-30,0.7315068493150685,795.0,40.36,40.49,40.425,40.84,2.0,613,0.11969111518859862
put,2027-06-30,0.7315068493150685,800.0,42.49,42.65,42.57,43.1,2.0,665,0.11633421516418457
put,2027-06-30,0.7315068493150685,805.0,44.74,44.89,44.815,55.99,2.0,681,0.11271791831970215
put,2027-06-30,0.7315068493150685,810.0,47.15,47.31,47.230000000000004,51.06,43.0,50,0.10920080261230468
put,2027-06-30,0.7315068493150685,815.0,49.78,49.96,49.870000000000005,53.11,2.0,6,0.10595834236145019
put,2027-06-30,0.7315068493150685,820.0,52.43,52.61,52.519999999999996,52.2,2.0,138,0.10197583824157713
put,2027-06-30,0.7315068493150685,825.0,55.33,55.58,55.455,60.93,30.0,725,0.09856553298950196
put,2027-06-30,0.7315068493150685,830.0,58.34,58.65,58.495000000000005,63.43,10.0,610,0.0947203565979004
put,2027-06-30,0.7315068493150685,835.0,61.61,61.91,61.76,76.66,25.0,634,0.09075311111450196
put,2027-06-30,0.7315068493150685,840.0,65.01,65.34,65.17500000000001,69.17,1.0,14,0.08649595153808595
put,2027-06-30,0.7315068493150685,845.0,68.61,70.02,69.315,75.91,3.0,149,0.08890681610107423
put,2027-06-30,0.7315068493150685,850.0,71.12,74.06,72.59,77.22,2.0,33,0.08669431381225587
put,2027-06-30,0.7315068493150685,855.0,74.84,78.33,76.58500000000001,76.47,1.0,0,0.08516845016479493
put,2027-06-30,0.7315068493150685,860.0,79.03,82.31,80.67,93.42,2.0,1,0.07982792739868164
put,2027-06-30,0.7315068493150685,865.0,99.11,102.84,100.975,90.86,2.0,0,0.17347017944335938
put,2027-06-30,0.7315068493150685,870.0,88.27,91.82,90.04499999999999,103.0,1.0,0,0.08124698059082032
put,2027-06-30,0.7315068493150685,895.0,123.53,128.46,125.995,149.13,2.0,0,0.18010768630981444
call,2027-09-17,0.947945205479452,50.0,728.0,732.5,730.25,728.44,2.0,3,1.2158242333984375
call,2027-09-17,0.947945205479452,55.0,723.0,727.5,725.25,726.97,2.0,1,1.169926025390625
call,2027-09-17,0.947945205479452,125.0,626.0,630.83,628.415,615.0,1.0,1,1.0000000000000003e-05
call,2027-09-17,0.947945205479452,135.0,619.0,623.23,621.115,608.0,2.0,4,1.0000000000000003e-05
call,2027-09-17,0.947945205479452,185.0,571.5,576.02,573.76,561.0,1.0,1,1.0000000000000003e-05
call,2027-09-17,0.947945205479452,190.0,567.0,571.32,569.1600000000001,547.0,,1,1.0000000000000003e-05
call,2027-09-17,0.947945205479452,200.0,582.59,586.0,584.2950000000001,567.68,2.0,1,0.7988911712646485
call,2027-09-17,0.947945205479452,210.0,548.0,552.52,550.26,537.0,1.0,1,1.0000000000000003e-05
call,2027-09-17,0.947945205479452,235.0,537.0,541.5,539.25,542.64,,2,1.0000000000000003e-05
call,2027-09-17,0.947945205479452,240.0,532.23,537.0,534.615,537.93,1.0,0,1.0000000000000003e-05
call,2027-09-17,0.947945205479452,245.0,527.5,532.0,529.75,533.18,1.0,1,1.0000000000000003e-05
call,2027-09-17,0.947945205479452,260.0,525.6,529.0,527.3,500.64,1.0,1,0.7220486779785156
call,2027-09-17,0.947945205479452,300.0,487.72,491.5,489.61,484.0,20.0,23,0.6752962158203126
call,2027-09-17,0.947945205479452,315.0,473.52,477.0,475.26,468.27,2.0,1,0.6543918838500978
call,2027-09-17,0.947945205479452,320.0,430.0,434.54,432.27,439.73,,1,1.0000000000000003e-05
call,2027-09-17,0.947945205479452,325.0,446.87,451.5,449.185,425.13,,0,1.0000000000000003e-05
call,2027-09-17,0.947945205479452,340.0,432.8,437.5,435.15,411.26,,0,1.0000000000000003e-05
call,2027-09-17,0.947945205479452,345.0,428.12,432.5,430.31,405.43,2.0,0,1.0000000000000003e-05
call,2027-09-17,0.947945205479452,350.0,423.5,428.0,425.75,404.7,2.0,0,1.0000000000000003e-05
call,2027-09-17,0.947945205479452,355.0,397.5,402.06,399.78,406.67,,0,1.0000000000000003e-05
call,2027-09-17,0.947945205479452,365.0,426.33,430.0,428.16499999999996,418.59,,330,0.5966684620666505
call,2027-09-17,0.947945205479452,370.0,404.73,409.5,407.115,386.16,,0,1.0000000000000003e-05
call,2027-09-17,0.947945205479452,380.0,412.16,416.0,414.08000000000004,401.5,1.0,0,0.580006031036377
call,2027-09-17,0.947945205479452,385.0,407.47,411.0,409.235,396.0,1.0,79,0.5728344718933105
call,2027-09-17,0.947945205479452,390.0,402.77,406.5,404.635,401.0,1.0,3,0.5683331741333008
call,2027-09-17,0.947945205479452,395.0,398.09,402.0,400.04499999999996,401.2,1.0,2,0.5639081695556643
call,2027-09-17,0.947945205479452,400.0,393.39,396.75,395.07,384.48,2.0,14,0.555515919494629
call,2027-09-17,0.947945205479452,410.0,347.0,351.49,349.245,330.0,,1,1.0000000000000003e-05
call,2027-09-17,0.947945205479452,415.0,362.79,367.5,365.145,341.78,,1,0.36176175354003903
call,2027-09-17,0.947945205479452,440.0,355.87,359.5,357.685,347.59,1.0,1,0.51347837600708
call,2027-09-17,0.947945205479452,445.0,339.66,344.5,342.08000000000004,346.62,1.0,2,0.426687251739502
call,2027-09-17,0.947945205479452,450.0,346.53,350.5,348.515,339.5,1.0,48,0.5044300045776368
call,2027-09-17,0.947945205479452,455.0,341.86,345.5,343.68,322.1,,1,0.5125475991821288
call,2027-09-17,0.947945205479452,470.0,316.5,321.41,318.95500000000004,293.92,,4,0.41142861526489255
call,2027-09-17,0.947945205479452,475.0,311.86,316.5,314.18,287.99,2.0,4,0.40537093658447265
call,2027-09-17,0.947945205479452,480.0,318.59,322.5,320.54499999999996,297.51,2.0,0,0.4877370562744141
call,2027-09-17,0.947945205479452,485.0,313.95,318.0,315.975,299.31,1.0,4,0.4834646380615235
call,2027-09-17,0.947945205479452,490.0,274.0,278.84,276.41999999999996,284.39,2.0,2,1.0000000000000003e-05
call,2027-09-17,0.947945205479452,495.0,304.69,308.5,306.595,295.39,1.0,1,0.4713492807006836
call,2027-09-17,0.947945205479452,500.0,300.07,304.0,302.03499999999997,286.83,1.0,58,0.4670387158966065
call,2027-09-17,0.947945205479452,505.0,295.44,299.5,297.47,286.12,1.0,11,0.4626900045013428
call,2027-09-17,0.947945205479452,510.0,290.82,294.5,292.65999999999997,282.0,1.0,11,0.45502253967285156
call,2027-09-17,0.947945205479452,515.0,286.2,290.0,288.1,274.1,40.0,18,0.4506738282775879
call,2027-09-17,0.947945205479452,520.0,281.26,285.5,283.38,262.16,1.0,5,0.4462793409729004
call,2027-09-17,0.947945205479452,525.0,276.67,281.0,278.83500000000004,254.03,1.0,18,0.4418695950317383
call,2027-09-17,0.947945205479452,530.0,257.51,262.5,260.005,248.65,1.0,6,0.34133043930053714
call,2027-09-17,0.947945205479452,535.0,267.5,271.99,269.745,256.58,2.0,5,0.4328975167846679
call,2027-09-17,0.947945205479452,540.0,262.93,267.0,264.96500000000003,256.28,2.0,15,0.4254665608215333
call,2027-09-17,0.947945205479452,545.0,258.37,262.5,260.435,249.05,1.0,6,0.4209957803344727
call,2027-09-17,0.947945205479452,550.0,253.82,258.0,255.91,248.0,3.0,54,0.4164868532562255
call,2027-09-17,0.947945205479452,555.0,249.27,253.5,251.385,233.07,2.0,4,0.4119474089050293
call,2027-09-17,0.947945205479452,560.0,244.74,249.0,246.87,228.62,2.0,16,0.40738507659912115
call,2027-09-17,0.947945205479452,565.0,240.21,244.5,242.35500000000002,224.1,5.0,2,0.402799856338501
call,2027-09-17,0.947945205479452,570.0,235.69,240.0,237.845,219.78,5.0,9,0.39818411880493165
call,2027-09-17,0.947945205479452,575.0,231.2,235.5,233.35,211.6,3.0,23,0.3935454933166504
call,2027-09-17,0.947945205479452,580.0,226.71,231.0,228.85500000000002,218.73,1.0,9,0.38887635055541997
call,2027-09-17,0.947945205479452,585.0,222.23,226.5,224.365,217.45,3.0,5,0.3841766905212402
call,2027-09-17,0.947945205479452,590.0,218.12,222.0,220.06,203.8,5.0,16,0.3794465132141113
call,2027-09-17,0.947945205479452,595.0,213.65,217.5,215.575,200.77,31.0,30,0.37470107727050783
call,2027-09-17,0.947945205479452,600.0,209.21,213.46,211.335,211.46,11.0,194,0.3722062902069092
call,2027-09-17,0.947945205479452,605.0,204.81,209.0,206.905,204.75,1.0,409,0.3675600354003906
call,2027-09-17,0.947945205479452,610.0,200.41,204.5,202.45499999999998,203.35,2.0,138,0.3626925303649902
call,2027-09-17,0.947945205479452,615.0,196.01,200.0,198.005,192.08,1.0,27,0.35780213737487787
call,2027-09-17,0.947945205479452,620.0,191.62,195.5,193.56,194.5,14.0,76,0.3528735977935791
call,2027-09-17,0.947945205479452,625.0,187.25,191.5,189.375,183.68,1.0,25,0.3502338536834716
call,2027-09-17,0.947945205479452,630.0,182.91,187.0,184.95499999999998,175.09,1.0,57,0.3452213916015625
call,2027-09-17,0.947945205479452,635.0,178.58,182.5,180.54000000000002,168.47,3.0,633,0.3401784122467041
call,2027-09-17,0.947945205479452,640.0,174.27,178.5,176.385,159.0,2.0,191,0.33731741790771486
call,2027-09-17,0.947945205479452,645.0,170.0,174.0,172.0,162.0,1.0,55,0.33218288673400886
call,2027-09-17,0.947945205479452,650.0,165.74,170.0,167.87,165.63,5.0,269,0.3291693060302734
call,2027-09-17,0.947945205479452,655.0,161.49,165.5,163.495,155.01,1.0,431,0.323950852355957
call,2027-09-17,0.947945205479452,660.0,157.25,161.5,159.375,146.0,1.0,49,0.3207846852874755
call,2027-09-17,0.947945205479452,665.0,153.05,157.0,155.025,141.32,1.0,170,0.31546705047607415
call,2027-09-17,0.947945205479452,670.0,148.88,153.0,150.94,150.0,1.0,212,0.31215592636108397
call,2027-09-17,0.947945205479452,675.0,144.72,149.0,146.86,139.0,1.0,135,0.3087532504272461
call,2027-09-17,0.947945205479452,680.0,140.58,144.5,142.54000000000002,143.0,1.0,1474,0.3032753999328613
call,2027-09-17,0.947945205479452,685.0,136.47,140.5,138.485,131.0,4.0,181,0.2997277669525146
call,2027-09-17,0.947945205479452,690.0,132.37,136.5,134.435,135.09,13.0,234,0.29608095283508307
call,2027-09-17,0.947945205479452,695.0,128.33,132.5,130.41500000000002,130.24,1.0,108,0.2923502162170409
call,2027-09-17,0.947945205479452,700.0,124.32,128.45,126.38499999999999,126.6,7.0,238,0.288344824142456
call,2027-09-17,0.947945205479452,705.0,120.36,124.5,122.43,116.25,5.0,133,0.28462171684265125
call,2027-09-17,0.947945205479452,710.0,116.46,120.47,118.465,118.7,3.0,641,0.28050951431274407
call,2027-09-17,0.947945205479452,715.0,112.65,116.5,114.575,111.37,3.0,82,0.27653463951110835
call,2027-09-17,0.947945205479452,720.0,108.84,112.85,110.845,104.25,3.0,173,0.2736126106262207
call,2027-09-17,0.947945205479452,725.0,105.09,109.0,107.045,100.23,1.0,61,0.26985898605346675
call,2027-09-17,0.947945205479452,730.0,101.34,103.29,102.315,102.01,2.0,219,0.2593839321136475
call,2027-09-17,0.947945205479452,735.0,97.65,100.86,99.255,99.2,2.0,206,0.26047492462158206
call,2027-09-17,0.947945205479452,740.0,94.03,98.0,96.015,90.69,3.0,363,0.25985694984436036
call,2027-09-17,0.947945205479452,745.0,90.42,94.0,92.21000000000001,86.48,1.0,254,0.2551191432189942
call,2027-09-17,0.947945205479452,750.0,86.84,89.64,88.24000000000001,89.01,108.0,617,0.24904620590209958
call,2027-09-17,0.947945205479452,755.0,84.48,85.97,85.225,85.46,3.0,549,0.24522391746520997
call,2027-09-17,0.947945205479452,760.0,79.85,81.39,80.62,81.5,5.0,925,0.2381973153686523
call,2027-09-17,0.947945205479452,765.0,77.45,77.84,77.64500000000001,74.69,3.0,1334,0.23452761329650876
call,2027-09-17,0.947945205479452,770.0,74.06,74.44,74.25,74.75,17.0,1744,0.23120885986328127
call,2027-09-17,0.947945205479452,775.0,70.69,71.1,70.895,71.19,104.0,1094,0.22793206768035884
call,2027-09-17,0.947945205479452,780.0,67.39,67.72,67.555,67.65,53.0,636,0.2243577320861816
call,2027-09-17,0.947945205479452,785.0,64.17,64.53,64.35,65.13,27.0,1438,0.22124497024536133
call,2027-09-17,0.947945205479452,790.0,60.96,61.28,61.120000000000005,61.44,35.0,1881,0.2177583718109131
call,2027-09-17,0.947945205479452,795.0,57.88,58.18,58.03,58.81,12.0,865,0.214576946105957
call,2027-09-17,0.947945205479452,800.0,54.89,55.19,55.04,55.1,34.0,1160,0.21157099472045893
call,2027-09-17,0.947945205479452,805.0,51.89,52.18,52.035,52.48,11.0,1241,0.20829801719665522
call,2027-09-17,0.947945205479452,810.0,49.13,49.22,49.175,49.93,78.0,1180,0.20497926376342768
call,2027-09-17,0.947945205479452,815.0,46.34,46.44,46.39,47.25,2.0,1909,0.20204960556030271
call,2027-09-17,0.947945205479452,820.0,43.62,43.71,43.665,44.1,13.0,4365,0.1990589128112793
call,2027-09-17,0.947945205479452,825.0,41.02,41.1,41.06,41.48,42.0,1212,0.19624369438171388
call,2027-09-17,0.947945205479452,830.0,38.49,38.57,38.53,39.17,13.0,1981,0.193466622543335
call,2027-09-17,0.947945205479452,835.0,36.14,36.21,36.175,36.14,167.0,1119,0.19101761138916018
call,2027-09-17,0.947945205479452,840.0,33.82,33.9,33.86,33.87,95.0,2785,0.1884999363708496
call,2027-09-17,0.947945205479452,845.0,31.58,31.67,31.625,31.68,11.0,2323,0.18600514930725096
call,2027-09-17,0.947945205479452,850.0,29.44,29.52,29.48,29.57,19.0,2326,0.18352562088012692
call,2027-09-17,0.947945205479452,855.0,27.48,27.56,27.52,28.02,7.0,1485,0.18146570495605469
call,2027-09-17,0.947945205479452,860.0,25.54,25.6,25.57,21.87,42.0,2043,0.17913113357543942
call,2027-09-17,0.947945205479452,865.0,23.73,23.81,23.77,24.42,1.0,1577,0.1771551401519775
call,2027-09-17,0.947945205479452,870.0,22.07,22.13,22.1,22.2,81.0,2376,0.17532410377502441
call,2027-09-17,0.947945205479452,875.0,20.45,20.52,20.485,20.58,7.0,4478,0.17347780876159669
call,2027-09-17,0.947945205479452,880.0,18.95,19.0,18.975,19.26,124.0,6006,0.17171543624877933
call,2027-09-17,0.947945205479452,885.0,17.53,17.57,17.55,17.86,541.0,2511,0.17003698623657232
call,2027-09-17,0.947945205479452,890.0,16.22,16.28,16.25,16.65,3.0,1402,0.16865607963562015
call,2027-09-17,0.947945205479452,895.0,14.98,15.02,15.0,15.07,8.0,847,0.16713784530639653
call,2027-09-17,0.947945205479452,900.0,13.83,13.87,13.85,14.12,180.0,3067,0.16581797325134282
call,2027-09-17,0.947945205479452,905.0,12.75,12.79,12.77,11.4,4.0,451,0.1645438771057129
call,2027-09-17,0.947945205479452,910.0,11.76,11.8,11.780000000000001,12.0,2.0,642,0.16342999664306646
call,2027-09-17,0.947945205479452,915.0,10.83,10.87,10.85,10.9,1.0,1668,0.16233137481689452
call,2027-09-17,0.947945205479452,920.0,9.97,10.02,9.995000000000001,10.02,2.0,1001,0.16138533935546873
call,2027-09-17,0.947945205479452,925.0,9.15,9.2,9.175,9.25,422.0,2757,0.16031723480224608
call,2027-09-17,0.947945205479452,930.0,8.43,8.47,8.45,8.63,2.0,3005,0.15949326843261719
call,2027-09-17,0.947945205479452,935.0,7.73,7.78,7.755000000000001,7.77,17.0,428,0.15863878479003907
call,2027-09-17,0.947945205479452,940.0,7.09,7.13,7.109999999999999,7.13,21.0,2429,0.15775378387451172
call,2027-09-17,0.947945205479452,945.0,6.49,6.53,6.51,6.62,577.0,929,0.15693744682312014
call,2027-09-17,0.947945205479452,950.0,5.94,5.99,5.965,6.16,3.0,2017,0.1562584375
call,2027-09-17,0.947945205479452,955.0,5.44,5.47,5.455,5.31,20.0,1166,0.15546498840332032
call,2027-09-17,0.947945205479452,960.0,4.97,5.0,4.984999999999999,4.96,1.0,1115,0.15477834976196292
call,2027-09-17,0.947945205479452,965.0,4.54,4.57,4.555,3.92,2.0,2589,0.15415274566650394
call,2027-09-17,0.947945205479452,970.0,4.15,4.18,4.165,4.36,6.0,2493,0.15360343475341798
call,2027-09-17,0.947945205479452,975.0,3.78,3.82,3.8,3.94,11.0,2611,0.1530846411132813
call,2027-09-17,0.947945205479452,980.0,3.45,3.48,3.465,3.51,4.0,3865,0.1525048129272461
call,2027-09-17,0.947945205479452,985.0,3.15,3.19,3.17,2.53,1.0,5839,0.15216912292480472
call,2027-09-17,0.947945205479452,990.0,2.87,2.91,2.89,2.96,1.0,4798,0.15172662246704105
call,2027-09-17,0.947945205479452,995.0,2.63,2.65,2.6399999999999997,2.53,1.0,3086,0.15126886337280276
call,2027-09-17,0.947945205479452,1000.0,2.4,2.42,2.41,2.45,5.0,3665,0.15093317337036138
call,2027-09-17,0.947945205479452,1005.0,2.19,2.22,2.205,2.31,276.0,3464,0.15076532836914067
call,2027-09-17,0.947945205479452,1010.0,2.0,2.03,2.0149999999999997,2.09,12.0,4825,0.1505211901855469
call,2027-09-17,0.947945205479452,1015.0,1.84,1.86,1.85,1.59,2.0,2122,0.1503686038208008
call,2027-09-17,0.947945205479452,1020.0,1.68,1.71,1.6949999999999998,1.38,2.0,4418,0.15033808654785158
call,2027-09-17,0.947945205479452,1025.0,1.54,1.57,1.5550000000000002,1.34,11.0,1293,0.15024653472900396
call,2027-09-17,0.947945205479452,1030.0,1.42,1.44,1.43,1.47,1.0,1327,0.1501855001831055
call,2027-09-17,0.947945205479452,1035.0,1.31,1.33,1.32,1.27,1.0,294,0.15030756927490235
call,2027-09-17,0.947945205479452,1040.0,1.2,1.22,1.21,1.2,1.0,2374,0.15024653472900396
call,2027-09-17,0.947945205479452,1045.0,1.11,1.13,1.12,1.03,10.0,522,0.15046015563964849
call,2027-09-17,0.947945205479452,1050.0,1.03,1.05,1.04,1.01,13.0,617,0.15070429382324224
call,2027-09-17,0.947945205479452,1055.0,0.95,0.97,0.96,0.97,1.0,892,0.15085688018798832
call,2027-09-17,0.947945205479452,1060.0,0.88,0.9,0.89,0.74,20.0,1383,0.15110101837158207
call,2027-09-17,0.947945205479452,1065.0,0.82,0.83,0.825,0.78,1.0,211,0.15119257019042973
call,2027-09-17,0.947945205479452,1070.0,0.76,0.78,0.77,0.52,2.0,905,0.15174188110351564
call,2027-09-17,0.947945205479452,1075.0,0.7,0.72,0.71,0.48,2.0,168,0.1518639501953125
call,2027-09-17,0.947945205479452,1080.0,0.66,0.67,0.665,0.57,1.0,204,0.15216912292480472
call,2027-09-17,0.947945205479452,1085.0,0.61,0.63,0.62,0.45,1.0,44,0.15265739929199224
call,2027-09-17,0.947945205479452,1090.0,0.58,0.59,0.585,0.5,20.0,2757,0.1530846411132813
call,2027-09-17,0.947945205479452,1100.0,0.51,0.52,0.515,0.52,4.0,1021,0.15406119384765626
call,2027-09-17,0.947945205479452,1110.0,0.45,0.46,0.455,0.4,2.0,5046,0.1550377465820313
call,2027-09-17,0.947945205479452,1120.0,0.39,0.41,0.4,0.42,8.0,389,0.15613636840820314
call,2027-09-17,0.947945205479452,1130.0,0.35,0.37,0.36,0.29,10.0,22,0.1574180938720703
call,2027-09-17,0.947945205479452,1140.0,0.31,0.33,0.32,0.33,3.0,163,0.15845568115234376
call,2027-09-17,0.947945205479452,1150.0,0.29,0.3,0.295,0.25,1.0,725,0.15979844116210937
call,2027-09-17,0.947945205479452,1160.0,0.26,0.27,0.265,0.31,2.0,204,0.16089706298828127
call,2027-09-17,0.947945205479452,1170.0,0.23,0.25,0.24,0.18,1.0,5,0.1626060302734375
call,2027-09-17,0.947945205479452,1180.0,0.21,0.23,0.22,0.21,3.0,209,0.16407085937500002
call,2027-09-17,0.947945205479452,1190.0,0.19,0.21,0.2,0.17,4.0,104,0.16529155029296877
call,2027-09-17,0.947945205479452,1200.0,0.18,0.19,0.185,0.16,1.0,44,0.16639017211914067
call,2027-09-17,0.947945205479452,1210.0,0.16,0.17,0.165,0.18,124.0,91,0.16724465576171876
call,2027-09-17,0.947945205479452,1220.0,0.15,0.16,0.155,0.14,1.0,6,0.16895362304687503
call,2027-09-17,0.947945205479452,1230.0,0.14,0.15,0.14500000000000002,0.11,1.0,96,0.1706625903320313
call,2027-09-17,0.947945205479452,1240.0,0.12,0.14,0.13,0.1,20.0,23,0.17212741943359378
call,2027-09-17,0.947945205479452,1250.0,0.11,0.13,0.12,0.1,5.0,4,0.1733481103515625
call,2027-09-17,0.947945205479452,1260.0,0.1,0.12,0.11,0.12,,200,0.17456880126953128
call,2027-09-17,0.947945205479452,1270.0,0.09,0.11,0.1,0.1,1.0,27,0.1757894921875
call,2027-09-17,0.947945205479452,1280.0,0.09,0.1,0.095,0.17,1.0,122,0.176766044921875
call,2027-09-17,0.947945205479452,1290.0,0.27,0.29,0.28,0.2,,0,0.1992267578125
call,2027-09-17,0.947945205479452,1300.0,0.07,0.09,0.08,0.1,3.0,335,0.179695703125
call,2027-09-17,0.947945205479452,1310.0,0.07,0.09,0.08,0.08,2.0,43,0.1821370849609375
call,2027-09-17,0.947945205479452,1320.0,0.06,0.08,0.07,0.06,20.0,160,0.18262536132812499
call,2027-09-17,0.947945205479452,1330.0,0.06,0.08,0.07,0.07,5.0,21,0.18506674316406246
call,2027-09-17,0.947945205479452,1350.0,0.05,0.07,0.060000000000000005,0.05,1.0,5,0.187508125
call,2027-09-17,0.947945205479452,1360.0,0.06,0.08,0.07,0.09,2.0,6,0.19190261230468753
call,2027-09-17,0.947945205479452,1390.0,0.04,0.06,0.05,0.05,4.0,11,0.19385571777343752
call,2027-09-17,0.947945205479452,1400.0,0.04,0.05,0.045,0.06,1.0,7,0.1928791650390625
call,2027-09-17,0.947945205479452,1410.0,0.04,0.06,0.05,0.05,2.0,3,0.1977619287109375
call,2027-09-17,0.947945205479452,1420.0,0.04,0.05,0.045,0.04,1.0,5,0.19727365234375
call,2027-09-17,0.947945205479452,1460.0,0.03,0.04,0.035,0.03,1.0,27,0.2016681396484375
call,2027-09-17,0.947945205479452,1480.0,0.03,0.04,0.035,0.04,1.0,652,0.20557435058593748
put,2027-09-17,0.947945205479452,65.0,0.04,0.06,0.05,0.07,,1,0.8281267187499999
put,2027-09-17,0.947945205479452,90.0,0.05,0.06,0.055,0.07,16.0,26,0.7246121289062499
put,2027-09-17,0.947945205479452,105.0,0.07,0.08,0.07500000000000001,0.09,1.0,30,0.6894562304687502
put,2027-09-17,0.947945205479452,110.0,0.08,0.09,0.08499999999999999,0.1,10.0,27,0.6816438085937502
put,2027-09-17,0.947945205479452,120.0,0.1,0.11,0.10500000000000001,0.15,10.0,40,0.6630893066406252
put,2027-09-17,0.947945205479452,125.0,0.11,0.13,0.12,0.13,1.0,31,0.657229990234375
put,2027-09-17,0.947945205479452,135.0,0.14,0.15,0.14500000000000002,0.21,5.0,110,0.64062859375
put,2027-09-17,0.947945205479452,140.0,0.15,0.16,0.155,0.17,18.0,106,0.631839619140625
put,2027-09-17,0.947945205479452,145.0,0.16,0.18,0.16999999999999998,0.25,10.0,80,0.6245154736328126
put,2027-09-17,0.947945205479452,150.0,0.18,0.19,0.185,0.19,9.0,51,0.6171913281250001
put,2027-09-17,0.947945205479452,160.0,0.21,0.23,0.22,0.28,3.0,26,0.6040078662109377
put,2027-09-17,0.947945205479452,165.0,0.43,0.45,0.44,0.54,2.0,4,0.6389196264648438
put,2027-09-17,0.947945205479452,170.0,0.25,0.26,0.255,0.27,1.0,14,0.5903361279296876
put,2027-09-17,0.947945205479452,175.0,0.27,0.28,0.275,0.33,1.0,1,0.5839885351562499
put,2027-09-17,0.947945205479452,180.0,0.29,0.3,0.295,0.38,6.0,21,0.5773968041992188
put,2027-09-17,0.947945205479452,190.0,0.33,0.35,0.33999999999999997,0.36,278.0,358,0.5654340332031251
put,2027-09-17,0.947945205479452,195.0,0.36,0.37,0.365,0.4,2.0,3,0.559574716796875
put,2027-09-17,0.947945205479452,200.0,0.38,0.39,0.385,0.39,225.0,2371,0.5529829858398438
put,2027-09-17,0.947945205479452,205.0,0.41,0.42,0.415,0.42,1.0,102,0.5478560839843751
put,2027-09-17,0.947945205479452,210.0,0.43,0.45,0.44,0.46,3.0,155,0.5419967675781252
put,2027-09-17,0.947945205479452,215.0,0.46,0.47,0.46499999999999997,0.5,3.0,13,0.5361374511718751
put,2027-09-17,0.947945205479452,220.0,0.49,0.5,0.495,0.55,200.0,392,0.5307664111328125
put,2027-09-17,0.947945205479452,225.0,0.62,0.63,0.625,1.04,21.0,31,0.5366257275390626
put,2027-09-17,0.947945205479452,230.0,0.55,0.56,0.555,0.72,2.0,10,0.5200243310546875
put,2027-09-17,0.947945205479452,235.0,0.58,0.6,0.59,0.62,100.0,100,0.5148974291992188
put,2027-09-17,0.947945205479452,240.0,0.88,0.89,0.885,1.21,133.0,70,0.53320779296875
put,2027-09-17,0.947945205479452,250.0,0.68,0.7,0.69,0.7,425.0,3373,0.5002491381835938
put,2027-09-17,0.947945205479452,255.0,0.72,0.73,0.725,0.76,420.0,60,0.4946339599609375
put,2027-09-17,0.947945205479452,260.0,0.76,0.77,0.765,0.87,1.0,135,0.4897511962890626
put,2027-09-17,0.947945205479452,265.0,0.79,0.81,0.8,0.84,2.0,13,0.4848684326171875
put,2027-09-17,0.947945205479452,270.0,0.83,0.84,0.835,0.88,130.0,455,0.4792532543945312
put,2027-09-17,0.947945205479452,275.0,0.87,0.88,0.875,0.92,570.0,561,0.47437049072265625
put,2027-09-17,0.947945205479452,280.0,0.91,0.93,0.92,0.96,50.0,127,0.47009807250976565
put,2027-09-17,0.947945205479452,285.0,0.95,0.97,0.96,1.03,1.0,4,0.46521530883789064
put,2027-09-17,0.947945205479452,290.0,1.0,1.01,1.005,1.11,2.0,7,0.4602104760742188
put,2027-09-17,0.947945205479452,295.0,1.04,1.06,1.05,1.15,9.0,10,0.4558159887695313
put,2027-09-17,0.947945205479452,300.0,1.08,1.1,1.09,1.09,8.0,787,0.4508111560058594
put,2027-09-17,0.947945205479452,305.0,1.14,1.15,1.145,1.2,1.0,159,0.446294599609375
put,2027-09-17,0.947945205479452,310.0,1.18,1.2,1.19,1.28,27.0,82,0.4417780432128906
put,2027-09-17,0.947945205479452,320.0,1.28,1.3,1.29,1.4,1.0,76,0.4327449304199219
put,2027-09-17,0.947945205479452,325.0,1.34,1.35,1.3450000000000002,1.46,500.0,598,0.42810630493164065
put,2027-09-17,0.947945205479452,330.0,1.39,1.41,1.4,1.5,4.0,28,0.4239559558105469
put,2027-09-17,0.947945205479452,335.0,1.45,1.46,1.455,1.57,444.0,456,0.4193173303222656
put,2027-09-17,0.947945205479452,340.0,1.51,1.52,1.5150000000000001,1.85,2.0,22,0.4151669812011719
put,2027-09-17,0.947945205479452,345.0,1.56,1.58,1.57,1.76,1.0,10,0.41089456298828125
put,2027-09-17,0.947945205479452,350.0,1.62,1.63,1.625,1.69,1.0,298,0.40619490295410154
put,2027-09-17,0.947945205479452,355.0,1.68,1.7,1.69,2.03,10.0,324,0.40228869201660156
put,2027-09-17,0.947945205479452,360.0,1.74,1.76,1.75,1.88,1.0,535,0.3979552392578125
put,2027-09-17,0.947945205479452,365.0,1.82,1.83,1.8250000000000002,1.94,9.0,444,0.39398799377441407
put,2027-09-17,0.947945205479452,370.0,1.88,1.9,1.89,2.03,10.0,39,0.3899597137451172
put,2027-09-17,0.947945205479452,375.0,1.95,1.97,1.96,2.14,52.0,569,0.38587039916992183
put,2027-09-17,0.947945205479452,380.0,2.03,2.04,2.035,2.21,4.0,117,0.3817810845947265
put,2027-09-17,0.947945205479452,385.0,2.1,2.11,2.105,2.14,1.0,565,0.3776307354736328
put,2027-09-17,0.947945205479452,390.0,2.17,2.19,2.1799999999999997,2.41,81.0,145,0.3737855590820312
put,2027-09-17,0.947945205479452,395.0,2.25,2.27,2.26,2.37,1.0,61,0.3698793481445312
put,2027-09-17,0.947945205479452,400.0,2.33,2.34,2.335,2.33,3.0,752,0.36569848175048825
put,2027-09-17,0.947945205479452,405.0,2.41,2.43,2.42,2.58,2.0,31,0.36200589172363284
put,2027-09-17,0.947945205479452,410.0,2.5,2.51,2.505,2.81,4.0,533,0.3580386462402344
put,2027-09-17,0.947945205479452,415.0,2.58,2.6,2.59,2.67,1.0,66,0.35425450439453116
put,2027-09-17,0.947945205479452,420.0,2.67,2.69,2.6799999999999997,2.9,1.0,202,0.350470362548828
put,2027-09-17,0.947945205479452,425.0,2.76,2.77,2.7649999999999997,2.92,15.0,172,0.3463810479736328
put,2027-09-17,0.947945205479452,430.0,2.85,2.87,2.8600000000000003,3.07,10.0,217,0.3427494924926757
put,2027-09-17,0.947945205479452,435.0,2.95,2.97,2.96,3.27,1.0,79,0.3390569024658203
put,2027-09-17,0.947945205479452,440.0,3.05,3.07,3.0599999999999996,3.05,3.0,228,0.3353337951660156
put,2027-09-17,0.947945205479452,445.0,3.16,3.17,3.165,3.18,1.0,50,0.3315801705932617
put,2027-09-17,0.947945205479452,450.0,3.25,3.28,3.2649999999999997,3.49,1.0,285,0.3280096496582031
put,2027-09-17,0.947945205479452,455.0,3.36,3.39,3.375,3.66,4.0,82,0.32434757690429683
put,2027-09-17,0.947945205479452,460.0,3.49,3.5,3.495,3.64,1.0,605,0.32068550415039054
put,2027-09-17,0.947945205479452,465.0,3.61,3.62,3.615,3.91,1.0,57,0.3171455004882812
put,2027-09-17,0.947945205479452,470.0,3.73,3.75,3.74,3.74,5.0,489,0.3137580831909179
put,2027-09-17,0.947945205479452,475.0,3.86,3.88,3.87,4.02,6.0,64,0.3103096313476562
put,2027-09-17,0.947945205479452,480.0,3.99,4.01,4.0,4.27,35.0,949,0.30680014495849606
put,2027-09-17,0.947945205479452,485.0,4.12,4.15,4.135,4.17,3.0,123,0.3034127276611328
put,2027-09-17,0.947945205479452,490.0,4.27,4.3,4.285,4.31,14.0,123,0.30011686218261713
put,2027-09-17,0.947945205479452,495.0,4.42,4.44,4.43,4.77,13.0,227,0.2966378930664062
put,2027-09-17,0.947945205479452,500.0,4.57,4.6,4.585,4.61,15.0,577,0.29337254486083975
put,2027-09-17,0.947945205479452,505.0,4.72,4.75,4.734999999999999,4.97,3.0,348,0.28992409301757804
put,2027-09-17,0.947945205479452,510.0,4.89,4.93,4.91,5.28,1.0,177,0.28682658981323234
put,2027-09-17,0.947945205479452,515.0,5.07,5.09,5.08,5.29,24.0,205,0.28340865524291986
put,2027-09-17,0.947945205479452,520.0,5.24,5.27,5.255,5.31,5.0,941,0.28018908294677725
put,2027-09-17,0.947945205479452,525.0,5.43,5.46,5.445,5.66,4.0,534,0.2770152865600586
put,2027-09-17,0.947945205479452,530.0,5.63,5.66,5.645,5.83,12.0,1193,0.27390252471923826
put,2027-09-17,0.947945205479452,535.0,5.84,5.86,5.85,6.09,4.0,3705,0.2707287283325196
put,2027-09-17,0.947945205479452,540.0,6.06,6.09,6.074999999999999,6.36,5.0,1210,0.26782958740234375
put,2027-09-17,0.947945205479452,545.0,6.26,6.3,6.279999999999999,6.82,10.0,123,0.26462527374267575
put,2027-09-17,0.947945205479452,550.0,6.51,6.54,6.525,6.61,15.0,1676,0.26166509826660156
put,2027-09-17,0.947945205479452,555.0,6.75,6.78,6.765000000000001,6.82,9.0,2811,0.2586286296081543
put,2027-09-17,0.947945205479452,560.0,6.99,7.03,7.01,7.96,10.0,400,0.25560741958618166
put,2027-09-17,0.947945205479452,565.0,7.28,7.31,7.295,7.65,1.0,554,0.2527998304748535
put,2027-09-17,0.947945205479452,570.0,7.55,7.58,7.5649999999999995,8.06,12.0,787,0.24980913772583008
put,2027-09-17,0.947945205479452,575.0,7.84,7.86,7.85,7.87,19.0,1231,0.24683370361328127
put,2027-09-17,0.947945205479452,580.0,8.13,8.17,8.15,8.13,15.0,1087,0.24401085586547855
put,2027-09-17,0.947945205479452,585.0,8.45,8.48,8.465,8.59,2.0,633,0.24112697357177731
put,2027-09-17,0.947945205479452,590.0,8.78,8.81,8.795,8.75,4.0,957,0.23828886718749998
put,2027-09-17,0.947945205479452,595.0,9.12,9.14,9.129999999999999,9.2,8.0,845,0.23537446762084957
put,2027-09-17,0.947945205479452,600.0,9.47,9.5,9.485,9.53,6.0,4422,0.23259739578247068
put,2027-09-17,0.947945205479452,605.0,9.85,9.87,9.86,9.95,10.0,1344,0.22978980667114257
put,2027-09-17,0.947945205479452,610.0,10.23,10.26,10.245000000000001,10.21,2.0,887,0.22702036415100094
put,2027-09-17,0.947945205479452,615.0,10.63,10.66,10.645,11.03,3.0,904,0.22422040435791013
put,2027-09-17,0.947945205479452,620.0,11.06,11.09,11.075,11.0,43.0,1452,0.22151962570190425
put,2027-09-17,0.947945205479452,625.0,11.48,11.53,11.504999999999999,11.47,36.0,1036,0.2187807004547119
put,2027-09-17,0.947945205479452,630.0,11.95,11.98,11.965,11.95,4.0,636,0.2159959992980957
put,2027-09-17,0.947945205479452,635.0,12.42,12.46,12.440000000000001,12.38,22.0,292,0.21327996200561522
put,2027-09-17,0.947945205479452,640.0,12.91,12.96,12.935,12.9,3.0,332,0.2105639247131348
put,2027-09-17,0.947945205479452,645.0,13.45,13.49,13.469999999999999,14.39,3.0,2061,0.20791655128479
put,2027-09-17,0.947945205479452,650.0,13.97,14.03,14.0,13.91,117.0,3917,0.20519288467407226
put,2027-09-17,0.947945205479452,655.0,14.53,14.59,14.559999999999999,14.5,1.0,382,0.20246158874511716
put,2027-09-17,0.947945205479452,660.0,15.12,15.18,15.149999999999999,15.06,2.0,5240,0.19976843940734865
put,2027-09-17,0.947945205479452,665.0,15.74,15.79,15.765,15.73,17.0,537,0.19705240211486816
put,2027-09-17,0.947945205479452,670.0,16.37,16.43,16.4,16.37,67.0,587,0.1943516234588623
put,2027-09-17,0.947945205479452,675.0,17.04,17.1,17.07,16.98,62.0,3464,0.19166610343933108
put,2027-09-17,0.947945205479452,680.0,17.74,17.81,17.775,17.7,14.0,2905,0.18902635932922365
put,2027-09-17,0.947945205479452,685.0,18.45,18.52,18.485,18.56,1.0,1879,0.1862492874908447
put,2027-09-17,0.947945205479452,690.0,19.21,19.26,19.235,19.16,59.0,1832,0.18346458633422852
put,2027-09-17,0.947945205479452,695.0,19.99,20.06,20.025,20.0,1.0,770,0.18080195426940918
put,2027-09-17,0.947945205479452,700.0,20.82,20.89,20.855,20.75,218.0,9206,0.17810880493164064
put,2027-09-17,0.947945205479452,705.0,21.66,21.75,21.705,21.7,25.0,5168,0.17538513832092287
put,2027-09-17,0.947945205479452,710.0,22.57,22.63,22.6,22.6,1.0,1565,0.17258517852783206
put,2027-09-17,0.947945205479452,715.0,23.5,23.58,23.54,23.85,1.0,1538,0.1698920291900635
put,2027-09-17,0.947945205479452,720.0,24.48,24.55,24.515,24.7,4.0,2954,0.1671149573516846
put,2027-09-17,0.947945205479452,725.0,25.51,25.61,25.560000000000002,25.58,2.0,8159,0.16449810119628905
put,2027-09-17,0.947945205479452,730.0,26.57,26.67,26.62,26.62,3.0,3011,0.16169051208496094
put,2027-09-17,0.947945205479452,735.0,27.67,27.76,27.715000000000003,27.68,5.0,1739,0.1588066297912598
put,2027-09-17,0.947945205479452,740.0,28.83,28.94,28.884999999999998,28.71,5.0,763,0.15604481658935548
put,2027-09-17,0.947945205479452,745.0,30.02,30.13,30.075,31.31,88.0,506,0.15312278770446783
put,2027-09-17,0.947945205479452,750.0,31.3,31.42,31.36,31.18,23.0,2674,0.15033045722961427
put,2027-09-17,0.947945205479452,755.0,32.63,32.74,32.685,32.65,2.0,1451,0.14741605766296387
put,2027-09-17,0.947945205479452,760.0,34.01,34.12,34.065,33.97,5.0,2164,0.14447877014160154
put,2027-09-17,0.947945205479452,765.0,35.45,35.56,35.505,35.42,99.0,3175,0.14148807739257813
put,2027-09-17,0.947945205479452,770.0,37.0,37.11,37.055,36.93,80.0,6829,0.13861563907623292
put,2027-09-17,0.947945205479452,775.0,38.6,38.71,38.655,38.43,39.0,2814,0.13562876098632815
put,2027-09-17,0.947945205479452,780.0,40.27,40.37,40.32,40.24,47.0,1135,0.13255414573669436
put,2027-09-17,0.947945205479452,785.0,42.02,42.13,42.075,41.93,62.0,1028,0.1295024184417725
put,2027-09-17,0.947945205479452,790.0,43.88,44.01,43.945,43.9,96.0,1381,0.12651935501098632
put,2027-09-17,0.947945205479452,795.0,45.83,45.94,45.885,45.87,26.0,1790,0.12335318794250491
put,2027-09-17,0.947945205479452,800.0,47.88,48.02,47.95,47.87,9.0,3098,0.1203167192840576
put,2027-09-17,0.947945205479452,805.0,50.04,50.17,50.105000000000004,49.74,851.0,4937,0.11710477630615235
put,2027-09-17,0.947945205479452,810.0,52.3,52.44,52.37,55.67,2.0,466,0.11387757469177245
put,2027-09-17,0.947945205479452,815.0,54.72,54.88,54.8,61.04,1.0,3412,0.11076481285095213
put,2027-09-17,0.947945205479452,820.0,57.21,57.36,57.285,61.67,24.0,5731,0.1072858437347412
put,2027-09-17,0.947945205479452,825.0,59.88,60.06,59.97,72.45,1.0,2554,0.1040433834838867
put,2027-09-17,0.947945205479452,830.0,62.63,62.8,62.715,63.51,14.0,2168,0.10033553482055663
put,2027-09-17,0.947945205479452,835.0,65.53,65.8,65.66499999999999,69.79,8.0,439,0.09695574684143068
put,2027-09-17,0.947945205479452,840.0,68.65,68.93,68.79,69.35,1.0,1972,0.09336996726989746
put,2027-09-17,0.947945205479452,845.0,71.85,72.16,72.005,86.05,14.0,6878,0.08933405792236329
put,2027-09-17,0.947945205479452,850.0,75.28,75.63,75.455,76.03,2.0,11988,0.085420217666626
put,2027-09-17,0.947945205479452,855.0,78.81,80.29,79.55000000000001,87.95,8.0,1591,0.08728177131652834
put,2027-09-17,0.947945205479452,860.0,82.62,84.31,83.465,96.47,20.0,285,0.08500060516357424
put,2027-09-17,0.947945205479452,865.0,86.63,89.0,87.815,102.6,1.0,2,0.08642728767395022
put,2027-09-17,0.947945205479452,870.0,89.43,93.25,91.34,91.47,2.0,5,0.08439025970458987
put,2027-09-17,0.947945205479452,875.0,93.7,97.5,95.6,110.05,6.0,0,0.08133853240966799
put,2027-09-17,0.947945205479452,880.0,98.29,102.44,100.36500000000001,115.41,100.0,0,0.0838104315185547
put,2027-09-17,0.947945205479452,885.0,102.92,107.43,105.17500000000001,119.57,2.0,0,0.08666379653930664
put,2027-09-17,0.947945205479452,890.0,107.63,112.43,110.03,125.43,100.0,0,0.08957819610595702
put,2027-09-17,0.947945205479452,900.0,117.56,122.45,120.005,125.0,1.0,15,0.0955138056945801
put,2027-09-17,0.947945205479452,910.0,127.5,132.41,129.95499999999998,142.68,10.0,0,0.10070174209594726
put,2027-09-17,0.947945205479452,950.0,167.5,172.48,169.99,183.91,,0,0.12268943725585937
put,2027-09-17,0.947945205479452,960.0,194.0,198.76,196.38,231.0,1.0,0,0.2298355825805664
call,2027-09-30,0.9835616438356164,600.0,208.82,213.5,211.16,201.53,,23,0.365667964477539
call,2027-09-30,0.9835616438356164,610.0,200.03,205.0,202.515,192.97,,1,0.3584964053344727
call,2027-09-30,0.9835616438356164,620.0,191.31,196.0,193.655,182.82,,1,0.3487919125366211
call,2027-09-30,0.9835616438356164,640.0,174.07,179.0,176.535,167.27,,5,0.33338068969726564
call,2027-09-30,0.9835616438356164,650.0,165.56,170.5,168.03,161.31,1.0,1,0.32532412963867186
call,2027-09-30,0.9835616438356164,675.0,144.7,149.5,147.1,135.5,,1,0.30513695358276366
call,2027-09-30,0.9835616438356164,680.0,140.61,145.5,143.055,134.08,2.0,0,0.3016808724212646
call,2027-09-30,0.9835616438356164,685.0,136.57,141.0,138.785,133.23,1.0,1,0.29622590988159175
call,2027-09-30,0.9835616438356164,690.0,132.6,137.0,134.8,121.99,,1,0.2926248716735839
call,2027-09-30,0.9835616438356164,710.0,117.03,121.5,119.265,104.64,,1,0.2791667543029785
call,2027-09-30,0.9835616438356164,714.0,113.98,118.0,115.99000000000001,107.88,1.0,0,0.27484856018066406
call,2027-09-30,0.9835616438356164,730.0,102.01,106.0,104.005,95.26,,10,0.26413699737548824
call,2027-09-30,0.9835616438356164,740.0,94.71,98.5,96.60499999999999,96.92,77.0,2,0.2568586277770996
call,2027-09-30,0.9835616438356164,750.0,87.61,91.5,89.555,85.22,4.0,61,0.2508009490966796
call,2027-09-30,0.9835616438356164,761.0,79.98,83.5,81.74000000000001,70.49,,2,0.2425231388092041
call,2027-09-30,0.9835616438356164,765.0,77.28,81.0,79.14,71.35,3.0,4,0.24070736106872556
call,2027-09-30,0.9835616438356164,766.0,76.61,80.0,78.305,70.2,,11,0.239002208442688
call,2027-09-30,0.9835616438356164,767.0,75.93,79.5,77.715,70.0,,1,0.23893735923767087
call,2027-09-30,0.9835616438356164,768.0,75.28,79.0,77.14,69.26,13.0,10,0.23886869537353517
call,2027-09-30,0.9835616438356164,770.0,74.98,75.45,75.215,75.0,2.0,21,0.23033148826599123
call,2027-09-30,0.9835616438356164,775.0,71.62,74.0,72.81,72.71,3.0,3,0.2332840344238281
call,2027-09-30,0.9835616438356164,777.0,70.35,73.0,71.675,70.96,1.0,1,0.23303226692199708
call,2027-09-30,0.9835616438356164,780.0,68.43,68.84,68.635,68.38,5.0,21,0.22393811958312984
call,2027-09-30,0.9835616438356164,788.0,63.27,65.91,64.59,51.98,,40,0.2260018501663208
call,2027-09-30,0.9835616438356164,790.0,61.97,64.5,63.235,63.17,1.0,2,0.22424329231262202
call,2027-09-30,0.9835616438356164,794.0,59.53,62.0,60.765,52.73,7.0,7,0.22168747070312497
call,2027-09-30,0.9835616438356164,795.0,58.92,61.5,60.21,49.5,,0,0.22143570320129394
call,2027-09-30,0.9835616438356164,800.0,55.91,56.26,56.084999999999994,53.92,7.0,101,0.211197158126831
call,2027-09-30,0.9835616438356164,802.0,54.74,55.08,54.91,48.56,14.0,14,0.21001461380004882
call,2027-09-30,0.9835616438356164,805.0,52.94,53.29,53.114999999999995,49.01,1.0,3,0.20811872821807859
call,2027-09-30,0.9835616438356164,806.0,52.36,52.71,52.535,48.47,1.0,154,0.20752745605468748
call,2027-09-30,0.9835616438356164,810.0,50.2,50.3,50.25,46.23,3.0,3185,0.20477327217102045
call,2027-09-30,0.9835616438356164,815.0,47.37,47.46,47.415,47.65,41.0,2,0.20171391555786133
call,2027-09-30,0.9835616438356164,820.0,44.73,44.84,44.785,42.83,33.0,34,0.19915809394836423
call,2027-09-30,0.9835616438356164,830.0,39.64,39.74,39.69,35.25,20.0,10,0.1938480884552002
call,2027-09-30,0.9835616438356164,840.0,34.87,34.96,34.915,35.7,4.0,1032,0.1886830400085449
call,2027-09-30,0.9835616438356164,845.0,32.68,32.78,32.730000000000004,30.11,3.0,27,0.18644764976501463
call,2027-09-30,0.9835616438356164,850.0,30.52,30.63,30.575,30.53,3.0,16,0.18407493179321288
call,2027-09-30,0.9835616438356164,860.0,26.54,26.64,26.59,22.43,20.0,41,0.17964229789733885
call,2027-09-30,0.9835616438356164,870.0,23.01,23.09,23.05,18.6,,203,0.17575134559631347
call,2027-09-30,0.9835616438356164,880.0,19.88,19.94,19.91,17.16,3.0,286,0.17231052307128908
call,2027-09-30,0.9835616438356164,900.0,14.63,14.69,14.66,15.12,2.0,2,0.1664512066650391
call,2027-09-30,0.9835616438356164,905.0,13.53,13.59,13.559999999999999,10.08,,42,0.16523814506530762
call,2027-09-30,0.9835616438356164,910.0,12.49,12.56,12.525,12.92,5.0,11,0.1640861180114746
call,2027-09-30,0.9835616438356164,915.0,11.53,11.6,11.565,9.85,5.0,109,0.16299512550354003
call,2027-09-30,0.9835616438356164,920.0,10.64,10.7,10.67,9.64,2.0,169,0.1619499089050293
call,2027-09-30,0.9835616438356164,925.0,9.81,9.86,9.835,6.6,,5,0.1609428388977051
call,2027-09-30,0.9835616438356164,930.0,9.03,9.1,9.065,7.14,1.0,65,0.16011124320983885
call,2027-09-30,0.9835616438356164,935.0,8.31,8.36,8.335,8.52,5.0,254,0.15913469047546389
call,2027-09-30,0.9835616438356164,940.0,7.62,7.69,7.655,7.69,42.0,48,0.158310724105835
call,2027-09-30,0.9835616438356164,945.0,7.02,7.07,7.045,7.24,356.0,620,0.1575401629638672
call,2027-09-30,0.9835616438356164,950.0,6.44,6.49,6.465,5.69,96.0,104,0.15676960182189945
call,2027-09-30,0.9835616438356164,955.0,5.9,5.96,5.93,5.96,1.0,1,0.15609059249877932
call,2027-09-30,0.9835616438356164,975.0,4.16,4.2,4.18,2.69,,5,0.15360343475341798
call,2027-09-30,0.9835616438356164,980.0,3.8,3.85,3.825,3.26,5.0,3,0.15313041702270513
call,2027-09-30,0.9835616438356164,985.0,3.48,3.53,3.505,3.59,663.0,2,0.15271843383789066
call,2027-09-30,0.9835616438356164,995.0,2.91,2.96,2.935,3.01,2.0,1,0.15190972610473635
put,2027-09-30,0.9835616438356164,540.0,6.33,6.36,6.345000000000001,6.55,5.0,72,0.2657544128417969
put,2027-09-30,0.9835616438356164,550.0,6.79,6.84,6.8149999999999995,7.3,1.0,30,0.2598188032531738
put,2027-09-30,0.9835616438356164,560.0,7.31,7.36,7.335,7.89,52.0,253,0.2539747454833985
put,2027-09-30,0.9835616438356164,570.0,7.88,7.92,7.9,8.56,1.0,32,0.24817646362304688
put,2027-09-30,0.9835616438356164,575.0,8.17,8.21,8.190000000000001,9.08,,85,0.2452468054199219
put,2027-09-30,0.9835616438356164,580.0,8.5,8.53,8.515,9.22,28.0,58,0.24248499221801756
put,2027-09-30,0.9835616438356164,590.0,9.14,9.2,9.17,10.79,,18,0.23691558990478517
put,2027-09-30,0.9835616438356164,595.0,9.51,9.55,9.530000000000001,10.13,1.0,1,0.234108000793457
put,2027-09-30,0.9835616438356164,600.0,9.87,9.9,9.885,9.89,2.0,17,0.23120885986328127
put,2027-09-30,0.9835616438356164,605.0,10.25,10.3,10.275,11.12,166.0,166,0.22858437438964846
put,2027-09-30,0.9835616438356164,610.0,10.66,10.7,10.68,12.51,,11,0.22584544914245605
put,2027-09-30,0.9835616438356164,620.0,11.5,11.54,11.52,11.61,5.0,24,0.22034471069335934
put,2027-09-30,0.9835616438356164,625.0,11.96,12.0,11.98,12.67,2.0,40,0.21768970794677733
put,2027-09-30,0.9835616438356164,630.0,12.42,12.47,12.445,13.48,1.0,46,0.21498892929077146
put,2027-09-30,0.9835616438356164,640.0,13.42,13.47,13.445,13.4,1.0,36,0.20961788925170893
put,2027-09-30,0.9835616438356164,650.0,14.51,14.57,14.54,15.03,12.0,26,0.2043384010314941
put,2027-09-30,0.9835616438356164,675.0,17.63,17.71,17.67,18.33,2.0,5,0.19101761138916018
put,2027-09-30,0.9835616438356164,680.0,18.36,18.42,18.39,18.55,1.0,1,0.18836260864257812
put,2027-09-30,0.9835616438356164,685.0,19.09,19.17,19.130000000000003,20.52,1.0,14,0.18573812316894528
put,2027-09-30,0.9835616438356164,690.0,19.86,19.94,19.9,20.95,1.0,7103,0.18306786178588863
put,2027-09-30,0.9835616438356164,691.0,20.01,20.1,20.055,21.65,,15,0.18254143882751464
put,2027-09-30,0.9835616438356164,692.0,20.17,20.26,20.215000000000003,22.85,,2,0.18201501586914062
put,2027-09-30,0.9835616438356164,693.0,20.33,20.42,20.375,23.99,,4,0.181473334274292
put,2027-09-30,0.9835616438356164,695.0,20.66,20.75,20.705,20.74,1.0,60,0.18042811767578126
put,2027-09-30,0.9835616438356164,698.0,21.15,21.25,21.2,22.38,4.0,7,0.17882596084594726
put,2027-09-30,0.9835616438356164,700.0,21.49,21.58,21.534999999999997,21.48,13.0,33,0.17771208038330077
put,2027-09-30,0.9835616438356164,701.0,21.65,21.76,21.705,23.54,,1,0.17720854537963865
put,2027-09-30,0.9835616438356164,707.0,22.72,22.82,22.77,25.17,182.0,180,0.17398134376525878
put,2027-09-30,0.9835616438356164,708.0,22.89,23.0,22.945,25.76,,6,0.17343203285217287
put,2027-09-30,0.9835616438356164,709.0,23.08,23.18,23.13,24.3,207.0,205,0.1728827219390869
put,2027-09-30,0.9835616438356164,710.0,23.26,23.37,23.315,23.27,35.0,10,0.17235629898071292
put,2027-09-30,0.9835616438356164,720.0,25.19,25.31,25.25,26.22,1.0,2,0.1669394830322266
put,2027-09-30,0.9835616438356164,721.0,25.4,25.51,25.455,27.34,1.0,1,0.16638254280090337
put,2027-09-30,0.9835616438356164,725.0,26.23,26.35,26.29,27.28,5.0,6,0.16423870437622073
put,2027-09-30,0.9835616438356164,727.0,26.64,26.77,26.705,28.93,1.0,1000,0.16312482391357425
put,2027-09-30,0.9835616438356164,730.0,27.3,27.42,27.36,27.63,3.0,48,0.1614692618560791
put,2027-09-30,0.9835616438356164,732.0,27.74,27.87,27.805,30.24,2.0,2,0.16039352798461914
put,2027-09-30,0.9835616438356164,735.0,28.42,28.55,28.485,30.17,1.0,3,0.15873033660888675
put,2027-09-30,0.9835616438356164,740.0,29.59,29.72,29.655,29.96,4.0,5,0.1559456354522705
put,2027-09-30,0.9835616438356164,742.0,30.07,30.21,30.14,32.96,,1,0.15485082828521735
put,2027-09-30,0.9835616438356164,743.0,30.31,30.45,30.38,32.91,1.0,1,0.1542748147583008
put,2027-09-30,0.9835616438356164,745.0,30.8,30.95,30.875,36.35,,26,0.1531685636138916
put,2027-09-30,0.9835616438356164,750.0,32.1,32.26,32.18,32.5,1.0,86,0.15045252632141118
put,2027-09-30,0.9835616438356164,754.0,33.15,33.31,33.230000000000004,36.24,1.0,1,0.14813321357727052
put,2027-09-30,0.9835616438356164,760.0,34.8,34.94,34.87,34.75,3.0,7,0.14457032196044922
put,2027-09-30,0.9835616438356164,762.0,35.39,35.53,35.46,40.24,,3,0.14346025615692137
put,2027-09-30,0.9835616438356164,764.0,35.97,36.11,36.04,38.89,2.0,4,0.1422815264892578
put,2027-09-30,0.9835616438356164,765.0,36.28,36.43,36.355000000000004,36.47,1.0,2,0.14177417682647708
put,2027-09-30,0.9835616438356164,766.0,36.55,36.71,36.629999999999995,38.35,1.0,1,0.14112568477630616
put,2027-09-30,0.9835616438356164,768.0,37.16,37.31,37.235,37.1,1.0,1,0.13993169647216797
put,2027-09-30,0.9835616438356164,770.0,37.81,37.95,37.88,38.27,1.0,108,0.13882544532775878
put,2027-09-30,0.9835616438356164,775.0,39.39,39.54,39.465,41.05,12.0,13,0.13584619655609131
put,2027-09-30,0.9835616438356164,778.0,40.38,40.55,40.465,42.44,1.0,1,0.13411052665710452
put,2027-09-30,0.9835616438356164,779.0,40.75,40.91,40.83,41.0,30.0,2,0.13358410369873047
put,2027-09-30,0.9835616438356164,781.0,41.41,41.57,41.489999999999995,41.71,1.0,3,0.132294748916626
put,2027-09-30,0.9835616438356164,784.0,42.46,42.64,42.55,47.6,,21,0.13054000572204585
put,2027-09-30,0.9835616438356164,785.0,42.84,42.97,42.905,43.0,3.0,3002,0.12984573776245117
put,2027-09-30,0.9835616438356164,786.0,43.2,43.34,43.27,43.07,4.0,127,0.12926590957641604
put,2027-09-30,0.9835616438356164,787.0,43.59,43.76,43.675,43.53,1.0,60,0.12883866775512692
put,2027-09-30,0.9835616438356164,789.0,44.3,44.48,44.39,49.31,,182,0.1275493129730225
put,2027-09-30,0.9835616438356164,791.0,45.08,45.26,45.17,49.66,11.0,11,0.12640491523742672
put,2027-09-30,0.9835616438356164,800.0,48.65,48.83,48.739999999999995,51.03,4.0,59,0.1207592197418213
put,2027-09-30,0.9835616438356164,805.0,50.78,50.98,50.879999999999995,56.83,,1,0.11763882858276367
put,2027-09-30,0.9835616438356164,810.0,53.02,53.25,53.135000000000005,61.01,,2,0.11450699344635011
put,2027-09-30,0.9835616438356164,820.0,57.94,58.16,58.05,69.1,,0,0.10813269805908202
put,2027-09-30,0.9835616438356164,825.0,60.54,60.74,60.64,65.3,1.0,2,0.10461558235168456
put,2027-09-30,0.9835616438356164,830.0,63.33,63.58,63.455,75.5,,0,0.10146467391967773
put,2027-09-30,0.9835616438356164,835.0,66.19,66.4,66.295,75.58,,1,0.09758898025512697
put,2027-09-30,0.9835616438356164,840.0,69.19,69.52,69.35499999999999,82.72,,0,0.09418630432128906
put,2027-09-30,0.9835616438356164,855.0,78.17,81.91,80.03999999999999,94.83,,0,0.09420156295776366
put,2027-09-30,0.9835616438356164,860.0,81.65,85.5,83.575,97.5,,1,0.09040979179382325
call,2027-12-17,1.1972602739726028,50.0,728.0,732.5,730.25,711.17,1.0,0,1.0837448156738283
call,2027-12-17,1.1972602739726028,55.0,634.5,638.97,636.735,624.76,2.0,0,1.0000000000000003e-05
call,2027-12-17,1.1972602739726028,85.0,668.0,672.5,670.25,671.24,1.0,0,1.0000000000000003e-05
call,2027-12-17,1.1972602739726028,100.0,661.52,666.5,664.01,652.24,1.0,3,1.0000000000000003e-05
call,2027-12-17,1.1972602739726028,200.0,583.15,587.0,585.075,581.0,2.0,293,0.7326686889648437
call,2027-12-17,1.1972602739726028,205.0,473.5,478.4,475.95,483.0,2.0,8,1.0000000000000003e-05
call,2027-12-17,1.1972602739726028,210.0,469.0,473.81,471.405,480.63,1.0,109,1.0000000000000003e-05
call,2027-12-17,1.1972602739726028,215.0,456.0,460.2,458.1,423.44,1.0,3,1.0000000000000003e-05
call,2027-12-17,1.1972602739726028,220.0,546.67,551.5,549.085,534.54,4.0,17,1.0000000000000003e-05
call,2027-12-17,1.1972602739726028,230.0,515.0,517.61,516.3050000000001,492.17,1.0,4,1.0000000000000003e-05
call,2027-12-17,1.1972602739726028,240.0,441.5,446.39,443.945,459.75,2.0,7,1.0000000000000003e-05
call,2027-12-17,1.1972602739726028,245.0,516.5,520.92,518.71,488.5,,2,1.0000000000000003e-05
call,2027-12-17,1.1972602739726028,250.0,510.0,512.95,511.475,498.71,1.0,23,1.0000000000000003e-05
call,2027-12-17,1.1972602739726028,255.0,519.5,524.0,521.75,523.24,4.0,524,1.0000000000000003e-05
call,2027-12-17,1.1972602739726028,260.0,526.89,530.5,528.6949999999999,510.93,1.0,13,0.6671481039428714
call,2027-12-17,1.1972602739726028,270.0,478.0,480.99,479.495,455.31,1.0,12,1.0000000000000003e-05
call,2027-12-17,1.1972602739726028,275.0,425.53,430.5,428.015,430.38,5.0,5,1.0000000000000003e-05
call,2027-12-17,1.1972602739726028,280.0,508.1,512.0,510.05,492.87,14.0,23,0.6466404965209961
call,2027-12-17,1.1972602739726028,285.0,479.5,484.03,481.765,462.5,1.0,6,1.0000000000000003e-05
call,2027-12-17,1.1972602739726028,295.0,391.53,396.47,394.0,412.85,3.0,2,1.0000000000000003e-05
call,2027-12-17,1.1972602739726028,300.0,489.46,493.5,491.48,483.0,1.0,263,0.6267737518310548
call,2027-12-17,1.1972602739726028,305.0,446.5,450.78,448.64,455.21,2.0,5,1.0000000000000003e-05
call,2027-12-17,1.1972602739726028,310.0,363.86,368.5,366.18,397.45,15.0,26,1.0000000000000003e-05
call,2027-12-17,1.1972602739726028,315.0,437.5,441.62,439.56,446.58,2.0,11,1.0000000000000003e-05
call,2027-12-17,1.1972602739726028,320.0,470.84,475.0,472.91999999999996,449.97,1.0,12,0.6067086448669434
call,2027-12-17,1.1972602739726028,325.0,466.19,470.5,468.345,455.5,2.0,6,0.6024057093811037
call,2027-12-17,1.1972602739726028,330.0,461.54,465.5,463.52,446.49,4.0,44,0.5952494088745117
call,2027-12-17,1.1972602739726028,335.0,419.0,423.34,421.16999999999996,428.6,2.0,8,1.0000000000000003e-05
call,2027-12-17,1.1972602739726028,340.0,414.5,418.78,416.64,425.29,3.0,10,1.0000000000000003e-05
call,2027-12-17,1.1972602739726028,345.0,380.69,385.5,383.095,352.81,2.0,11,1.0000000000000003e-05
call,2027-12-17,1.1972602739726028,350.0,442.99,447.0,444.995,444.63,2.0,0,0.5754589573669433
call,2027-12-17,1.1972602739726028,355.0,337.74,342.5,340.12,354.02,1.0,100,1.0000000000000003e-05
call,2027-12-17,1.1972602739726028,365.0,429.09,433.0,431.04499999999996,425.22,1.0,14,0.5600324758911133
call,2027-12-17,1.1972602739726028,370.0,424.46,428.5,426.48,415.59,2.0,78,0.555714281768799
call,2027-12-17,1.1972602739726028,375.0,419.84,424.0,421.91999999999996,412.27,1.0,42,0.5514113462829591
call,2027-12-17,1.1972602739726028,380.0,415.22,419.5,417.36,406.5,2.0,24,0.54707789352417
call,2027-12-17,1.1972602739726028,385.0,410.6,414.5,412.55,407.63,1.0,15,0.5405014212036134
call,2027-12-17,1.1972602739726028,395.0,401.37,405.5,403.435,398.34,1.0,17,0.5318650329589845
call,2027-12-17,1.1972602739726028,400.0,396.76,401.0,398.88,392.93,2.0,237,0.5275315802001954
call,2027-12-17,1.1972602739726028,405.0,355.5,358.72,357.11,327.22,2.0,68,1.0000000000000003e-05
call,2027-12-17,1.1972602739726028,410.0,387.66,391.99,389.82500000000005,378.3,1.0,66,0.5192461405944824
call,2027-12-17,1.1972602739726028,420.0,366.75,371.5,369.125,374.98,1.0,44,0.43210406768798826
call,2027-12-17,1.1972602739726028,425.0,373.86,378.0,375.93,354.1,2.0,25,0.5042621595764161
call,2027-12-17,1.1972602739726028,440.0,360.12,364.44,362.28,347.24,10.0,19,0.5062762995910646
call,2027-12-17,1.1972602739726028,445.0,355.54,359.5,357.52,345.01,1.0,40,0.49893689544677733
call,2027-12-17,1.1972602739726028,450.0,350.96,355.0,352.98,339.02,7.0,326,0.4946187013244629
call,2027-12-17,1.1972602739726028,455.0,346.4,350.5,348.45,335.46,1.0,19,0.49030050720214846
call,2027-12-17,1.1972602739726028,460.0,341.84,346.0,343.91999999999996,328.95,10.0,26,0.4859670544433594
call,2027-12-17,1.1972602739726028,465.0,321.27,326.0,323.635,311.26,1.0,40,0.36881124359130857
call,2027-12-17,1.1972602739726028,470.0,332.61,337.0,334.805,324.23,5.0,39,0.47723911437988287
call,2027-12-17,1.1972602739726028,475.0,328.2,332.49,330.345,326.0,1.0,34,0.4727988511657715
call,2027-12-17,1.1972602739726028,480.0,312.17,317.0,314.58500000000004,319.5,4.0,101,0.396841358795166
call,2027-12-17,1.1972602739726028,485.0,319.14,323.41,321.275,312.87,3.0,43,0.463521600189209
call,2027-12-17,1.1972602739726028,490.0,314.6,318.5,316.55,293.5,2.0,70,0.45670861900329596
call,2027-12-17,1.1972602739726028,500.0,305.56,309.9,307.73,297.07,6.0,811,0.450200810546875
call,2027-12-17,1.1972602739726028,510.0,296.54,300.9,298.72,290.81,1.0,534,0.4413050254821777
call,2027-12-17,1.1972602739726028,515.0,292.06,296.4,294.23,271.55,1.0,135,0.43683424499511714
call,2027-12-17,1.1972602739726028,520.0,287.58,291.5,289.53999999999996,283.79,1.0,243,0.43021962608337405
call,2027-12-17,1.1972602739726028,525.0,283.12,287.4,285.26,277.21,2.0,413,0.4278621667480469
call,2027-12-17,1.1972602739726028,530.0,278.64,282.93,280.78499999999997,264.75,5.0,537,0.42352108467102056
call,2027-12-17,1.1972602739726028,535.0,274.17,278.48,276.32500000000005,259.33,1.0,317,0.4192639250946044
call,2027-12-17,1.1972602739726028,540.0,269.71,273.94,271.825,267.65,5.0,1028,0.41454137710571287
call,2027-12-17,1.1972602739726028,550.0,260.86,265.0,262.93,251.5,1.0,801,0.40575240249633787
call,2027-12-17,1.1972602739726028,555.0,256.21,260.5,258.355,248.0,1.0,578,0.4011900701904296
call,2027-12-17,1.1972602739726028,560.0,251.92,256.0,253.95999999999998,255.0,2.0,1116,0.3966124792480469
call,2027-12-17,1.1972602739726028,565.0,247.48,251.5,249.49,239.43,8.0,1350,0.392034888305664
call,2027-12-17,1.1972602739726028,570.0,243.1,247.5,245.3,236.26,3.0,651,0.3897384635162354
call,2027-12-17,1.1972602739726028,575.0,238.73,243.0,240.865,234.0,10.0,554,0.3850998380279541
call,2027-12-17,1.1972602739726028,580.0,234.37,238.5,236.435,236.49,1.0,756,0.3804535832214356
call,2027-12-17,1.1972602739726028,585.0,230.02,234.5,232.26,221.0,3.0,681,0.3779893134307861
call,2027-12-17,1.1972602739726028,590.0,225.7,230.0,227.85,217.06,2.0,1239,0.37328965339660647
call,2027-12-17,1.1972602739726028,595.0,221.4,225.5,223.45,224.42,1.0,2714,0.36856710540771487
call,2027-12-17,1.1972602739726028,600.0,217.09,220.0,218.54500000000002,220.16,2.0,3179,0.3595950271606445
call,2027-12-17,1.1972602739726028,605.0,212.79,217.0,214.89499999999998,214.96,1.0,1883,0.3611895546722411
call,2027-12-17,1.1972602739726028,610.0,208.51,213.0,210.755,200.68,1.0,1632,0.35846588806152346
call,2027-12-17,1.1972602739726028,615.0,204.25,208.5,206.375,196.07,18.0,274,0.3536365296173095
call,2027-12-17,1.1972602739726028,620.0,200.03,204.5,202.265,202.65,9.0,814,0.3508060525512695
call,2027-12-17,1.1972602739726028,625.0,195.82,200.0,197.91,189.28,1.0,669,0.3459309181976318
call,2027-12-17,1.1972602739726028,630.0,191.6,196.0,193.8,189.12,1.0,910,0.34298600135803226
call,2027-12-17,1.1972602739726028,635.0,187.41,192.0,189.70499999999998,180.15,1.0,968,0.33998004997253417
call,2027-12-17,1.1972602739726028,640.0,183.25,187.5,185.375,186.23,4.0,682,0.3350133638000488
call,2027-12-17,1.1972602739726028,645.0,179.12,183.5,181.31,170.21,12.0,2080,0.3319006019592285
call,2027-12-17,1.1972602739726028,650.0,174.94,179.0,176.97,176.32,3.0,2814,0.3268728812408448
call,2027-12-17,1.1972602739726028,655.0,170.89,175.0,172.945,172.59,3.0,3028,0.323653308944702
call,2027-12-17,1.1972602739726028,660.0,166.77,171.0,168.885,167.0,1.0,1200,0.3203803314208984
call,2027-12-17,1.1972602739726028,665.0,162.71,167.0,164.85500000000002,165.0,4.0,1587,0.317038690032959
call,2027-12-17,1.1972602739726028,670.0,158.67,163.0,160.83499999999998,162.63,3.0,1443,0.3136360140991211
call,2027-12-17,1.1972602739726028,675.0,154.65,159.0,156.825,156.34,2.0,1942,0.31017230361938475
call,2027-12-17,1.1972602739726028,680.0,150.69,155.0,152.845,143.94,6.0,1138,0.30663992927551265
call,2027-12-17,1.1972602739726028,685.0,146.75,149.48,148.115,144.74,3.0,2183,0.297835696029663
call,2027-12-17,1.1972602739726028,690.0,142.79,147.0,144.89499999999998,144.38,2.0,1103,0.2993958916091919
call,2027-12-17,1.1972602739726028,695.0,138.88,143.0,140.94,139.88,1.0,585,0.29567659896850584
call,2027-12-17,1.1972602739726028,700.0,135.02,139.5,137.26,137.41,6.0,5318,0.2935556484985351
call,2027-12-17,1.1972602739726028,705.0,131.18,135.5,133.34,132.5,1.0,390,0.2896875841522216
call,2027-12-17,1.1972602739726028,710.0,127.36,131.5,129.43,122.0,7.0,640,0.28575848526000974
call,2027-12-17,1.1972602739726028,715.0,123.56,126.22,124.89,117.5,1.0,1079,0.27762944667816153
call,2027-12-17,1.1972602739726028,720.0,119.8,124.0,121.9,114.18,32.0,2585,0.2792964527130126
call,2027-12-17,1.1972602739726028,725.0,116.07,120.5,118.285,116.81,51.0,1586,0.27672918712615957
call,2027-12-17,1.1972602739726028,730.0,112.42,116.5,114.46000000000001,115.1,46.0,1655,0.27249491550445554
call,2027-12-17,1.1972602739726028,735.0,108.95,112.98,110.965,107.75,3.0,1919,0.26968351173400884
call,2027-12-17,1.1972602739726028,740.0,105.24,109.48,107.36,107.68,2.0,947,0.26683777603149417
call,2027-12-17,1.1972602739726028,745.0,101.72,105.98,103.85,97.57,4.0,461,0.26389285919189454
call,2027-12-17,1.1972602739726028,750.0,98.14,102.5,100.32,101.13,9.0,2268,0.2609097957611084
call,2027-12-17,1.1972602739726028,755.0,94.67,97.12,95.89500000000001,96.37,7.0,756,0.25205978660583495
call,2027-12-17,1.1972602739726028,760.0,91.15,93.61,92.38,94.24,9.0,817,0.2488096970367432
call,2027-12-17,1.1972602739726028,765.0,87.78,90.23,89.005,89.8,1.0,704,0.24584189224243164
call,2027-12-17,1.1972602739726028,770.0,86.1,88.5,87.3,87.2,12.0,1337,0.24768818725585937
call,2027-12-17,1.1972602739726028,775.0,81.18,85.28,83.23,83.5,2.0,1976,0.2449416326904297
call,2027-12-17,1.1972602739726028,780.0,79.7,81.88,80.78999999999999,79.55,100.0,2792,0.24154658607482912
call,2027-12-17,1.1972602739726028,785.0,74.94,79.0,76.97,64.24,2.0,841,0.23956677799224851
call,2027-12-17,1.1972602739726028,790.0,71.89,75.5,73.695,74.17,72.0,2498,0.2356300497817993
call,2027-12-17,1.1972602739726028,795.0,68.87,72.5,70.685,60.41,11.0,1972,0.23303989624023438
call,2027-12-17,1.1972602739726028,800.0,65.93,68.97,67.45,67.95,34.0,4711,0.22875221939086915
call,2027-12-17,1.1972602739726028,805.0,63.05,66.9,64.975,60.2,10.0,734,0.228622520980835
call,2027-12-17,1.1972602739726028,810.0,61.3,62.9,62.099999999999994,62.0,1.0,898,0.22267928207397458
call,2027-12-17,1.1972602739726028,815.0,58.54,58.66,58.599999999999994,58.85,1.0,755,0.2158739302062988
call,2027-12-17,1.1972602739726028,820.0,55.85,55.97,55.91,56.76,2.0,915,0.21347069496154789
call,2027-12-17,1.1972602739726028,825.0,53.1,53.22,53.16,53.47,11.0,1396,0.21072414039611817
call,2027-12-17,1.1972602739726028,830.0,50.5,50.63,50.565,51.16,30.0,2256,0.20829420253753655
call,2027-12-17,1.1972602739726028,835.0,47.97,48.09,48.03,48.27,2.0,858,0.20584137672424316
call,2027-12-17,1.1972602739726028,840.0,45.46,45.58,45.519999999999996,46.17,2.0,714,0.20330844306945797
call,2027-12-17,1.1972602739726028,845.0,43.08,43.2,43.14,38.74,1.0,536,0.2009853156661987
call,2027-12-17,1.1972602739726028,850.0,40.73,40.85,40.79,40.8,37.0,2928,0.1985782657623291
call,2027-12-17,1.1972602739726028,855.0,38.54,38.66,38.599999999999994,38.85,104.0,1302,0.196472573928833
call,2027-12-17,1.1972602739726028,860.0,36.35,36.46,36.405,37.1,44.0,1028,0.19414563186645512
call,2027-12-17,1.1972602739726028,865.0,34.27,34.38,34.325,34.57,193.0,562,0.1920017934417725
call,2027-12-17,1.1972602739726028,870.0,32.29,32.4,32.345,33.0,1.0,1089,0.18998002410888676
call,2027-12-17,1.1972602739726028,875.0,30.41,30.5,30.455,31.14,3.0,2092,0.1880192893218994
call,2027-12-17,1.1972602739726028,880.0,28.6,28.7,28.65,25.18,1.0,2033,0.18618825294494626
call,2027-12-17,1.1972602739726028,885.0,26.87,26.95,26.91,25.36,1.0,978,0.18431906997680664
call,2027-12-17,1.1972602739726028,890.0,25.23,25.32,25.275,25.48,801.0,2159,0.18264824928283688
call,2027-12-17,1.1972602739726028,895.0,23.66,23.72,23.689999999999998,24.31,1.0,2337,0.18088206211090085
call,2027-12-17,1.1972602739726028,900.0,22.18,22.25,22.215,22.78,814.0,7139,0.17936001312255856
call,2027-12-17,1.1972602739726028,905.0,20.76,20.84,20.8,19.26,3.0,740,0.17785703742980957
call,2027-12-17,1.1972602739726028,910.0,19.43,19.52,19.475,16.27,9.0,1763,0.17646850151062013
call,2027-12-17,1.1972602739726028,915.0,18.17,18.25,18.21,17.57,1.0,3181,0.17507233627319335
call,2027-12-17,1.1972602739726028,920.0,16.99,17.04,17.015,17.46,2.0,707,0.17369142967224124
call,2027-12-17,1.1972602739726028,925.0,15.87,15.94,15.905,14.19,2.0,1086,0.17254703193664553
call,2027-12-17,1.1972602739726028,930.0,14.81,14.88,14.845,12.34,47.0,659,0.17136448760986328
call,2027-12-17,1.1972602739726028,935.0,13.83,13.89,13.86,12.91,1.0,744,0.17027349510192877
call,2027-12-17,1.1972602739726028,940.0,12.89,12.94,12.915,13.28,1.0,1280,0.16915198532104492
call,2027-12-17,1.1972602739726028,945.0,12.02,12.09,12.055,12.17,20.0,417,0.16828224304199224
call,2027-12-17,1.1972602739726028,950.0,11.19,11.26,11.225,11.43,2.0,1536,0.16730569030761722
call,2027-12-17,1.1972602739726028,955.0,10.41,10.48,10.445,10.56,2.0,1140,0.1663749134826661
call,2027-12-17,1.1972602739726028,960.0,9.71,9.77,9.74,10.03,190.0,662,0.16558909370422367
call,2027-12-17,1.1972602739726028,965.0,9.02,9.07,9.045,9.37,111.0,1154,0.1646659461975098
call,2027-12-17,1.1972602739726028,970.0,8.38,8.44,8.41,8.42,778.0,1864,0.1639182730102539
call,2027-12-17,1.1972602739726028,975.0,7.79,7.85,7.82,8.14,297.0,1753,0.1632163757324219
call,2027-12-17,1.1972602739726028,980.0,7.24,7.3,7.27,6.79,2.0,2472,0.16254499572753905
call,2027-12-17,1.1972602739726028,985.0,6.72,6.77,6.744999999999999,6.81,1.0,888,0.16181258117675779
call,2027-12-17,1.1972602739726028,990.0,6.24,6.3,6.27,6.33,1.0,1215,0.1612785289001465
call,2027-12-17,1.1972602739726028,995.0,5.79,5.84,5.8149999999999995,5.82,3.0,1055,0.1606300368499756
call,2027-12-17,1.1972602739726028,1000.0,5.37,5.43,5.4,5.4,106.0,6626,0.1601493898010254
call,2027-12-17,1.1972602739726028,1005.0,4.98,5.02,5.0,5.01,7.0,992,0.15947800979614257
call,2027-12-17,1.1972602739726028,1010.0,4.62,4.66,4.640000000000001,4.16,1.0,647,0.1590049920654297
call,2027-12-17,1.1972602739726028,1015.0,4.28,4.33,4.305,3.73,56.0,90,0.15860826751708984
call,2027-12-17,1.1972602739726028,1020.0,3.98,4.01,3.995,3.3,4.0,304,0.15811999114990233
call,2027-12-17,1.1972602739726028,1025.0,3.69,3.72,3.705,2.35,4.0,562,0.1577385252380371
call,2027-12-17,1.1972602739726028,1030.0,3.42,3.46,3.44,2.92,2.0,210,0.1574486111450195
call,2027-12-17,1.1972602739726028,1035.0,3.18,3.22,3.2,3.22,10.0,296,0.15721973159790043
call,2027-12-17,1.1972602739726028,1040.0,2.94,2.99,2.965,2.36,1.0,241,0.15692981750488283
call,2027-12-17,1.1972602739726028,1045.0,2.74,2.77,2.755,2.22,1.0,199,0.15659412750244145
call,2027-12-17,1.1972602739726028,1050.0,2.56,2.58,2.5700000000000003,2.59,32.0,24012,0.15644154113769532
call,2027-12-17,1.1972602739726028,1055.0,2.38,2.41,2.395,2.44,2.0,531,0.1563805065917969
call,2027-12-17,1.1972602739726028,1060.0,2.22,2.25,2.2350000000000003,1.48,1.0,453,0.15631947204589847
call,2027-12-17,1.1972602739726028,1065.0,2.07,2.09,2.08,2.16,2.0,183,0.15613636840820314
call,2027-12-17,1.1972602739726028,1070.0,1.93,1.95,1.94,1.54,2.0,1222,0.1560753338623047
call,2027-12-17,1.1972602739726028,1075.0,1.8,1.83,1.815,1.55,1.0,4056,0.15619740295410156
call,2027-12-17,1.1972602739726028,1080.0,1.69,1.71,1.7,1.36,1.0,7024,0.15619740295410156
call,2027-12-17,1.1972602739726028,1085.0,1.58,1.61,1.5950000000000002,0.85,1.0,10046,0.1564110238647461
call,2027-12-17,1.1972602739726028,1090.0,1.48,1.51,1.495,1.33,12.0,10917,0.15650257568359377
call,2027-12-17,1.1972602739726028,1095.0,1.39,1.41,1.4,0.97,1.0,14675,0.15650257568359377
call,2027-12-17,1.1972602739726028,1100.0,1.3,1.33,1.315,1.28,5.0,16912,0.15677723114013675
call,2027-12-17,1.1972602739726028,1105.0,1.22,1.25,1.2349999999999999,1.28,12.0,11004,0.15692981750488283
call,2027-12-17,1.1972602739726028,1110.0,1.15,1.18,1.165,0.91,10.0,18350,0.1572044729614258
call,2027-12-17,1.1972602739726028,1115.0,1.08,1.11,1.0950000000000002,0.96,10.0,15055,0.1574180938720703
call,2027-12-17,1.1972602739726028,1120.0,1.02,1.05,1.0350000000000001,0.98,9.0,12533,0.1577232666015625
call,2027-12-17,1.1972602739726028,1125.0,0.85,0.87,0.86,1.44,160.0,2988,0.1550377465820313
call,2027-12-17,1.1972602739726028,1130.0,0.92,0.93,0.925,0.74,1.0,11653,0.15808947387695313
call,2027-12-17,1.1972602739726028,1135.0,0.87,0.88,0.875,0.86,3.0,353,0.1583946466064453
call,2027-12-17,1.1972602739726028,1140.0,0.82,0.84,0.83,0.83,3.0,7568,0.15894395751953128
call,2027-12-17,1.1972602739726028,1150.0,0.74,0.75,0.745,0.71,3.0,12139,0.15949326843261719
call,2027-12-17,1.1972602739726028,1160.0,0.67,0.68,0.675,0.56,2.0,10329,0.1603477520751953
call,2027-12-17,1.1972602739726028,1170.0,0.61,0.62,0.615,0.55,5.0,27,0.16126327026367188
call,2027-12-17,1.1972602739726028,1180.0,0.55,0.57,0.56,0.51,2.0,30,0.16236189208984375
call,2027-12-17,1.1972602739726028,1190.0,0.5,0.52,0.51,0.52,10.0,86,0.16327741027832032
call,2027-12-17,1.1972602739726028,1200.0,0.46,0.48,0.47,0.48,4.0,341,0.16443706665039062
call,2027-12-17,1.1972602739726028,1210.0,0.42,0.44,0.43,0.41,5.0,103,0.16535258483886722
call,2027-12-17,1.1972602739726028,1220.0,0.39,0.41,0.4,0.37,1.0,2386,0.16663431030273443
call,2027-12-17,1.1972602739726028,1230.0,0.36,0.38,0.37,0.33,1.0,614,0.16773293212890628
call,2027-12-17,1.1972602739726028,1240.0,0.33,0.35,0.33999999999999997,0.37,1.0,4,0.1687094848632813
call,2027-12-17,1.1972602739726028,1250.0,0.31,0.33,0.32,0.31,1.0,847,0.1700522448730469
call,2027-12-17,1.1972602739726028,1260.0,0.29,0.31,0.3,0.29,5.0,577,0.17127293579101563
call,2027-12-17,1.1972602739726028,1270.0,0.6,0.63,0.615,0.71,194.0,200,0.18885088500976563
call,2027-12-17,1.1972602739726028,1280.0,0.25,0.27,0.26,0.24,5.0,10,0.17359224853515626
call,2027-12-17,1.1972602739726028,1290.0,0.23,0.25,0.24,0.19,46.0,680,0.1744467321777344
call,2027-12-17,1.1972602739726028,1300.0,0.19,0.21,0.2,0.25,25.0,0,0.17359224853515626
call,2027-12-17,1.1972602739726028,1320.0,0.19,0.21,0.2,0.21,1.0,267,0.17810880493164064
call,2027-12-17,1.1972602739726028,1330.0,0.18,0.2,0.19,0.18,1.0,80,0.17945156494140624
call,2027-12-17,1.1972602739726028,1340.0,0.17,0.19,0.18,0.16,1.0,1017,0.180672255859375
call,2027-12-17,1.1972602739726028,1350.0,0.16,0.18,0.16999999999999998,0.18,1.0,2,0.18189294677734374
call,2027-12-17,1.1972602739726028,1360.0,0.15,0.17,0.16,0.14,10.0,10,0.18311363769531247
call,2027-12-17,1.1972602739726028,1390.0,0.21,0.24,0.22499999999999998,0.27,1.0,1,0.1959308923339844
call,2027-12-17,1.1972602739726028,1400.0,0.11,0.13,0.12,0.15,1.0,23,0.186531572265625
call,2027-12-17,1.1972602739726028,1410.0,0.12,0.14,0.13,0.15,6.0,6,0.18994950683593753
call,2027-12-17,1.1972602739726028,1430.0,0.09,0.11,0.1,0.13,1.0,3,0.18946123046875002
call,2027-12-17,1.1972602739726028,1440.0,0.09,0.11,0.1,0.1,2.0,33,0.1914143359375
call,2027-12-17,1.1972602739726028,1450.0,0.08,0.1,0.09,0.1,1.0,13,0.19190261230468753
call,2027-12-17,1.1972602739726028,1460.0,0.08,0.1,0.09,0.08,1.0,2,0.19361157958984376
call,2027-12-17,1.1972602739726028,1470.0,0.07,0.09,0.08,0.08,1.0,193,0.19385571777343752
call,2027-12-17,1.1972602739726028,1480.0,0.07,0.09,0.08,0.08,6.0,834,0.19556468505859376
put,2027-12-17,1.1972602739726028,55.0,0.02,0.03,0.025,0.03,11.0,24,0.7460962890625
put,2027-12-17,1.1972602739726028,70.0,0.04,0.05,0.045,0.06,100.0,1351,0.70898728515625
put,2027-12-17,1.1972602739726028,75.0,0.04,0.06,0.05,0.07,100.0,631,0.6953155468750001
put,2027-12-17,1.1972602739726028,80.0,0.05,0.07,0.060000000000000005,0.08,200.0,1200,0.68555001953125
put,2027-12-17,1.1972602739726028,85.0,0.06,0.08,0.07,0.07,10.0,622,0.6757844921875001
put,2027-12-17,1.1972602739726028,90.0,0.07,0.09,0.08,0.09,5.0,1220,0.6660189648437502
put,2027-12-17,1.1972602739726028,95.0,0.08,0.1,0.09,0.11,103.0,611,0.6562534375000001
put,2027-12-17,1.1972602739726028,100.0,0.09,0.11,0.1,0.11,26.0,1753,0.6455113574218749
put,2027-12-17,1.1972602739726028,105.0,0.19,0.22,0.20500000000000002,0.22,20.0,21,0.6752962158203126
put,2027-12-17,1.1972602739726028,110.0,0.12,0.14,0.13,0.13,1.0,8,0.63086306640625
put,2027-12-17,1.1972602739726028,115.0,0.13,0.15,0.14,0.15,,1,0.6206092626953126
put,2027-12-17,1.1972602739726028,120.0,0.15,0.16,0.155,0.18,1.0,111,0.6127968408203126
put,2027-12-17,1.1972602739726028,125.0,0.16,0.18,0.16999999999999998,0.21,600.0,600,0.6044961425781252
put,2027-12-17,1.1972602739726028,130.0,0.18,0.2,0.19,0.2,1.0,336,0.5986368261718751
put,2027-12-17,1.1972602739726028,135.0,0.2,0.22,0.21000000000000002,0.21,1.0,716,0.5918009570312501
put,2027-12-17,1.1972602739726028,140.0,0.31,0.33,0.32,0.41,1.0,387,0.6059609716796877
put,2027-12-17,1.1972602739726028,150.0,0.26,0.28,0.27,0.32,1.0,60,0.5712933496093751
put,2027-12-17,1.1972602739726028,160.0,0.31,0.32,0.315,0.32,9.0,252,0.5585981640625001
put,2027-12-17,1.1972602739726028,165.0,0.33,0.35,0.33999999999999997,0.36,1.0,92,0.5522505712890625
put,2027-12-17,1.1972602739726028,170.0,0.63,0.65,0.64,0.74,1.0,0,0.5835002587890624
put,2027-12-17,1.1972602739726028,175.0,0.77,0.79,0.78,0.99,1.0,1,0.5871623315429688
put,2027-12-17,1.1972602739726028,180.0,0.42,0.43,0.425,0.45,30.0,185,0.5351608984375
put,2027-12-17,1.1972602739726028,190.0,0.48,0.5,0.49,0.6,1.0,1,0.5246629565429688
put,2027-12-17,1.1972602739726028,195.0,0.51,0.53,0.52,0.54,1.0,16,0.5190477783203125
put,2027-12-17,1.1972602739726028,200.0,0.54,0.56,0.55,0.56,7.0,2919,0.5131884619140624
put,2027-12-17,1.1972602739726028,205.0,0.58,0.6,0.59,0.63,5.0,20,0.5085498364257812
put,2027-12-17,1.1972602739726028,215.0,0.65,0.67,0.66,0.68,17.0,1117,0.49878430908203125
put,2027-12-17,1.1972602739726028,225.0,0.73,0.75,0.74,0.79,1.0,643,0.4887746435546876
put,2027-12-17,1.1972602739726028,230.0,0.77,0.79,0.78,0.81,3.0,1179,0.48376981079101566
put,2027-12-17,1.1972602739726028,235.0,0.81,0.83,0.8200000000000001,0.87,3.0,167,0.47864290893554684
put,2027-12-17,1.1972602739726028,240.0,0.85,0.87,0.86,0.9,5.0,210,0.47363807617187503
put,2027-12-17,1.1972602739726028,245.0,0.9,0.92,0.91,1.04,41.0,78,0.46924358886718753
put,2027-12-17,1.1972602739726028,250.0,0.95,0.96,0.955,0.96,300.0,664,0.46411668701171876
put,2027-12-17,1.1972602739726028,255.0,0.99,1.01,1.0,1.09,2.0,94,0.4596001306152344
put,2027-12-17,1.1972602739726028,260.0,1.04,1.05,1.045,1.1,3.0,121,0.4544732287597656
put,2027-12-17,1.1972602739726028,265.0,1.21,1.23,1.22,1.83,3.0,87,0.45703667968750006
put,2027-12-17,1.1972602739726028,270.0,1.14,1.15,1.145,1.19,85.0,1205,0.445318046875
put,2027-12-17,1.1972602739726028,275.0,1.19,1.2,1.1949999999999998,1.27,94.0,171,0.44067942138671873
put,2027-12-17,1.1972602739726028,280.0,1.24,1.26,1.25,1.31,5.0,1185,0.43659010681152344
put,2027-12-17,1.1972602739726028,285.0,1.72,1.74,1.73,2.14,3.0,44,0.4506890869140625
put,2027-12-17,1.1972602739726028,290.0,1.35,1.37,1.36,1.67,1.0,81,0.42774009765625004
put,2027-12-17,1.1972602739726028,295.0,1.41,1.43,1.42,1.51,10.0,458,0.42358974853515624
put,2027-12-17,1.1972602739726028,300.0,1.47,1.49,1.48,1.53,3.0,909,0.4193173303222656
put,2027-12-17,1.1972602739726028,305.0,1.53,1.55,1.54,1.7,50.0,643,0.415044912109375
put,2027-12-17,1.1972602739726028,310.0,1.59,1.61,1.6,1.75,123.0,184,0.4107724938964844
put,2027-12-17,1.1972602739726028,315.0,1.66,1.68,1.67,1.73,10.0,1637,0.40680524841308596
put,2027-12-17,1.1972602739726028,320.0,1.72,1.74,1.73,1.97,16.0,247,0.4024717956542969
put,2027-12-17,1.1972602739726028,325.0,1.79,1.81,1.8,1.97,249.0,1298,0.3985045501708985
put,2027-12-17,1.1972602739726028,330.0,1.86,1.88,1.87,1.88,1.0,144,0.39453730468750003
put,2027-12-17,1.1972602739726028,335.0,1.93,1.95,1.94,2.01,10.0,580,0.3904479901123047
put,2027-12-17,1.1972602739726028,340.0,2.01,2.02,2.0149999999999997,2.13,2.0,3605,0.3864197100830078
put,2027-12-17,1.1972602739726028,345.0,2.08,2.1,2.09,2.29,30.0,4270,0.3826355682373046
put,2027-12-17,1.1972602739726028,350.0,2.16,2.17,2.165,2.21,24.0,7503,0.37854625366210937
put,2027-12-17,1.1972602739726028,355.0,2.24,2.26,2.25,2.31,1.0,242,0.37500625
put,2027-12-17,1.1972602739726028,360.0,2.32,2.34,2.33,2.45,1.0,6006,0.37116107360839845
put,2027-12-17,1.1972602739726028,365.0,2.4,2.43,2.415,2.81,85.0,326,0.3675600354003906
put,2027-12-17,1.1972602739726028,370.0,2.49,2.51,2.5,2.62,57.0,3721,0.36365382446289063
put,2027-12-17,1.1972602739726028,375.0,2.58,2.6,2.59,2.66,2.0,422,0.3599612344360351
put,2027-12-17,1.1972602739726028,385.0,2.76,2.78,2.7699999999999996,2.87,1.0,799,0.35251501983642575
put,2027-12-17,1.1972602739726028,390.0,2.86,2.88,2.87,3.0,35.0,308,0.3490055334472656
put,2027-12-17,1.1972602739726028,400.0,3.06,3.08,3.0700000000000003,3.25,2.0,10009,0.34183397430419915
put,2027-12-17,1.1972602739726028,405.0,3.16,3.19,3.175,3.27,5.0,517,0.3384160397338867
put,2027-12-17,1.1972602739726028,410.0,3.27,3.29,3.2800000000000002,3.47,2.0,9031,0.3347539669799804
put,2027-12-17,1.1972602739726028,415.0,3.38,3.41,3.395,4.15,1.0,1031,0.3314581015014648
put,2027-12-17,1.1972602739726028,420.0,3.5,3.53,3.5149999999999997,3.69,4.0,955,0.3281012014770508
put,2027-12-17,1.1972602739726028,425.0,3.62,3.65,3.635,3.66,1.0,1218,0.32474430145263666
put,2027-12-17,1.1972602739726028,430.0,3.74,3.77,3.755,3.79,4.0,902,0.3213263668823242
put,2027-12-17,1.1972602739726028,435.0,3.86,3.89,3.875,4.12,1.0,125,0.3178779150390625
put,2027-12-17,1.1972602739726028,440.0,3.99,4.02,4.005,3.99,3.0,1963,0.3145515322875976
put,2027-12-17,1.1972602739726028,445.0,4.12,4.15,4.135,4.34,8.0,760,0.31119463226318356
put,2027-12-17,1.1972602739726028,450.0,4.26,4.29,4.275,4.34,5.0,10486,0.30795980133056633
put,2027-12-17,1.1972602739726028,455.0,4.41,4.45,4.43,4.65,1.0,7305,0.3049691085815429
put,2027-12-17,1.1972602739726028,460.0,4.56,4.59,4.574999999999999,4.59,3.0,10402,0.30167324310302734
put,2027-12-17,1.1972602739726028,465.0,4.72,4.74,4.73,5.23,1.0,1009,0.2984384121704101
put,2027-12-17,1.1972602739726028,470.0,4.89,4.91,4.9,4.99,1.0,754,0.2954477194213867
put,2027-12-17,1.1972602739726028,475.0,5.05,5.08,5.0649999999999995,5.23,1.0,951,0.2923959921264647
put,2027-12-17,1.1972602739726028,480.0,5.21,5.25,5.23,5.67,2.0,4834,0.2893137475585937
put,2027-12-17,1.1972602739726028,485.0,5.4,5.44,5.42,5.72,2.0,479,0.28639934799194333
put,2027-12-17,1.1972602739726028,490.0,5.58,5.63,5.605,5.91,6.0,531,0.2834544311523437
put,2027-12-17,1.1972602739726028,495.0,5.77,5.81,5.789999999999999,5.86,1.0,1522,0.28032641067504876
put,2027-12-17,1.1972602739726028,500.0,5.97,6.01,5.99,6.06,48.0,17218,0.2773814938354492
put,2027-12-17,1.1972602739726028,505.0,6.19,6.23,6.210000000000001,6.38,5.0,800,0.27458916336059574
put,2027-12-17,1.1972602739726028,510.0,6.4,6.44,6.42,6.51,1.0,2217,0.27164424652099606
put,2027-12-17,1.1972602739726028,515.0,6.63,6.68,6.654999999999999,6.87,25.0,5607,0.26892820922851557
put,2027-12-17,1.1972602739726028,520.0,6.87,6.91,6.890000000000001,6.95,2.0,2225,0.26605958557128906
put,2027-12-17,1.1972602739726028,525.0,7.11,7.15,7.130000000000001,7.38,12.0,1848,0.2632214791870118
put,2027-12-17,1.1972602739726028,530.0,7.37,7.41,7.390000000000001,7.66,1.0,9582,0.26050544189453123
put,2027-12-17,1.1972602739726028,535.0,7.63,7.68,7.654999999999999,8.05,4.0,1016,0.257819921875
put,2027-12-17,1.1972602739726028,540.0,7.91,7.96,7.9350000000000005,7.96,3.0,4047,0.25514966049194343
put,2027-12-17,1.1972602739726028,545.0,8.19,8.23,8.21,8.48,5.0,7359,0.2523268127441406
put,2027-12-17,1.1972602739726028,550.0,8.48,8.53,8.504999999999999,8.6,1.0,4593,0.24967180999755856
put,2027-12-17,1.1972602739726028,555.0,8.8,8.86,8.83,9.16,664.0,1850,0.24719991088867188
put,2027-12-17,1.1972602739726028,560.0,9.12,9.16,9.14,9.15,4.0,1010,0.24440758041381838
put,2027-12-17,1.1972602739726028,565.0,9.44,9.5,9.469999999999999,9.79,123.0,1583,0.24184412948608397
put,2027-12-17,1.1972602739726028,570.0,9.79,9.84,9.815,10.14,185.0,1839,0.23920438537597655
put,2027-12-17,1.1972602739726028,575.0,10.15,10.2,10.175,10.27,1.0,3200,0.2366409344482422
put,2027-12-17,1.1972602739726028,580.0,10.52,10.56,10.54,10.65,485.0,2397,0.23398593170166015
put,2027-12-17,1.1972602739726028,585.0,10.92,10.96,10.940000000000001,10.94,9.0,2017,0.23152929122924804
put,2027-12-17,1.1972602739726028,590.0,11.31,11.36,11.335,11.34,259.0,1823,0.2289810989379883
put,2027-12-17,1.1972602739726028,595.0,11.74,11.78,11.76,12.24,2.0,1078,0.22646342391967772
put,2027-12-17,1.1972602739726028,600.0,12.17,12.2,12.184999999999999,12.2,51.0,8864,0.2238847143554687
put,2027-12-17,1.1972602739726028,605.0,12.61,12.66,12.635,13.4,166.0,1337,0.22144333251953124
put,2027-12-17,1.1972602739726028,610.0,13.09,13.14,13.115,13.23,1.0,2713,0.21902483863830566
put,2027-12-17,1.1972602739726028,615.0,13.57,13.61,13.59,13.62,42.0,3194,0.21646138771057125
put,2027-12-17,1.1972602739726028,620.0,14.08,14.13,14.105,14.09,9.0,1673,0.2140810404205322
put,2027-12-17,1.1972602739726028,625.0,14.6,14.65,14.625,14.6,40.0,2160,0.21160151199340815
put,2027-12-17,1.1972602739726028,630.0,15.13,15.17,15.15,15.27,4.0,3590,0.2090380610656738
put,2027-12-17,1.1972602739726028,635.0,15.7,15.74,15.719999999999999,15.86,1.0,1091,0.20662719650268552
put,2027-12-17,1.1972602739726028,640.0,16.28,16.33,16.305,16.97,1.0,2333,0.20420870262145993
put,2027-12-17,1.1972602739726028,645.0,16.88,16.93,16.905,16.9,4.0,5100,0.20173680351257325
put,2027-12-17,1.1972602739726028,650.0,17.51,17.56,17.535,17.75,10.0,3297,0.19930305099487305
put,2027-12-17,1.1972602739726028,655.0,18.16,18.22,18.189999999999998,19.37,4.0,840,0.19690744506835936
put,2027-12-17,1.1972602739726028,660.0,18.82,18.87,18.845,18.8,5.0,3105,0.1943516234588623
put,2027-12-17,1.1972602739726028,665.0,19.52,19.58,19.549999999999997,19.75,6.0,1613,0.19195601753234867
put,2027-12-17,1.1972602739726028,670.0,20.25,20.31,20.28,21.1,2.0,1283,0.18952226501464847
put,2027-12-17,1.1972602739726028,675.0,21.0,21.05,21.025,21.23,41.0,358,0.18702747795104982
put,2027-12-17,1.1972602739726028,680.0,21.78,21.84,21.810000000000002,21.99,1.0,3412,0.18460898406982418
put,2027-12-17,1.1972602739726028,685.0,22.57,22.65,22.61,22.59,1.0,1122,0.18215234359741211
put,2027-12-17,1.1972602739726028,690.0,23.44,23.49,23.465,23.68,7.0,6904,0.179695703125
put,2027-12-17,1.1972602739726028,695.0,24.3,24.38,24.34,24.4,6.0,1904,0.17729246788024902
put,2027-12-17,1.1972602739726028,700.0,25.19,25.28,25.235,25.5,5.0,4477,0.1748053101348877
put,2027-12-17,1.1972602739726028,705.0,26.12,26.22,26.17,27.03,2.0,1211,0.1723257817077637
put,2027-12-17,1.1972602739726028,710.0,27.09,27.19,27.14,27.25,30.0,1140,0.16981573600769045
put,2027-12-17,1.1972602739726028,715.0,28.1,28.21,28.155,28.44,1.0,713,0.16734383689880375
put,2027-12-17,1.1972602739726028,720.0,29.16,29.26,29.21,29.19,3.0,7444,0.16483379119873048
put,2027-12-17,1.1972602739726028,725.0,30.25,30.37,30.310000000000002,30.4,30.0,1164,0.16237715072631836
put,2027-12-17,1.1972602739726028,730.0,31.38,31.49,31.435,31.53,802.0,1829,0.15979844116210937
put,2027-12-17,1.1972602739726028,735.0,32.56,32.67,32.615,32.78,1.0,814,0.1572578781890869
put,2027-12-17,1.1972602739726028,740.0,33.78,33.91,33.845,33.77,808.0,531,0.15474401782989505
put,2027-12-17,1.1972602739726028,745.0,35.04,35.17,35.105000000000004,34.98,1.0,742,0.15212334701538088
put,2027-12-17,1.1972602739726028,750.0,36.39,36.54,36.465,36.56,7.0,1545,0.14967433586120607
put,2027-12-17,1.1972602739726028,755.0,37.76,37.9,37.83,38.14,2.0,300,0.14701170379638673
put,2027-12-17,1.1972602739726028,760.0,39.17,39.31,39.24,39.35,3.0,2396,0.14431092514038085
put,2027-12-17,1.1972602739726028,765.0,40.65,40.79,40.72,40.68,48.0,2972,0.1416254051208496
put,2027-12-17,1.1972602739726028,770.0,42.21,42.37,42.29,42.29,9.0,738,0.13903143692016606
put,2027-12-17,1.1972602739726028,775.0,43.81,43.97,43.89,43.74,81.0,1316,0.13627725303649904
put,2027-12-17,1.1972602739726028,780.0,45.48,45.64,45.56,45.49,8.0,675,0.13350399585723877
put,2027-12-17,1.1972602739726028,785.0,47.26,47.45,47.355000000000004,47.14,3.0,254,0.13090621299743652
put,2027-12-17,1.1972602739726028,790.0,49.06,49.23,49.144999999999996,53.98,1.0,153,0.12796511081695555
put,2027-12-17,1.1972602739726028,795.0,51.01,51.21,51.11,51.13,3.0,461,0.12534444000244144
put,2027-12-17,1.1972602739726028,800.0,53.0,53.18,53.09,53.14,8.0,744,0.12241096714019777
put,2027-12-17,1.1972602739726028,805.0,55.07,55.25,55.16,55.66,2.0,3115,0.11946986495971679
put,2027-12-17,1.1972602739726028,810.0,57.28,57.44,57.36,60.5,8.0,658,0.11657072402954102
put,2027-12-17,1.1972602739726028,815.0,59.53,59.72,59.625,70.38,2.0,6528,0.11358766059875489
put,2027-12-17,1.1972602739726028,820.0,61.96,62.13,62.045,62.35,12.0,4582,0.11063511444091798
put,2027-12-17,1.1972602739726028,825.0,64.45,64.64,64.545,64.86,12.0,1833,0.10759864578247072
put,2027-12-17,1.1972602739726028,830.0,67.06,67.25,67.155,70.77,2.0,3795,0.10444010803222654
put,2027-12-17,1.1972602739726028,835.0,69.8,69.98,69.89,72.73,34.0,917,0.10119001846313475
put,2027-12-17,1.1972602739726028,840.0,72.65,72.86,72.755,82.28,3.0,1038,0.09793229957580568
put,2027-12-17,1.1972602739726028,845.0,75.62,75.87,75.745,96.8,2.0,5004,0.0945448822784424
put,2027-12-17,1.1972602739726028,850.0,78.54,80.24,79.39,83.43,4.0,8175,0.09592578887939454
put,2027-12-17,1.1972602739726028,855.0,81.82,84.5,83.16,93.51,4.0,369,0.09665057411193848
put,2027-12-17,1.1972602739726028,860.0,85.23,88.0,86.61500000000001,85.46,4.0,1559,0.09383535568237306
put,2027-12-17,1.1972602739726028,865.0,88.85,91.5,90.175,101.5,1.0,4262,0.09029535202026368
put,2027-12-17,1.1972602739726028,870.0,92.54,95.42,93.98,100.02,1.0,26,0.0880294445037842
put,2027-12-17,1.1972602739726028,875.0,96.4,99.36,97.88,103.99,1.0,3,0.08513030357360843
put,2027-12-17,1.1972602739726028,880.0,100.51,103.48,101.995,114.63,5.0,0,0.08243715423583986
put,2027-12-17,1.1972602739726028,885.0,104.5,107.5,106.0,117.7,1.0,0,0.07782904602050782
put,2027-12-17,1.1972602739726028,895.0,113.29,117.42,115.355,128.02,1.0,0,0.08231508514404298
put,2027-12-17,1.1972602739726028,900.0,118.04,122.42,120.23,119.54,1.0,1,0.08486327743530275
put,2027-12-17,1.1972602739726028,910.0,127.59,132.49,130.04000000000002,141.18,2.0,2,0.09049371429443359
put,2027-12-17,1.1972602739726028,915.0,235.75,240.5,238.125,217.85,14.0,0,0.44838503280639647
put,2027-12-17,1.1972602739726028,920.0,137.5,142.49,139.995,153.94,1.0,0,0.0953764779663086
put,2027-12-17,1.1972602739726028,925.0,241.0,245.91,243.45499999999998,239.26,,0,0.4431055445861816
put,2027-12-17,1.1972602739726028,930.0,158.5,163.42,160.95999999999998,155.56,,0,0.16357495368957523
put,2027-12-17,1.1972602739726028,935.0,169.0,173.77,171.385,192.63,2.0,0,0.1889500661468506
put,2027-12-17,1.1972602739726028,950.0,167.5,172.48,169.99,185.41,,0,0.10935338897705077
put,2027-12-17,1.1972602739726028,995.0,330.5,335.36,332.93,350.09,1.0,0,0.5464904360198974
put,2027-12-17,1.1972602739726028,1005.0,327.27,332.0,329.635,341.44,4.0,0,0.5140810921478272
put,2027-12-17,1.1972602739726028,1340.0,657.66,662.78,660.22,656.0,,0,0.6802171260833741
call,2028-01-21,1.2931506849315069,50.0,728.0,732.85,730.425,711.96,10.0,10,1.0742233789062503
call,2028-01-21,1.2931506849315069,60.0,619.25,624.0,621.625,627.36,1.0,1,1.0000000000000003e-05
call,2028-01-21,1.2931506849315069,100.0,678.5,683.0,680.75,658.86,1.0,0,0.8239763696289062
call,2028-01-21,1.2931506849315069,105.0,585.73,590.5,588.115,566.79,,0,1.0000000000000003e-05
call,2028-01-21,1.2931506849315069,110.0,580.81,585.5,583.155,563.32,,0,1.0000000000000003e-05
call,2028-01-21,1.2931506849315069,115.0,576.09,579.0,577.5450000000001,558.49,,0,1.0000000000000003e-05
call,2028-01-21,1.2931506849315069,120.0,569.57,574.5,572.0350000000001,570.92,2.0,1,1.0000000000000003e-05
call,2028-01-21,1.2931506849315069,130.0,561.2,564.0,562.6,545.83,,0,1.0000000000000003e-05
call,2028-01-21,1.2931506849315069,135.0,556.1,560.5,558.3,525.91,,0,1.0000000000000003e-05
call,2028-01-21,1.2931506849315069,140.0,551.18,556.0,553.5899999999999,526.84,30.0,0,1.0000000000000003e-05
call,2028-01-21,1.2931506849315069,150.0,629.0,633.5,631.25,609.32,4.0,4,0.6937286486816407
call,2028-01-21,1.2931506849315069,180.0,559.13,563.0,561.065,497.75,10.0,0,1.0000000000000003e-05
call,2028-01-21,1.2931506849315069,195.0,483.0,487.5,485.25,500.5,1.0,0,1.0000000000000003e-05
call,2028-01-21,1.2931506849315069,200.0,582.2,587.0,584.6,576.6,4.0,282,0.6926300268554688
call,2028-01-21,1.2931506849315069,220.0,476.0,480.5,478.25,477.0,2.0,3,1.0000000000000003e-05
call,2028-01-21,1.2931506849315069,225.0,519.5,523.91,521.7049999999999,500.92,,0,1.0000000000000003e-05
call,2028-01-21,1.2931506849315069,240.0,436.5,441.14,438.82,445.03,4.0,9,1.0000000000000003e-05
call,2028-01-21,1.2931506849315069,245.0,453.63,457.5,455.565,449.09,,1,1.0000000000000003e-05
call,2028-01-21,1.2931506849315069,255.0,432.5,437.0,434.75,417.83,,1,1.0000000000000003e-05
call,2028-01-21,1.2931506849315069,260.0,439.5,444.0,441.75,433.67,1.0,3,1.0000000000000003e-05
call,2028-01-21,1.2931506849315069,280.0,421.93,426.0,423.96500000000003,405.0,,1,1.0000000000000003e-05
call,2028-01-21,1.2931506849315069,285.0,465.0,469.31,467.155,474.36,,0,1.0000000000000003e-05
call,2028-01-21,1.2931506849315069,295.0,408.39,411.0,409.695,407.72,,5,1.0000000000000003e-05
call,2028-01-21,1.2931506849315069,300.0,464.13,469.0,466.565,446.7,1.0,37,1.0000000000000003e-05
call,2028-01-21,1.2931506849315069,305.0,447.0,450.99,448.995,456.47,,0,1.0000000000000003e-05
call,2028-01-21,1.2931506849315069,310.0,468.5,473.0,470.75,468.39,1.0,0,0.4482782223510742
call,2028-01-21,1.2931506849315069,315.0,408.1,412.5,410.3,380.0,1.0,0,1.0000000000000003e-05
call,2028-01-21,1.2931506849315069,320.0,384.93,389.5,387.21500000000003,381.47,11.0,2,1.0000000000000003e-05
call,2028-01-21,1.2931506849315069,330.0,461.31,466.0,463.655,446.43,18.0,27,0.5742382664489747
call,2028-01-21,1.2931506849315069,335.0,418.0,421.5,419.75,363.47,2.0,6,1.0000000000000003e-05
call,2028-01-21,1.2931506849315069,340.0,414.0,418.94,416.47,408.0,6.0,16,1.0000000000000003e-05
call,2028-01-21,1.2931506849315069,350.0,443.0,447.5,445.25,438.0,1.0,35,0.5562635926818849
call,2028-01-21,1.2931506849315069,360.0,349.5,354.43,351.96500000000003,348.8,,9,1.0000000000000003e-05
call,2028-01-21,1.2931506849315069,370.0,387.0,391.94,389.47,386.0,1.0,2,1.0000000000000003e-05
call,2028-01-21,1.2931506849315069,380.0,415.35,420.0,417.675,405.5,1.0,3,0.529148995666504
call,2028-01-21,1.2931506849315069,385.0,328.21,332.0,330.105,306.93,1.0,1,1.0000000000000003e-05
call,2028-01-21,1.2931506849315069,400.0,397.03,402.0,399.515,388.19,2.0,122,0.5126696682739257
call,2028-01-21,1.2931506849315069,405.0,392.5,397.0,394.75,378.95,1.0,2,0.5067493173217773
call,2028-01-21,1.2931506849315069,420.0,362.79,367.5,365.145,353.0,1.0,21,0.3751435777282715
call,2028-01-21,1.2931506849315069,425.0,338.0,342.78,340.39,338.75,1.0,26,1.0000000000000003e-05
call,2028-01-21,1.2931506849315069,430.0,353.77,358.5,356.135,344.35,16.0,71,0.3737245245361328
call,2028-01-21,1.2931506849315069,440.0,344.77,349.5,347.135,335.37,16.0,50,0.3714815049743652
call,2028-01-21,1.2931506849315069,445.0,275.44,280.0,277.72,274.6,1.0,1,1.0000000000000003e-05
call,2028-01-21,1.2931506849315069,450.0,351.5,356.48,353.99,341.96,1.0,41,0.48541011421203617
call,2028-01-21,1.2931506849315069,455.0,325.5,330.45,327.975,312.32,1.0,3,0.3114692877197265
call,2028-01-21,1.2931506849315069,460.0,342.42,347.0,344.71000000000004,337.0,1.0,131,0.4738059211730958
call,2028-01-21,1.2931506849315069,470.0,322.42,327.0,324.71000000000004,325.21,7.0,7,0.3946441151428223
call,2028-01-21,1.2931506849315069,475.0,308.0,312.86,310.43,286.66,1.0,40,0.31534498138427725
call,2028-01-21,1.2931506849315069,480.0,324.32,329.0,326.65999999999997,307.92,1.0,17,0.45656366195678716
call,2028-01-21,1.2931506849315069,485.0,304.63,309.0,306.815,284.15,2.0,42,0.35443760803222646
call,2028-01-21,1.2931506849315069,490.0,304.53,309.0,306.765,311.58,2.0,13,0.3824219473266601
call,2028-01-21,1.2931506849315069,495.0,295.8,300.5,298.15,292.76,1.0,11,0.35298803756713865
call,2028-01-21,1.2931506849315069,500.0,306.5,311.44,308.97,304.97,2.0,128,0.4415491636657715
call,2028-01-21,1.2931506849315069,505.0,291.21,296.0,293.605,298.39,1.0,9,0.37576155250549315
call,2028-01-21,1.2931506849315069,510.0,286.78,291.5,289.14,293.92,2.0,112,0.3723817645263672
call,2028-01-21,1.2931506849315069,515.0,260.27,265.0,262.635,257.57,2.0,4,0.1577232666015625
call,2028-01-21,1.2931506849315069,520.0,288.58,293.5,291.03999999999996,282.5,1.0,161,0.424184835357666
call,2028-01-21,1.2931506849315069,525.0,284.15,289.0,286.575,269.71,1.0,41,0.41974457214355465
call,2028-01-21,1.2931506849315069,535.0,275.38,280.0,277.69,265.03,10.0,325,0.41084115776062013
call,2028-01-21,1.2931506849315069,540.0,270.98,275.5,273.24,260.82,2.0,82,0.4063780065917969
call,2028-01-21,1.2931506849315069,545.0,266.53,271.5,269.015,253.17,2.0,27,0.40426468544006355
call,2028-01-21,1.2931506849315069,550.0,262.21,267.0,264.605,250.03,1.0,757,0.3997557583618164
call,2028-01-21,1.2931506849315069,555.0,257.84,262.5,260.16999999999996,251.02,1.0,244,0.39523157264709485
call,2028-01-21,1.2931506849315069,560.0,253.49,258.0,255.745,251.25,1.0,62,0.390707386932373
call,2028-01-21,1.2931506849315069,565.0,249.15,254.0,251.575,233.42,1.0,43,0.3883957035064698
call,2028-01-21,1.2931506849315069,570.0,244.81,249.5,247.155,242.7,1.0,101,0.38381811256408693
call,2028-01-21,1.2931506849315069,575.0,240.5,245.5,243.0,229.05,1.0,44,0.38139961868286126
call,2028-01-21,1.2931506849315069,580.0,236.19,241.0,238.595,230.0,3.0,108,0.3767762518310547
call,2028-01-21,1.2931506849315069,585.0,231.85,236.5,234.175,222.04,1.0,39,0.3721528849792481
call,2028-01-21,1.2931506849315069,590.0,227.57,232.5,230.035,225.18,1.0,268,0.3695894340515136
call,2028-01-21,1.2931506849315069,595.0,223.31,228.0,225.655,215.65,1.0,331,0.3649202912902832
call,2028-01-21,1.2931506849315069,600.0,219.11,224.0,221.555,217.09,1.0,1590,0.36225002990722655
call,2028-01-21,1.2931506849315069,605.0,214.88,219.5,217.19,213.0,1.0,87,0.3575351112365723
call,2028-01-21,1.2931506849315069,610.0,210.61,215.5,213.055,207.47,2.0,381,0.35477329803466784
call,2028-01-21,1.2931506849315069,615.0,206.41,211.0,208.70499999999998,202.64,5.0,78,0.35001260345458973
call,2028-01-21,1.2931506849315069,620.0,202.28,207.0,204.64,188.39,11.0,237,0.3471516091156005
call,2028-01-21,1.2931506849315069,625.0,198.11,203.0,200.555,197.27,1.0,72,0.3442372095489502
call,2028-01-21,1.2931506849315069,630.0,193.92,198.5,196.20999999999998,196.8,1.0,224,0.3393925924682617
call,2028-01-21,1.2931506849315069,635.0,189.84,194.5,192.17000000000002,192.14,1.0,156,0.33637901176452634
call,2028-01-21,1.2931506849315069,640.0,185.68,190.5,188.09,189.08,2.0,662,0.3333120258331299
call,2028-01-21,1.2931506849315069,645.0,181.64,186.5,184.07,179.16,1.0,138,0.33017637603759764
call,2028-01-21,1.2931506849315069,650.0,177.57,182.0,179.785,181.22,11.0,643,0.32521731918334956
call,2028-01-21,1.2931506849315069,655.0,173.52,178.0,175.76,175.32,3.0,365,0.32199774688720695
call,2028-01-21,1.2931506849315069,660.0,169.49,174.0,171.745,172.95,1.0,653,0.31871714004516594
call,2028-01-21,1.2931506849315069,665.0,165.44,170.0,167.72,158.62,8.0,281,0.31538312797546375
call,2028-01-21,1.2931506849315069,670.0,161.51,166.0,163.755,166.51,1.0,457,0.3119957106781005
call,2028-01-21,1.2931506849315069,675.0,157.55,162.0,159.775,155.0,2.0,900,0.3085472588348388
call,2028-01-21,1.2931506849315069,680.0,153.57,158.5,156.035,157.1,1.0,1332,0.3067009638214111
call,2028-01-21,1.2931506849315069,685.0,149.71,154.5,152.10500000000002,148.35,12.0,1027,0.3031228135681152
call,2028-01-21,1.2931506849315069,690.0,145.82,150.5,148.16,145.1,2.0,1072,0.2994836287689209
call,2028-01-21,1.2931506849315069,695.0,141.97,146.5,144.235,144.1,1.0,979,0.29579103874206536
call,2028-01-21,1.2931506849315069,700.0,138.1,143.0,140.55,138.67,8.0,2642,0.29363194168090817
call,2028-01-21,1.2931506849315069,705.0,134.3,139.0,136.65,137.41,2.0,536,0.28980965324401853
call,2028-01-21,1.2931506849315069,710.0,130.57,135.0,132.785,133.69,2.0,438,0.2859263302612304
call,2028-01-21,1.2931506849315069,715.0,126.79,131.5,129.145,121.75,1.0,270,0.28353072433471677
call,2028-01-21,1.2931506849315069,720.0,123.12,127.5,125.31,117.55,10.0,611,0.2795100736236572
call,2028-01-21,1.2931506849315069,725.0,119.45,124.0,121.725,122.95,1.0,471,0.27694662269592285
call,2028-01-21,1.2931506849315069,730.0,115.8,120.5,118.15,116.27,1.0,1517,0.2742992492675781
call,2028-01-21,1.2931506849315069,735.0,112.19,117.0,114.595,104.0,1.0,537,0.27156032402038566
call,2028-01-21,1.2931506849315069,740.0,108.57,113.0,110.785,111.85,12.0,353,0.2672421298980713
call,2028-01-21,1.2931506849315069,745.0,105.08,109.0,107.03999999999999,108.4,9.0,983,0.26285527191162117
call,2028-01-21,1.2931506849315069,750.0,101.57,106.0,103.785,104.11,3.0,4884,0.26133703758239746
call,2028-01-21,1.2931506849315069,755.0,98.07,102.5,100.285,97.0,1.0,1631,0.25824334903717044
call,2028-01-21,1.2931506849315069,760.0,94.64,99.5,97.07,98.05,3.0,3179,0.2565076791381836
call,2028-01-21,1.2931506849315069,765.0,91.26,96.0,93.63,85.79,3.0,2965,0.2532156283187866
call,2028-01-21,1.2931506849315069,770.0,87.92,92.5,90.21000000000001,90.27,23.0,654,0.2498243963623047
call,2028-01-21,1.2931506849315069,775.0,84.63,89.5,87.065,87.55,4.0,674,0.24776829509735104
call,2028-01-21,1.2931506849315069,780.0,81.38,84.13,82.755,83.71,14.0,1202,0.23883817810058594
call,2028-01-21,1.2931506849315069,785.0,78.31,82.8,80.555,69.92,3.0,1334,0.24132152118682865
call,2028-01-21,1.2931506849315069,790.0,75.3,79.55,77.425,77.59,6.0,1144,0.2382125740051269
call,2028-01-21,1.2931506849315069,795.0,72.34,76.34,74.34,71.57,10.0,859,0.23510744148254395
call,2028-01-21,1.2931506849315069,800.0,69.44,73.2,71.32,72.07,45.0,1739,0.23207097282409667
call,2028-01-21,1.2931506849315069,805.0,66.57,70.11,68.34,64.82,2.0,679,0.22905739212036136
call,2028-01-21,1.2931506849315069,810.0,63.77,67.1,65.435,59.12,1.0,1203,0.22614299255371095
call,2028-01-21,1.2931506849315069,815.0,61.02,64.16,62.59,60.56,1.0,1672,0.22328962753295895
call,2028-01-21,1.2931506849315069,820.0,59.85,60.0,59.925,60.32,3.0,1464,0.21684285362243652
call,2028-01-21,1.2931506849315069,825.0,57.12,57.28,57.2,57.81,33.0,2081,0.21432517860412595
call,2028-01-21,1.2931506849315069,830.0,54.45,54.6,54.525000000000006,54.95,1.0,1864,0.2117693569946289
call,2028-01-21,1.2931506849315069,835.0,51.84,51.98,51.91,46.16,10.0,1179,0.20924023799896235
call,2028-01-21,1.2931506849315069,840.0,49.39,49.52,49.455,50.16,7.0,1651,0.20701247707366938
call,2028-01-21,1.2931506849315069,845.0,46.93,47.09,47.010000000000005,47.11,4.0,1160,0.20471223762512203
call,2028-01-21,1.2931506849315069,850.0,44.55,44.7,44.625,44.69,285.0,1451,0.20237003692626948
call,2028-01-21,1.2931506849315069,855.0,42.28,42.42,42.35,42.71,47.0,522,0.20018423725128176
call,2028-01-21,1.2931506849315069,860.0,40.09,40.23,40.16,40.76,14.0,572,0.1980976187133789
call,2028-01-21,1.2931506849315069,865.0,37.92,38.07,37.995000000000005,38.36,46.0,850,0.19592326301574708
call,2028-01-21,1.2931506849315069,870.0,35.87,36.02,35.945,36.31,7.0,459,0.19390912300109867
call,2028-01-21,1.2931506849315069,875.0,33.95,34.08,34.015,34.44,55.0,1480,0.1920551986694336
call,2028-01-21,1.2931506849315069,880.0,32.03,32.16,32.095,25.44,2.0,687,0.19008301990509036
call,2028-01-21,1.2931506849315069,885.0,30.23,30.35,30.29,30.93,1.0,1037,0.18827105682373046
call,2028-01-21,1.2931506849315069,890.0,28.45,28.59,28.52,29.05,2.0,1091,0.18644002044677732
call,2028-01-21,1.2931506849315069,895.0,26.83,26.94,26.884999999999998,20.66,4.0,1194,0.18477682907104487
call,2028-01-21,1.2931506849315069,900.0,25.22,25.34,25.28,25.4,13.0,2335,0.18309456439971922
call,2028-01-21,1.2931506849315069,905.0,23.74,23.86,23.799999999999997,22.17,58.0,753,0.18162592063903807
call,2028-01-21,1.2931506849315069,910.0,22.31,22.4,22.354999999999997,22.32,7.0,1232,0.1800428371047974
call,2028-01-21,1.2931506849315069,915.0,20.96,21.07,21.015,21.1,1.0,558,0.1787267797088623
call,2028-01-21,1.2931506849315069,920.0,19.67,19.79,19.73,16.49,3.0,516,0.17739927833557126
call,2028-01-21,1.2931506849315069,925.0,18.45,18.54,18.494999999999997,15.74,56.0,238,0.17600311309814454
call,2028-01-21,1.2931506849315069,930.0,17.3,17.4,17.35,16.68,1.0,828,0.1748281980895996
call,2028-01-21,1.2931506849315069,935.0,16.22,16.29,16.255,12.42,16.0,277,0.17357698989868164
call,2028-01-21,1.2931506849315069,940.0,15.18,15.29,15.235,13.28,1.0,206,0.17258517852783206
call,2028-01-21,1.2931506849315069,945.0,14.22,14.32,14.27,12.42,6.0,153,0.17153233261108397
call,2028-01-21,1.2931506849315069,950.0,13.31,13.39,13.350000000000001,13.34,17.0,823,0.17047185737609868
call,2028-01-21,1.2931506849315069,955.0,12.45,12.56,12.504999999999999,8.98,1.0,291,0.16965552032470704
call,2028-01-21,1.2931506849315069,960.0,11.64,11.73,11.685,9.88,1.0,804,0.16867133827209477
call,2028-01-21,1.2931506849315069,965.0,10.88,10.96,10.920000000000002,10.88,4.0,1314,0.16777870803833012
call,2028-01-21,1.2931506849315069,970.0,10.17,10.26,10.215,10.25,1.0,1414,0.16704629348754885
call,2028-01-21,1.2931506849315069,975.0,9.49,9.59,9.54,9.53,2.0,98,0.1662833616638184
call,2028-01-21,1.2931506849315069,980.0,8.86,8.94,8.899999999999999,9.15,1.0,663,0.16545939529418946
call,2028-01-21,1.2931506849315069,985.0,8.27,8.35,8.309999999999999,8.54,1.0,58,0.16478038597106934
call,2028-01-21,1.2931506849315069,990.0,7.71,7.79,7.75,6.29,11.0,801,0.1640937473297119
call,2028-01-21,1.2931506849315069,995.0,7.19,7.27,7.23,6.38,2.0,775,0.16347577255249024
call,2028-01-21,1.2931506849315069,1000.0,6.71,6.78,6.745,6.75,580.0,16941,0.16286542709350588
call,2028-01-21,1.2931506849315069,1005.0,6.25,6.32,6.285,6.3,3.0,1256,0.16227034027099607
call,2028-01-21,1.2931506849315069,1010.0,5.82,5.89,5.855,5.81,32.0,6498,0.16172102935791016
call,2028-01-21,1.2931506849315069,1015.0,5.43,5.5,5.465,5.38,17.0,6633,0.1612785289001465
call,2028-01-21,1.2931506849315069,1020.0,5.07,5.15,5.11,3.4,100.0,5036,0.16097335617065428
call,2028-01-21,1.2931506849315069,1025.0,4.73,4.8,4.765000000000001,3.22,100.0,5121,0.16051559707641605
call,2028-01-21,1.2931506849315069,1030.0,4.41,4.48,4.445,3.61,22.0,6297,0.1601493898010254
call,2028-01-21,1.2931506849315069,1035.0,4.12,4.19,4.155,4.24,1.0,2385,0.1598747343444824
call,2028-01-21,1.2931506849315069,1040.0,3.83,3.9,3.865,3.94,1.0,2307,0.15944749252319335
call,2028-01-21,1.2931506849315069,1045.0,3.58,3.64,3.6100000000000003,3.72,1.0,4316,0.1591575784301758
call,2028-01-21,1.2931506849315069,1050.0,3.34,3.4,3.37,3.35,41.0,6580,0.15889818161010744
call,2028-01-21,1.2931506849315069,1055.0,3.12,3.18,3.1500000000000004,2.7,2.0,7262,0.15869981933593752
call,2028-01-21,1.2931506849315069,1060.0,2.91,2.98,2.9450000000000003,2.53,2.0,6363,0.15859300888061523
call,2028-01-21,1.2931506849315069,1065.0,2.72,2.78,2.75,2.82,41.0,4872,0.15834887069702147
call,2028-01-21,1.2931506849315069,1070.0,2.55,2.6,2.575,2.64,2.0,1892,0.1581962843322754
call,2028-01-21,1.2931506849315069,1075.0,2.38,2.44,2.41,2.1,1.0,2223,0.15816576705932617
call,2028-01-21,1.2931506849315069,1080.0,2.23,2.28,2.255,1.79,4.0,1257,0.1580131806945801
call,2028-01-21,1.2931506849315069,1085.0,2.09,2.15,2.12,1.48,1.0,23,0.15811999114990233
call,2028-01-21,1.2931506849315069,1090.0,1.97,2.01,1.9899999999999998,1.67,1.0,1408,0.15799792205810548
call,2028-01-21,1.2931506849315069,1095.0,1.85,1.89,1.87,1.91,1.0,7,0.15805895660400393
call,2028-01-21,1.2931506849315069,1100.0,1.72,1.76,1.74,1.41,31.0,816,0.15784533569335937
call,2028-01-21,1.2931506849315069,1105.0,1.62,1.66,1.6400000000000001,1.33,19.0,346,0.15799792205810548
call,2028-01-21,1.2931506849315069,1110.0,1.53,1.56,1.545,1.57,1.0,84,0.1580284393310547
call,2028-01-21,1.2931506849315069,1115.0,1.44,1.47,1.455,1.43,1.0,8,0.15815050842285155
call,2028-01-21,1.2931506849315069,1120.0,1.36,1.39,1.375,1.03,1.0,203,0.15836412933349608
call,2028-01-21,1.2931506849315069,1125.0,1.28,1.31,1.295,1.11,6.0,29,0.158486198425293
call,2028-01-21,1.2931506849315069,1130.0,1.21,1.24,1.225,1.03,1.0,76,0.15873033660888675
call,2028-01-21,1.2931506849315069,1135.0,1.14,1.17,1.1549999999999998,1.12,1.0,127,0.15888292297363282
call,2028-01-21,1.2931506849315069,1140.0,1.09,1.11,1.1,1.13,7.0,441,0.1591575784301758
call,2028-01-21,1.2931506849315069,1150.0,0.98,1.0,0.99,0.87,1.0,837,0.15973740661621094
call,2028-01-21,1.2931506849315069,1160.0,0.88,0.91,0.895,0.81,373.0,408,0.16053085571289064
call,2028-01-21,1.2931506849315069,1170.0,0.8,0.82,0.81,0.74,1.0,82,0.16108016662597657
call,2028-01-21,1.2931506849315069,1180.0,0.73,0.75,0.74,0.71,1.0,1094,0.1619346502685547
call,2028-01-21,1.2931506849315069,1190.0,0.59,0.62,0.605,0.63,2.0,46,0.1606529248046875
call,2028-01-21,1.2931506849315069,1200.0,0.61,0.63,0.62,0.63,99.0,1836,0.1637046520996094
call,2028-01-21,1.2931506849315069,1210.0,0.56,0.59,0.575,0.5,1.0,49,0.16492534301757814
call,2028-01-21,1.2931506849315069,1220.0,0.58,0.62,0.6,0.85,5.0,41,0.16858741577148442
call,2028-01-21,1.2931506849315069,1230.0,0.43,0.47,0.44999999999999996,0.52,9.0,51,0.16547465393066407
call,2028-01-21,1.2931506849315069,1240.0,0.42,0.46,0.44,0.61,1.0,155,0.16754982849121097
call,2028-01-21,1.2931506849315069,1250.0,0.41,0.44,0.425,0.45,1.0,322,0.16913672668457033
call,2028-01-21,1.2931506849315069,1260.0,0.38,0.41,0.395,0.32,1.0,140,0.17017431396484378
call,2028-01-21,1.2931506849315069,1270.0,0.35,0.38,0.365,0.3,30.0,142,0.1710287976074219
call,2028-01-21,1.2931506849315069,1280.0,0.33,0.36,0.345,0.33,1.0,190,0.17237155761718753
call,2028-01-21,1.2931506849315069,1300.0,0.29,0.32,0.305,0.32,1.0,866,0.17469087036132813
call,2028-01-21,1.2931506849315069,1310.0,0.27,0.3,0.28500000000000003,0.3,1.0,202,0.17566742309570313
call,2028-01-21,1.2931506849315069,1320.0,0.25,0.28,0.265,0.32,1.0,234,0.17664397583007813
call,2028-01-21,1.2931506849315069,1330.0,0.24,0.27,0.255,0.21,1.0,1478,0.17810880493164064
call,2028-01-21,1.2931506849315069,1340.0,0.22,0.24,0.22999999999999998,0.25,1.0,4844,0.17810880493164064
call,2028-01-21,1.2931506849315069,1350.0,0.21,0.24,0.22499999999999998,0.25,2.0,8,0.1801839794921875
call,2028-01-21,1.2931506849315069,1360.0,0.19,0.23,0.21000000000000002,0.22,1.0,1,0.1815267395019531
call,2028-01-21,1.2931506849315069,1380.0,0.17,0.2,0.185,0.19,1.0,9,0.18311363769531247
call,2028-01-21,1.2931506849315069,1390.0,0.16,0.19,0.175,0.18,10.0,16,0.1840901904296875
call,2028-01-21,1.2931506849315069,1400.0,0.15,0.18,0.16499999999999998,0.15,1.0,11,0.18518881225585934
call,2028-01-21,1.2931506849315069,1410.0,0.15,0.18,0.16499999999999998,0.17,10.0,110,0.1871419177246094
call,2028-01-21,1.2931506849315069,1430.0,0.13,0.16,0.14500000000000002,0.12,50.0,59,0.1889729541015625
call,2028-01-21,1.2931506849315069,1440.0,0.12,0.15,0.135,0.15,2.0,24,0.18970536865234378
call,2028-01-21,1.2931506849315069,1450.0,0.12,0.15,0.135,0.09,100.0,119,0.1914143359375
call,2028-01-21,1.2931506849315069,1460.0,0.11,0.14,0.125,0.12,4.0,14,0.19214675048828128
call,2028-01-21,1.2931506849315069,1470.0,0.1,0.13,0.115,0.11,1.0,98,0.19263502685546874
call,2028-01-21,1.2931506849315069,1480.0,0.1,0.12,0.11,0.12,95.0,4291,0.19312330322265625
put,2028-01-21,1.2931506849315069,60.0,0.05,0.08,0.065,0.08,4.0,15,0.7500025
put,2028-01-21,1.2931506849315069,75.0,0.05,0.07,0.060000000000000005,0.09,1.0,11,0.6777375976562501
put,2028-01-21,1.2931506849315069,80.0,0.17,0.22,0.195,0.18,1.0,10,0.73633076171875
put,2028-01-21,1.2931506849315069,85.0,0.07,0.09,0.08,0.08,5.0,12,0.65820654296875
put,2028-01-21,1.2931506849315069,90.0,0.08,0.1,0.09,0.1,5.0,9,0.647464462890625
put,2028-01-21,1.2931506849315069,95.0,0.09,0.11,0.1,0.12,15.0,21,0.6367223828125
put,2028-01-21,1.2931506849315069,100.0,0.1,0.12,0.11,0.12,812.0,27116,0.6269568554687501
put,2028-01-21,1.2931506849315069,105.0,0.23,0.29,0.26,0.31,5.0,5,0.6660189648437502
put,2028-01-21,1.2931506849315069,115.0,0.52,0.58,0.55,0.44,,2,0.6918976123046876
put,2028-01-21,1.2931506849315069,125.0,0.37,0.43,0.4,0.54,3.0,4,0.6372106591796876
put,2028-01-21,1.2931506849315069,130.0,0.2,0.23,0.21500000000000002,0.25,1.0,97,0.5830119824218749
put,2028-01-21,1.2931506849315069,135.0,0.22,0.25,0.235,0.32,1.0,361,0.57617611328125
put,2028-01-21,1.2931506849315069,140.0,0.25,0.27,0.26,0.3,50.0,251,0.570316796875
put,2028-01-21,1.2931506849315069,145.0,0.27,0.29,0.28,0.32,51.0,306,0.5629926513671876
put,2028-01-21,1.2931506849315069,150.0,0.29,0.32,0.305,0.32,2.0,251,0.5571333349609376
put,2028-01-21,1.2931506849315069,155.0,0.32,0.34,0.33,0.38,50.0,119,0.5507857421875001
put,2028-01-21,1.2931506849315069,160.0,0.35,0.37,0.36,0.42,50.0,893,0.5454147021484376
put,2028-01-21,1.2931506849315069,165.0,0.38,0.4,0.39,0.45,50.0,157,0.5397995239257813
put,2028-01-21,1.2931506849315069,170.0,0.41,0.43,0.42,0.43,50.0,157,0.534184345703125
put,2028-01-21,1.2931506849315069,175.0,0.44,0.46,0.45,0.48,10.0,137,0.5283250292968751
put,2028-01-21,1.2931506849315069,180.0,0.47,0.49,0.48,0.56,50.0,662,0.5224657128906249
put,2028-01-21,1.2931506849315069,190.0,0.54,0.56,0.55,0.73,6.0,29,0.5119677709960937
put,2028-01-21,1.2931506849315069,195.0,0.65,0.68,0.665,0.85,1.0,48,0.514653291015625
put,2028-01-21,1.2931506849315069,200.0,0.61,0.63,0.62,0.64,1.0,1236,0.501103621826172
put,2028-01-21,1.2931506849315069,210.0,0.69,0.71,0.7,0.74,3.0,12,0.4919484399414063
put,2028-01-21,1.2931506849315069,215.0,0.82,0.85,0.835,1.21,1.0,41,0.49487809814453126
put,2028-01-21,1.2931506849315069,220.0,0.77,0.79,0.78,0.83,1.0,219,0.48169463623046876
put,2028-01-21,1.2931506849315069,225.0,0.82,0.84,0.83,0.87,1.0,97,0.47730014892578126
put,2028-01-21,1.2931506849315069,230.0,1.15,1.18,1.165,1.42,3.0,294,0.4914601635742188
put,2028-01-21,1.2931506849315069,240.0,0.95,0.97,0.96,1.03,1.0,187,0.4624077197265626
put,2028-01-21,1.2931506849315069,245.0,1.0,1.02,1.01,1.13,6.0,197,0.4578911633300782
put,2028-01-21,1.2931506849315069,250.0,1.05,1.07,1.06,1.11,1.0,1596,0.45325253784179687
put,2028-01-21,1.2931506849315069,255.0,1.45,1.48,1.4649999999999999,1.75,3.0,37,0.4669242761230469
put,2028-01-21,1.2931506849315069,260.0,1.15,1.17,1.16,1.51,1.0,50,0.44397528686523435
put,2028-01-21,1.2931506849315069,265.0,1.2,1.23,1.2149999999999999,1.29,103.0,277,0.4398249377441406
put,2028-01-21,1.2931506849315069,275.0,1.32,1.34,1.33,1.39,20.0,567,0.4309138940429688
put,2028-01-21,1.2931506849315069,280.0,1.37,1.39,1.38,1.51,1.0,32,0.42615319946289065
put,2028-01-21,1.2931506849315069,285.0,1.43,1.45,1.44,1.49,2.0,679,0.42188078125
put,2028-01-21,1.2931506849315069,290.0,1.5,1.52,1.51,1.53,1.0,580,0.4180356048583984
put,2028-01-21,1.2931506849315069,295.0,1.55,1.58,1.565,1.65,3.0,24,0.41370215209960937
put,2028-01-21,1.2931506849315069,300.0,1.62,1.65,1.635,1.76,40.0,160,0.4097959411621094
put,2028-01-21,1.2931506849315069,305.0,1.68,1.71,1.6949999999999998,1.79,3.0,115,0.40546248840332033
put,2028-01-21,1.2931506849315069,310.0,1.76,1.78,1.77,1.87,4.0,689,0.40143420837402344
put,2028-01-21,1.2931506849315069,315.0,2.0,2.03,2.0149999999999997,3.0,2.0,12,0.40332627929687503
put,2028-01-21,1.2931506849315069,320.0,1.89,1.92,1.9049999999999998,2.02,2.0,304,0.39337764831542965
put,2028-01-21,1.2931506849315069,325.0,1.97,2.0,1.9849999999999999,2.07,3.0,91,0.389654541015625
put,2028-01-21,1.2931506849315069,330.0,2.05,2.07,2.0599999999999996,2.16,1.0,120,0.38556522644042956
put,2028-01-21,1.2931506849315069,335.0,2.12,2.15,2.135,2.2,10.0,91,0.3817810845947265
put,2028-01-21,1.2931506849315069,340.0,2.2,2.23,2.215,2.46,4.0,749,0.37793590820312495
put,2028-01-21,1.2931506849315069,345.0,2.29,2.31,2.3,2.39,1.0,14,0.3740907318115234
put,2028-01-21,1.2931506849315069,350.0,2.36,2.39,2.375,2.53,3.0,389,0.3702455554199219
put,2028-01-21,1.2931506849315069,355.0,2.46,2.49,2.475,2.92,1.0,2,0.3668276208496094
put,2028-01-21,1.2931506849315069,360.0,2.54,2.57,2.5549999999999997,2.9,1.0,53,0.3629214099121094
put,2028-01-21,1.2931506849315069,365.0,4.07,4.12,4.095000000000001,4.72,1.0,21,0.3893798855590821
put,2028-01-21,1.2931506849315069,370.0,2.73,2.76,2.745,2.8,2000.0,2146,0.3557803680419921
put,2028-01-21,1.2931506849315069,375.0,2.82,2.85,2.835,2.94,5.0,6273,0.35205726074218746
put,2028-01-21,1.2931506849315069,380.0,2.93,2.96,2.9450000000000003,3.07,10.0,66,0.34870036071777344
put,2028-01-21,1.2931506849315069,385.0,3.03,3.06,3.045,3.23,496.0,498,0.34516035705566406
put,2028-01-21,1.2931506849315069,390.0,3.13,3.16,3.145,3.34,2.0,33,0.3415593188476562
put,2028-01-21,1.2931506849315069,395.0,3.24,3.27,3.255,3.38,1.0,11,0.33814138427734375
put,2028-01-21,1.2931506849315069,400.0,3.34,3.38,3.36,3.41,10.0,1395,0.3346624151611328
put,2028-01-21,1.2931506849315069,405.0,3.46,3.49,3.475,3.66,1.0,343,0.3311834460449219
put,2028-01-21,1.2931506849315069,410.0,3.58,3.61,3.5949999999999998,3.78,1.0,214,0.327857063293457
put,2028-01-21,1.2931506849315069,415.0,3.69,3.73,3.71,3.79,2.0,473,0.32450016326904285
put,2028-01-21,1.2931506849315069,420.0,3.82,3.86,3.84,4.0,2.0,1426,0.32126533233642574
put,2028-01-21,1.2931506849315069,425.0,3.95,3.99,3.97,4.31,4.0,1492,0.31799998413085934
put,2028-01-21,1.2931506849315069,430.0,4.09,4.13,4.109999999999999,4.4,300.0,321,0.31485670501708973
put,2028-01-21,1.2931506849315069,435.0,4.22,4.26,4.24,4.54,229.0,452,0.31153032226562494
put,2028-01-21,1.2931506849315069,440.0,4.36,4.4,4.380000000000001,4.59,8.0,286,0.30831074996948243
put,2028-01-21,1.2931506849315069,445.0,4.51,4.56,4.535,4.75,10.0,530,0.30533531585693363
put,2028-01-21,1.2931506849315069,450.0,4.66,4.7,4.68,4.77,1.0,3625,0.30203945037841795
put,2028-01-21,1.2931506849315069,455.0,4.81,4.86,4.835,4.9,4.0,4059,0.2989877230834961
put,2028-01-21,1.2931506849315069,460.0,4.97,5.03,5.0,5.32,14.0,119,0.2960122889709473
put,2028-01-21,1.2931506849315069,465.0,5.15,5.2,5.175000000000001,5.31,10.0,139,0.29300633758544914
put,2028-01-21,1.2931506849315069,470.0,5.32,5.37,5.345000000000001,5.67,1.0,507,0.28992409301757804
put,2028-01-21,1.2931506849315069,475.0,5.5,5.55,5.525,5.8,1.0,2130,0.28694865890502924
put,2028-01-21,1.2931506849315069,480.0,5.69,5.74,5.715,5.89,10.0,1076,0.2840342593383788
put,2028-01-21,1.2931506849315069,485.0,5.88,5.93,5.904999999999999,6.54,1.0,25,0.2810740838623046
put,2028-01-21,1.2931506849315069,490.0,6.08,6.14,6.109999999999999,6.33,1.0,529,0.27826649475097653
put,2028-01-21,1.2931506849315069,495.0,6.29,6.34,6.3149999999999995,6.49,2.0,1103,0.27530631927490234
put,2028-01-21,1.2931506849315069,500.0,6.51,6.56,6.535,6.8,6.0,5942,0.2725139888000488
put,2028-01-21,1.2931506849315069,505.0,6.73,6.8,6.765000000000001,7.05,10.0,873,0.26984372741699214
put,2028-01-21,1.2931506849315069,510.0,6.97,7.03,7.0,7.23,13.0,258,0.2670361383056641
put,2028-01-21,1.2931506849315069,515.0,7.21,7.28,7.245,7.6,1.0,796,0.2643506182861328
put,2028-01-21,1.2931506849315069,520.0,7.47,7.53,7.5,7.94,23.0,220,0.2616040637207031
put,2028-01-21,1.2931506849315069,525.0,7.72,7.79,7.755,8.35,1.0,494,0.25888802642822273
put,2028-01-21,1.2931506849315069,530.0,8.0,8.08,8.04,8.94,1.0,1506,0.2563703514099121
put,2028-01-21,1.2931506849315069,535.0,8.28,8.35,8.315,8.72,10.0,865,0.2536085382080079
put,2028-01-21,1.2931506849315069,540.0,8.57,8.65,8.61,9.05,1.0,800,0.2510298286437988
put,2028-01-21,1.2931506849315069,545.0,8.89,8.96,8.925,9.39,8.0,364,0.24846637771606445
put,2028-01-21,1.2931506849315069,550.0,9.2,9.27,9.235,9.26,2.0,1321,0.24582663360595702
put,2028-01-21,1.2931506849315069,555.0,9.53,9.6,9.565,10.19,10.0,286,0.24327844131469728
put,2028-01-21,1.2931506849315069,560.0,9.87,9.95,9.91,10.07,1.0,3529,0.24079128356933593
put,2028-01-21,1.2931506849315069,565.0,10.23,10.3,10.265,12.63,3.0,645,0.23824309127807614
put,2028-01-21,1.2931506849315069,570.0,10.6,10.68,10.64,10.97,6.0,1495,0.23581696807861324
put,2028-01-21,1.2931506849315069,575.0,10.98,11.05,11.015,11.8,6.0,441,0.2332535171508789
put,2028-01-21,1.2931506849315069,580.0,11.36,11.45,11.405,11.84,3.0,739,0.23079687667846682
put,2028-01-21,1.2931506849315069,585.0,11.78,11.85,11.815,12.6,24.0,197,0.22826394302368164
put,2028-01-21,1.2931506849315069,590.0,12.21,12.28,12.245000000000001,12.97,7.0,627,0.22584544914245605
put,2028-01-21,1.2931506849315069,595.0,12.65,12.72,12.685,13.11,1.0,491,0.22339643798828124
put,2028-01-21,1.2931506849315069,600.0,13.1,13.17,13.135,13.2,5.0,1847,0.2209321681976318
put,2028-01-21,1.2931506849315069,605.0,13.57,13.64,13.605,14.37,4.0,3772,0.2184907863616943
put,2028-01-21,1.2931506849315069,610.0,14.06,14.13,14.095,14.23,5.0,1592,0.21607229248046872
put,2028-01-21,1.2931506849315069,615.0,14.58,14.64,14.61,15.12,5.0,1227,0.2136766865539551
put,2028-01-21,1.2931506849315069,620.0,15.1,15.16,15.129999999999999,15.08,5.0,3443,0.21125056335449216
put,2028-01-21,1.2931506849315069,625.0,15.65,15.71,15.68,16.22,6.0,876,0.20887784538269039
put,2028-01-21,1.2931506849315069,630.0,16.21,16.28,16.245,17.14,1.0,1933,0.20651275672912592
put,2028-01-21,1.2931506849315069,635.0,16.8,16.88,16.84,16.75,3.0,2703,0.20419344398498532
put,2028-01-21,1.2931506849315069,640.0,17.41,17.47,17.439999999999998,17.34,24.0,7698,0.20173680351257325
put,2028-01-21,1.2931506849315069,645.0,18.03,18.1,18.065,18.28,10.0,1318,0.19937171485900876
put,2028-01-21,1.2931506849315069,650.0,18.69,18.77,18.73,18.72,5.0,6952,0.19707529006958008
put,2028-01-21,1.2931506849315069,655.0,19.36,19.44,19.4,19.32,1.0,1504,0.1946796841430664
put,2028-01-21,1.2931506849315069,660.0,20.07,20.14,20.105,20.94,10.0,2130,0.19231459548950197
put,2028-01-21,1.2931506849315069,665.0,20.8,20.89,20.845,20.75,7.0,1720,0.1900410586547852
put,2028-01-21,1.2931506849315069,670.0,21.55,21.64,21.595,23.16,1.0,1841,0.1876683406829834
put,2028-01-21,1.2931506849315069,675.0,22.32,22.41,22.365000000000002,22.56,1017.0,1826,0.18525747611999507
put,2028-01-21,1.2931506849315069,680.0,23.14,23.23,23.185000000000002,23.35,2.0,2419,0.18293053405761717
put,2028-01-21,1.2931506849315069,685.0,23.96,24.06,24.009999999999998,24.22,1.0,1522,0.1805349281311035
put,2028-01-21,1.2931506849315069,690.0,24.84,24.93,24.884999999999998,25.95,2.0,2152,0.17816221015930175
put,2028-01-21,1.2931506849315069,695.0,25.73,25.83,25.78,27.68,1226.0,1704,0.1757818628692627
put,2028-01-21,1.2931506849315069,700.0,26.65,26.76,26.705,26.7,6.0,9395,0.17338625694274903
put,2028-01-21,1.2931506849315069,705.0,27.62,27.74,27.68,31.46,41.0,880,0.1710364269256592
put,2028-01-21,1.2931506849315069,710.0,28.61,28.73,28.67,29.7,115.0,477,0.16859504508972173
put,2028-01-21,1.2931506849315069,715.0,29.66,29.77,29.715,30.01,1.0,799,0.16619180984497073
put,2028-01-21,1.2931506849315069,720.0,30.73,30.85,30.79,31.05,3.0,903,0.16378094528198245
put,2028-01-21,1.2931506849315069,725.0,31.84,31.96,31.9,32.9,1.0,382,0.1613319341278076
put,2028-01-21,1.2931506849315069,730.0,33.0,33.12,33.06,33.31,1000.0,530,0.15889055229187013
put,2028-01-21,1.2931506849315069,735.0,34.19,34.32,34.254999999999995,37.53,1.0,181,0.156433911819458
put,2028-01-21,1.2931506849315069,740.0,35.43,35.57,35.5,36.58,5.0,1406,0.1539772713470459
put,2028-01-21,1.2931506849315069,745.0,36.72,36.85,36.785,38.15,2.0,125,0.15145196701049807
put,2028-01-21,1.2931506849315069,750.0,38.04,38.19,38.114999999999995,38.39,17.0,2361,0.1489419213104248
put,2028-01-21,1.2931506849315069,755.0,39.47,39.61,39.54,39.41,5.0,4261,0.14649672481536863
put,2028-01-21,1.2931506849315069,760.0,40.88,41.02,40.95,41.3,1.0,2672,0.14384553672790526
put,2028-01-21,1.2931506849315069,765.0,42.37,42.52,42.445,42.3,2.0,3745,0.14127827114105224
put,2028-01-21,1.2931506849315069,770.0,43.94,44.09,44.015,46.1,6.0,1190,0.13871863487243655
put,2028-01-21,1.2931506849315069,775.0,45.55,45.7,45.625,45.6,24.0,1112,0.13606744678497318
put,2028-01-21,1.2931506849315069,780.0,47.23,47.4,47.315,47.26,14.0,3688,0.1334658492660522
put,2028-01-21,1.2931506849315069,785.0,48.98,49.15,49.065,48.82,1.0,3495,0.1307841439056396
put,2028-01-21,1.2931506849315069,790.0,50.81,50.99,50.900000000000006,51.23,1.0,1370,0.1281215118408203
put,2028-01-21,1.2931506849315069,795.0,52.75,52.93,52.84,52.77,3.0,632,0.12550084102630615
put,2028-01-21,1.2931506849315069,800.0,54.69,54.87,54.78,54.88,3.0,845,0.12261695873260499
put,2028-01-21,1.2931506849315069,805.0,56.78,56.96,56.870000000000005,56.93,2.0,318,0.11988184814453123
put,2028-01-21,1.2931506849315069,810.0,58.96,59.1,59.03,64.0,2.0,398,0.11699796585083008
put,2028-01-21,1.2931506849315069,815.0,61.23,61.38,61.305,61.05,1.0,2859,0.11420563537597657
put,2028-01-21,1.2931506849315069,820.0,63.58,63.74,63.66,71.42,3.0,225,0.11130649444580076
put,2028-01-21,1.2931506849315069,825.0,66.03,66.2,66.11500000000001,65.68,2.0,577,0.10834631896972656
put,2028-01-21,1.2931506849315069,830.0,68.57,68.76,68.66499999999999,71.45,81.0,4363,0.10529459167480469
put,2028-01-21,1.2931506849315069,835.0,71.33,71.51,71.42,74.24,41.0,853,0.10241452404022215
put,2028-01-21,1.2931506849315069,840.0,74.06,74.27,74.16499999999999,74.1,41.0,703,0.09909195594787598
put,2028-01-21,1.2931506849315069,845.0,77.0,77.24,77.12,82.87,3.0,239,0.09595630615234377
put,2028-01-21,1.2931506849315069,850.0,80.04,80.29,80.165,87.15,2.0,121,0.09252311294555662
put,2028-01-21,1.2931506849315069,855.0,83.23,83.51,83.37,89.85,2.0,3105,0.08905940246582032
put,2028-01-21,1.2931506849315069,860.0,84.5,88.71,86.60499999999999,98.72,1.0,1400,0.09329367408752443
put,2028-01-21,1.2931506849315069,865.0,87.71,92.5,90.10499999999999,99.88,2.0,13,0.09145500839233398
put,2028-01-21,1.2931506849315069,870.0,91.5,96.29,93.89500000000001,103.9,1.0,6,0.08905940246582032
put,2028-01-21,1.2931506849315069,875.0,95.13,100.0,97.565,111.2,1.0,2,0.08551939880371096
put,2028-01-21,1.2931506849315069,880.0,99.06,104.0,101.53,117.7,2.0,0,0.08265077514648439
put,2028-01-21,1.2931506849315069,900.0,117.5,122.42,119.96000000000001,119.11,6.0,21,0.08173525695800783
put,2028-01-21,1.2931506849315069,905.0,122.5,127.42,124.96000000000001,144.0,1.0,0,0.08414612152099613
put,2028-01-21,1.2931506849315069,910.0,127.5,132.42,129.95999999999998,142.43,20.0,0,0.08652646881103516
put,2028-01-21,1.2931506849315069,915.0,160.5,165.5,163.0,173.5,50.0,0,0.20972469970703123
put,2028-01-21,1.2931506849315069,950.0,178.5,183.38,180.94,194.45,,0,0.16892310577392583
put,2028-01-21,1.2931506849315069,990.0,224.0,228.76,226.38,244.11,200.0,0,0.2140276351928711
put,2028-01-21,1.2931506849315069,1000.0,234.0,238.76,236.38,253.47,2.0,1,0.21949785636901856
put,2028-01-21,1.2931506849315069,1005.0,310.25,315.46,312.855,323.5,1.0,0,0.4538552539825439
put,2028-01-21,1.2931506849315069,1100.0,405.21,410.41,407.81,437.53,,0,0.5035068570709229
put,2028-01-21,1.2931506849315069,1340.0,646.28,651.29,648.785,652.0,2.0,0,0.6198234429168702
call,2028-06-16,1.6958904109589041,50.0,687.07,692.0,689.5350000000001,687.33,1.0,3,1.0000000000000003e-05
call,2028-06-16,1.6958904109589041,60.0,676.0,682.96,679.48,637.05,1.0,0,1.0000000000000003e-05
call,2028-06-16,1.6958904109589041,65.0,643.55,648.5,646.025,584.47,2.0,0,1.0000000000000003e-05
call,2028-06-16,1.6958904109589041,80.0,698.5,703.0,700.75,683.86,20.0,0,0.8010273803710937
call,2028-06-16,1.6958904109589041,105.0,673.5,678.0,675.75,666.0,,0,0.7017852087402343
call,2028-06-16,1.6958904109589041,115.0,663.54,668.5,666.02,645.07,,0,0.6889679541015626
call,2028-06-16,1.6958904109589041,155.0,535.56,540.0,537.78,531.5,,1,1.0000000000000003e-05
call,2028-06-16,1.6958904109589041,160.0,621.0,625.5,623.25,600.67,40.0,2,0.661685512084961
call,2028-06-16,1.6958904109589041,165.0,616.5,621.0,618.75,600.04,5.0,8,0.6642489630126955
call,2028-06-16,1.6958904109589041,180.0,563.0,567.0,565.0,536.35,6.0,6,1.0000000000000003e-05
call,2028-06-16,1.6958904109589041,190.0,554.0,558.0,556.0,547.55,1.0,2,1.0000000000000003e-05
call,2028-06-16,1.6958904109589041,195.0,563.5,567.5,565.5,544.95,1.0,1,1.0000000000000003e-05
call,2028-06-16,1.6958904109589041,200.0,567.29,572.0,569.645,559.5,1.0,20,1.0000000000000003e-05
call,2028-06-16,1.6958904109589041,210.0,536.0,540.0,538.0,522.04,1.0,1,1.0000000000000003e-05
call,2028-06-16,1.6958904109589041,225.0,538.0,542.16,540.0799999999999,514.5,1.0,11,1.0000000000000003e-05
call,2028-06-16,1.6958904109589041,250.0,450.84,455.0,452.91999999999996,445.86,4.0,4,1.0000000000000003e-05
call,2028-06-16,1.6958904109589041,300.0,494.5,498.96,496.73,484.71,10.0,18,0.5802654278564454
call,2028-06-16,1.6958904109589041,320.0,459.08,464.0,461.53999999999996,440.52,2.0,4,0.3976805838012696
call,2028-06-16,1.6958904109589041,340.0,446.5,451.42,448.96000000000004,452.16,40.0,13,0.46487961883544926
call,2028-06-16,1.6958904109589041,375.0,427.0,431.5,429.25,406.13,1.0,8,0.5163469996643066
call,2028-06-16,1.6958904109589041,380.0,337.41,342.0,339.70500000000004,327.23,,1,1.0000000000000003e-05
call,2028-06-16,1.6958904109589041,385.0,418.0,422.5,420.25,402.87,1.0,66,0.5077563873291016
call,2028-06-16,1.6958904109589041,395.0,324.55,329.0,326.775,324.75,,9,1.0000000000000003e-05
call,2028-06-16,1.6958904109589041,405.0,361.64,365.5,363.57,316.63,2.0,8,1.0000000000000003e-05
call,2028-06-16,1.6958904109589041,410.0,357.33,361.0,359.16499999999996,320.8,13.0,18,1.0000000000000003e-05
call,2028-06-16,1.6958904109589041,415.0,307.65,312.5,310.075,306.84,,1,1.0000000000000003e-05
call,2028-06-16,1.6958904109589041,420.0,387.0,391.5,389.25,374.52,1.0,6,0.493443786315918
call,2028-06-16,1.6958904109589041,425.0,382.5,387.4,384.95,365.99,4.0,33,0.49113210289001463
call,2028-06-16,1.6958904109589041,430.0,361.5,366.47,363.985,350.02,1.0,3,0.3880676428222656
call,2028-06-16,1.6958904109589041,435.0,362.07,367.0,364.53499999999997,343.38,1.0,26,0.4174100007629394
call,2028-06-16,1.6958904109589041,440.0,352.75,357.5,355.125,350.0,15.0,0,0.38281867187499996
call,2028-06-16,1.6958904109589041,445.0,299.86,304.5,302.18,269.0,,0,1.0000000000000003e-05
call,2028-06-16,1.6958904109589041,450.0,360.5,365.31,362.905,347.45,2.0,37,0.4706168661499024
call,2028-06-16,1.6958904109589041,455.0,291.49,296.0,293.745,253.64,1.0,3,1.0000000000000003e-05
call,2028-06-16,1.6958904109589041,460.0,340.18,345.0,342.59000000000003,332.75,2.0,4,0.40288377883911136
call,2028-06-16,1.6958904109589041,465.0,347.5,352.17,349.83500000000004,326.63,2.0,4,0.458837198791504
call,2028-06-16,1.6958904109589041,470.0,308.0,312.26,310.13,317.2,4.0,6,0.21952074432373048
call,2028-06-16,1.6958904109589041,475.0,322.5,327.44,324.97,318.33,25.0,35,0.37038288314819334
call,2028-06-16,1.6958904109589041,480.0,334.09,339.0,336.54499999999996,319.75,2.0,8,0.4468744277954102
call,2028-06-16,1.6958904109589041,485.0,313.88,318.5,316.19,304.07,1.0,26,0.3642412819671631
call,2028-06-16,1.6958904109589041,490.0,325.5,330.42,327.96000000000004,306.9,1.0,17,0.4397791618347168
call,2028-06-16,1.6958904109589041,495.0,305.35,310.0,307.675,295.81,1.0,11,0.36022063125610343
call,2028-06-16,1.6958904109589041,500.0,317.0,321.78,319.39,312.12,2.0,108,0.43235583518981935
call,2028-06-16,1.6958904109589041,505.0,278.5,283.07,280.78499999999997,288.58,2.0,3,0.24893939544677735
call,2028-06-16,1.6958904109589041,510.0,274.5,278.95,276.725,284.39,84.0,44,0.25086198364257806
call,2028-06-16,1.6958904109589041,520.0,288.52,293.45,290.985,282.47,3.0,38,0.37021503814697265
call,2028-06-16,1.6958904109589041,525.0,280.05,285.0,282.525,276.49,25.0,70,0.3488453177642823
call,2028-06-16,1.6958904109589041,530.0,280.06,284.99,282.525,284.5,1.0,43,0.3647753342437745
call,2028-06-16,1.6958904109589041,535.0,287.0,291.91,289.45500000000004,272.87,1.0,33,0.40746899909973144
call,2028-06-16,1.6958904109589041,540.0,282.61,287.5,285.055,268.94,2.0,18,0.40328813270568853
call,2028-06-16,1.6958904109589041,545.0,278.5,283.39,280.945,275.57,2.0,14,0.40025929336547855
call,2028-06-16,1.6958904109589041,550.0,274.18,279.0,276.59000000000003,266.0,1.0,777,0.39613946151733404
call,2028-06-16,1.6958904109589041,555.0,270.0,274.98,272.49,257.13,1.0,19,0.3934081655883789
call,2028-06-16,1.6958904109589041,560.0,266.0,270.8,268.4,263.77,1.0,8,0.39003600692749024
call,2028-06-16,1.6958904109589041,565.0,261.62,266.5,264.06,262.99,2.0,19,0.3862060891723632
call,2028-06-16,1.6958904109589041,570.0,257.5,262.46,259.98,261.0,1.0,29,0.3833069482421875
call,2028-06-16,1.6958904109589041,575.0,253.5,258.32,255.91,243.26,1.0,17,0.3800110827636719
call,2028-06-16,1.6958904109589041,580.0,249.18,254.0,251.59,244.96,2.0,22,0.37605146659851074
call,2028-06-16,1.6958904109589041,590.0,241.0,245.95,243.475,229.75,1.0,11,0.3701425596237182
call,2028-06-16,1.6958904109589041,595.0,237.0,241.86,239.43,234.7,2.0,17,0.3669115433502198
call,2028-06-16,1.6958904109589041,600.0,233.0,237.72,235.36,235.5,1.0,360,0.36348597946167
call,2028-06-16,1.6958904109589041,605.0,228.78,233.5,231.14,222.89,1.0,60,0.3597705014801025
call,2028-06-16,1.6958904109589041,610.0,224.74,229.5,227.12,228.05,1.0,139,0.3567569207763671
call,2028-06-16,1.6958904109589041,615.0,220.65,225.5,223.075,215.18,5.0,22,0.3537090081405639
call,2028-06-16,1.6958904109589041,620.0,217.43,220.89,219.16,206.9,1.0,194,0.34866221412658693
call,2028-06-16,1.6958904109589041,625.0,213.46,216.84,215.15,216.0,8.0,115,0.34540449523925776
call,2028-06-16,1.6958904109589041,630.0,209.51,212.84,211.175,200.0,1.0,93,0.3422764747619628
call,2028-06-16,1.6958904109589041,635.0,205.57,208.86,207.215,195.0,1.0,387,0.33917134223937984
call,2028-06-16,1.6958904109589041,640.0,201.65,204.89,203.26999999999998,180.0,5.0,55,0.3360662097167969
call,2028-06-16,1.6958904109589041,645.0,197.76,200.97,199.365,184.0,1.0,59,0.3330755169677735
call,2028-06-16,1.6958904109589041,650.0,193.88,196.94,195.41,195.91,2.0,265,0.3297109876251221
call,2028-06-16,1.6958904109589041,655.0,190.03,193.07,191.55,177.89,2.0,62,0.32679277339935303
call,2028-06-16,1.6958904109589041,660.0,187.15,189.21,188.18,184.5,3.0,350,0.3238593005371093
call,2028-06-16,1.6958904109589041,665.0,182.38,185.29,183.83499999999998,180.44,1.0,46,0.3207083921051025
call,2028-06-16,1.6958904109589041,670.0,178.6,182.5,180.55,174.6,2.0,83,0.32080757324218745
call,2028-06-16,1.6958904109589041,675.0,174.83,177.57,176.2,168.0,1.0,68,0.314635454788208
call,2028-06-16,1.6958904109589041,680.0,171.03,173.74,172.385,165.27,1.0,314,0.3116218740844726
call,2028-06-16,1.6958904109589041,685.0,166.23,169.96,168.095,168.66,7.0,249,0.30869984519958493
call,2028-06-16,1.6958904109589041,690.0,162.45,166.14,164.295,161.0,1.0,463,0.30562141529083253
call,2028-06-16,1.6958904109589041,695.0,158.74,162.23,160.485,145.65,19.0,171,0.30224544197082526
call,2028-06-16,1.6958904109589041,700.0,155.05,158.71,156.88,158.0,1.0,294,0.29990324127197265
call,2028-06-16,1.6958904109589041,705.0,151.39,155.08,153.235,138.5,1.0,293,0.2972024626159668
call,2028-06-16,1.6958904109589041,710.0,147.76,152.5,150.13,151.8,6.0,234,0.29729401443481435
call,2028-06-16,1.6958904109589041,715.0,144.16,149.0,146.57999999999998,140.31,1.0,334,0.29480685668945306
call,2028-06-16,1.6958904109589041,720.0,140.57,144.06,142.315,135.0,5.0,120,0.28841348800659167
call,2028-06-16,1.6958904109589041,725.0,137.02,140.5,138.76,139.64,1.0,97,0.28567837741851804
call,2028-06-16,1.6958904109589041,730.0,133.5,136.94,135.22,136.65,2.0,316,0.2828822322845458
call,2028-06-16,1.6958904109589041,735.0,130.01,133.41,131.70999999999998,126.52,2.0,424,0.28010516044616685
call,2028-06-16,1.6958904109589041,740.0,126.54,129.98,128.26,128.76,3.0,129,0.2775302655410767
call,2028-06-16,1.6958904109589041,745.0,123.11,126.42,124.765,115.61,2.0,304,0.2745510167694092
call,2028-06-16,1.6958904109589041,750.0,119.7,124.0,121.85,123.04,2.0,488,0.27444420631408695
call,2028-06-16,1.6958904109589041,755.0,116.38,121.0,118.69,109.93,2.0,279,0.2727581269836425
call,2028-06-16,1.6958904109589041,760.0,112.99,117.5,115.245,107.29,2.0,487,0.26972165832519535
call,2028-06-16,1.6958904109589041,765.0,109.69,112.95,111.32,107.22,7.0,669,0.26396152305603027
call,2028-06-16,1.6958904109589041,770.0,106.42,111.0,108.71000000000001,108.93,3.0,570,0.2647130109024048
call,2028-06-16,1.6958904109589041,775.0,103.19,107.5,105.345,105.95,2.0,136,0.2614743653106689
call,2028-06-16,1.6958904109589041,780.0,100.57,104.5,102.535,102.77,37.0,419,0.25941444938659675
call,2028-06-16,1.6958904109589041,785.0,96.88,101.5,99.19,100.41,3.0,243,0.25727824028015134
call,2028-06-16,1.6958904109589041,790.0,93.73,98.5,96.11500000000001,90.47,3.0,189,0.2550581086730958
call,2028-06-16,1.6958904109589041,795.0,90.65,95.5,93.075,88.62,2.0,483,0.25276168388366693
call,2028-06-16,1.6958904109589041,800.0,88.0,92.0,90.0,90.45,1.0,2098,0.2491415723800659
call,2028-06-16,1.6958904109589041,805.0,84.63,89.5,87.065,86.78,1.0,282,0.2479132521438599
call,2028-06-16,1.6958904109589041,810.0,81.7,86.5,84.1,75.48,3.0,539,0.24536124519348143
call,2028-06-16,1.6958904109589041,815.0,78.8,83.5,81.15,74.68,476.0,515,0.24272531574249268
call,2028-06-16,1.6958904109589041,820.0,75.96,80.5,78.22999999999999,74.08,2.0,256,0.2399978344726562
call,2028-06-16,1.6958904109589041,825.0,73.16,78.0,75.58,67.23,1.0,1184,0.23841856559753416
call,2028-06-16,1.6958904109589041,830.0,71.01,74.89,72.95,66.25,1.0,54,0.23523332523345947
call,2028-06-16,1.6958904109589041,835.0,68.33,72.2,70.265,63.65,1.0,3240,0.23299030567169193
call,2028-06-16,1.6958904109589041,840.0,67.44,67.63,67.535,61.13,1.0,443,0.22598659152984618
call,2028-06-16,1.6958904109589041,845.0,64.92,65.12,65.02000000000001,58.65,3.0,205,0.223980080833435
call,2028-06-16,1.6958904109589041,850.0,62.36,62.56,62.46,59.85,12.0,6396,0.22174469058990476
call,2028-06-16,1.6958904109589041,855.0,59.92,60.12,60.019999999999996,60.8,4.0,119,0.21970384796142578
call,2028-06-16,1.6958904109589041,860.0,57.45,57.63,57.540000000000006,51.6,1.0,103,0.21742649646759032
call,2028-06-16,1.6958904109589041,865.0,55.09,55.27,55.18000000000001,51.38,2.0,99,0.2153665805435181
call,2028-06-16,1.6958904109589041,870.0,52.81,53.01,52.91,52.64,1.0,2154,0.21344780700683597
call,2028-06-16,1.6958904109589041,875.0,50.58,50.76,50.67,51.36,2.0,1520,0.2114374816513061
call,2028-06-16,1.6958904109589041,880.0,48.44,48.62,48.53,41.7,6.0,225,0.20959500129699704
call,2028-06-16,1.6958904109589041,885.0,46.34,46.51,46.425,39.77,6.0,21,0.20771055969238278
call,2028-06-16,1.6958904109589041,890.0,44.29,44.46,44.375,37.89,6.0,304,0.20586426467895508
call,2028-06-16,1.6958904109589041,895.0,42.26,42.43,42.345,36.06,6.0,66,0.20394930580139156
call,2028-06-16,1.6958904109589041,900.0,40.32,40.51,40.415,41.07,29.0,1148,0.2022021919250488
call,2028-06-16,1.6958904109589041,905.0,38.51,38.66,38.584999999999994,38.29,16.0,263,0.20052374191284178
call,2028-06-16,1.6958904109589041,910.0,36.65,36.82,36.735,36.43,16.0,223,0.19873848144531248
call,2028-06-16,1.6958904109589041,915.0,34.97,35.1,35.035,35.51,2.0,223,0.19715921257019042
call,2028-06-16,1.6958904109589041,920.0,33.3,33.46,33.379999999999995,27.9,9.0,307,0.19567912483215333
call,2028-06-16,1.6958904109589041,925.0,31.68,31.82,31.75,28.04,2.0,294,0.19406933868408205
call,2028-06-16,1.6958904109589041,930.0,30.1,30.26,30.18,30.75,1.0,247,0.19255873367309573
call,2028-06-16,1.6958904109589041,935.0,28.65,28.78,28.715,25.15,1.0,329,0.191151124458313
call,2028-06-16,1.6958904109589041,940.0,27.2,27.34,27.27,23.51,7.0,416,0.18973207126617436
call,2028-06-16,1.6958904109589041,945.0,25.86,26.0,25.93,26.44,1.0,416,0.188484677734375
call,2028-06-16,1.6958904109589041,950.0,24.55,24.67,24.61,25.23,17.0,850,0.18713810306549072
call,2028-06-16,1.6958904109589041,955.0,23.3,23.44,23.37,17.69,1.0,504,0.18597463203430173
call,2028-06-16,1.6958904109589041,960.0,22.1,22.24,22.17,19.68,14.0,103,0.18477682907104487
call,2028-06-16,1.6958904109589041,965.0,20.97,21.1,21.035,17.07,9.0,440,0.18364768997192382
call,2028-06-16,1.6958904109589041,970.0,19.88,20.0,19.939999999999998,17.72,10.0,270,0.18252236553192136
call,2028-06-16,1.6958904109589041,975.0,18.85,18.97,18.91,18.7,1.0,65,0.18150385154724122
call,2028-06-16,1.6958904109589041,980.0,17.86,17.98,17.92,13.8,8.0,208,0.18050441085815427
call,2028-06-16,1.6958904109589041,985.0,16.92,17.02,16.97,12.69,5.0,23,0.17947445289611816
call,2028-06-16,1.6958904109589041,990.0,16.03,16.15,16.09,15.05,2.0,131,0.17865048652648927
call,2028-06-16,1.6958904109589041,995.0,15.16,15.29,15.225,9.27,2.0,388,0.17774259765625
call,2028-06-16,1.6958904109589041,1000.0,14.36,14.46,14.41,14.73,1.0,2901,0.17682707946777343
call,2028-06-16,1.6958904109589041,1005.0,13.59,13.7,13.645,14.01,1.0,307,0.17605651832580568
call,2028-06-16,1.6958904109589041,1010.0,12.86,12.98,12.92,10.48,250.0,266,0.17533173309326172
call,2028-06-16,1.6958904109589041,1015.0,12.17,12.26,12.215,11.74,2.0,378,0.17449250808715822
call,2028-06-16,1.6958904109589041,1020.0,11.52,11.62,11.57,11.93,4.0,1127,0.17386690399169924
call,2028-06-16,1.6958904109589041,1025.0,10.89,11.0,10.945,8.1,1.0,113,0.17321841194152832
call,2028-06-16,1.6958904109589041,1030.0,10.3,10.4,10.350000000000001,9.51,3.0,148,0.17253940261840822
call,2028-06-16,1.6958904109589041,1035.0,9.74,9.84,9.79,6.2,3.0,132,0.17193668647766117
call,2028-06-16,1.6958904109589041,1040.0,9.2,9.3,9.25,5.15,1.0,559,0.17131108238220213
call,2028-06-16,1.6958904109589041,1050.0,8.23,8.32,8.275,8.33,3.0,167,0.17022771919250493
call,2028-06-16,1.6958904109589041,1055.0,6.73,6.83,6.78,6.73,25.0,6,0.1638877557373047
call,2028-06-16,1.6958904109589041,1060.0,5.55,5.62,5.585,6.39,2.0,0,0.15832598274230958
call,2028-06-16,1.6958904109589041,1070.0,6.57,6.66,6.615,6.64,1.0,0,0.16838905349731448
call,2028-06-16,1.6958904109589041,1075.0,6.21,6.29,6.25,4.38,91.0,98,0.16792366508483889
call,2028-06-16,1.6958904109589041,1080.0,4.74,4.82,4.78,7.7,1.0,24,0.15989762229919433
call,2028-06-16,1.6958904109589041,1085.0,5.55,5.62,5.585,4.86,2.0,1,0.1671225866699219
call,2028-06-16,1.6958904109589041,1090.0,5.26,5.33,5.295,5.2,50.0,52,0.16687844848632816
call,2028-06-16,1.6958904109589041,1095.0,4.96,5.04,5.0,4.34,263.0,264,0.16654275848388678
call,2028-06-16,1.6958904109589041,1100.0,4.72,4.77,4.744999999999999,4.76,2.0,2985,0.16625284439086918
call,2028-06-16,1.6958904109589041,1105.0,4.46,4.52,4.49,4.51,5.0,254,0.16602396484375004
call,2028-06-16,1.6958904109589041,1110.0,4.22,4.28,4.25,3.55,2.0,249,0.16577982666015628
call,2028-06-16,1.6958904109589041,1115.0,4.01,4.06,4.035,4.04,1.0,254,0.16559672302246098
call,2028-06-16,1.6958904109589041,1120.0,3.78,3.85,3.815,3.43,5.0,35,0.16542887802124023
call,2028-06-16,1.6958904109589041,1125.0,3.59,3.65,3.62,3.26,5.0,519,0.16526103302001954
call,2028-06-16,1.6958904109589041,1130.0,3.4,3.46,3.4299999999999997,3.1,20.0,333,0.16507792938232424
call,2028-06-16,1.6958904109589041,1135.0,3.24,3.29,3.265,2.95,250.0,273,0.1650168948364258
call,2028-06-16,1.6958904109589041,1145.0,2.92,2.98,2.95,2.46,250.0,351,0.16497111892700195
call,2028-06-16,1.6958904109589041,1150.0,2.78,2.83,2.8049999999999997,1.86,3.0,682,0.16489482574462894
call,2028-06-16,1.6958904109589041,1160.0,2.52,2.57,2.545,1.96,1.0,27,0.16492534301757814
call,2028-06-16,1.6958904109589041,1170.0,2.29,2.33,2.31,2.17,2.0,105,0.16495586029052733
call,2028-06-16,1.6958904109589041,1180.0,2.07,2.13,2.0999999999999996,1.98,1.0,1336,0.1651999984741211
call,2028-06-16,1.6958904109589041,1190.0,1.9,1.94,1.92,1.65,1.0,211,0.16535258483886722
call,2028-06-16,1.6958904109589041,1200.0,1.74,1.78,1.76,1.63,1.0,948,0.1656882748413086
call,2028-06-16,1.6958904109589041,1210.0,1.59,1.63,1.6099999999999999,1.59,1.0,7,0.1659934475708008
call,2028-06-16,1.6958904109589041,1220.0,1.46,1.5,1.48,1.3,284.0,714,0.16639017211914067
call,2028-06-16,1.6958904109589041,1230.0,1.34,1.39,1.365,1.19,2.0,72,0.16697000030517584
call,2028-06-16,1.6958904109589041,1240.0,1.24,1.28,1.26,1.19,8.0,1307,0.16736672485351564
call,2028-06-16,1.6958904109589041,1250.0,1.15,1.19,1.17,1.0,6.0,276,0.16797707031250003
call,2028-06-16,1.6958904109589041,1260.0,1.07,1.1,1.085,1.02,1.0,1010,0.16846534667968754
call,2028-06-16,1.6958904109589041,1280.0,0.93,0.96,0.9450000000000001,0.9,36.0,338,0.16983862396240235
call,2028-06-16,1.6958904109589041,1300.0,0.81,0.85,0.8300000000000001,0.64,7.0,903,0.1714865567016602
call,2028-06-16,1.6958904109589041,1310.0,0.76,0.8,0.78,0.7,1.0,63,0.17228000579833985
call,2028-06-16,1.6958904109589041,1320.0,0.72,0.75,0.735,0.73,2.0,3,0.1729819030761719
call,2028-06-16,1.6958904109589041,1330.0,0.67,0.71,0.69,0.51,3.0,94,0.17383638671875
call,2028-06-16,1.6958904109589041,1340.0,0.64,0.67,0.655,0.57,1.0,367,0.1746298358154297
call,2028-06-16,1.6958904109589041,1350.0,0.6,0.63,0.615,0.51,10.0,218,0.17536225036621095
call,2028-06-16,1.6958904109589041,1360.0,0.57,0.6,0.585,0.58,1.0,1973,0.17627776855468752
call,2028-06-16,1.6958904109589041,1370.0,0.54,0.57,0.5549999999999999,0.46,5.0,33,0.17719328674316404
call,2028-06-16,1.6958904109589041,1380.0,0.51,0.54,0.525,0.45,23.0,33,0.17798673583984376
call,2028-06-16,1.6958904109589041,1390.0,0.48,0.52,0.5,0.51,1.0,3,0.1790853576660156
call,2028-06-16,1.6958904109589041,1400.0,0.46,0.49,0.475,0.37,4.0,182,0.17975673767089845
call,2028-06-16,1.6958904109589041,1420.0,0.4,0.43,0.41500000000000004,0.62,1.0,2,0.18079432495117187
call,2028-06-16,1.6958904109589041,1430.0,0.4,0.43,0.41500000000000004,0.3,1.0,2,0.18262536132812499
call,2028-06-16,1.6958904109589041,1440.0,0.38,0.41,0.395,0.29,1.0,847,0.1834798449707031
call,2028-06-16,1.6958904109589041,1450.0,0.36,0.39,0.375,0.28,1.0,19,0.18421225952148437
call,2028-06-16,1.6958904109589041,1460.0,0.34,0.38,0.36,0.33,30.0,53,0.1854329504394531
call,2028-06-16,1.6958904109589041,1470.0,0.33,0.36,0.345,0.31,1.0,473,0.1860432958984375
call,2028-06-16,1.6958904109589041,1480.0,0.31,0.35,0.32999999999999996,0.32,21.0,708,0.18726398681640627
put,2028-06-16,1.6958904109589041,55.0,0.04,0.06,0.05,0.05,,10,0.6640658593750002
put,2028-06-16,1.6958904109589041,70.0,0.07,0.1,0.085,0.1,1.0,192,0.629886513671875
put,2028-06-16,1.6958904109589041,75.0,0.09,0.11,0.1,0.11,100.0,129,0.6201209863281252
put,2028-06-16,1.6958904109589041,80.0,0.13,0.16,0.14500000000000002,0.18,1.0,101,0.624027197265625
put,2028-06-16,1.6958904109589041,90.0,0.2,0.24,0.22,0.23,1.0,42,0.6167030517578126
put,2028-06-16,1.6958904109589041,95.0,0.2,0.23,0.21500000000000002,0.28,1.0,8,0.5996133789062501
put,2028-06-16,1.6958904109589041,100.0,0.17,0.2,0.185,0.19,20.0,177,0.5756878369140624
put,2028-06-16,1.6958904109589041,105.0,0.26,0.29,0.275,0.32,1.0,1,0.5854533642578125
put,2028-06-16,1.6958904109589041,115.0,0.24,0.27,0.255,0.25,10.0,45,0.5542036767578126
put,2028-06-16,1.6958904109589041,120.0,0.41,0.44,0.425,0.51,1.0,9,0.5732464550781251
put,2028-06-16,1.6958904109589041,125.0,0.3,0.33,0.315,0.35,4.0,19,0.5419967675781252
put,2028-06-16,1.6958904109589041,130.0,0.33,0.36,0.345,0.45,10.0,31,0.5356491748046875
put,2028-06-16,1.6958904109589041,135.0,0.59,0.63,0.61,0.64,9.0,96,0.56055126953125
put,2028-06-16,1.6958904109589041,140.0,0.4,0.42,0.41000000000000003,0.41,1.0,167,0.5236864038085938
put,2028-06-16,1.6958904109589041,145.0,0.44,0.46,0.45,0.45,1.0,342,0.5185595019531251
put,2028-06-16,1.6958904109589041,150.0,0.47,0.5,0.485,0.54,49.0,818,0.5127001855468749
put,2028-06-16,1.6958904109589041,155.0,0.51,0.54,0.525,0.58,1.0,628,0.5073291455078125
put,2028-06-16,1.6958904109589041,160.0,0.55,0.58,0.565,0.67,50.0,802,0.5019581054687501
put,2028-06-16,1.6958904109589041,165.0,0.6,0.62,0.61,0.66,50.0,2051,0.49805189453125004
put,2028-06-16,1.6958904109589041,170.0,0.64,0.66,0.65,0.65,1.0,218,0.4924367163085938
put,2028-06-16,1.6958904109589041,175.0,0.68,0.71,0.6950000000000001,0.71,30.0,287,0.48767602172851565
put,2028-06-16,1.6958904109589041,180.0,0.73,0.76,0.745,0.76,30.0,106,0.48291532714843755
put,2028-06-16,1.6958904109589041,185.0,0.78,0.8,0.79,0.79,1.0,23,0.4771780798339844
put,2028-06-16,1.6958904109589041,190.0,0.83,0.85,0.84,0.88,3.0,49,0.4722953161621094
put,2028-06-16,1.6958904109589041,195.0,0.88,0.9,0.89,0.9,3.0,13,0.4672904833984375
put,2028-06-16,1.6958904109589041,200.0,0.93,0.96,0.9450000000000001,0.98,2.0,133,0.4630180651855469
put,2028-06-16,1.6958904109589041,205.0,0.99,1.01,1.0,1.06,9.0,1571,0.4580132324218751
put,2028-06-16,1.6958904109589041,210.0,2.5,2.56,2.5300000000000002,2.06,1.0,4,0.5163012237548827
put,2028-06-16,1.6958904109589041,220.0,1.26,1.28,1.27,1.78,20.0,35,0.4493463269042969
put,2028-06-16,1.6958904109589041,225.0,1.21,1.24,1.225,1.26,1.0,30,0.43970286865234376
put,2028-06-16,1.6958904109589041,230.0,1.27,1.3,1.2850000000000001,1.35,2.0,15,0.4351863122558594
put,2028-06-16,1.6958904109589041,235.0,1.34,1.36,1.35,1.44,3.0,16,0.43066975585937506
put,2028-06-16,1.6958904109589041,240.0,1.4,1.43,1.415,1.44,3.0,19,0.4265804412841797
put,2028-06-16,1.6958904109589041,245.0,1.47,1.49,1.48,1.5,1.0,49,0.4220638848876953
put,2028-06-16,1.6958904109589041,250.0,1.53,1.56,1.545,1.57,1.0,479,0.4179135357666015
put,2028-06-16,1.6958904109589041,255.0,1.61,1.63,1.62,1.62,3.0,101,0.4137631866455078
put,2028-06-16,1.6958904109589041,260.0,1.67,1.7,1.685,1.7,27.0,205,0.409612837524414
put,2028-06-16,1.6958904109589041,265.0,1.75,1.78,1.7650000000000001,1.76,9.0,2349,0.4057676611328125
put,2028-06-16,1.6958904109589041,270.0,1.82,1.85,1.835,1.84,3.0,148,0.40161731201171874
put,2028-06-16,1.6958904109589041,275.0,1.9,1.93,1.915,2.05,10.0,121,0.39771110107421875
put,2028-06-16,1.6958904109589041,280.0,1.98,2.01,1.9949999999999999,2.06,1.0,109,0.39380489013671877
put,2028-06-16,1.6958904109589041,285.0,2.06,2.09,2.075,2.1,3.0,148,0.3898986791992188
put,2028-06-16,1.6958904109589041,290.0,2.14,2.17,2.1550000000000002,2.2,15.0,124,0.3859924682617187
put,2028-06-16,1.6958904109589041,295.0,2.23,2.26,2.245,2.3,6.0,108,0.38233039550781245
put,2028-06-16,1.6958904109589041,300.0,2.32,2.35,2.335,2.37,5.0,284,0.3786683227539062
put,2028-06-16,1.6958904109589041,305.0,2.41,2.44,2.425,2.46,21.0,300,0.37497573272705076
put,2028-06-16,1.6958904109589041,310.0,2.5,2.52,2.51,2.56,33.0,50,0.3710084872436523
put,2028-06-16,1.6958904109589041,315.0,2.58,2.62,2.6,2.67,3.0,19,0.3675295181274414
put,2028-06-16,1.6958904109589041,320.0,3.34,3.37,3.355,4.06,5.0,174,0.37805797729492185
put,2028-06-16,1.6958904109589041,325.0,2.78,2.82,2.8,2.9,1.0,73,0.36048002807617185
put,2028-06-16,1.6958904109589041,330.0,3.0,3.03,3.0149999999999997,3.58,10.0,0,0.35928985443115236
put,2028-06-16,1.6958904109589041,335.0,2.98,3.02,3.0,3.1,1.0,336,0.3534000207519531
put,2028-06-16,1.6958904109589041,340.0,3.09,3.13,3.11,3.33,6.0,586,0.35001260345458973
put,2028-06-16,1.6958904109589041,345.0,3.21,3.24,3.225,3.35,2.0,561,0.3466251861572265
put,2028-06-16,1.6958904109589041,350.0,3.33,3.34,3.335,3.35,36.0,92,0.34299363067626953
put,2028-06-16,1.6958904109589041,355.0,3.43,3.46,3.4450000000000003,3.51,1.0,13,0.3397587997436523
put,2028-06-16,1.6958904109589041,360.0,3.54,3.58,3.56,3.63,148.0,179,0.33649345153808596
put,2028-06-16,1.6958904109589041,365.0,3.66,3.7,3.68,3.88,72.0,593,0.3331975860595704
put,2028-06-16,1.6958904109589041,370.0,3.78,3.82,3.8,3.92,1.0,29,0.3298712033081054
put,2028-06-16,1.6958904109589041,375.0,3.91,3.95,3.93,4.0,6.0,1104,0.3266974069213867
put,2028-06-16,1.6958904109589041,380.0,4.04,4.08,4.0600000000000005,4.3,5.0,271,0.32349309326171866
put,2028-06-16,1.6958904109589041,385.0,4.17,4.21,4.1899999999999995,4.27,1.0,118,0.3202582623291015
put,2028-06-16,1.6958904109589041,390.0,4.31,4.36,4.335,4.63,1.0,908,0.3172980868530273
put,2028-06-16,1.6958904109589041,395.0,4.45,4.49,4.470000000000001,4.73,2.0,261,0.31403273864746095
put,2028-06-16,1.6958904109589041,400.0,4.59,4.64,4.615,4.9,1.0,453,0.3110267872619628
put,2028-06-16,1.6958904109589041,405.0,4.74,4.79,4.765000000000001,4.9,1.0,9,0.30799031860351556
put,2028-06-16,1.6958904109589041,410.0,4.9,4.94,4.92,6.08,1.0,9,0.30490807403564457
put,2028-06-16,1.6958904109589041,420.0,5.22,5.27,5.244999999999999,5.89,1.0,141,0.2990792749023437
put,2028-06-16,1.6958904109589041,425.0,5.39,5.44,5.415,5.47,1.0,104,0.29616487533569336
put,2028-06-16,1.6958904109589041,435.0,5.74,5.79,5.765000000000001,5.92,5.0,6615,0.29038185211181633
put,2028-06-16,1.6958904109589041,440.0,5.93,5.98,5.955,6.24,1.0,22,0.2875895216369628
put,2028-06-16,1.6958904109589041,445.0,6.11,6.17,6.140000000000001,6.94,2.0,231,0.2847666738891601
put,2028-06-16,1.6958904109589041,450.0,6.31,6.37,6.34,6.56,14.0,128,0.2820201193237304
put,2028-06-16,1.6958904109589041,455.0,6.52,6.58,6.55,7.09,1.0,21,0.2793345993041991
put,2028-06-16,1.6958904109589041,460.0,6.73,6.79,6.76,7.15,1.0,153,0.2766033033752441
put,2028-06-16,1.6958904109589041,465.0,6.95,7.01,6.98,7.61,1.0,4,0.2739330419921875
put,2028-06-16,1.6958904109589041,470.0,7.17,7.24,7.205,7.41,1.0,19,0.2713085565185547
put,2028-06-16,1.6958904109589041,475.0,7.41,7.48,7.445,8.22,5.0,785,0.2687298469543457
put,2028-06-16,1.6958904109589041,480.0,7.65,7.73,7.69,7.85,1.0,412,0.2661969132995606
put,2028-06-16,1.6958904109589041,485.0,7.91,7.99,7.95,9.1,127.0,210,0.2636944969177246
put,2028-06-16,1.6958904109589041,490.0,8.17,8.25,8.21,8.51,20.0,205,0.2611463046264648
put,2028-06-16,1.6958904109589041,495.0,8.45,8.52,8.485,8.91,24.0,683,0.2586438882446289
put,2028-06-16,1.6958904109589041,500.0,8.73,8.8,8.765,9.19,6.0,706,0.2561567304992676
put,2028-06-16,1.6958904109589041,505.0,9.02,9.1,9.059999999999999,10.24,3.0,13,0.2537763832092285
put,2028-06-16,1.6958904109589041,510.0,9.32,9.4,9.36,9.63,2.0,888,0.25133500137329096
put,2028-06-16,1.6958904109589041,515.0,9.64,9.71,9.675,9.86,4.0,671,0.24891650749206543
put,2028-06-16,1.6958904109589041,520.0,9.95,10.04,9.995,10.05,1.0,690,0.24658956542968752
put,2028-06-16,1.6958904109589041,525.0,10.29,10.37,10.329999999999998,10.65,1.0,611,0.24419395950317385
put,2028-06-16,1.6958904109589041,530.0,10.64,10.72,10.68,10.86,1.0,389,0.2418899053955078
put,2028-06-16,1.6958904109589041,535.0,10.99,11.08,11.035,11.5,1.0,1508,0.23957822196960446
put,2028-06-16,1.6958904109589041,540.0,11.36,11.44,11.399999999999999,11.91,1.0,179,0.23722076263427733
put,2028-06-16,1.6958904109589041,545.0,11.74,11.84,11.79,12.96,1.0,266,0.2350387776184082
put,2028-06-16,1.6958904109589041,550.0,12.14,12.2,12.17,12.25,1.0,764,0.23256687850952146
put,2028-06-16,1.6958904109589041,555.0,12.54,12.63,12.585,12.53,2.0,774,0.23043066940307616
put,2028-06-16,1.6958904109589041,560.0,12.96,13.05,13.005,13.05,1.0,278,0.22818002052307126
put,2028-06-16,1.6958904109589041,565.0,13.4,13.48,13.440000000000001,14.4,9.0,208,0.22592174232482912
put,2028-06-16,1.6958904109589041,570.0,13.85,13.93,13.89,14.0,3.0,765,0.2237016107177734
put,2028-06-16,1.6958904109589041,575.0,14.3,14.42,14.36,14.65,1.0,1319,0.22162643615722655
put,2028-06-16,1.6958904109589041,580.0,14.79,14.88,14.835,14.9,1.0,210,0.21933764068603517
put,2028-06-16,1.6958904109589041,585.0,15.27,15.38,15.325,16.66,5.0,124,0.21717091430664062
put,2028-06-16,1.6958904109589041,590.0,15.78,15.89,15.835,15.95,1.0,82,0.21498892929077146
put,2028-06-16,1.6958904109589041,595.0,16.31,16.41,16.36,16.5,3.0,723,0.2127916856384277
put,2028-06-16,1.6958904109589041,600.0,16.85,16.97,16.91,17.26,2.0,1777,0.21070125244140625
put,2028-06-16,1.6958904109589041,605.0,17.41,17.53,17.47,18.17,1.0,86,0.20853452606201167
put,2028-06-16,1.6958904109589041,610.0,17.98,18.1,18.04,18.46,1.0,149,0.20634491172790523
put,2028-06-16,1.6958904109589041,615.0,18.59,18.71,18.65,19.15,1.0,53,0.20425447853088377
put,2028-06-16,1.6958904109589041,620.0,19.19,19.33,19.259999999999998,19.79,8.0,80,0.2021335280609131
put,2028-06-16,1.6958904109589041,625.0,19.83,19.96,19.895,20.45,1.0,487,0.19997443099975587
put,2028-06-16,1.6958904109589041,630.0,20.49,20.63,20.56,21.15,1.0,197,0.1978916271209717
put,2028-06-16,1.6958904109589041,635.0,21.16,21.29,21.225,22.31,1.0,187,0.19570201278686522
put,2028-06-16,1.6958904109589041,640.0,21.86,22.0,21.93,22.95,10.0,203,0.19361920890808107
put,2028-06-16,1.6958904109589041,645.0,22.57,22.72,22.645,23.07,1.0,40,0.19149062911987308
put,2028-06-16,1.6958904109589041,650.0,23.31,23.46,23.384999999999998,23.46,1.0,1112,0.18936204933166503
put,2028-06-16,1.6958904109589041,655.0,24.07,24.24,24.155,24.8,4.0,85,0.1872868747711182
put,2028-06-16,1.6958904109589041,660.0,24.86,25.02,24.939999999999998,24.85,11.0,6238,0.18512777770996092
put,2028-06-16,1.6958904109589041,665.0,25.67,25.84,25.755000000000003,28.98,634.0,1074,0.1830220858764648
put,2028-06-16,1.6958904109589041,670.0,26.51,26.66,26.585,28.25,1.0,410,0.1808324715423584
put,2028-06-16,1.6958904109589041,675.0,27.37,27.55,27.46,27.6,1000.0,1369,0.17878018493652342
put,2028-06-16,1.6958904109589041,680.0,28.26,28.44,28.35,29.78,4.0,929,0.17663634651184082
put,2028-06-16,1.6958904109589041,685.0,29.17,29.36,29.265,30.49,4.0,890,0.17449632274627686
put,2028-06-16,1.6958904109589041,690.0,30.12,30.3,30.21,31.8,2.0,368,0.1723257817077637
put,2028-06-16,1.6958904109589041,695.0,31.1,31.3,31.200000000000003,32.92,17.0,460,0.17024297782897954
put,2028-06-16,1.6958904109589041,700.0,32.09,32.31,32.2,32.37,1.0,1739,0.1680915100860596
put,2028-06-16,1.6958904109589041,705.0,33.14,33.36,33.25,35.02,1.0,568,0.16595530097961428
put,2028-06-16,1.6958904109589041,710.0,34.22,34.44,34.33,35.48,2.0,365,0.16380383323669437
put,2028-06-16,1.6958904109589041,715.0,35.32,35.55,35.435,35.72,1.0,404,0.16162947753906248
put,2028-06-16,1.6958904109589041,720.0,36.46,36.69,36.575,36.55,2.0,1676,0.15943604854583737
put,2028-06-16,1.6958904109589041,725.0,37.65,37.88,37.765,37.75,1.0,1631,0.1572655075073242
put,2028-06-16,1.6958904109589041,730.0,38.87,39.1,38.985,40.36,1.0,573,0.15506826385498051
put,2028-06-16,1.6958904109589041,735.0,40.11,40.36,40.235,40.43,2.0,172,0.1528595762252808
put,2028-06-16,1.6958904109589041,740.0,41.41,41.67,41.54,45.09,2.0,197,0.15066233257293704
put,2028-06-16,1.6958904109589041,745.0,42.75,43.02,42.885000000000005,45.98,1.0,238,0.148446015625
put,2028-06-16,1.6958904109589041,750.0,44.14,44.41,44.275,44.39,1.0,523,0.14620681072235103
put,2028-06-16,1.6958904109589041,755.0,45.56,45.84,45.7,51.45,15.0,536,0.1439370885467529
put,2028-06-16,1.6958904109589041,760.0,47.03,47.33,47.18,47.04,4.0,449,0.14167881034851074
put,2028-06-16,1.6958904109589041,765.0,48.56,48.86,48.71,49.88,17.0,674,0.13938238555908206
put,2028-06-16,1.6958904109589041,770.0,50.15,50.48,50.315,50.27,1.0,1046,0.1371622539520264
put,2028-06-16,1.6958904109589041,775.0,51.77,52.08,51.925,51.71,4.0,601,0.13473994541168216
put,2028-06-16,1.6958904109589041,780.0,53.47,53.77,53.620000000000005,53.97,7.0,1659,0.13237867141723636
put,2028-06-16,1.6958904109589041,785.0,55.21,55.53,55.370000000000005,59.63,1.0,195,0.13002884140014648
put,2028-06-16,1.6958904109589041,790.0,57.03,57.34,57.185,59.28,1.0,420,0.12762179149627684
put,2028-06-16,1.6958904109589041,795.0,58.89,59.18,59.035,62.0,5.0,91,0.12510411647796632
put,2028-06-16,1.6958904109589041,800.0,60.86,61.17,61.015,61.4,10.0,852,0.12276573043823241
put,2028-06-16,1.6958904109589041,805.0,62.87,63.19,63.03,68.44,18.0,123,0.12029383132934571
put,2028-06-16,1.6958904109589041,810.0,64.97,65.28,65.125,67.85,2.0,562,0.11778378562927244
put,2028-06-16,1.6958904109589041,815.0,67.15,67.45,67.30000000000001,72.26,2.0,162,0.11524703731536866
put,2028-06-16,1.6958904109589041,820.0,69.39,69.71,69.55,73.68,1.0,145,0.11269503036499023
put,2028-06-16,1.6958904109589041,825.0,71.73,72.05,71.89,75.37,2.0,12,0.11008580352783201
put,2028-06-16,1.6958904109589041,830.0,74.15,74.49,74.32,76.89,2.0,394,0.10746131805419923
put,2028-06-16,1.6958904109589041,835.0,76.69,77.02,76.85499999999999,80.98,9.0,63,0.10477579803466797
put,2028-06-16,1.6958904109589041,840.0,79.31,79.66,79.485,82.97,2.0,1794,0.10207120471954344
put,2028-06-16,1.6958904109589041,845.0,82.04,82.4,82.22,91.35,4.0,7,0.09929413288116455
put,2028-06-16,1.6958904109589041,850.0,84.86,85.26,85.06,88.45,1.0,199,0.09648272911071779
put,2028-06-16,1.6958904109589041,855.0,87.84,88.22,88.03,94.9,2.0,80,0.0935530709075928
put,2028-06-16,1.6958904109589041,860.0,90.88,91.33,91.10499999999999,94.89,8.0,9,0.09063104202270508
put,2028-06-16,1.6958904109589041,865.0,94.01,94.45,94.23,98.25,8.0,8,0.0872054781341553
put,2028-06-16,1.6958904109589041,870.0,97.3,97.73,97.515,113.59,2.0,4,0.08370362106323243
put,2028-06-16,1.6958904109589041,875.0,100.75,101.19,100.97,110.0,1.0,4,0.08017124671936035
put,2028-06-16,1.6958904109589041,880.0,102.0,106.97,104.485,113.88,2.0,1,0.08612974426269533
put,2028-06-16,1.6958904109589041,890.0,109.64,114.5,112.07,122.19,20.0,3,0.07982792739868164
put,2028-06-16,1.6958904109589041,895.0,113.64,117.71,115.675,123.43,1.0,3,0.07156537574768068
put,2028-06-16,1.6958904109589041,900.0,118.0,123.0,120.5,128.0,1.0,1,0.07572335418701173
put,2028-06-16,1.6958904109589041,905.0,150.5,155.0,152.75,166.5,1.0,0,0.17558350059509278
put,2028-06-16,1.6958904109589041,915.0,160.5,165.0,162.75,176.5,2.0,0,0.18182428291320799
put,2028-06-16,1.6958904109589041,920.0,148.52,153.45,150.985,148.39,,0,0.13245877925872807
put,2028-06-16,1.6958904109589041,940.0,183.04,188.0,185.51999999999998,207.87,,0,0.19078110252380373
put,2028-06-16,1.6958904109589041,945.0,188.04,193.0,190.51999999999998,212.62,,0,0.19362683822631838
put,2028-06-16,1.6958904109589041,1000.0,306.5,311.33,308.91499999999996,319.0,1.0,0,0.39581140083312993
put,2028-06-16,1.6958904109589041,1360.0,696.53,701.5,699.015,668.0,3.0,0,0.6276854553604128
put,2028-06-16,1.6958904109589041,1470.0,687.5,692.48,689.99,702.07,3.0,0,0.23471834625244142
put,2028-06-16,1.6958904109589041,1480.0,697.5,702.48,699.99,712.09,1.0,0,0.23676300354003904
call,2028-12-15,2.1945205479452055,60.0,677.3,682.0,679.65,689.74,3.0,0,1.0000000000000003e-05
call,2028-12-15,2.1945205479452055,90.0,647.5,650.0,648.75,585.88,1.0,0,1.0000000000000003e-05
call,2028-12-15,2.1945205479452055,110.0,657.57,662.5,660.0350000000001,662.54,,1,1.0000000000000003e-05
call,2028-12-15,2.1945205479452055,120.0,647.54,652.47,650.005,652.72,1.0,0,1.0000000000000003e-05
call,2028-12-15,2.1945205479452055,130.0,649.0,653.37,651.185,628.99,10.0,11,0.5753216296386718
call,2028-12-15,2.1945205479452055,140.0,640.0,644.09,642.0450000000001,618.77,10.0,16,0.5892375061035158
call,2028-12-15,2.1945205479452055,150.0,631.5,635.32,633.4100000000001,609.94,2.0,30,0.6099892517089844
call,2028-12-15,2.1945205479452055,160.0,622.5,626.43,624.4649999999999,625.12,1.0,1,0.6134682208251954
call,2028-12-15,2.1945205479452055,180.0,605.0,608.83,606.915,587.0,1.0,4,0.6174965008544924
call,2028-12-15,2.1945205479452055,190.0,596.0,599.96,597.98,598.95,1.0,2,0.6132545999145509
call,2028-12-15,2.1945205479452055,200.0,587.5,591.25,589.375,578.0,1.0,97,0.6128273580932618
call,2028-12-15,2.1945205479452055,210.0,578.5,582.5,580.5,581.17,1.0,7,0.6071816625976563
call,2028-12-15,2.1945205479452055,220.0,569.5,573.7,571.6,552.9,1.0,21,0.6006509661865236
call,2028-12-15,2.1945205479452055,240.0,552.0,556.18,554.0899999999999,527.0,1.0,7,0.5895121615600586
call,2028-12-15,2.1945205479452055,250.0,543.5,547.43,545.4649999999999,521.0,2.0,26,0.584568363342285
call,2028-12-15,2.1945205479452055,260.0,510.0,514.23,512.115,483.0,2.0,14,1.0000000000000003e-05
call,2028-12-15,2.1945205479452055,280.0,517.0,521.0,519.0,499.5,1.0,4,0.5622907540893555
call,2028-12-15,2.1945205479452055,290.0,508.5,512.43,510.465,486.0,1.0,6,0.5569044554138185
call,2028-12-15,2.1945205479452055,300.0,499.5,503.9,501.7,495.46,2.0,71,0.5494887580871584
call,2028-12-15,2.1945205479452055,310.0,491.0,495.0,493.0,469.0,2.0,19,0.542469785308838
call,2028-12-15,2.1945205479452055,320.0,482.5,486.44,484.47,469.66,1.0,121,0.536511287765503
call,2028-12-15,2.1945205479452055,325.0,478.0,482.0,480.0,460.0,1.0,11,0.5320862831878661
call,2028-12-15,2.1945205479452055,330.0,473.5,477.77,475.635,464.5,1.0,26,0.528370805206299
call,2028-12-15,2.1945205479452055,335.0,445.0,449.26,447.13,435.5,1.0,9,0.3370122451782227
call,2028-12-15,2.1945205479452055,340.0,395.28,400.0,397.64,360.81,3.0,22,1.0000000000000003e-05
call,2028-12-15,2.1945205479452055,345.0,460.5,464.78,462.64,439.0,1.0,4,0.51778131149292
call,2028-12-15,2.1945205479452055,350.0,456.0,460.45,458.225,445.65,2.0,81,0.5137072555541992
call,2028-12-15,2.1945205479452055,355.0,452.0,456.0,454.0,432.93,7.0,14,0.5107775973510743
call,2028-12-15,2.1945205479452055,360.0,447.5,451.88,449.69,438.5,5.0,11,0.5073138868713378
call,2028-12-15,2.1945205479452055,365.0,404.5,409.0,406.75,386.12,1.0,1,1.0000000000000003e-05
call,2028-12-15,2.1945205479452055,370.0,439.0,443.0,441.0,430.36,1.0,7,0.5110369941711426
call,2028-12-15,2.1945205479452055,375.0,434.5,438.95,436.725,430.0,1.0,16,0.5087405693817139
call,2028-12-15,2.1945205479452055,380.0,430.5,434.5,432.5,410.58,1.0,19,0.5042697888946533
call,2028-12-15,2.1945205479452055,385.0,400.5,404.5,402.5,383.57,1.0,6,0.3399571620178223
call,2028-12-15,2.1945205479452055,395.0,379.5,383.84,381.66999999999996,360.89,,2,1.0000000000000003e-05
call,2028-12-15,2.1945205479452055,400.0,413.0,417.47,415.235,399.75,3.0,97,0.49042257629394537
call,2028-12-15,2.1945205479452055,405.0,408.5,413.12,410.81,395.68,1.0,7,0.48648584808349615
call,2028-12-15,2.1945205479452055,410.0,404.5,408.84,406.66999999999996,393.85,1.0,103,0.4828924391937256
call,2028-12-15,2.1945205479452055,415.0,400.5,404.64,402.57,381.5,12.0,32,0.4796652375793457
call,2028-12-15,2.1945205479452055,420.0,396.0,400.38,398.19,378.01,1.0,31,0.47615575119018555
call,2028-12-15,2.1945205479452055,425.0,391.5,396.05,393.775,374.7,1.0,11,0.472310574798584
call,2028-12-15,2.1945205479452055,430.0,387.5,391.87,389.685,378.5,2.0,3,0.4691444077301026
call,2028-12-15,2.1945205479452055,435.0,383.0,387.62,385.31,385.08,1.0,20,0.4656578092956543
call,2028-12-15,2.1945205479452055,440.0,379.0,383.31,381.155,381.26,1.0,10,0.4618965554046631
call,2028-12-15,2.1945205479452055,445.0,375.0,379.15,377.075,367.2,1.0,3,0.4587837935638428
call,2028-12-15,2.1945205479452055,450.0,370.5,374.93,372.71500000000003,367.93,1.0,81,0.45539637626647944
call,2028-12-15,2.1945205479452055,455.0,330.0,334.16,332.08000000000004,341.73,1.0,16,0.2688061401367187
call,2028-12-15,2.1945205479452055,460.0,362.0,366.43,364.21500000000003,357.68,1.0,83,0.4483621448516846
call,2028-12-15,2.1945205479452055,470.0,353.5,358.12,355.81,339.6,1.0,3,0.4420603279876709
call,2028-12-15,2.1945205479452055,475.0,349.5,353.94,351.72,335.62,1.0,40,0.4387873504638672
call,2028-12-15,2.1945205479452055,480.0,345.0,349.69,347.345,337.91,1.0,6,0.4352320881652832
call,2028-12-15,2.1945205479452055,485.0,305.5,309.9,307.7,319.53,1.0,18,0.2770152865600586
call,2028-12-15,2.1945205479452055,495.0,332.5,337.24,334.87,314.4,1.0,7,0.42566492309570314
call,2028-12-15,2.1945205479452055,500.0,328.5,333.17,330.83500000000004,327.43,1.0,162,0.42274289421081535
call,2028-12-15,2.1945205479452055,505.0,324.5,329.05,326.775,322.19,1.0,6,0.41962250305175786
call,2028-12-15,2.1945205479452055,510.0,320.0,324.87,322.435,318.13,1.0,30,0.416273232345581
call,2028-12-15,2.1945205479452055,515.0,316.0,320.84,318.41999999999996,313.17,1.0,11,0.4134389406204223
call,2028-12-15,2.1945205479452055,520.0,312.0,316.75,314.375,310.25,1.0,64,0.41037576934814457
call,2028-12-15,2.1945205479452055,525.0,308.0,312.67,310.33500000000004,295.34,1.0,60,0.40733167137146
call,2028-12-15,2.1945205479452055,530.0,304.0,308.6,306.3,305.94,1.0,19,0.40430283203125
call,2028-12-15,2.1945205479452055,535.0,300.0,304.54,302.27,294.25,1.0,30,0.4012892513275146
call,2028-12-15,2.1945205479452055,540.0,279.63,284.5,282.065,270.0,1.0,7,0.3441380284118652
call,2028-12-15,2.1945205479452055,550.0,287.5,292.37,289.935,284.01,1.0,116,0.3921798453521729
call,2028-12-15,2.1945205479452055,555.0,283.5,288.43,285.96500000000003,280.59,18.0,143,0.38947906669616694
call,2028-12-15,2.1945205479452055,560.0,279.5,284.43,281.96500000000003,265.66,2.0,50,0.38656466712951654
call,2028-12-15,2.1945205479452055,565.0,275.5,280.45,277.975,260.36,2.0,11,0.38369222881317133
call,2028-12-15,2.1945205479452055,570.0,271.5,276.48,273.99,266.48,1.0,34,0.3808274198150635
call,2028-12-15,2.1945205479452055,575.0,267.53,272.5,270.015,267.0,1.0,34,0.377913020248413
call,2028-12-15,2.1945205479452055,580.0,263.52,268.5,266.01,261.21,1.0,57,0.3749146981811523
call,2028-12-15,2.1945205479452055,585.0,260.0,264.59,262.29499999999996,251.0,2.0,20,0.3721681436157227
call,2028-12-15,2.1945205479452055,590.0,256.0,260.74,258.37,246.0,4.0,53,0.36956654609680173
call,2028-12-15,2.1945205479452055,595.0,252.0,256.84,254.42,238.56,3.0,16,0.3667971035766602
call,2028-12-15,2.1945205479452055,600.0,248.0,252.89,250.445,250.0,2.0,293,0.36385600139617924
call,2028-12-15,2.1945205479452055,605.0,244.03,249.0,246.515,221.0,1.0,49,0.3610636709213257
call,2028-12-15,2.1945205479452055,610.0,240.5,244.51,242.505,231.5,1.0,28,0.3565509291839599
call,2028-12-15,2.1945205479452055,615.0,236.5,240.64,238.57,218.9,53.0,23,0.3537814866638183
call,2028-12-15,2.1945205479452055,620.0,232.51,236.75,234.63,225.86,1.0,88,0.35093193630218494
call,2028-12-15,2.1945205479452055,625.0,228.71,232.94,230.825,226.51,1.0,45,0.3482731188964844
call,2028-12-15,2.1945205479452055,630.0,225.0,229.14,227.07,222.12,2.0,945,0.34561811614990234
call,2028-12-15,2.1945205479452055,635.0,221.15,225.38,223.265,215.2,153.0,345,0.3430394065856933
call,2028-12-15,2.1945205479452055,640.0,217.5,221.55,219.525,219.47,1.0,832,0.34023944679260254
call,2028-12-15,2.1945205479452055,645.0,213.66,217.72,215.69,211.55,1.0,1034,0.3374165990447998
call,2028-12-15,2.1945205479452055,650.0,210.01,214.02,212.015,211.82,27.0,1394,0.3349027386856079
call,2028-12-15,2.1945205479452055,655.0,206.24,210.24,208.24,207.75,1.0,580,0.33214855480194094
call,2028-12-15,2.1945205479452055,660.0,202.62,206.57,204.595,203.5,1.0,840,0.3296499530792236
call,2028-12-15,2.1945205479452055,665.0,199.14,202.93,201.035,192.46,4.0,379,0.32718949794769286
call,2028-12-15,2.1945205479452055,670.0,195.32,199.22,197.26999999999998,193.97,11.0,564,0.32451542190551746
call,2028-12-15,2.1945205479452055,675.0,191.63,195.59,193.61,185.79,2.0,640,0.32201300552368156
call,2028-12-15,2.1945205479452055,680.0,188.03,193.0,190.515,188.0,1.0,661,0.3220664107513427
call,2028-12-15,2.1945205479452055,685.0,184.44,188.26,186.35,176.34,2.0,1457,0.3167258879852294
call,2028-12-15,2.1945205479452055,690.0,180.94,184.67,182.805,183.7,1.0,2085,0.3142158422851562
call,2028-12-15,2.1945205479452055,695.0,177.38,181.07,179.225,178.3,2.0,2472,0.31164476203918456
call,2028-12-15,2.1945205479452055,700.0,173.9,177.49,175.695,175.09,1.0,838,0.3090813111114502
call,2028-12-15,2.1945205479452055,705.0,170.44,174.01,172.225,163.4,1.0,427,0.30672003711700435
call,2028-12-15,2.1945205479452055,710.0,167.0,170.56,168.78,169.19,4.0,2020,0.30438928039550783
call,2028-12-15,2.1945205479452055,715.0,163.6,167.01,165.305,152.0,1.0,639,0.3017838682174683
call,2028-12-15,2.1945205479452055,720.0,160.15,163.52,161.835,156.48,1.0,1206,0.2992776371765136
call,2028-12-15,2.1945205479452055,725.0,157.09,160.06,158.575,151.0,3.0,252,0.2967981087493896
call,2028-12-15,2.1945205479452055,730.0,153.51,156.69,155.1,147.15,3.0,1265,0.2944864253234863
call,2028-12-15,2.1945205479452055,735.0,150.19,154.5,152.345,144.5,10.0,1260,0.29485644725799554
call,2028-12-15,2.1945205479452055,740.0,146.9,149.93,148.41500000000002,149.46,2.0,1445,0.289683769493103
call,2028-12-15,2.1945205479452055,745.0,143.57,146.57,145.07,137.0,1.0,1463,0.28726146095275873
call,2028-12-15,2.1945205479452055,750.0,140.7,143.26,141.98,142.94,7.0,1376,0.28490400161743157
call,2028-12-15,2.1945205479452055,755.0,137.1,139.91,138.505,140.21,2.0,713,0.28240921455383305
call,2028-12-15,2.1945205479452055,760.0,134.01,138.0,136.005,134.33,7.0,2367,0.28311111183166504
call,2028-12-15,2.1945205479452055,765.0,130.84,133.5,132.17000000000002,131.33,4.0,685,0.27793080474853515
call,2028-12-15,2.1945205479452055,770.0,127.73,130.27,129.0,129.3,5.0,1379,0.2755580867767333
call,2028-12-15,2.1945205479452055,775.0,124.61,127.13,125.87,126.25,23.0,1841,0.2733379551696777
call,2028-12-15,2.1945205479452055,780.0,121.52,123.95,122.735,124.0,18.0,405,0.2709728665161133
call,2028-12-15,2.1945205479452055,785.0,118.47,121.99,120.22999999999999,121.11,7.0,317,0.2712475219726562
call,2028-12-15,2.1945205479452055,790.0,115.48,118.98,117.23,117.51,2.0,152,0.26914183013916015
call,2028-12-15,2.1945205479452055,795.0,112.75,114.76,113.755,107.3,3.0,96,0.26432391567230223
call,2028-12-15,2.1945205479452055,800.0,109.54,113.0,111.27000000000001,111.5,10.0,4452,0.2648503386306763
call,2028-12-15,2.1945205479452055,805.0,106.58,110.0,108.28999999999999,95.0,1.0,290,0.26259587509155274
call,2028-12-15,2.1945205479452055,810.0,103.73,107.0,105.36500000000001,105.76,32.0,1144,0.2602841916656494
call,2028-12-15,2.1945205479452055,815.0,100.87,104.0,102.435,89.11,21.0,294,0.25791528835296634
call,2028-12-15,2.1945205479452055,820.0,96.95,100.02,98.485,99.43,2.0,816,0.2533529560470581
call,2028-12-15,2.1945205479452055,825.0,96.5,98.5,97.5,96.5,8.0,374,0.25407774127960214
call,2028-12-15,2.1945205479452055,830.0,91.3,96.0,93.65,87.9,1.0,1198,0.2526090975189209
call,2028-12-15,2.1945205479452055,835.0,88.6,93.0,90.8,85.49,1.0,215,0.24998842670440674
call,2028-12-15,2.1945205479452055,840.0,85.9,90.5,88.2,77.59,7.0,501,0.24839008453369144
call,2028-12-15,2.1945205479452055,845.0,83.24,88.0,85.62,73.37,1.0,614,0.24672307849884034
call,2028-12-15,2.1945205479452055,850.0,81.99,85.04,83.515,82.75,2.0,1275,0.2439917825698853
call,2028-12-15,2.1945205479452055,855.0,79.43,82.47,80.95,77.6,13.0,148,0.24203486244201658
call,2028-12-15,2.1945205479452055,860.0,77.83,78.07,77.94999999999999,78.5,8.0,238,0.23602295967102047
call,2028-12-15,2.1945205479452055,865.0,75.35,75.59,75.47,70.0,1.0,302,0.2341156301116943
call,2028-12-15,2.1945205479452055,870.0,72.92,73.15,73.035,72.42,1.0,210,0.2322197445297241
call,2028-12-15,2.1945205479452055,875.0,70.5,70.74,70.62,64.5,1.0,238,0.23031622962951662
call,2028-12-15,2.1945205479452055,880.0,68.18,68.41,68.295,63.98,3.0,360,0.2285157105255127
call,2028-12-15,2.1945205479452055,885.0,65.86,66.09,65.975,65.88,2.0,158,0.22665415687561033
call,2028-12-15,2.1945205479452055,890.0,63.58,63.82,63.7,57.38,15.0,435,0.2248307498168945
call,2028-12-15,2.1945205479452055,895.0,61.39,61.62,61.504999999999995,56.2,1.0,2183,0.22307982128143306
call,2028-12-15,2.1945205479452055,900.0,59.3,59.46,59.379999999999995,60.14,8.0,2436,0.22133652206420895
call,2028-12-15,2.1945205479452055,905.0,57.15,57.37,57.26,48.88,12.0,381,0.21967333068847655
call,2028-12-15,2.1945205479452055,910.0,55.05,55.27,55.16,53.28,12.0,348,0.21790332885742186
call,2028-12-15,2.1945205479452055,915.0,53.08,53.3,53.19,46.28,15.0,276,0.21634313327789306
call,2028-12-15,2.1945205479452055,920.0,51.09,51.3,51.195,46.15,7.0,449,0.21463416599273683
call,2028-12-15,2.1945205479452055,925.0,49.2,49.41,49.305,49.35,1.0,473,0.2130892290496826
call,2028-12-15,2.1945205479452055,930.0,47.35,47.58,47.465,40.96,15.0,464,0.2116053266525268
call,2028-12-15,2.1945205479452055,935.0,45.5,45.71,45.605000000000004,40.45,3.0,168,0.20993450595855712
call,2028-12-15,2.1945205479452055,940.0,43.8,44.01,43.905,41.35,1.0,266,0.20858411663055415
call,2028-12-15,2.1945205479452055,945.0,42.1,42.24,42.17,41.79,6.0,331,0.20697433048248287
call,2028-12-15,2.1945205479452055,950.0,40.43,40.64,40.535,41.12,14.0,562,0.20568879035949705
call,2028-12-15,2.1945205479452055,955.0,38.86,39.02,38.94,36.98,114.0,385,0.20426973716735838
call,2028-12-15,2.1945205479452055,960.0,37.26,37.45,37.355000000000004,33.27,1.0,466,0.2028812012481689
call,2028-12-15,2.1945205479452055,965.0,35.81,35.97,35.89,32.4,84.0,336,0.20162999305725096
call,2028-12-15,2.1945205479452055,970.0,34.34,34.54,34.44,33.03,1.0,296,0.2004169314575195
call,2028-12-15,2.1945205479452055,975.0,32.95,33.13,33.040000000000006,26.51,13.0,748,0.19916572326660154
call,2028-12-15,2.1945205479452055,980.0,31.59,31.78,31.685000000000002,30.36,100.0,601,0.19797936428070068
call,2028-12-15,2.1945205479452055,985.0,30.3,30.48,30.39,30.6,6.0,177,0.19683878120422363
call,2028-12-15,2.1945205479452055,990.0,29.05,29.2,29.125,29.27,4.0,393,0.19566386619567874
call,2028-12-15,2.1945205479452055,995.0,27.82,27.96,27.89,27.42,1.0,72,0.19450420982360841
call,2028-12-15,2.1945205479452055,1000.0,26.68,26.83,26.755,26.84,105.0,9299,0.19355817436218262
call,2028-12-15,2.1945205479452055,1005.0,25.56,25.73,25.645,24.15,10.0,48,0.19261213890075682
call,2028-12-15,2.1945205479452055,1010.0,24.48,24.64,24.560000000000002,20.56,44.0,191,0.19161269821166993
call,2028-12-15,2.1945205479452055,1015.0,23.45,23.58,23.515,17.66,5.0,112,0.19060562820434573
call,2028-12-15,2.1945205479452055,1020.0,22.46,22.58,22.52,22.91,11.0,182,0.18969011001586916
call,2028-12-15,2.1945205479452055,1025.0,21.49,21.65,21.57,16.64,1.0,48,0.18889666091918944
call,2028-12-15,2.1945205479452055,1030.0,20.57,20.73,20.65,18.02,1.0,429,0.18805743591308594
call,2028-12-15,2.1945205479452055,1035.0,19.7,19.85,19.775,18.49,4.0,146,0.18725635749816896
call,2028-12-15,2.1945205479452055,1040.0,18.86,19.0,18.93,18.95,1.0,203,0.18646290840148924
call,2028-12-15,2.1945205479452055,1045.0,18.05,18.19,18.12,18.33,4.0,33,0.18571523521423336
call,2028-12-15,2.1945205479452055,1050.0,17.28,17.42,17.35,17.35,3.0,1653,0.18502096725463862
call,2028-12-15,2.1945205479452055,1055.0,16.54,16.69,16.615000000000002,15.71,10.0,120,0.18438391918182373
call,2028-12-15,2.1945205479452055,1060.0,15.83,15.96,15.895,14.7,1.0,80,0.18366294860839844
call,2028-12-15,2.1945205479452055,1065.0,15.15,15.27,15.21,13.23,6.0,50,0.18300682723999018
call,2028-12-15,2.1945205479452055,1070.0,14.5,14.62,14.559999999999999,12.8,1.0,783,0.18241174041748048
call,2028-12-15,2.1945205479452055,1075.0,13.86,14.0,13.93,13.14,7.0,37,0.1818471708679199
call,2028-12-15,2.1945205479452055,1080.0,13.26,13.4,13.33,11.49,1.0,90,0.18128260131835935
call,2028-12-15,2.1945205479452055,1085.0,12.69,12.83,12.76,9.64,6.0,23,0.18076380767822264
call,2028-12-15,2.1945205479452055,1090.0,12.15,12.27,12.21,12.24,2.0,126,0.18020686744689943
call,2028-12-15,2.1945205479452055,1095.0,11.63,11.75,11.690000000000001,9.66,3.0,365,0.17973384971618653
call,2028-12-15,2.1945205479452055,1100.0,11.12,11.24,11.18,11.18,283.0,5352,0.1792303147125244
call,2028-12-15,2.1945205479452055,1105.0,10.64,10.77,10.705,9.14,1.0,15,0.17882596084594726
call,2028-12-15,2.1945205479452055,1110.0,10.18,10.31,10.245000000000001,9.34,1.0,261,0.1783910897064209
call,2028-12-15,2.1945205479452055,1115.0,9.75,9.86,9.805,9.33,1.0,282,0.1779257012939453
call,2028-12-15,2.1945205479452055,1120.0,9.33,9.44,9.385,6.85,6.0,246,0.17753660606384278
call,2028-12-15,2.1945205479452055,1125.0,8.93,9.04,8.985,6.64,26.0,98,0.17717039878845212
call,2028-12-15,2.1945205479452055,1130.0,8.55,8.66,8.605,8.64,1.0,567,0.17682707946777343
call,2028-12-15,2.1945205479452055,1135.0,8.18,8.3,8.24,6.31,3.0,239,0.17652190673828128
call,2028-12-15,2.1945205479452055,1140.0,7.84,7.95,7.895,5.71,2.0,175,0.17620147537231445
call,2028-12-15,2.1945205479452055,1145.0,7.5,7.6,7.55,6.35,50.0,85,0.17582000946044923
call,2028-12-15,2.1945205479452055,1150.0,7.19,7.29,7.24,7.3,5.0,1018,0.17557587127685548
call,2028-12-15,2.1945205479452055,1155.0,6.88,6.99,6.9350000000000005,4.08,,6,0.17533173309326172
call,2028-12-15,2.1945205479452055,1160.0,6.59,6.69,6.640000000000001,5.5,2.0,408,0.1750265603637695
call,2028-12-15,2.1945205479452055,1170.0,6.05,6.16,6.105,4.19,3.0,258,0.1746450944519043
call,2028-12-15,2.1945205479452055,1180.0,5.57,5.67,5.62,4.97,1.0,15,0.17427888717651369
call,2028-12-15,2.1945205479452055,1190.0,5.12,5.21,5.165,4.34,275.0,1159,0.17388216262817385
call,2028-12-15,2.1945205479452055,1200.0,4.73,4.8,4.765000000000001,4.84,32.0,5836,0.17360750717163087
call,2028-12-15,2.1945205479452055,1210.0,4.34,4.44,4.390000000000001,3.7,1.0,848,0.17348543807983396
call,2028-12-15,2.1945205479452055,1220.0,4.01,4.11,4.0600000000000005,3.75,4.0,608,0.17339388626098634
call,2028-12-15,2.1945205479452055,1230.0,3.71,3.79,3.75,3.15,1.0,244,0.17319552398681642
call,2028-12-15,2.1945205479452055,1240.0,3.43,3.52,3.475,3.22,81.0,610,0.17322604125976562
call,2028-12-15,2.1945205479452055,1250.0,3.18,3.27,3.225,3.27,11.0,3389,0.17328707580566405
call,2028-12-15,2.1945205479452055,1260.0,2.95,3.04,2.995,2.97,1.0,588,0.1733481103515625
call,2028-12-15,2.1945205479452055,1270.0,2.75,2.83,2.79,2.54,1.0,74,0.17347017944335938
call,2028-12-15,2.1945205479452055,1280.0,2.56,2.63,2.5949999999999998,2.58,300.0,787,0.1735312139892578
call,2028-12-15,2.1945205479452055,1290.0,2.39,2.46,2.425,2.41,2.0,371,0.17379061080932617
call,2028-12-15,2.1945205479452055,1300.0,2.24,2.3,2.27,2.18,1.0,2937,0.17401949035644532
call,2028-12-15,2.1945205479452055,1310.0,2.09,2.16,2.125,1.98,1.0,714,0.17438569763183598
call,2028-12-15,2.1945205479452055,1320.0,1.96,2.03,1.9949999999999999,2.02,1.0,812,0.17475190490722659
call,2028-12-15,2.1945205479452055,1330.0,1.84,1.9,1.87,1.88,3.0,279,0.1749960430908203
call,2028-12-15,2.1945205479452055,1340.0,1.73,1.79,1.76,1.59,182.0,779,0.17539276763916017
call,2028-12-15,2.1945205479452055,1350.0,1.63,1.69,1.66,1.66,255.0,5252,0.17585052673339846
call,2028-12-15,2.1945205479452055,1360.0,1.54,1.59,1.565,1.39,1.0,19,0.17621673400878907
call,2028-12-15,2.1945205479452055,1370.0,1.45,1.5,1.475,1.25,10.0,1022,0.1766134585571289
call,2028-12-15,2.1945205479452055,1380.0,1.38,1.42,1.4,1.32,1.0,220,0.1771322521972656
call,2028-12-15,2.1945205479452055,1390.0,1.31,1.35,1.33,1.36,1.0,59,0.17771208038330077
call,2028-12-15,2.1945205479452055,1400.0,1.24,1.29,1.2650000000000001,1.31,13.0,287,0.17841397766113282
call,2028-12-15,2.1945205479452055,1420.0,1.13,1.17,1.15,1.09,2.0,14,0.17957363403320312
call,2028-12-15,2.1945205479452055,1430.0,1.08,1.12,1.1,1.0,1.0,112,0.1802755313110352
call,2028-12-15,2.1945205479452055,1440.0,1.03,1.08,1.0550000000000002,0.99,20.0,32,0.18113001495361325
call,2028-12-15,2.1945205479452055,1450.0,1.0,1.03,1.0150000000000001,1.01,1.0,84,0.18170984313964844
call,2028-12-15,2.1945205479452055,1460.0,0.96,1.0,0.98,0.99,1.0,350,0.1826863958740234
call,2028-12-15,2.1945205479452055,1470.0,0.92,0.96,0.94,0.89,1001.0,1173,0.18335777587890623
call,2028-12-15,2.1945205479452055,1480.0,0.89,0.91,0.9,0.93,685.0,12222,0.18378501770019529
put,2028-12-15,2.1945205479452055,50.0,0.06,0.08,0.07,0.06,6.0,7106,0.62305064453125
put,2028-12-15,2.1945205479452055,60.0,0.08,0.11,0.095,0.09,5.0,98,0.596683720703125
put,2028-12-15,2.1945205479452055,70.0,0.12,0.15,0.135,0.12,5.0,22,0.57812921875
put,2028-12-15,2.1945205479452055,80.0,0.16,0.19,0.175,0.17,4.0,18,0.559574716796875
put,2028-12-15,2.1945205479452055,90.0,0.21,0.24,0.22499999999999998,0.25,2.0,58,0.5434615966796876
put,2028-12-15,2.1945205479452055,100.0,0.27,0.3,0.28500000000000003,0.28,1.0,1027,0.5293015820312501
put,2028-12-15,2.1945205479452055,110.0,0.34,0.37,0.355,0.38,42.0,97,0.5168505346679688
put,2028-12-15,2.1945205479452055,120.0,0.42,0.45,0.435,0.45,45.0,135,0.5053760400390624
put,2028-12-15,2.1945205479452055,140.0,0.61,0.64,0.625,0.67,50.0,105,0.48560084716796875
put,2028-12-15,2.1945205479452055,150.0,0.71,0.74,0.725,0.73,12.0,181,0.47485876708984376
put,2028-12-15,2.1945205479452055,160.0,0.82,0.85,0.835,0.87,12.0,85,0.4646049633789063
put,2028-12-15,2.1945205479452055,170.0,0.94,0.97,0.955,0.98,1.0,10,0.45508357421875
put,2028-12-15,2.1945205479452055,180.0,1.07,1.1,1.085,1.05,1.0,117,0.4459283923339844
put,2028-12-15,2.1945205479452055,190.0,1.2,1.23,1.2149999999999999,1.18,3.0,291,0.4366511413574219
put,2028-12-15,2.1945205479452055,200.0,1.34,1.37,1.355,1.35,80.0,2816,0.42774009765625004
put,2028-12-15,2.1945205479452055,210.0,1.49,1.52,1.505,1.53,1.0,135,0.4193173303222656
put,2028-12-15,2.1945205479452055,220.0,1.7,1.73,1.7149999999999999,1.97,20.0,35,0.41296973754882804
put,2028-12-15,2.1945205479452055,230.0,1.81,1.84,1.8250000000000002,1.8,3.0,209,0.402899037475586
put,2028-12-15,2.1945205479452055,240.0,1.98,2.01,1.9949999999999999,1.99,1.0,87,0.3949645465087891
put,2028-12-15,2.1945205479452055,250.0,2.15,2.19,2.17,2.2,3.0,1793,0.3872741937255859
put,2028-12-15,2.1945205479452055,260.0,2.34,2.38,2.36,2.46,507.0,940,0.37982797912597654
put,2028-12-15,2.1945205479452055,270.0,2.54,2.57,2.5549999999999997,2.56,12.0,646,0.37235124725341795
put,2028-12-15,2.1945205479452055,280.0,2.74,2.78,2.76,2.7,2.0,50,0.3653017572021484
put,2028-12-15,2.1945205479452055,290.0,2.96,2.99,2.975,2.97,6.0,511,0.3581912326049804
put,2028-12-15,2.1945205479452055,300.0,3.18,3.22,3.2,3.26,5.0,1639,0.35144691528320304
put,2028-12-15,2.1945205479452055,310.0,3.41,3.45,3.43,3.52,1.0,564,0.34467208068847655
put,2028-12-15,2.1945205479452055,320.0,3.66,3.7,3.68,3.73,438.0,718,0.338171901550293
put,2028-12-15,2.1945205479452055,325.0,3.79,3.83,3.81,3.9,3.0,69,0.3349981051635742
put,2028-12-15,2.1945205479452055,330.0,3.91,3.96,3.935,4.12,11.0,137,0.33179379150390625
put,2028-12-15,2.1945205479452055,335.0,4.04,4.09,4.0649999999999995,4.23,1.0,29,0.32855896057128897
put,2028-12-15,2.1945205479452055,340.0,4.18,4.23,4.205,4.17,9.0,58,0.3255072332763671
put,2028-12-15,2.1945205479452055,345.0,4.31,4.36,4.335,4.82,2.0,67,0.32227240234374993
put,2028-12-15,2.1945205479452055,350.0,4.45,4.5,4.475,4.48,10.0,367,0.31915964050292955
put,2028-12-15,2.1945205479452055,355.0,4.59,4.64,4.615,4.62,1.0,22,0.31603162002563473
put,2028-12-15,2.1945205479452055,360.0,4.74,4.79,4.765000000000001,4.99,20.0,60,0.3130256686401367
put,2028-12-15,2.1945205479452055,365.0,4.89,4.94,4.915,4.91,8.0,18,0.31000445861816406
put,2028-12-15,2.1945205479452055,370.0,5.04,5.1,5.07,5.34,44.0,113,0.3071053176879882
put,2028-12-15,2.1945205479452055,375.0,5.21,5.26,5.234999999999999,5.19,2.0,76,0.30417565948486325
put,2028-12-15,2.1945205479452055,380.0,5.37,5.42,5.395,5.51,1.0,207,0.30123074264526367
put,2028-12-15,2.1945205479452055,385.0,5.54,5.6,5.57,5.68,2.0,81,0.29849944671630857
put,2028-12-15,2.1945205479452055,390.0,5.7,5.76,5.73,6.21,1.0,73,0.29550875396728515
put,2028-12-15,2.1945205479452055,395.0,5.88,5.95,5.915,6.14,1.0,21,0.2928232339477538
put,2028-12-15,2.1945205479452055,400.0,6.06,6.13,6.095,6.26,1.0,1373,0.2900156448364257
put,2028-12-15,2.1945205479452055,405.0,6.25,6.31,6.279999999999999,6.94,1.0,330,0.28719279708862294
put,2028-12-15,2.1945205479452055,410.0,6.44,6.51,6.475,6.53,44.0,1253,0.2845530529785155
put,2028-12-15,2.1945205479452055,415.0,6.64,6.72,6.68,6.75,11.0,111,0.28195908477783205
put,2028-12-15,2.1945205479452055,420.0,6.85,6.92,6.885,6.89,2.0,400,0.27925830612182617
put,2028-12-15,2.1945205479452055,425.0,7.06,7.14,7.1,7.19,1.0,155,0.2767101138305663
put,2028-12-15,2.1945205479452055,430.0,7.27,7.36,7.3149999999999995,7.35,592.0,1183,0.27411614562988285
put,2028-12-15,2.1945205479452055,435.0,7.5,7.58,7.54,7.85,200.0,118,0.27152217742919915
put,2028-12-15,2.1945205479452055,440.0,7.73,7.82,7.775,7.77,40.0,339,0.2690502783203125
put,2028-12-15,2.1945205479452055,445.0,7.97,8.06,8.015,8.02,41.0,583,0.26654786193847657
put,2028-12-15,2.1945205479452055,450.0,8.22,8.32,8.27,8.27,41.0,870,0.26416751464843746
put,2028-12-15,2.1945205479452055,455.0,8.48,8.57,8.525,8.83,11.0,357,0.26166509826660156
put,2028-12-15,2.1945205479452055,460.0,8.74,8.84,8.79,8.86,160.0,701,0.2593000096130372
put,2028-12-15,2.1945205479452055,465.0,9.02,9.12,9.07,9.06,6.0,75,0.2569501795959473
put,2028-12-15,2.1945205479452055,470.0,9.3,9.4,9.350000000000001,9.36,1.0,162,0.2545850909423829
put,2028-12-15,2.1945205479452055,475.0,9.6,9.7,9.649999999999999,9.72,142.0,151,0.25230392478942865
put,2028-12-15,2.1945205479452055,480.0,9.9,10.0,9.95,9.99,1.0,148,0.24999224136352538
put,2028-12-15,2.1945205479452055,485.0,10.22,10.33,10.275,11.61,3.0,276,0.24782551498413086
put,2028-12-15,2.1945205479452055,490.0,10.55,10.65,10.600000000000001,10.76,1.0,74,0.24555197814941404
put,2028-12-15,2.1945205479452055,495.0,10.88,10.99,10.935,11.14,1.0,25,0.2433699931335449
put,2028-12-15,2.1945205479452055,500.0,11.22,11.33,11.275,11.38,10.0,1155,0.24114223220825193
put,2028-12-15,2.1945205479452055,505.0,11.58,11.69,11.635,11.66,2.0,236,0.2389831351470947
put,2028-12-15,2.1945205479452055,510.0,11.96,12.07,12.015,12.05,1.0,55,0.23689270195007325
put,2028-12-15,2.1945205479452055,515.0,12.34,12.45,12.395,12.36,9.0,124,0.23475649284362793
put,2028-12-15,2.1945205479452055,520.0,12.73,12.84,12.785,13.13,1.0,236,0.2326279130554199
put,2028-12-15,2.1945205479452055,525.0,13.13,13.24,13.185,13.84,6.0,739,0.23050696258544923
put,2028-12-15,2.1945205479452055,530.0,13.55,13.66,13.605,13.83,8.0,347,0.22843941734313963
put,2028-12-15,2.1945205479452055,535.0,13.97,14.09,14.030000000000001,14.61,1.0,5186,0.2263718721008301
put,2028-12-15,2.1945205479452055,540.0,14.42,14.54,14.48,15.0,2.0,427,0.2243577320861816
put,2028-12-15,2.1945205479452055,545.0,14.87,14.99,14.93,15.2,1.0,271,0.22229018684387203
put,2028-12-15,2.1945205479452055,550.0,15.35,15.46,15.405000000000001,15.41,1.0,2964,0.2202684175109863
put,2028-12-15,2.1945205479452055,555.0,15.83,15.95,15.89,15.86,1.0,157,0.21827716545104978
put,2028-12-15,2.1945205479452055,560.0,16.32,16.45,16.384999999999998,17.29,3.0,241,0.21628591339111325
put,2028-12-15,2.1945205479452055,565.0,16.83,16.97,16.9,17.23,2.0,258,0.21431754928588864
put,2028-12-15,2.1945205479452055,570.0,17.36,17.49,17.424999999999997,18.12,6.0,215,0.2123034092712402
put,2028-12-15,2.1945205479452055,575.0,17.9,18.04,17.97,18.33,4.0,469,0.2103579331207275
put,2028-12-15,2.1945205479452055,580.0,18.47,18.6,18.535,18.99,1.0,1025,0.20839719833374015
put,2028-12-15,2.1945205479452055,585.0,19.03,19.18,19.105,20.14,5.0,390,0.20645935150146477
put,2028-12-15,2.1945205479452055,590.0,19.62,19.77,19.695,20.3,2.0,1208,0.20449861671447747
put,2028-12-15,2.1945205479452055,595.0,20.23,20.39,20.310000000000002,21.3,1.0,1007,0.20259891647338862
put,2028-12-15,2.1945205479452055,600.0,20.86,21.02,20.939999999999998,20.92,35.0,2418,0.20067632827758786
put,2028-12-15,2.1945205479452055,605.0,21.5,21.66,21.58,21.7,4.0,1304,0.19873085212707517
put,2028-12-15,2.1945205479452055,610.0,22.16,22.34,22.25,22.23,2.0,988,0.19686166915893555
put,2028-12-15,2.1945205479452055,615.0,22.84,23.01,22.925,22.99,3.0,139,0.19490093437194825
put,2028-12-15,2.1945205479452055,620.0,23.54,23.73,23.634999999999998,23.61,10.0,931,0.19304701004028318
put,2028-12-15,2.1945205479452055,625.0,24.26,24.45,24.355,24.4,44.0,774,0.19113205116271972
put,2028-12-15,2.1945205479452055,630.0,25.0,25.19,25.095,28.11,3.0,981,0.18921709228515626
put,2028-12-15,2.1945205479452055,635.0,25.75,25.96,25.855,25.96,2.0,1937,0.18734027999877928
put,2028-12-15,2.1945205479452055,640.0,26.53,26.74,26.634999999999998,26.59,11.0,645,0.18542150646209715
put,2028-12-15,2.1945205479452055,645.0,27.33,27.53,27.43,27.52,7.0,258,0.1834722156524658
put,2028-12-15,2.1945205479452055,650.0,28.16,28.36,28.259999999999998,28.25,82.0,2000,0.18157633007049556
put,2028-12-15,2.1945205479452055,655.0,29.0,29.21,29.105,30.72,1.0,396,0.17967281517028807
put,2028-12-15,2.1945205479452055,660.0,29.87,30.1,29.985,29.99,73.0,3264,0.17781889083862307
put,2028-12-15,2.1945205479452055,665.0,30.77,31.01,30.89,30.83,5.0,1578,0.17594589321136472
put,2028-12-15,2.1945205479452055,670.0,31.68,31.9,31.79,32.33,18.0,1374,0.17394701183319095
put,2028-12-15,2.1945205479452055,675.0,32.63,32.85,32.74,32.85,2.0,1174,0.1720434969329834
put,2028-12-15,2.1945205479452055,680.0,33.6,33.83,33.715,34.55,11.0,1111,0.17015142601013186
put,2028-12-15,2.1945205479452055,685.0,34.59,34.83,34.71,35.8,20.0,1652,0.16823265247344976
put,2028-12-15,2.1945205479452055,690.0,35.61,35.87,35.739999999999995,35.7,1.0,1645,0.16634439620971686
put,2028-12-15,2.1945205479452055,695.0,36.66,36.92,36.79,38.56,2.0,1508,0.16440273471832278
put,2028-12-15,2.1945205479452055,700.0,37.8,38.03,37.915,37.84,65.0,5725,0.16253736640930175
put,2028-12-15,2.1945205479452055,705.0,38.85,39.17,39.010000000000005,40.06,1.0,1482,0.16066055412292482
put,2028-12-15,2.1945205479452055,710.0,40.1,40.27,40.185,40.4,1.0,1729,0.1586044528579712
put,2028-12-15,2.1945205479452055,715.0,41.16,41.46,41.31,43.5,2.0,486,0.15668567932128907
put,2028-12-15,2.1945205479452055,720.0,42.36,42.67,42.515,42.79,1.0,1316,0.15472494453430177
put,2028-12-15,2.1945205479452055,725.0,43.6,43.95,43.775000000000006,44.06,1.0,509,0.15284813224792484
put,2028-12-15,2.1945205479452055,730.0,44.87,45.22,45.045,45.4,1.0,967,0.150849250869751
put,2028-12-15,2.1945205479452055,735.0,46.17,46.5,46.335,46.47,2.0,1555,0.14878552028656006
put,2028-12-15,2.1945205479452055,740.0,47.51,47.85,47.68,48.48,20.0,4615,0.14678663890838622
put,2028-12-15,2.1945205479452055,745.0,48.89,49.24,49.065,53.91,1.0,588,0.1447801282119751
put,2028-12-15,2.1945205479452055,750.0,50.31,50.67,50.49,50.4,5.0,1409,0.142762173538208
put,2028-12-15,2.1945205479452055,755.0,51.77,52.15,51.96,52.37,1.0,897,0.14075566284179689
put,2028-12-15,2.1945205479452055,760.0,53.27,53.66,53.465,53.36,10.0,1026,0.13870337623596193
put,2028-12-15,2.1945205479452055,765.0,54.84,55.25,55.045,54.8,12.0,716,0.13671593883514405
put,2028-12-15,2.1945205479452055,770.0,56.42,56.81,56.615,56.52,35.0,1019,0.13454921245574952
put,2028-12-15,2.1945205479452055,775.0,58.07,58.46,58.265,58.19,6.0,1030,0.13245877925872807
put,2028-12-15,2.1945205479452055,780.0,59.74,60.16,59.95,59.8,14.0,671,0.13035308742523188
put,2028-12-15,2.1945205479452055,785.0,61.5,61.91,61.705,61.68,11.0,332,0.12822450763702392
put,2028-12-15,2.1945205479452055,790.0,63.27,63.71,63.49,64.1,5.0,202,0.126073039894104
put,2028-12-15,2.1945205479452055,795.0,65.11,65.57,65.34,66.85,1.0,235,0.12391012817382813
put,2028-12-15,2.1945205479452055,800.0,67.04,67.5,67.27000000000001,67.09,7.0,320,0.12174721645355226
put,2028-12-15,2.1945205479452055,805.0,69.01,69.48,69.245,75.23,3.0,156,0.11954234348297119
put,2028-12-15,2.1945205479452055,810.0,71.03,71.52,71.275,75.33,2.0,1586,0.11730313858032226
put,2028-12-15,2.1945205479452055,815.0,73.13,73.64,73.38499999999999,75.49,70.0,468,0.11507156299591063
put,2028-12-15,2.1945205479452055,820.0,75.34,75.82,75.58,80.0,1.0,305,0.11279039684295654
put,2028-12-15,2.1945205479452055,825.0,77.58,78.07,77.82499999999999,84.26,2.0,83,0.11047489875793456
put,2028-12-15,2.1945205479452055,830.0,79.86,80.4,80.13,85.0,1.0,611,0.10813651271820067
put,2028-12-15,2.1945205479452055,835.0,82.27,82.8,82.535,83.19,25.0,429,0.10574472145080566
put,2028-12-15,2.1945205479452055,840.0,84.76,85.28,85.02000000000001,92.69,19.0,401,0.10330333961486815
put,2028-12-15,2.1945205479452055,845.0,87.36,87.86,87.61,92.36,40.0,215,0.10085432846069337
put,2028-12-15,2.1945205479452055,850.0,89.99,90.52,90.255,89.93,3.0,1893,0.09832902412414551
put,2028-12-15,2.1945205479452055,855.0,92.74,93.29,93.015,94.19,1.0,1205,0.09578846115112305
put,2028-12-15,2.1945205479452055,860.0,95.57,96.12,95.845,96.43,7.0,1195,0.0930800531768799
put,2028-12-15,2.1945205479452055,865.0,98.52,99.06,98.78999999999999,108.58,2.0,10,0.0903182399749756
put,2028-12-15,2.1945205479452055,870.0,101.62,102.19,101.905,107.71,1.0,50,0.08770138381958009
put,2028-12-15,2.1945205479452055,875.0,104.71,105.27,104.99,112.0,2.0,261,0.08449707015991212
put,2028-12-15,2.1945205479452055,880.0,108.01,108.57,108.28999999999999,115.15,1.0,209,0.08146823081970217
put,2028-12-15,2.1945205479452055,890.0,114.98,115.5,115.24000000000001,123.45,13.0,63,0.07469339622497559
put,2028-12-15,2.1945205479452055,895.0,118.63,119.14,118.88499999999999,132.5,1.0,11,0.07076429733276368
put,2028-12-15,2.1945205479452055,900.0,122.47,122.93,122.7,122.5,4.0,39,0.0663850686645508
put,2028-12-15,2.1945205479452055,905.0,126.42,126.86,126.64,133.45,1.0,0,0.061090321807861336
put,2028-12-15,2.1945205479452055,910.0,128.91,132.57,130.74,137.65,1.0,2,0.06794144958496096
put,2028-12-15,2.1945205479452055,915.0,132.73,137.5,135.115,145.07,2.0,2,0.06931472686767579
put,2028-12-15,2.1945205479452055,920.0,137.5,142.49,139.995,139.0,17.0,2,0.07105421142578125
put,2028-12-15,2.1945205479452055,925.0,142.5,147.48,144.99,145.91,15.0,4,0.0727784373474121
put,2028-12-15,2.1945205479452055,930.0,147.5,152.48,149.99,164.43,2.0,0,0.07454843917846679
put,2028-12-15,2.1945205479452055,935.0,152.5,157.48,154.99,170.7,10.0,0,0.0763031823730469
put,2028-12-15,2.1945205479452055,940.0,157.5,162.41,159.95499999999998,168.54,6.0,2,0.07752387329101565
put,2028-12-15,2.1945205479452055,945.0,188.04,193.0,190.51999999999998,208.0,1.0,0,0.17033834430694583
put,2028-12-15,2.1945205479452055,950.0,167.5,172.48,169.99,189.58,6.0,3,0.08146060150146486
put,2028-12-15,2.1945205479452055,955.0,172.5,177.48,174.99,183.44,1.0,0,0.0831390515136719
put,2028-12-15,2.1945205479452055,960.0,203.04,208.0,205.51999999999998,232.96,,0,0.1776777484512329
put,2028-12-15,2.1945205479452055,965.0,208.04,213.0,210.51999999999998,238.22,,0,0.18006953971862794
put,2028-12-15,2.1945205479452055,980.0,197.5,202.48,199.99,209.54,2.0,0,0.09134819793701171
put,2028-12-15,2.1945205479452055,985.0,228.04,233.0,230.51999999999998,254.37,,0,0.18938493728637695
put,2028-12-15,2.1945205479452055,990.0,233.04,238.0,235.51999999999998,262.73,,0,0.19165465946197513
put,2028-12-15,2.1945205479452055,1000.0,217.5,222.41,219.95499999999998,231.5,2.0,1,0.09705492797851564
put,2028-12-15,2.1945205479452055,1005.0,310.18,315.0,312.59000000000003,311.54,,0,0.34767040275573724
put,2028-12-15,2.1945205479452055,1010.0,243.55,248.5,246.025,232.87,2.0,0,0.17209690216064455
put,2028-12-15,2.1945205479452055,1045.0,279.0,283.77,281.385,305.5,1.0,0,0.1868291156768799
put,2028-12-15,2.1945205479452055,1100.0,328.24,333.0,330.62,343.28,1.0,0,0.18555501953124998
put,2028-12-15,2.1945205479452055,1180.0,425.2,430.0,427.6,440.71,,0,0.270866056060791
put,2028-12-15,2.1945205479452055,1270.0,504.0,508.77,506.385,521.55,,0,0.2601850105285644
put,2028-12-15,2.1945205479452055,1280.0,513.55,518.5,516.025,512.1,1.0,0,0.26192449508667
put,2028-12-15,2.1945205479452055,1480.0,697.5,702.48,699.99,709.06,4.0,0,0.20908383697509764
call,2029-01-19,2.2904109589041095,60.0,718.0,722.97,720.485,701.21,2.0,1,0.7561059545898439
call,2029-01-19,2.2904109589041095,150.0,630.5,635.35,632.925,614.31,,1,0.5828288787841795
call,2029-01-19,2.2904109589041095,200.0,586.5,591.38,588.94,575.14,2.0,8,0.5935709588623048
call,2029-01-19,2.2904109589041095,210.0,578.0,582.5,580.25,571.0,1.0,1,0.5910380252075197
call,2029-01-19,2.2904109589041095,320.0,481.63,486.5,484.065,478.38,,1,0.5224351956176757
call,2029-01-19,2.2904109589041095,350.0,455.9,460.5,458.2,444.89,1.0,3,0.5026905200195313
call,2029-01-19,2.2904109589041095,380.0,430.2,435.0,432.6,422.25,,1,0.49618271156311045
call,2029-01-19,2.2904109589041095,390.0,421.67,426.5,424.08500000000004,411.5,,1,0.4894155062866212
call,2029-01-19,2.2904109589041095,400.0,413.16,417.5,415.33000000000004,402.55,1.0,2,0.4801916605377198
call,2029-01-19,2.2904109589041095,415.0,400.43,405.0,402.71500000000003,393.25,,1,0.4711738063812255
call,2029-01-19,2.2904109589041095,450.0,370.94,375.5,373.22,367.43,1.0,2,0.44811037734985343
call,2029-01-19,2.2904109589041095,455.0,366.76,371.0,368.88,353.5,1.0,2,0.443616708908081
call,2029-01-19,2.2904109589041095,470.0,354.26,358.5,356.38,345.1,1.0,4,0.4341792422485352
call,2029-01-19,2.2904109589041095,500.0,329.51,334.0,331.755,322.48,21.0,24,0.4167691380310058
call,2029-01-19,2.2904109589041095,505.0,325.42,330.0,327.71000000000004,323.4,,1,0.4140988766479492
call,2029-01-19,2.2904109589041095,510.0,321.34,325.5,323.41999999999996,319.37,,1,0.40965861343383786
call,2029-01-19,2.2904109589041095,520.0,313.22,317.5,315.36,311.45,,1,0.4042417974853516
call,2029-01-19,2.2904109589041095,525.0,309.1,313.5,311.3,290.0,,1,0.4014952429199219
call,2029-01-19,2.2904109589041095,540.0,297.09,301.5,299.29499999999996,287.5,1.0,2,0.39312588081359867
call,2029-01-19,2.2904109589041095,545.0,293.09,297.5,295.29499999999996,289.0,1.0,1,0.39029540374755856
call,2029-01-19,2.2904109589041095,550.0,289.1,293.5,291.3,275.0,1.0,3,0.3874420387268066
call,2029-01-19,2.2904109589041095,560.0,281.16,285.5,283.33000000000004,264.0,,1,0.3816819034576415
call,2029-01-19,2.2904109589041095,590.0,257.66,262.0,259.83000000000004,251.38,2.0,3,0.3653780503845215
call,2029-01-19,2.2904109589041095,595.0,253.79,257.9,255.84499999999997,246.25,1.0,2,0.3620592969512939
call,2029-01-19,2.2904109589041095,600.0,249.94,254.0,251.97,242.9,7.0,11,0.35928985443115236
call,2029-01-19,2.2904109589041095,610.0,242.28,246.5,244.39,228.4,,1,0.3545139012145995
call,2029-01-19,2.2904109589041095,615.0,238.47,242.5,240.485,224.04,,1,0.35138969539642323
call,2029-01-19,2.2904109589041095,620.0,234.68,239.0,236.84,219.9,2.0,60,0.3496082495880126
call,2029-01-19,2.2904109589041095,625.0,230.84,234.5,232.67000000000002,232.0,1.0,38,0.34509550785064697
call,2029-01-19,2.2904109589041095,630.0,227.15,231.0,229.075,217.23,7.0,353,0.34325302749633785
call,2029-01-19,2.2904109589041095,635.0,223.41,227.0,225.20499999999998,221.5,13.0,13,0.34004871383666996
call,2029-01-19,2.2904109589041095,650.0,212.3,216.0,214.15,209.87,1.0,22,0.33289241333007813
call,2029-01-19,2.2904109589041095,655.0,208.63,212.5,210.565,200.58,4.0,4,0.330863014678955
call,2029-01-19,2.2904109589041095,660.0,204.98,208.5,206.74,189.0,,1,0.3275366319274902
call,2029-01-19,2.2904109589041095,665.0,201.28,205.0,203.14,199.5,,7,0.32543856941223137
call,2029-01-19,2.2904109589041095,670.0,197.73,201.5,199.615,191.99,1.0,32,0.3232985456466674
call,2029-01-19,2.2904109589041095,675.0,194.14,198.0,196.07,188.75,2.0,7,0.3211203752899169
call,2029-01-19,2.2904109589041095,680.0,190.56,194.0,192.28,193.18,23.0,6,0.31768718208312985
call,2029-01-19,2.2904109589041095,685.0,187.01,190.5,188.755,182.5,2.0,2,0.3154441625213622
call,2029-01-19,2.2904109589041095,690.0,183.48,187.0,185.24,177.0,1.0,17,0.3131591817092896
call,2029-01-19,2.2904109589041095,695.0,179.9,183.5,181.7,181.62,6.0,110,0.31083605430603023
call,2029-01-19,2.2904109589041095,700.0,176.47,180.0,178.235,179.4,6.0,53,0.30847859497070307
call,2029-01-19,2.2904109589041095,705.0,172.94,176.5,174.72,171.5,3.0,5,0.3060791743850708
call,2029-01-19,2.2904109589041095,710.0,169.49,173.0,171.245,168.67,3.0,231,0.3036416072082519
call,2029-01-19,2.2904109589041095,715.0,166.13,169.5,167.815,168.24,4.0,10,0.3011658934402466
call,2029-01-19,2.2904109589041095,720.0,162.73,166.0,164.365,164.76,1.0,6,0.2986520330810546
call,2029-01-19,2.2904109589041095,725.0,159.35,163.0,161.175,161.66,1.0,60,0.2972444238662719
call,2029-01-19,2.2904109589041095,730.0,155.93,159.5,157.715,153.26,2.0,8,0.29464664100646976
call,2029-01-19,2.2904109589041095,735.0,152.66,156.0,154.32999999999998,145.5,1.0,6,0.29201071155548086
call,2029-01-19,2.2904109589041095,740.0,149.35,152.5,150.925,150.69,2.0,34,0.28933282085418693
call,2029-01-19,2.2904109589041095,745.0,146.06,149.5,147.78,139.0,1.0,33,0.2877344786834716
call,2029-01-19,2.2904109589041095,750.0,142.8,146.0,144.4,144.86,1.0,73,0.2849726654815673
call,2029-01-19,2.2904109589041095,755.0,139.57,143.0,141.285,135.24,1.0,21,0.283275142173767
call,2029-01-19,2.2904109589041095,760.0,136.3,139.5,137.9,137.6,1.0,118,0.2804255918121338
call,2029-01-19,2.2904109589041095,765.0,133.12,136.5,134.81,131.75,1.0,55,0.2786288873672485
call,2029-01-19,2.2904109589041095,770.0,130.6,132.89,131.745,132.89,4.0,1335,0.2754512763214111
call,2029-01-19,2.2904109589041095,775.0,126.83,130.0,128.415,124.38,4.0,20,0.27379571426391597
call,2029-01-19,2.2904109589041095,780.0,123.79,127.5,125.64500000000001,125.39,4.0,103,0.2729336013031005
call,2029-01-19,2.2904109589041095,785.0,120.66,124.0,122.33,123.29,2.0,43,0.2698513567352294
call,2029-01-19,2.2904109589041095,790.0,117.67,121.0,119.33500000000001,120.26,1.0,9,0.2677990701293945
call,2029-01-19,2.2904109589041095,795.0,114.6,118.0,116.3,107.77,2.0,5,0.2656895636367798
call,2029-01-19,2.2904109589041095,800.0,111.68,115.0,113.34,114.59,1.0,175,0.26353046657562257
call,2029-01-19,2.2904109589041095,805.0,108.73,112.5,110.61500000000001,108.26,,22,0.26238225418090827
call,2029-01-19,2.2904109589041095,810.0,105.81,109.5,107.655,101.21,1.0,97,0.2601125320053101
call,2029-01-19,2.2904109589041095,815.0,102.93,106.5,104.715,102.74,40.0,20,0.2577817752838135
call,2029-01-19,2.2904109589041095,820.0,100.08,103.5,101.78999999999999,97.1,4.0,16,0.2553976133346558
call,2029-01-19,2.2904109589041095,825.0,97.27,101.0,99.13499999999999,90.59,2.0,2,0.2540167067337037
call,2029-01-19,2.2904109589041095,830.0,94.5,98.5,96.5,89.43,11.0,13,0.25257476558685305
call,2029-01-19,2.2904109589041095,835.0,91.76,95.5,93.63,92.81,1.0,0,0.2500075
call,2029-01-19,2.2904109589041095,840.0,89.06,93.0,91.03,84.0,1.0,608,0.24844348976135253
call,2029-01-19,2.2904109589041095,845.0,86.4,90.5,88.45,80.77,14.0,18,0.24681463031768802
call,2029-01-19,2.2904109589041095,850.0,83.73,88.0,85.86500000000001,84.67,1.0,36,0.245124736328125
call,2029-01-19,2.2904109589041095,855.0,81.68,85.0,83.34,72.64,1.0,5,0.24230188858032226
call,2029-01-19,2.2904109589041095,860.0,80.16,83.0,81.58,76.02,1.0,15,0.24154658607482912
call,2029-01-19,2.2904109589041095,865.0,77.61,80.5,79.055,68.33,4.0,33,0.23965832981109614
call,2029-01-19,2.2904109589041095,870.0,73.7,78.0,75.85,70.76,2.0,12,0.23770140968322748
call,2029-01-19,2.2904109589041095,875.0,71.29,75.5,73.39500000000001,67.95,1.0,23,0.23567582569122314
call,2029-01-19,2.2904109589041095,880.0,68.88,73.5,71.19,62.0,15.0,190,0.23465731170654297
call,2029-01-19,2.2904109589041095,885.0,66.56,71.0,68.78,68.89,3.0,122,0.23249058532714845
call,2029-01-19,2.2904109589041095,890.0,64.33,69.0,66.66499999999999,65.5,2.0,56,0.23133092895507812
call,2029-01-19,2.2904109589041095,895.0,62.05,67.0,64.525,59.0,1.0,120,0.2301064233779907
call,2029-01-19,2.2904109589041095,900.0,61.25,63.0,62.125,62.8,41.0,85,0.22443402526855466
call,2029-01-19,2.2904109589041095,905.0,57.77,62.5,60.135000000000005,55.5,29.0,19,0.22634898414611818
call,2029-01-19,2.2904109589041095,910.0,57.04,60.5,58.769999999999996,51.53,,34,0.22490704299926756
call,2029-01-19,2.2904109589041095,915.0,53.64,58.5,56.07,54.89,1.0,257,0.2233926233291626
call,2029-01-19,2.2904109589041095,920.0,53.13,56.5,54.815,48.07,1.0,22,0.22180191047668454
call,2029-01-19,2.2904109589041095,925.0,50.0,54.7,52.35,44.03,62.0,48,0.22058503421783443
call,2029-01-19,2.2904109589041095,930.0,48.0,52.8,50.4,46.38,4.0,34,0.21906679988861083
call,2029-01-19,2.2904109589041095,935.0,47.55,50.92,49.235,43.65,9.0,102,0.21751423362731934
call,2029-01-19,2.2904109589041095,940.0,44.5,49.12,46.81,42.15,3.0,4,0.2160646631622314
call,2029-01-19,2.2904109589041095,945.0,43.0,47.37,45.185,35.5,4.0,7,0.21465323928833008
call,2029-01-19,2.2904109589041095,950.0,41.94,45.67,43.805,37.65,2.0,2,0.21327996200561522
call,2029-01-19,2.2904109589041095,955.0,39.5,44.02,41.760000000000005,39.48,1.0,28,0.2119448313140869
call,2029-01-19,2.2904109589041095,960.0,38.0,42.42,40.21,39.36,2.0,37,0.2106478472137451
call,2029-01-19,2.2904109589041095,965.0,36.5,40.87,38.685,32.73,2.0,1,0.20939282436370843
call,2029-01-19,2.2904109589041095,970.0,35.0,39.37,37.185,37.5,1.0,42,0.20817594810485837
call,2029-01-19,2.2904109589041095,975.0,34.0,37.91,35.955,32.0,1.0,11,0.2069781451416015
call,2029-01-19,2.2904109589041095,980.0,32.5,36.54,34.519999999999996,28.5,13.0,11,0.20592529922485348
call,2029-01-19,2.2904109589041095,985.0,31.75,35.15,33.45,29.49,366.0,239,0.20474275489807123
call,2029-01-19,2.2904109589041095,990.0,30.54,33.86,32.2,26.35,5.0,22,0.20373568489074706
call,2029-01-19,2.2904109589041095,995.0,29.9,32.6,31.25,30.2,118.0,433,0.20272861488342284
call,2029-01-19,2.2904109589041095,1000.0,28.63,31.35,29.990000000000002,29.09,405.0,139,0.20166432498931885
call,2029-01-19,2.2904109589041095,1010.0,25.0,29.05,27.025,24.2,2.0,1,0.19983710327148438
call,2029-01-19,2.2904109589041095,1020.0,23.0,26.91,24.955,22.89,,1,0.19813576530456542
call,2029-01-19,2.2904109589041095,1030.0,21.0,24.94,22.97,23.0,20.0,7,0.19661371631622315
call,2029-01-19,2.2904109589041095,1040.0,19.5,23.12,21.310000000000002,18.0,1.0,6,0.19522899505615232
call,2029-01-19,2.2904109589041095,1045.0,18.5,22.28,20.39,15.0,,1,0.19464153755187988
call,2029-01-19,2.2904109589041095,1050.0,17.5,21.44,19.47,19.1,9.0,7,0.1939854161834717
call,2029-01-19,2.2904109589041095,1055.0,17.0,20.65,18.825,18.3,2.0,75,0.19340558799743654
call,2029-01-19,2.2904109589041095,1060.0,16.0,19.89,17.945,17.16,,3,0.19285627708435057
call,2029-01-19,2.2904109589041095,1065.0,15.5,19.19,17.345,14.06,,1,0.19243666458129882
call,2029-01-19,2.2904109589041095,1070.0,14.5,16.96,15.73,16.22,1.0,7,0.18679096908569337
call,2029-01-19,2.2904109589041095,1080.0,13.0,15.87,14.434999999999999,12.65,2.0,1,0.18650105499267577
call,2029-01-19,2.2904109589041095,1085.0,12.5,16.57,14.535,13.0,1.0,2,0.19069718002319336
call,2029-01-19,2.2904109589041095,1090.0,12.0,15.97,13.985,11.9,2.0,5,0.19029282615661622
call,2029-01-19,2.2904109589041095,1095.0,11.5,15.41,13.455,11.67,4.0,5,0.18997239479064945
call,2029-01-19,2.2904109589041095,1100.0,11.63,14.89,13.260000000000002,11.42,10.0,10,0.1897435152435303
call,2029-01-19,2.2904109589041095,1105.0,10.5,14.38,12.440000000000001,10.5,2.0,1,0.18949174774169925
call,2029-01-19,2.2904109589041095,1110.0,10.0,13.89,11.945,9.95,2.0,328,0.1892552388763428
call,2029-01-19,2.2904109589041095,1115.0,9.5,13.42,11.46,9.6,8.0,2,0.18904924728393557
call,2029-01-19,2.2904109589041095,1120.0,9.1,12.86,10.98,7.97,2.0,201,0.18841601387023924
call,2029-01-19,2.2904109589041095,1125.0,8.5,12.54,10.52,7.5,1.0,1,0.18869829864501952
call,2029-01-19,2.2904109589041095,1130.0,8.0,12.12,10.059999999999999,6.84,2.0,140,0.18853045364379883
call,2029-01-19,2.2904109589041095,1135.0,7.5,11.74,9.620000000000001,6.84,1.0,1,0.1884770484161377
call,2029-01-19,2.2904109589041095,1140.0,7.0,11.35,9.175,7.85,2.0,160,0.18833209136962892
call,2029-01-19,2.2904109589041095,1145.0,7.0,11.0,9.0,7.65,2.0,1,0.1883168327331543
call,2029-01-19,2.2904109589041095,1150.0,7.54,10.66,9.1,8.53,77.0,439,0.18829394477844238
call,2029-01-19,2.2904109589041095,1160.0,6.77,10.02,8.395,6.65,2.0,122,0.1883015740966797
call,2029-01-19,2.2904109589041095,1170.0,6.29,9.44,7.865,6.18,2.0,2,0.18842364318847654
call,2029-01-19,2.2904109589041095,1180.0,5.79,8.91,7.35,5.47,2.0,18,0.18862200546264646
call,2029-01-19,2.2904109589041095,1190.0,5.33,8.42,6.875,5.19,3.0,202,0.18888140228271483
call,2029-01-19,2.2904109589041095,1200.0,4.93,7.98,6.455,4.69,102.0,275,0.1892476095581055
call,2029-01-19,2.2904109589041095,1400.0,1.61,1.85,1.73,1.71,30.0,1632,0.18378501770019529
put,2029-01-19,2.2904109589041095,60.0,0.1,0.13,0.115,0.09,1.0,17,0.594730615234375
put,2029-01-19,2.2904109589041095,70.0,0.09,0.13,0.11,0.13,1.0,7,0.5546919531250001
put,2029-01-19,2.2904109589041095,80.0,0.13,0.21,0.16999999999999998,0.17,4.0,5,0.5459029785156251
put,2029-01-19,2.2904109589041095,130.0,0.5,0.58,0.54,0.51,50.0,52,0.4897511962890626
put,2029-01-19,2.2904109589041095,140.0,0.6,0.68,0.64,0.6,,50,0.47900911621093745
put,2029-01-19,2.2904109589041095,170.0,0.95,1.03,0.99,0.97,2.0,0,0.44910218872070307
put,2029-01-19,2.2904109589041095,180.0,1.09,1.17,1.13,1.12,1.0,4,0.4401911450195312
put,2029-01-19,2.2904109589041095,190.0,1.23,1.31,1.27,1.25,2.0,2,0.4312801013183594
put,2029-01-19,2.2904109589041095,200.0,1.37,1.46,1.415,1.39,120.0,121,0.4226131958007812
put,2029-01-19,2.2904109589041095,210.0,1.53,1.61,1.57,1.54,2.0,1,0.41394629028320307
put,2029-01-19,2.2904109589041095,220.0,1.69,1.77,1.73,1.7,2.0,1,0.4056455920410156
put,2029-01-19,2.2904109589041095,230.0,1.86,1.94,1.9,1.83,2.0,45,0.39765006652832036
put,2029-01-19,2.2904109589041095,270.0,2.6,2.69,2.645,2.74,82.0,2612,0.3673158972167969
put,2029-01-19,2.2904109589041095,320.0,3.7,5.94,4.82,3.97,2.0,9,0.36331813446044925
put,2029-01-19,2.2904109589041095,330.0,3.96,6.2,5.08,4.21,21.0,448,0.35526157440185535
put,2029-01-19,2.2904109589041095,340.0,4.26,6.87,5.5649999999999995,4.4,2.0,853,0.351996226196289
put,2029-01-19,2.2904109589041095,350.0,4.46,5.0,4.73,5.0,1.0,1290,0.31903757141113276
put,2029-01-19,2.2904109589041095,360.0,4.79,7.46,6.125,4.93,67.0,97,0.33672233108520505
put,2029-01-19,2.2904109589041095,370.0,5.09,7.49,6.29,5.24,10.0,387,0.32660585510253903
put,2029-01-19,2.2904109589041095,380.0,5.38,8.0,6.6899999999999995,5.59,2.0,3,0.32129584960937496
put,2029-01-19,2.2904109589041095,385.0,5.62,8.0,6.8100000000000005,5.93,1.0,1,0.31627575820922843
put,2029-01-19,2.2904109589041095,390.0,5.71,8.48,7.095000000000001,6.0,4.0,13,0.31560437820434567
put,2029-01-19,2.2904109589041095,400.0,6.15,6.48,6.315,6.55,8.0,439,0.2873911593627929
put,2029-01-19,2.2904109589041095,405.0,6.25,6.98,6.615,6.8,,1,0.28755900436401355
put,2029-01-19,2.2904109589041095,410.0,6.53,7.03,6.78,7.05,2.0,293,0.28340865524291986
put,2029-01-19,2.2904109589041095,415.0,6.78,7.13,6.955,7.15,18.0,135,0.2797618411254882
put,2029-01-19,2.2904109589041095,420.0,7.0,9.5,8.25,7.32,44.0,22,0.2948526325988769
put,2029-01-19,2.2904109589041095,430.0,7.47,7.63,7.55,7.58,592.0,750,0.2706219178771973
put,2029-01-19,2.2904109589041095,435.0,7.7,10.36,9.03,8.15,200.0,100,0.28713176254272454
put,2029-01-19,2.2904109589041095,440.0,7.93,8.17,8.05,7.99,40.0,81,0.26615113739013674
put,2029-01-19,2.2904109589041095,450.0,8.43,10.1,9.265,8.57,40.0,120,0.2715526947021484
put,2029-01-19,2.2904109589041095,455.0,8.68,8.93,8.805,9.03,11.0,11,0.25879647460937505
put,2029-01-19,2.2904109589041095,460.0,8.94,11.5,10.219999999999999,9.11,160.0,12,0.27188838470458976
put,2029-01-19,2.2904109589041095,470.0,7.6,10.51,9.055,10.2,22.0,5,0.25661448959350586
put,2029-01-19,2.2904109589041095,475.0,9.84,12.49,11.165,10.17,145.0,22,0.26451846328735346
put,2029-01-19,2.2904109589041095,480.0,10.16,11.03,10.594999999999999,10.5,1.0,4,0.25124344955444333
put,2029-01-19,2.2904109589041095,490.0,10.8,13.5,12.15,11.38,2.0,106,0.25701121414184575
put,2029-01-19,2.2904109589041095,500.0,11.48,13.76,12.620000000000001,12.65,2.0,118,0.24964892204284667
put,2029-01-19,2.2904109589041095,505.0,9.97,14.5,12.235,12.44,27.0,6,0.24919879226684571
put,2029-01-19,2.2904109589041095,510.0,12.2,14.96,13.58,12.83,,93,0.24719991088867188
put,2029-01-19,2.2904109589041095,515.0,10.74,14.12,12.43,13.86,1.0,52,0.23858641059875488
put,2029-01-19,2.2904109589041095,520.0,12.98,15.49,14.235,14.28,1.0,102,0.24114223220825193
put,2029-01-19,2.2904109589041095,525.0,11.56,16.0,13.780000000000001,14.19,151.0,133,0.23928067855834956
put,2029-01-19,2.2904109589041095,530.0,11.99,16.5,14.245000000000001,13.92,1.0,94,0.23731231445312498
put,2029-01-19,2.2904109589041095,535.0,12.43,17.0,14.715,14.99,,1,0.23529817443847656
put,2029-01-19,2.2904109589041095,540.0,13.0,16.76,14.88,14.92,1.0,19,0.22991187576293942
put,2029-01-19,2.2904109589041095,545.0,15.13,17.98,16.555,17.12,1.0,102,0.23103338554382327
put,2029-01-19,2.2904109589041095,550.0,13.84,18.47,16.155,16.72,150.0,150,0.22883614189147952
put,2029-01-19,2.2904109589041095,555.0,16.07,18.95,17.509999999999998,17.11,,1,0.2265549757385254
put,2029-01-19,2.2904109589041095,560.0,14.87,19.48,17.175,17.19,2.0,2,0.22444165458679197
put,2029-01-19,2.2904109589041095,565.0,17.05,19.99,18.52,17.62,8.0,4,0.22219863502502438
put,2029-01-19,2.2904109589041095,570.0,15.94,20.5,18.22,18.67,6.0,14,0.21991746887207028
put,2029-01-19,2.2904109589041095,575.0,18.12,21.0,19.560000000000002,18.99,2.0,1,0.21756000953674318
put,2029-01-19,2.2904109589041095,580.0,18.71,21.5,20.105,20.41,5.0,7,0.2151644036102295
put,2029-01-19,2.2904109589041095,590.0,18.2,22.5,20.35,21.18,,2,0.2102740106201172
put,2029-01-19,2.2904109589041095,600.0,19.42,24.0,21.71,21.62,28.0,17,0.20698577445983882
put,2029-01-19,2.2904109589041095,605.0,21.95,24.5,23.225,22.81,12.0,63,0.20439180625915523
put,2029-01-19,2.2904109589041095,610.0,20.7,25.0,22.85,23.3,2.0,12,0.20175969146728517
put,2029-01-19,2.2904109589041095,615.0,21.39,26.0,23.695,23.41,23.0,10,0.20074499214172362
put,2029-01-19,2.2904109589041095,620.0,22.06,26.5,24.28,24.38,9.0,10,0.19802895484924318
put,2029-01-19,2.2904109589041095,625.0,22.78,27.5,25.14,25.15,44.0,4,0.1968654838180542
put,2029-01-19,2.2904109589041095,630.0,23.52,28.0,25.759999999999998,26.47,,3,0.19406170936584474
put,2029-01-19,2.2904109589041095,640.0,25.04,29.5,27.27,27.29,11.0,11,0.18986939899444583
put,2029-01-19,2.2904109589041095,645.0,27.78,30.5,29.14,29.33,1.0,2,0.18842745784759518
put,2029-01-19,2.2904109589041095,650.0,28.64,31.0,29.82,29.2,13.0,45,0.18545965305328366
put,2029-01-19,2.2904109589041095,655.0,27.5,32.0,29.75,32.01,4.0,2,0.18388801349639894
put,2029-01-19,2.2904109589041095,660.0,28.41,33.0,30.705,32.0,4.0,25,0.18224008075714115
put,2029-01-19,2.2904109589041095,665.0,31.26,34.0,32.63,33.3,1.0,34,0.1805196694946289
put,2029-01-19,2.2904109589041095,670.0,30.26,35.0,32.63,34.74,15.0,20,0.17872296504974367
put,2029-01-19,2.2904109589041095,675.0,31.2,36.0,33.6,33.62,1.0,12,0.17685759674072266
put,2029-01-19,2.2904109589041095,680.0,32.89,37.0,34.945,34.59,1.0,17,0.17491974990844728
put,2029-01-19,2.2904109589041095,685.0,33.22,37.5,35.36,36.82,2.0,30,0.17162388442993165
put,2029-01-19,2.2904109589041095,690.0,34.29,39.0,36.644999999999996,39.07,1.0,10,0.17084187931060796
put,2029-01-19,2.2904109589041095,695.0,35.37,40.0,37.685,39.35,201.0,216,0.16869804088592533
put,2029-01-19,2.2904109589041095,700.0,39.1,41.0,40.05,39.1,8.0,47,0.16648935325622563
put,2029-01-19,2.2904109589041095,705.0,39.0,42.0,40.5,43.06,6.0,9,0.1642081871032715
put,2029-01-19,2.2904109589041095,710.0,38.74,43.5,41.120000000000005,44.02,10.0,36,0.16306760402679443
put,2029-01-19,2.2904109589041095,715.0,39.97,44.5,42.235,44.9,1.0,2,0.1606376661682129
put,2029-01-19,2.2904109589041095,720.0,41.2,45.5,43.35,45.31,20.0,21,0.15813524978637694
put,2029-01-19,2.2904109589041095,725.0,42.8,47.0,44.9,46.24,15.0,40,0.15672764057159427
put,2029-01-19,2.2904109589041095,730.0,43.76,48.0,45.879999999999995,46.11,2.0,17,0.15407263782501224
put,2029-01-19,2.2904109589041095,735.0,46.17,49.5,47.835,52.01,,16,0.1524819249725342
put,2029-01-19,2.2904109589041095,740.0,48.28,51.0,49.64,48.9,2.0,32,0.15079203098297123
put,2029-01-19,2.2904109589041095,745.0,47.88,52.5,50.19,52.2,1.0,10,0.14900677051544192
put,2029-01-19,2.2904109589041095,750.0,49.99,54.0,51.995000000000005,52.97,1.0,28,0.1471223289108276
put,2029-01-19,2.2904109589041095,755.0,50.82,55.0,52.91,54.0,1.0,15,0.14404389900207518
put,2029-01-19,2.2904109589041095,760.0,52.35,56.5,54.425,55.76,2.0,136,0.1419687244415283
put,2029-01-19,2.2904109589041095,765.0,53.92,58.5,56.21,55.75,13.0,69,0.14087010261535646
put,2029-01-19,2.2904109589041095,770.0,55.66,60.0,57.83,58.26,6.0,173,0.13857749248504636
put,2029-01-19,2.2904109589041095,775.0,58.77,61.5,60.135000000000005,60.0,9.0,15,0.13617807189941405
put,2029-01-19,2.2904109589041095,780.0,60.8,63.5,62.15,61.42,12.0,12,0.13473231609344483
put,2029-01-19,2.2904109589041095,785.0,60.66,65.0,62.83,64.09,3.0,10,0.13210020130157474
put,2029-01-19,2.2904109589041095,790.0,62.51,67.0,64.755,69.71,,1,0.13040649265289306
put,2029-01-19,2.2904109589041095,795.0,64.38,69.0,66.69,69.98,1.0,7,0.1285830855941772
put,2029-01-19,2.2904109589041095,800.0,67.67,71.0,69.33500000000001,68.32,2.0,51,0.12662616546630856
put,2029-01-19,2.2904109589041095,805.0,68.27,72.5,70.38499999999999,76.32,,0,0.12345999839782715
put,2029-01-19,2.2904109589041095,810.0,70.32,75.0,72.66,78.42,,0,0.12228126873016358
put,2029-01-19,2.2904109589041095,820.0,74.67,79.0,76.83500000000001,83.66,,9,0.11731839721679688
put,2029-01-19,2.2904109589041095,825.0,76.92,81.5,79.21000000000001,86.97,1.0,10,0.11566664981842041
put,2029-01-19,2.2904109589041095,830.0,79.21,83.5,81.35499999999999,87.36,64.0,84,0.11274080627441406
put,2029-01-19,2.2904109589041095,835.0,81.61,86.5,84.055,90.09,112.0,95,0.11184436138153074
put,2029-01-19,2.2904109589041095,840.0,84.09,89.0,86.545,93.81,2.0,44,0.10965093238830567
put,2029-01-19,2.2904109589041095,850.0,89.3,94.0,91.65,97.83,2.0,2,0.1046041383743286
put,2029-01-19,2.2904109589041095,860.0,94.84,99.5,97.17,100.93,2.0,1,0.09975952129364014
put,2029-01-19,2.2904109589041095,875.0,103.94,108.5,106.22,106.67,4.0,2,0.09221794021606444
put,2029-01-19,2.2904109589041095,880.0,107.11,112.0,109.555,119.64,15.0,17,0.09045556770324706
put,2029-01-19,2.2904109589041095,885.0,110.5,115.5,113.0,120.78,,1,0.08837657848358156
put,2029-01-19,2.2904109589041095,890.0,114.0,118.96,116.47999999999999,126.4,1.0,16,0.0857864249420166
put,2029-01-19,2.2904109589041095,900.0,121.5,126.24,123.87,123.35,1.0,15,0.0804077555847168
put,2029-01-19,2.2904109589041095,905.0,125.05,130.0,127.525,128.04,4.0,0,0.07730262306213381
put,2029-01-19,2.2904109589041095,910.0,129.06,134.0,131.53,142.64,,0,0.07457895645141602
put,2029-01-19,2.2904109589041095,925.0,142.5,147.42,144.95999999999998,165.98,,0,0.07088636642456056
put,2029-01-19,2.2904109589041095,950.0,167.5,172.41,169.95499999999998,189.11,,0,0.07927861648559573
put,2029-01-19,2.2904109589041095,1040.0,257.5,262.41,259.95500000000004,273.95,,0,0.10678993804931641
put,2029-01-19,2.2904109589041095,1110.0,327.5,332.41,329.95500000000004,339.7,2.0,0,0.12572590591430666
